created,completed,late,urgent_created,urgent_completed,urgent_late,robot_completed,human_completed,failures,human_interventions,gross_manual_minutes_avoided,robot_human_burden_minutes,human_transport_minutes,total_wait_minutes,total_cycle_minutes,robot_busy_minutes,elevator_requests,elevator_wait_minutes,charging_sessions,charging_wait_minutes,charging_minutes,robot_energy_kwh,robot_batches,batched_requests,decontamination_sessions,decontamination_wait_minutes,decontamination_minutes,human_support_tasks,human_support_minutes,human_support_travel_minutes,human_support_wait_minutes,human_empty_travel_minutes,robot_empty_travel_minutes,battery_forced_charges,battery_infeasible_missions,passenger_elevator_requests,seed,scenario_hash,policy,fleet_size,demand_multiplier,reliability,incomplete,urgent_incomplete,late_fraction,late_or_incomplete_fraction,urgent_late_fraction,mean_wait_minutes,mean_cycle_minutes,net_released_minutes,human_idle_minutes,human_contiguous_idle_minutes,human_contiguous_idle_minutes_per_100_beds_day,human_support_minutes_per_100_beds_day,human_empty_travel_minutes_per_100_beds_day,robot_empty_travel_minutes_per_100_beds_day,mean_human_support_wait_minutes,staffed_hours_per_day,human_utilization,mean_elevator_wait_minutes,mean_charging_wait_minutes,charging_utilization,mean_robot_batch_size,mean_decontamination_wait_minutes,decontamination_utilization,staff_night,staff_day,staff_evening,variant,staffing_name,specimen_deadline,task_mix,policy_name,replication
10920,10917,8017,9159,9157,6774,0,10917,0,0,0.0,0.0,558177.0036796203,891897.0071909475,1450074.0108705596,0.0,15797,393191.9574589777,0,0.0,0.0,0.0,0,0,0,0.0,0.0,0,0.0,0.0,0.0,238140.93464391612,0.0,0,0,0,20261120,0d69f43e4242c93a,human_only,0,1.0,0.98,3,2,0.7343592562059174,0.7344322344322345,0.739818757506278,81.6979946130757,132.82715131176693,0.0,386269.5388810184,381536.92089511687,6358.9486815852815,0.0,3969.015577398602,0.0,0.0,496.0,0.5673504268805798,24.890292932770635,0.0,0.0,0.0,0.0,0.0,8,30,24,moderate_d25_source_human_only,moderate,25,source,human_only,0
10819,10818,7727,9148,9147,6591,0,10818,0,0,0.0,0.0,544528.5321682369,873816.6141891207,1418345.1463573505,0.0,15750,380267.52856065304,0,0.0,0.0,0.0,0,0,0,0.0,0.0,0,0.0,0.0,0.0,233660.0486247994,0.0,0,0,0,20261121,0d69f43e4242c93a,human_only,0,1.0,0.98,1,1,0.7142725087816602,0.7142989185691838,0.7205946655006559,80.77432188843785,131.10973806224354,0.0,402579.8064690499,397800.56867444987,6630.009477907498,0.0,3894.334143746657,0.0,0.0,496.0,0.5490817579871753,24.14397006734305,0.0,0.0,0.0,0.0,0.0,8,30,24,moderate_d25_source_human_only,moderate,25,source,human_only,1
12518,12517,9849,10552,10552,8391,0,12517,0,0,0.0,0.0,683543.1220568394,1045256.6742048401,1728799.796261655,0.0,18220,492123.680795556,0,0.0,0.0,0.0,0,0,0,0.0,0.0,0,0.0,0.0,0.0,295218.92440522934,0.0,0,0,0,20261122,0d69f43e4242c93a,human_only,0,1.0,0.98,1,0,0.7868498841575458,0.786866911647228,0.7952047005307051,83.5069644647152,138.1161457427223,0.0,277545.3634097949,272458.440409243,4540.974006820717,0.0,4920.315406753823,0.0,0.0,496.0,0.6891292972560541,27.010081273082108,0.0,0.0,0.0,0.0,0.0,8,30,24,moderate_d25_source_human_only,moderate,25,source,human_only,2
10389,10387,7211,8735,8733,6118,0,10387,0,0,0.0,0.0,511717.5601736663,770293.7280406967,1282011.2882143434,0.0,15019,354416.44229165197,0,0.0,0.0,0.0,0,0,0,0.0,0.0,0,0.0,0.0,0.0,217563.29321126427,0.0,0,0,0,20261123,0d69f43e4242c93a,human_only,0,1.0,0.98,2,2,0.6942331760854915,0.6942920396573299,0.7006296508299943,74.15940387414044,123.42459692060685,0.0,428608.99252316554,424088.10019731877,7068.135003288646,0.0,3626.0548868544047,0.0,0.0,496.0,0.5199272037150924,23.597872181347093,0.0,0.0,0.0,0.0,0.0,8,30,24,moderate_d25_source_human_only,moderate,25,source,human_only,3
10405,10403,7322,8736,8734,6199,0,10403,0,0,0.0,0.0,516158.77780389914,820181.3459981787,1336340.1238020763,0.0,15085,358503.64696603466,0,0.0,0.0,0.0,0,0,0,0.0,0.0,0,0.0,0.0,0.0,220837.44600269225,0.0,0,0,0,20261124,0d69f43e4242c93a,human_only,0,1.0,0.98,2,2,0.703835432086898,0.7038923594425757,0.7098214285714286,78.84084840893769,128.45718771528178,0.0,425338.6242470384,420839.84769755445,7013.997461625908,0.0,3680.624100044871,0.0,0.0,496.0,0.5235902506193566,23.76557155890187,0.0,0.0,0.0,0.0,0.0,8,30,24,moderate_d25_source_human_only,moderate,25,source,human_only,4
11041,11039,7969,9270,9268,6776,0,11039,0,0,0.0,0.0,563742.1443615026,773086.8669019012,1336829.011263389,0.0,15998,397009.69511184527,0,0.0,0.0,0.0,0,0,0,0.0,0.0,0,0.0,0.0,0.0,241143.89085759956,0.0,0,0,0,20261125,0d69f43e4242c93a,human_only,0,1.0,0.98,2,2,0.7218950991937676,0.7219454759532651,0.731175836030205,70.03232782877988,121.10055360661191,0.0,380656.67070274963,376114.4339614808,6268.5738993580135,0.0,4019.0648476266592,0.0,0.0,496.0,0.5736372415963826,24.81620797048664,0.0,0.0,0.0,0.0,0.0,8,30,24,moderate_d25_source_human_only,moderate,25,source,human_only,5
11828,11827,9154,10005,10004,7813,0,11827,0,0,0.0,0.0,634061.2916120674,1104816.839340442,1738878.1309524956,0.0,17298,453729.04199064407,0,0.0,0.0,0.0,0,0,0,0.0,0.0,0,0.0,0.0,0.0,273451.3590210404,0.0,0,0,0,20261126,0d69f43e4242c93a,human_only,0,1.0,0.98,1,1,0.7739917138750317,0.7740108217788298,0.7810094952523738,93.41479997805378,147.02613773167292,0.0,320551.0460407628,316285.25494852103,5271.420915808684,0.0,4557.522650350673,0.0,0.0,496.0,0.6409598498647371,26.230144640458093,0.0,0.0,0.0,0.0,0.0,8,30,24,moderate_d25_source_human_only,moderate,25,source,human_only,6
11430,11426,8405,9643,9641,7164,0,11426,0,0,0.0,0.0,579890.3657474903,937974.6416134996,1517865.0073609888,0.0,16537,406886.3262975449,0,0.0,0.0,0.0,0,0,0,0.0,0.0,0,0.0,0.0,0.0,247231.30700564757,0.0,0,0,0,20261127,0d69f43e4242c93a,human_only,0,1.0,0.98,4,2,0.7356030106774024,0.7356955380577428,0.7431297314113865,82.0912516728076,132.84307783659975,0.0,370094.05272862955,365086.3689805487,6084.772816342478,0.0,4120.52178342746,0.0,0.0,496.0,0.5854681309043128,24.604603392244353,0.0,0.0,0.0,0.0,0.0,8,30,24,moderate_d25_source_human_only,moderate,25,source,human_only,7
11393,11393,8459,9621,9621,7230,0,11393,0,0,0.0,0.0,580884.8481323012,994736.8460201555,1575621.694152446,0.0,16533,408174.43042003654,0,0.0,0.0,0.0,0,0,0,0.0,0.0,0,0.0,0.0,0.0,249628.16622960826,0.0,0,0,0,20261128,0d69f43e4242c93a,human_only,0,1.0,0.98,0,0,0.7424734486087948,0.7424734486087948,0.75148113501715,87.31123023085715,138.2973487362807,0.0,365994.92677801824,361174.221259405,6019.570354323417,0.0,4160.469437160138,0.0,0.0,496.0,0.5900594458131516,24.688467333214575,0.0,0.0,0.0,0.0,0.0,8,30,24,moderate_d25_source_human_only,moderate,25,source,human_only,8
11998,11996,9307,10141,10140,7923,0,11996,0,0,0.0,0.0,636473.3263654032,1096610.4561523432,1733083.7825177435,0.0,17511,453628.83099691843,0,0.0,0.0,0.0,0,0,0,0.0,0.0,0,0.0,0.0,0.0,273819.05975851166,0.0,0,0,0,20261129,0d69f43e4242c93a,human_only,0,1.0,0.98,2,1,0.7758419473157719,0.7758793132188698,0.7813825066561483,91.41467623810797,144.47180581174922,0.0,315128.06387779326,310214.3867336244,5170.23977889374,0.0,4563.650995975195,0.0,0.0,496.0,0.647033978631504,25.905364113809515,0.0,0.0,0.0,0.0,0.0,8,30,24,moderate_d25_source_human_only,moderate,25,source,human_only,9
10742,10742,7715,9026,9026,6515,0,10742,0,0,0.0,0.0,542461.6578599291,905301.9861449916,1447763.6440049035,0.0,15667,378751.1770549892,0,0.0,0.0,0.0,0,0,0,0.0,0.0,0,0.0,0.0,0.0,231413.3739625265,0.0,0,0,0,20261130,0d69f43e4242c93a,human_only,0,1.0,0.98,0,0,0.7182088996462483,0.7182088996462483,0.7218036782627963,84.27685590625504,134.77598622276145,0.0,404785.2982528013,400346.8422976213,6672.447371627021,0.0,3856.8895660421085,0.0,0.0,496.0,0.5466114490896044,24.175092682389046,0.0,0.0,0.0,0.0,0.0,8,30,24,moderate_d25_source_human_only,moderate,25,source,human_only,10
9340,9335,6093,7811,7808,5127,0,9335,0,0,0.0,0.0,436133.08160606044,681647.5062493437,1117780.5878553956,0.0,13577,293955.30972631153,0,0.0,0.0,0.0,0,0,0,0.0,0.0,0,0.0,0.0,0.0,185102.42230866157,0.0,0,0,0,20261131,0d69f43e4242c93a,human_only,0,1.0,0.98,5,3,0.6527048741296197,0.6528907922912206,0.6567660990910255,73.02062198707485,119.74082355172958,0.0,495413.3216304347,490896.0815401381,8181.601359002302,0.0,3085.040371811026,0.0,0.0,496.0,0.44510156627415465,21.650976631532117,0.0,0.0,0.0,0.0,0.0,8,30,24,moderate_d25_source_human_only,moderate,25,source,human_only,11
10130,10130,6866,8463,8463,5807,0,10130,0,0,0.0,0.0,495523.31202045904,725853.1389527911,1221376.450973246,0.0,14679,342054.3791593635,0,0.0,0.0,0.0,0,0,0,0.0,0.0,0,0.0,0.0,0.0,208602.9802031597,0.0,0,0,0,20261132,0d69f43e4242c93a,human_only,0,1.0,0.98,0,0,0.6777887462981244,0.6777887462981244,0.6861632990665248,71.65381430925875,120.57023208028095,0.0,446961.7028137279,441974.6181598597,7366.243635997661,0.0,3476.7163367193284,0.0,0.0,496.0,0.49937085258319003,23.302294376957796,0.0,0.0,0.0,0.0,0.0,8,30,24,moderate_d25_source_human_only,moderate,25,source,human_only,12
9975,9974,6692,8353,8352,5681,0,9974,0,0,0.0,0.0,468133.1971832401,735538.8638340475,1203672.0610172793,0.0,14496,316826.94208124315,0,0.0,0.0,0.0,0,0,0,0.0,0.0,0,0.0,0.0,0.0,199030.90058165428,0.0,0,0,0,20261133,0d69f43e4242c93a,human_only,0,1.0,0.98,1,1,0.6709444555845198,0.6709774436090226,0.6802346462348857,73.74562500842666,120.68097664099452,0.0,464764.95156147704,460121.9960390475,7668.699933984125,0.0,3317.1816763609045,0.0,0.0,496.0,0.4794299377671628,21.856163223043815,0.0,0.0,0.0,0.0,0.0,8,30,24,moderate_d25_source_human_only,moderate,25,source,human_only,13
11917,11915,9131,10055,10053,7793,0,11915,0,0,0.0,0.0,627937.1866443356,965884.2393386775,1593821.4259829968,0.0,17276,447878.4571077787,0,0.0,0.0,0.0,0,0,0,0.0,0.0,0,0.0,0.0,0.0,269659.75256985624,0.0,0,0,0,20261134,0d69f43e4242c93a,human_only,0,1.0,0.98,2,2,0.76634494334872,0.7663841570865151,0.775236200895077,81.0645605823481,133.76596105606353,0.0,322009.3266390757,317046.2121731389,5284.103536218982,0.0,4494.329209497604,0.0,0.0,496.0,0.639326471058383,25.92489332645165,0.0,0.0,0.0,0.0,0.0,8,30,24,moderate_d25_source_human_only,moderate,25,source,human_only,14
10733,10732,7509,8993,8992,6352,0,10732,0,0,0.0,0.0,533455.7057806508,711868.896058185,1245324.6018388264,0.0,15412,371228.6457153619,0,0.0,0.0,0.0,0,0,0,0.0,0.0,0,0.0,0.0,0.0,227626.09152461952,0.0,0,0,0,20261135,0d69f43e4242c93a,human_only,0,1.0,0.98,1,1,0.6996831904584421,0.6997111711543836,0.7064383409318359,66.33142900281261,116.03844594100134,0.0,409814.124451413,404391.0277671684,6739.85046278614,0.0,3793.768192076992,0.0,0.0,496.0,0.540978803257826,24.086987134399294,0.0,0.0,0.0,0.0,0.0,8,30,24,moderate_d25_source_human_only,moderate,25,source,human_only,15
10624,10623,7616,9011,9011,6489,0,10623,0,0,0.0,0.0,523125.7231371125,916612.28106332,1439738.0042004273,0.0,15499,362142.58217567316,0,0.0,0.0,0.0,0,0,0,0.0,0.0,0,0.0,0.0,0.0,222166.250855829,0.0,0,0,0,20261136,0d69f43e4242c93a,human_only,0,1.0,0.98,1,0,0.7169349524616399,0.7169615963855421,0.7201198535123737,86.28563316043679,135.53026491578908,0.0,419486.6302117191,415102.83755792526,6918.380625965421,0.0,3702.7708475971504,0.0,0.0,496.0,0.5301449034366945,23.365545014237895,0.0,0.0,0.0,0.0,0.0,8,30,24,moderate_d25_source_human_only,moderate,25,source,human_only,16
11146,11146,8127,9396,9396,6877,0,11146,0,0,0.0,0.0,559726.7934078543,974107.0037154845,1533833.7971233148,0.0,16134,390696.8626022332,0,0.0,0.0,0.0,0,0,0,0.0,0.0,0,0.0,0.0,0.0,238698.84257034876,0.0,0,0,0,20261137,0d69f43e4242c93a,human_only,0,1.0,0.98,0,0,0.7291404988336623,0.7291404988336623,0.7319071945508727,87.39520937694998,137.61293711854609,0.0,386327.4611156874,381175.7780772306,6352.92963462051,0.0,3978.314042839146,0.0,0.0,496.0,0.567285549825619,24.215747031252832,0.0,0.0,0.0,0.0,0.0,8,30,24,moderate_d25_source_human_only,moderate,25,source,human_only,17
11582,11582,8760,9757,9757,7458,0,11582,0,0,0.0,0.0,614997.0278289842,901432.03568259,1516429.063511555,0.0,16835,438411.97578990186,0,0.0,0.0,0.0,0,0,0,0.0,0.0,0,0.0,0.0,0.0,265362.037886514,0.0,0,0,0,20261138,0d69f43e4242c93a,human_only,0,1.0,0.98,0,0,0.7563460542220687,0.7563460542220687,0.7643742953776775,77.83042960478242,130.92981035326844,0.0,333895.48902811116,329190.1301968868,5486.502169948113,0.0,4422.7006314418995,0.0,0.0,496.0,0.6260131171280117,26.041697403617572,0.0,0.0,0.0,0.0,0.0,8,30,24,moderate_d25_source_human_only,moderate,25,source,human_only,18
10459,10457,7372,8766,8764,6279,0,10457,0,0,0.0,0.0,515644.0840503552,827515.781664015,1343159.8657143575,0.0,15248,357404.4132963354,0,0.0,0.0,0.0,0,0,0,0.0,0.0,0,0.0,0.0,0.0,219687.29936446596,0.0,0,0,0,20261139,0d69f43e4242c93a,human_only,0,1.0,0.98,2,2,0.7049823085014822,0.7050387226312267,0.716518366415697,79.13510391737736,128.44600418039184,0.0,424094.44131795637,419576.6561031146,6992.944268385243,0.0,3661.454989407766,0.0,0.0,496.0,0.5249838246886689,23.439428993726086,0.0,0.0,0.0,0.0,0.0,8,30,24,moderate_d25_source_human_only,moderate,25,source,human_only,19
11676,11676,8653,9844,9844,7331,0,11676,0,0,0.0,0.0,611183.4300311224,865666.6222799687,1476850.0523110789,0.0,16890,435459.5238013939,0,0.0,0.0,0.0,0,0,0,0.0,0.0,0,0.0,0.0,0.0,261727.71665706974,0.0,0,0,0,20261140,0d69f43e4242c93a,human_only,0,1.0,0.98,0,0,0.7410928400137033,0.7410928400137033,0.7447175944737912,74.14068364850708,126.48595857409035,0.0,342398.23634295695,337300.4497615132,5621.6741626918865,0.0,4362.128610951162,0.0,0.0,496.0,0.6164894306194478,25.782091403279686,0.0,0.0,0.0,0.0,0.0,8,30,24,moderate_d25_source_human_only,moderate,25,source,human_only,20
10787,10785,7602,9060,9058,6456,0,10785,0,0,0.0,0.0,528890.5445441467,854240.5971944904,1383131.141738627,0.0,15540,366914.8644585559,0,0.0,0.0,0.0,0,0,0,0.0,0.0,0,0.0,0.0,0.0,225921.23336154767,0.0,0,0,0,20261141,0d69f43e4242c93a,human_only,0,1.0,0.98,2,2,0.7048678720445063,0.7049225920088996,0.7128035320088301,79.20636042600745,128.2458175001045,0.0,413852.86128954525,409045.4320398414,6817.423867330691,0.0,3765.3538893591276,0.0,0.0,496.0,0.5364551284839323,23.61099513890321,0.0,0.0,0.0,0.0,0.0,8,30,24,moderate_d25_source_human_only,moderate,25,source,human_only,21
11445,11443,8575,9600,9599,7248,0,11443,0,0,0.0,0.0,590564.6694539598,1103727.5334751213,1694292.2029290642,0.0,16792,415379.65678158274,0,0.0,0.0,0.0,0,0,0,0.0,0.0,0,0.0,0.0,0.0,252037.1240924597,0.0,0,0,0,20261142,0d69f43e4242c93a,human_only,0,1.0,0.98,2,1,0.7493664248885782,0.7494102228047183,0.7551041666666667,96.45438551735745,148.06363741405787,0.0,358075.95095896674,353885.7515814287,5898.095859690478,0.0,4200.618734874329,0.0,0.0,496.0,0.5989292663990068,24.7367589793701,0.0,0.0,0.0,0.0,0.0,8,30,24,moderate_d25_source_human_only,moderate,25,source,human_only,22
10468,10468,7223,8859,8859,6168,0,10468,0,0,0.0,0.0,509515.9701913066,769042.5101127755,1278558.4803040747,0.0,15152,351191.323473419,0,0.0,0.0,0.0,0,0,0,0.0,0.0,0,0.0,0.0,0.0,216416.30600895028,0.0,0,0,0,20261143,0d69f43e4242c93a,human_only,0,1.0,0.98,0,0,0.6900076423385556,0.6900076423385556,0.696241110734846,73.46604032410923,122.13970962018291,0.0,430865.8754531368,425586.08033168624,7093.101338861437,0.0,3606.938433482505,0.0,0.0,496.0,0.5173993330498019,23.177885656904632,0.0,0.0,0.0,0.0,0.0,8,30,24,moderate_d25_source_human_only,moderate,25,source,human_only,23
11959,11958,9216,10031,10030,7827,0,11958,0,0,0.0,0.0,642901.3228983842,1039730.5156406403,1682631.838539012,0.0,17311,462050.12791716214,0,0.0,0.0,0.0,0,0,0,0.0,0.0,0,0.0,0.0,0.0,276089.4746378614,0.0,0,0,0,20261144,0d69f43e4242c93a,human_only,0,1.0,0.98,1,1,0.7706974410436528,0.7707166151015972,0.780380819459675,86.9485294899348,140.7118112175123,0.0,313318.76094379165,308420.8607089727,5140.347678482878,0.0,4601.491243964357,0.0,0.0,496.0,0.6490605276167208,26.691128641740058,0.0,0.0,0.0,0.0,0.0,8,30,24,moderate_d25_source_human_only,moderate,25,source,human_only,24
10658,10656,7773,8952,8950,6580,0,10656,0,0,0.0,0.0,536498.4385818441,1035045.7677086809,1571544.2062905042,0.0,15764,374117.046947585,0,0.0,0.0,0.0,0,0,0,0.0,0.0,0,0.0,0.0,0.0,230182.99977556692,0.0,0,0,0,20261145,0d69f43e4242c93a,human_only,0,1.0,0.98,2,2,0.7294481981981982,0.729498967911428,0.735254691689008,97.13267339608493,147.47974908882358,0.0,408096.6602543804,404080.0482219632,6734.667470366054,0.0,3836.383329592782,0.0,0.0,496.0,0.5429024862742156,23.732367860161446,0.0,0.0,0.0,0.0,0.0,8,30,24,moderate_d25_source_human_only,moderate,25,source,human_only,25
11411,11411,8621,9622,9622,7338,0,11411,0,0,0.0,0.0,588952.6095367544,1095739.388940339,1684691.9984770855,0.0,16650,414453.7309031796,0,0.0,0.0,0.0,0,0,0,0.0,0.0,0,0.0,0.0,0.0,254680.32763210256,0.0,0,0,0,20261146,0d69f43e4242c93a,human_only,0,1.0,0.98,0,0,0.7554990798352467,0.7554990798352467,0.7626273124090626,96.02483471565498,147.63754258847476,0.0,358871.10398827994,354521.1431151475,5908.685718585792,0.0,4244.672127201709,0.0,0.0,496.0,0.5980386380059588,24.892115970160937,0.0,0.0,0.0,0.0,0.0,8,30,24,moderate_d25_source_human_only,moderate,25,source,human_only,26
11731,11727,8953,9831,9828,7572,0,11727,0,0,0.0,0.0,620035.0756166058,994707.8909711969,1614742.9665877873,0.0,16992,441743.68811480835,0,0.0,0.0,0.0,0,0,0,0.0,0.0,0,0.0,0.0,0.0,266897.1908126057,0.0,0,0,0,20261147,0d69f43e4242c93a,human_only,0,1.0,0.98,4,3,0.7634518632216253,0.7635325206717245,0.7705218187366494,84.82202532371424,137.6944629136,0.0,331637.0899180357,326976.50086437044,5449.608347739507,0.0,4448.286513543429,0.0,0.0,496.0,0.6285426860237056,25.99715678641763,0.0,0.0,0.0,0.0,0.0,8,30,24,moderate_d25_source_human_only,moderate,25,source,human_only,27
11047,11046,8268,9294,9294,6980,0,11046,0,0,0.0,0.0,578707.6255854093,947090.5660942545,1525798.1916796614,0.0,16050,411136.1266680394,0,0.0,0.0,0.0,0,0,0,0.0,0.0,0,0.0,0.0,0.0,248937.01620923454,0.0,0,0,0,20261148,0d69f43e4242c93a,human_only,0,1.0,0.98,1,0,0.7485062466051059,0.748529012401557,0.7510221648375296,85.74059081063322,138.13128659059038,0.0,369503.1536719838,365324.9154511278,6088.74859085213,0.0,4148.950270153909,0.0,0.0,496.0,0.5861299802061113,25.615958047852924,0.0,0.0,0.0,0.0,0.0,8,30,24,moderate_d25_source_human_only,moderate,25,source,human_only,28
10180,10180,7113,8580,8580,6051,0,10180,0,0,0.0,0.0,498224.2902483863,834309.7848206612,1332534.075069037,0.0,14894,343083.1945331141,0,0.0,0.0,0.0,0,0,0,0.0,0.0,0,0.0,0.0,0.0,212034.59989535625,0.0,0,0,0,20261149,0d69f43e4242c93a,human_only,0,1.0,0.98,0,0,0.6987229862475443,0.6987229862475443,0.7052447552447553,81.95577454034,130.89725688300953,0.0,440912.01060350717,436182.3482746917,7269.705804578195,0.0,3533.9099982559374,0.0,0.0,496.0,0.5061469415283297,23.03499359024534,0.0,0.0,0.0,0.0,0.0,8,30,24,moderate_d25_source_human_only,moderate,25,source,human_only,29
10920,10917,8031,9159,9157,6791,79,10838,1,1,526.9043546108584,343.39693461369876,552193.3742188776,887205.956123905,1458967.172694658,19567.84235188833,15904,393821.4219831766,8,0.0,847.1835080367014,24.385700555482327,0,0,55,0.0,385.0,213,453.3969346136994,4315.392311663954,17137.687705005614,238970.69716506064,359.68665630476494,0,0,0,20261120,c864fbdfb4e3dcba,adaptive_hybrid,2,1.0,0.98,3,2,0.7356416597966474,0.7357142857142858,0.7416748553335517,81.26829313217047,133.64176721577888,183.50741999715962,386142.4897004506,381193.0556213271,6353.217593688784,7.556615576894989,3982.8449527510106,5.994777605079416,80.45862772303106,496.0,0.5674927310702838,24.762413354072976,0.0,0.00980536467635071,0.0,0.0,0.004456018518518519,8,30,24,moderate_d25_source_adaptive_hybrid,moderate,25,source,adaptive_hybrid,0
10819,10818,7730,9148,9147,6590,88,10730,1,1,515.935978047692,354.0456105284232,537824.897093942,881800.6590179821,1441131.935587475,21506.379475556172,15878,381534.0425965496,8,0.0,830.2619941077666,23.672780145615086,0,0,73,0.0,511.0,249,500.0456105284236,6106.429124249847,19864.44097767117,235700.56862458322,345.414187703012,0,0,0,20261121,c864fbdfb4e3dcba,adaptive_hybrid,2,1.0,0.98,1,1,0.714549824366796,0.7145762085220445,0.7204853519895059,81.5123552429268,133.2161153251502,161.89036751926875,400807.1997100471,396178.40617389325,6602.973436231554,8.33409350880706,3928.34281040972,5.756903128383533,79.77687139626975,496.0,0.5510672046258434,24.029099546325078,0.0,0.009609513820691742,0.0,0.0,0.005914351851851852,8,30,24,moderate_d25_source_adaptive_hybrid,moderate,25,source,adaptive_hybrid,1
12518,12517,9835,10552,10552,8374,104,12413,2,2,641.8754905462397,449.26368794183566,675588.0580394181,1037522.2162015548,1740239.87297847,27129.598737507702,18296,493445.0069328724,9,0.0,937.5148327371006,28.523950877841976,0,0,78,0.0,546.0,286,605.2636879418359,6407.417263869239,24905.73568113173,295215.13219387183,400.96275519363434,0,0,0,20261122,c864fbdfb4e3dcba,adaptive_hybrid,2,1.0,0.98,1,0,0.7857314052888072,0.7857485221281355,0.7935936315390447,82.88904819058519,139.03010889018694,192.61180260440403,276886.304129793,271700.676196727,4528.344603278784,10.087728132363932,4920.252203231197,6.682712586560572,87.08299189206899,496.0,0.689867490894049,26.970103133628793,0.0,0.010850866119642368,0.0,0.0,0.006319444444444444,8,30,24,moderate_d25_source_adaptive_hybrid,moderate,25,source,adaptive_hybrid,2
10389,10387,7233,8735,8733,6131,55,10332,0,0,360.2483889666856,241.06815414399907,508968.74278433854,746846.2305621803,1271186.8632177725,15371.88987126495,15052,356659.5412043332,4,0.0,424.3155771074134,16.364163827778786,0,0,34,0.0,238.0,144,309.0681541439992,3204.1731001271232,13849.78454498899,218416.78880223987,252.47061394219324,0,0,0,20261123,c864fbdfb4e3dcba,adaptive_hybrid,2,1.0,0.98,2,2,0.6963512082410706,0.696409664067764,0.7021179164281626,71.90201507289692,122.38248418386179,119.18023482268651,428434.49683188315,423892.1940459297,7064.869900765495,5.151135902399987,3640.2798133706647,4.207843565703221,96.17905934020132,496.0,0.5201226513979804,23.69515952726104,0.0,0.004911059920224692,0.0,0.0,0.0027546296296296294,8,30,24,moderate_d25_source_adaptive_hybrid,moderate,25,source,adaptive_hybrid,3
10405,10400,7327,8736,8732,6210,99,10301,2,2,621.7975812679789,414.48548123707576,510525.0601078578,821895.7412720693,1352771.1087434671,20350.307363554864,15240,360132.283546611,10,0.0,1064.1747728844641,27.169283424751047,0,0,83,0.0,581.0,281,580.4854812370761,4893.394436113003,18279.981974171737,222858.9303941077,380.2243887055418,0,0,0,20261124,c864fbdfb4e3dcba,adaptive_hybrid,2,1.0,0.98,5,4,0.7045192307692307,0.7046612205670351,0.7113095238095238,79.0284366607759,130.07414507148724,207.31210003090314,425327.93671364506,420524.28015217773,7008.738002536295,9.674758020617935,3714.315506568462,6.337073145092363,65.05331663406312,496.0,0.5236022214228886,23.630727266837994,0.0,0.012316837649125742,0.0,0.0,0.006724537037037037,8,30,24,moderate_d25_source_adaptive_hybrid,moderate,25,source,adaptive_hybrid,4
11041,11040,7978,9270,9269,6786,84,10956,1,1,516.1269238690207,363.76600859709094,558188.0382854594,787315.3647021968,1364395.412191947,18892.009204302918,16142,398323.43663360516,8,0.0,847.304730911295,22.695364377888986,0,0,63,0.0,441.0,231,489.7660085970915,4929.716790781362,17179.281435393877,242814.49610436146,324.7761730641065,0,0,0,20261125,c864fbdfb4e3dcba,adaptive_hybrid,2,1.0,0.98,1,1,0.7226449275362319,0.7226700480028982,0.7321467098166128,71.3147975273729,123.58654095941549,152.3609152719298,380140.46975346294,375594.83869016066,6259.913978169344,8.162766809951526,4046.9082684060245,5.412936217735108,74.3691837030038,496.0,0.574215423663236,24.676213395713365,0.0,0.009806767718880728,0.0,0.0,0.005104166666666667,8,30,24,moderate_d25_source_adaptive_hybrid,moderate,25,source,adaptive_hybrid,5
11828,11827,9212,10005,10004,7853,90,11737,1,1,582.4135018216978,398.13227703312316,630338.3127980564,1121689.5793358865,1774657.5201642138,22629.62803027704,17456,457241.8959983948,9,0.0,978.464429279765,26.976454656226256,0,0,65,0.0,455.0,245,528.1322770331236,5331.787942854408,20883.34098008598,276783.44758778287,422.8988486484035,0,0,0,20261126,c864fbdfb4e3dcba,adaptive_hybrid,2,1.0,0.98,1,1,0.7788957470195316,0.7789144403111261,0.785007496251874,94.84142887764324,150.05136722450442,184.2812247885746,317619.7990512445,313506.88458762004,5225.114743127001,8.802204617218727,4613.057459796381,7.0483141441400585,85.23812644933054,496.0,0.6442430566182298,26.19396746095296,0.0,0.011324819783330614,0.0,0.0,0.0052662037037037035,8,30,24,moderate_d25_source_adaptive_hybrid,moderate,25,source,adaptive_hybrid,6
11430,11427,8417,9643,9642,7176,105,11322,4,4,608.8068075522907,420.928729820862,575119.0794682894,963676.2645367113,1561242.1474524653,22446.80344747946,16691,410338.7643915248,9,0.0,928.7026999243217,27.353080913384552,0,0,88,0.0,616.0,298,596.9287298208623,6466.463234304856,21136.461289212937,251299.175324159,402.882495924171,0,0,0,20261127,c864fbdfb4e3dcba,adaptive_hybrid,2,1.0,0.98,3,1,0.7365887809573817,0.73665791776028,0.7442704552525148,84.3332689714458,136.62747417979043,187.87807773142873,367681.2833536125,362781.4073224546,6046.356788707577,9.948812163681037,4188.319588735983,6.71470826540285,70.92772244702329,496.0,0.5881706055627101,24.5844325919073,0.0,0.010748873841716687,0.0,0.0,0.00712962962962963,8,30,24,moderate_d25_source_adaptive_hybrid,moderate,25,source,adaptive_hybrid,7
11393,11392,8476,9621,9620,7242,89,11303,1,1,516.7506415721197,364.0264650941148,574278.5914360214,983800.9236384844,1579419.9189440787,21340.403869578215,16572,408864.6323258583,8,0.0,822.907435868681,22.665480441447283,0,0,73,0.0,511.0,251,510.0264650941155,5651.453356988953,20238.527446080963,250235.51001568986,303.02959846533105,0,0,0,20261128,c864fbdfb4e3dcba,adaptive_hybrid,2,1.0,0.98,1,1,0.7440308988764045,0.7440533661019925,0.7528323459099886,86.35892939242314,138.64290018820915,152.72417647800484,365072.28461256734,360010.26515908155,6000.171085984693,8.500441084901926,4170.591833594831,5.050493307755517,80.63158345052176,496.0,0.59109287117768,24.67201498466439,0.0,0.009524391618850474,0.0,0.0,0.005914351851851852,8,30,24,moderate_d25_source_adaptive_hybrid,moderate,25,source,adaptive_hybrid,8
11998,11996,9331,10141,10140,7944,109,11887,5,5,661.7736963370785,510.27236954612744,633295.0467321466,1096127.3592552068,1753210.9548159582,23788.54882862175,17633,459136.8161638251,9,0.0,935.0863897708798,28.66021185918632,0,0,92,0.0,644.0,310,694.2723695461268,6964.802859091097,22506.592862519283,277331.1238807464,403.5158508696518,0,0,0,20261129,c864fbdfb4e3dcba,adaptive_hybrid,2,1.0,0.98,2,1,0.7778426142047349,0.777879646607768,0.7834533083522335,91.37440473951374,146.149629444478,151.50132679095105,311848.7338681891,306856.16759627283,5114.26945993788,11.571206159102113,4622.185398012441,6.725264181160863,72.60191245973962,496.0,0.6507070633196806,26.038496918495156,0.0,0.010822759140866665,0.0,0.0,0.007453703703703704,8,30,24,moderate_d25_source_adaptive_hybrid,moderate,25,source,adaptive_hybrid,9
10742,10741,7767,9026,9025,6553,89,10652,3,3,523.30860937555,371.519367715816,534125.6549958654,924249.561974415,1479416.7620357552,21041.54506548836,15788,377784.4311719894,8,0.0,838.6290845934303,22.987926887171522,0,0,70,0.0,490.0,248,511.51936771581666,5800.272853390701,19917.253237438046,233055.9406895594,321.42639671444033,0,0,0,20261130,c864fbdfb4e3dcba,adaptive_hybrid,2,1.0,0.98,1,1,0.723117028209664,0.7231428039471235,0.7261245291380456,86.04874424861885,137.7354773331864,151.789241659734,402974.6439725778,398326.21188993676,6638.770198165613,8.52532279526361,3884.265678159323,5.357106611907339,80.31150498966954,496.0,0.5486395116794603,23.92858064175256,0.0,0.009706355145757295,0.0,0.0,0.005671296296296297,8,30,24,moderate_d25_source_adaptive_hybrid,moderate,25,source,adaptive_hybrid,10
9340,9335,6089,7811,7808,5121,60,9275,1,1,389.8867494373964,249.79905986690733,432447.5323159117,684572.2448123973,1132146.9728477418,15127.195719441317,13667,295995.05239744124,6,0.0,623.7867722436883,17.640170907185173,0,0,44,0.0,308.0,164,337.79905986690744,3730.6644038380214,13431.28553426682,186790.87647919997,258.76664585968774,0,0,0,20261131,c864fbdfb4e3dcba,adaptive_hybrid,2,1.0,0.98,5,3,0.6522763792179967,0.6524625267665953,0.6559979516067085,73.3339308850988,121.27980426863866,140.0876895704891,493789.43589709356,489480.03058700275,8158.000509783379,5.629984331115124,3113.181274653333,4.312777430994796,81.8980825260172,496.0,0.4469204347030762,21.65764633039008,0.0,0.007219754308376023,0.0,0.0,0.003564814814814815,8,30,24,moderate_d25_source_adaptive_hybrid,moderate,25,source,adaptive_hybrid,11
10130,10130,6912,8463,8463,5859,76,10054,0,0,501.38690748490245,316.13394431165665,493986.65349841845,753930.9101799304,1266920.5528340554,19002.989155710973,14874,346497.5210606594,8,0.0,867.2560403956247,21.537244654030523,0,0,59,0.0,413.0,211,434.13394431165693,4708.753793974248,17304.322257494474,213724.02088377252,296.42473289285994,0,0,0,20261132,c864fbdfb4e3dcba,adaptive_hybrid,2,1.0,0.98,0,0,0.682329713721619,0.682329713721619,0.6923076923076923,74.42555875418859,125.0661947516343,185.2529631732458,443187.0692934816,438357.45749645383,7305.957624940897,7.235565738527615,3562.067014729542,4.940412214880999,82.01100595968946,496.0,0.503598712708914,23.295517080856484,0.0,0.010037685652727137,0.0,0.0,0.004780092592592593,8,30,24,moderate_d25_source_adaptive_hybrid,moderate,25,source,adaptive_hybrid,12
9975,9974,6742,8353,8352,5713,77,9897,2,2,469.403171455096,372.1831117132161,467368.03279393254,763428.4521773783,1249599.735371937,18803.25040063165,14624,322748.50696738577,7,0.0,734.0660334085624,20.764595519972747,0,0,60,0.0,420.0,214,492.18311171321665,4930.457106091419,17364.233063358886,202589.04687710913,305.4662262586314,0,0,0,20261133,c864fbdfb4e3dcba,adaptive_hybrid,2,1.0,0.98,1,1,0.6759574894726288,0.6759899749373434,0.6840656051717946,76.54185403823725,125.28571639983328,97.22005974187994,460250.6339233955,455798.9140442502,7596.6485674041705,8.203051861886944,3376.4841146184854,5.09110377097719,81.14127599700414,496.0,0.4844862971288133,22.069783025669157,0.0,0.008496134645932435,0.0,0.0,0.004861111111111111,8,30,24,moderate_d25_source_adaptive_hybrid,moderate,25,source,adaptive_hybrid,13
11917,11916,9197,10055,10054,7841,102,11814,1,1,619.1144523810389,427.49526590568496,630724.2636728134,981750.7926107707,1636632.515370034,24157.459086443305,17434,458357.51844000473,10,0.0,1043.3104894685691,28.070097663912406,0,0,79,0.0,553.0,283,585.495265905685,5692.881190079642,21868.60051503675,275824.3630904071,400.00826272799384,0,0,0,20261134,c864fbdfb4e3dcba,adaptive_hybrid,2,1.0,0.98,1,1,0.771819402484055,0.7718385499706302,0.7799104922923918,82.38929108851718,137.3474752744238,191.6191864753539,315869.931480886,311256.8447699952,5187.61407949992,9.758254431761417,4597.072718173452,6.666804378799897,77.2742067669143,496.0,0.6462030337355668,26.29101287369535,0.0,0.012075352887367698,0.0,0.0,0.006400462962962963,8,30,24,moderate_d25_source_adaptive_hybrid,moderate,25,source,adaptive_hybrid,14
10733,10731,7522,8993,8991,6366,87,10644,3,3,497.04842987470545,365.34596803742426,528378.3975789979,717742.0332941015,1263909.3839596258,17788.953086538368,15439,373220.80079729133,8,0.0,835.8963734217333,21.628619300435588,0,0,73,0.0,511.0,247,511.345968037425,5752.103129657926,16898.321525507592,228427.3276453705,282.33402316109937,0,0,0,20261135,c864fbdfb4e3dcba,adaptive_hybrid,2,1.0,0.98,2,2,0.7009598359891902,0.7010155594894252,0.7081063049038141,66.88491597186669,117.78113726210286,131.7024618372812,407140.6713585478,401908.29154224275,6698.471525704046,8.52243280062375,3807.122127422842,4.705567052684989,68.41425718828985,496.0,0.543973262367218,24.173897324780835,0.0,0.009674726544233025,0.0,0.0,0.005914351851851852,8,30,24,moderate_d25_source_adaptive_hybrid,moderate,25,source,adaptive_hybrid,15
10624,10623,7651,9011,9011,6528,88,10535,1,1,554.7014161237736,365.1682080128559,518204.9745924544,920318.0256401846,1460259.7338339228,21736.733601295575,15598,364476.34467488795,9,0.0,959.4226728930877,24.599017309083266,0,0,72,0.0,504.0,248,509.16820801285655,5301.763226994938,19818.005979511865,223527.72812792368,351.45703649599403,0,0,0,20261136,c864fbdfb4e3dcba,adaptive_hybrid,2,1.0,0.98,1,0,0.7202296902946437,0.7202560240963856,0.7244478970147598,86.63447478491807,137.4620854592792,189.53320811091766,417379.636565016,412918.80539165786,6881.980089860965,8.486136800214275,3725.4621354653946,5.857617274933234,79.91131443351559,496.0,0.5325048873599731,23.36686400018515,0.0,0.011104429084410738,0.0,0.0,0.005833333333333334,8,30,24,moderate_d25_source_adaptive_hybrid,moderate,25,source,adaptive_hybrid,16
11146,11145,8141,9396,9395,6896,99,11046,3,3,560.663930097382,419.518094469876,556311.4192358394,1001523.3771947111,1579677.8446594996,21843.048228957134,16289,394598.3486109136,8,0.0,818.660586897968,25.70933784591998,0,0,80,0.0,560.0,278,579.5180944698762,5852.146140757718,20548.63956505566,242280.37235185513,403.01029446447734,0,0,0,20261137,c864fbdfb4e3dcba,adaptive_hybrid,2,1.0,0.98,1,1,0.730462090623598,0.7304862731024583,0.7340357598978289,89.8630217312437,141.73870297528035,141.14583562750602,384071.5238942559,378740.53042722197,6312.342173787033,9.65863490783127,4038.006205864252,6.716838241074623,73.9159696584736,496.0,0.569812361229552,24.22483569346882,0.0,0.009475238274282037,0.0,0.0,0.006481481481481481,8,30,24,moderate_d25_source_adaptive_hybrid,moderate,25,source,adaptive_hybrid,17
11582,11582,8825,9757,9757,7502,108,11474,1,1,612.7665189792041,487.3014016281644,608311.8728108049,911919.8953762382,1544259.4007483528,24027.63256132284,16999,441484.4872828298,9,0.0,941.2807175788637,27.055845369038696,0,0,88,0.0,616.0,304,663.3014016281638,6874.956584317218,22362.27942210121,267671.11705473997,394.8530270840731,0,0,0,20261138,c864fbdfb4e3dcba,adaptive_hybrid,2,1.0,0.98,0,0,0.7619582110170955,0.7619582110170955,0.7688838782412627,78.73596057470542,133.33270598759736,125.46511735103968,330881.68084372027,325753.5171769385,5429.225286282308,11.055023360469397,4461.1852842456665,6.580883784734552,73.5601296779645,496.0,0.629388798338127,25.971203440368836,0.0,0.010894452749755366,0.0,0.0,0.00712962962962963,8,30,24,moderate_d25_source_adaptive_hybrid,moderate,25,source,adaptive_hybrid,18
10459,10457,7394,8766,8764,6294,74,10383,2,2,484.97646070446274,330.9173244244964,516147.9996115666,825706.0982871698,1361141.3635507,19287.265651975056,15311,364330.14356920857,5,0.0,514.2082227007238,20.706307682714357,0,0,53,0.0,371.0,201,436.91732442449677,4597.857081204772,17972.75336017916,223604.88393305562,270.5539721366527,0,0,0,20261139,c864fbdfb4e3dcba,adaptive_hybrid,2,1.0,0.98,2,2,0.7070861623792675,0.7071421742040348,0.7182295231576545,78.96204439965285,130.16556981454528,154.0591362799663,420499.99808077444,415949.39927100716,6932.489987850119,7.281955407074946,3726.748065550927,4.509232868944212,89.41668338397591,496.0,0.5290098587804946,23.795319937901414,0.0,0.005951484059036155,0.0,0.0,0.004293981481481481,8,30,24,moderate_d25_source_adaptive_hybrid,moderate,25,source,adaptive_hybrid,19
11676,11676,8665,9844,9844,7349,94,11582,1,1,557.553852043964,393.31914216002394,605931.9211964083,862807.9872579381,1490670.6569139892,21930.748459648545,16928,437549.3157629656,7,0.0,742.2363231728837,24.244685451887015,0,0,73,0.0,511.0,261,539.3191421600243,5959.785682091795,20455.335684735277,262814.7769249586,333.50922144893934,0,0,0,20261140,c864fbdfb4e3dcba,adaptive_hybrid,2,1.0,0.98,0,0,0.7421205892428914,0.7421205892428914,0.7465461194636327,73.89585365347192,127.66963488471987,164.23470988394,341016.66344686603,335712.26357333985,5595.204392888997,8.988652369333739,4380.246282082644,5.558487024148989,78.37293365798956,496.0,0.6180368913005533,25.84766751907878,0.0,0.00859069818487134,0.0,0.0,0.005914351851851852,8,30,24,moderate_d25_source_adaptive_hybrid,moderate,25,source,adaptive_hybrid,20
10787,10785,7628,9060,9058,6479,86,10699,4,4,507.75172445656847,363.91322307311935,524065.48953217064,872719.988618369,1416415.9313459762,19630.453195447266,15669,368400.1354276149,7,0.0,725.4274389753367,22.06590227535362,0,0,69,0.0,483.0,241,501.91322307312004,4969.6757816707295,18290.937929603937,228447.03600505358,306.49381121469673,0,0,0,20261141,c864fbdfb4e3dcba,adaptive_hybrid,2,1.0,0.98,2,2,0.7072786277236903,0.7073329007138222,0.7153421633554083,80.91979495766054,131.33202886842616,143.8385013834491,412509.9062702547,407581.1849611612,6793.0197493526875,8.365220384552,3807.450600084226,5.108230186911612,75.89600800665534,496.0,0.5379593343747147,23.511400563380874,0.0,0.008396150914066397,0.0,0.0,0.005590277777777777,8,30,24,moderate_d25_source_adaptive_hybrid,moderate,25,source,adaptive_hybrid,21
11445,11445,8591,9600,9600,7261,82,11363,2,2,555.1713216367395,364.0089726834191,590401.0690460571,1099782.104005686,1713582.7504898375,23399.577438100023,16893,421991.4820825502,8,0.0,840.0067754255541,23.644987227949127,0,0,59,0.0,413.0,223,482.0089726834195,4682.129675819967,21548.49454252747,255645.05896985787,310.5887054638592,0,0,0,20261142,c864fbdfb4e3dcba,adaptive_hybrid,2,1.0,0.98,0,0,0.7506334643949323,0.7506334643949323,0.7563541666666667,96.092800699492,149.72326347661314,191.16234895332047,356515.8960181938,352270.1567253693,5871.169278756154,8.033482878056992,4260.750982830965,5.176478424397653,96.63002037007834,496.0,0.6006766397645679,24.980257034425513,0.0,0.00972230064149947,0.0,0.0,0.004780092592592593,8,30,24,moderate_d25_source_adaptive_hybrid,moderate,25,source,adaptive_hybrid,22
10468,10468,7262,8859,8859,6203,85,10383,1,1,514.8645253755492,346.0644061745711,506507.2578990769,794340.7681410835,1319925.6187700534,19077.5927299092,15332,354769.8226371862,8,0.0,848.1028180149704,23.3255647840812,0,0,71,0.0,497.0,241,488.0644061745717,5113.3929876879065,17723.466247190405,220600.99966923782,353.6278438171504,0,0,0,20261143,c864fbdfb4e3dcba,adaptive_hybrid,2,1.0,0.98,0,0,0.6937332823844097,0.6937332823844097,0.7001918952477706,75.88276348309931,126.09148058559929,168.8001192009781,427877.5581982624,422752.870470846,7045.8811745141,8.134406769576195,3676.6833278206304,5.893797396952507,73.54135372278176,496.0,0.5207464625915519,23.139174448029365,0.0,0.00981600483813623,0.0,0.0,0.005752314814814815,8,30,24,moderate_d25_source_adaptive_hybrid,moderate,25,source,adaptive_hybrid,23
11959,11958,9273,10031,10030,7873,112,11846,2,2,673.2187341285855,508.5985819303263,638935.911930553,1076598.8099578389,1740579.6217497839,25044.899861405393,17499,465914.38954197837,10,0.0,1079.8476644560742,29.539866119917743,0,0,90,0.0,630.0,314,688.5985819303254,6701.774153764702,23566.851713592157,281089.35033062845,410.2059890725391,0,0,0,20261144,c864fbdfb4e3dcba,adaptive_hybrid,2,1.0,0.98,1,1,0.7754641244355244,0.7754828999080191,0.7849666035290599,90.03167837078432,145.55775395131158,164.62015219825923,308641.8247349993,303983.8646312669,5066.397743854449,11.47664303217209,4684.822505510474,6.836766484542319,75.05366787768203,496.0,0.6542990314348127,26.625200842446905,0.0,0.01249823685713049,0.0,0.0,0.007291666666666667,8,30,24,moderate_d25_source_adaptive_hybrid,moderate,25,source,adaptive_hybrid,24
10658,10656,7784,8952,8950,6585,84,10572,3,3,518.0533007483104,411.92678953759304,531980.709856793,1051516.6436678935,1606876.737717824,23379.38419314372,15856,376622.63392950903,7,0.0,737.2794500633735,22.496940700554635,0,0,68,0.0,476.0,236,547.9267895375933,5457.225813490475,22014.408683581354,232590.34267001267,315.862739754404,0,0,0,20261145,c864fbdfb4e3dcba,adaptive_hybrid,2,1.0,0.98,2,2,0.7304804804804805,0.7305310564833928,0.7358132260947274,98.67836370757259,150.7954896506967,106.12651121071741,406778.3835562452,402718.11539468815,6711.968589911469,9.13211315895989,3876.505711166878,5.264378995906734,93.28139272703963,496.0,0.5443790506762487,23.752688819974082,0.0,0.008533326968326082,0.0,0.0,0.005509259259259259,8,30,24,moderate_d25_source_adaptive_hybrid,moderate,25,source,adaptive_hybrid,25
11411,11410,8618,9622,9621,7346,109,11301,0,0,634.0341357713617,447.2195190533247,582819.1693935719,1100350.843940283,1709507.8899825024,26337.87664866548,16771,417990.89304728335,10,0.0,1044.1874763586427,27.057031707929553,0,0,94,0.0,658.0,312,635.2195190533245,7421.7015308040345,25389.344432208905,257999.11382119358,365.79351913407356,0,0,0,20261146,c864fbdfb4e3dcba,adaptive_hybrid,2,1.0,0.98,1,1,0.7553023663453111,0.7553238103584261,0.763562668883808,96.43740963543233,149.8254066592903,186.81461671803697,356895.26667775225,352393.7378555572,5873.228964259286,10.586991984222074,4299.985230353226,6.09655865223456,81.37610394938751,496.0,0.600251717430833,24.923432892927277,0.0,0.012085503198595401,0.0,0.0,0.007615740740740741,8,30,24,moderate_d25_source_adaptive_hybrid,moderate,25,source,adaptive_hybrid,26
11731,11728,8985,9831,9828,7601,120,11608,3,3,716.5746948738449,562.8592708198538,614180.8546135747,1008859.7079350376,1647893.9114582383,24853.348909630884,17135,446522.5330575153,11,0.0,1167.3568935483308,31.090051160270605,0,0,98,0.0,686.0,338,758.8592708198523,7732.704987293608,23094.45868929424,270772.4556444474,428.001631902098,0,0,0,20261147,c864fbdfb4e3dcba,adaptive_hybrid,2,1.0,0.98,3,3,0.7661152796725784,0.7661750916375416,0.773471671244024,86.02146213634359,140.509371713697,153.71542405399111,328322.056907159,323475.4326916994,5391.257211528324,12.647654513664206,4512.87426074079,7.133360531701633,68.32680085590012,496.0,0.6322557606326624,26.05909151196471,0.0,0.013511075156809384,0.0,0.0,0.007939814814814814,8,30,24,moderate_d25_source_adaptive_hybrid,moderate,25,source,adaptive_hybrid,27
11047,11045,8297,9294,9293,7010,106,10939,3,3,588.3173741933026,519.3388531358893,576401.5832587316,958675.9865292014,1557985.360224006,22907.79043608717,16206,417219.8156889005,7,0.0,730.4069616229183,25.917445163301558,0,0,88,0.0,616.0,300,695.3388531358884,6636.913487292511,22420.076475069523,253477.73748877092,366.9386489035876,0,0,0,20261148,c864fbdfb4e3dcba,adaptive_hybrid,2,1.0,0.98,2,1,0.7511996378451788,0.7512446818140671,0.7543576500968366,86.79728261921244,141.0579773856049,68.97852105741333,366760.11141296074,362470.9508898483,6041.182514830804,11.58898088559814,4224.6289581461815,6.115644148393127,74.73358825023175,496.0,0.5892023841700709,25.744774508756045,0.0,0.008453784278043035,0.0,0.0,0.00712962962962963,8,30,24,moderate_d25_source_adaptive_hybrid,moderate,25,source,adaptive_hybrid,28
10180,10180,7123,8580,8580,6064,77,10103,0,0,463.26300473373385,311.9286594697731,492964.0810490909,849855.9950977508,1361368.4791985212,18548.403051686626,14998,344940.41647315735,6,0.0,631.9888970569566,19.651326011939865,0,0,59,0.0,413.0,213,429.9286594697734,5261.990514899483,17405.46763306592,213707.19118452186,254.46993622158126,0,0,0,20261149,c864fbdfb4e3dcba,adaptive_hybrid,2,1.0,0.98,0,0,0.6997053045186641,0.6997053045186641,0.7067599067599067,83.48290718052561,133.72971308433412,151.33434526396076,440424.88717111724,435626.9038702636,7260.448397837727,7.165477657829556,3561.786519742031,4.241165603693021,81.71581048387756,496.0,0.506692554691849,22.99909431078526,0.0,0.007314686308529591,0.0,0.0,0.004780092592592593,8,30,24,moderate_d25_source_adaptive_hybrid,moderate,25,source,adaptive_hybrid,29
10920,10918,8076,9159,9158,6825,138,10780,1,1,1445.8647468964527,546.2170716969331,549504.5360578122,951219.0974735897,1531585.590192669,30861.95666127725,16021,399298.5266531882,18,0.0,1924.8247460092246,58.18284435509662,0,0,112,0.0,784.0,388,770.2170716969321,10159.021611644088,26587.564819605548,244016.65404972498,660.8385116576422,0,0,0,20261120,078715592cd35984,travel_aware_hybrid,2,1.0,0.98,2,1,0.7396959150027478,0.7397435897435898,0.7452778687629654,87.12393272335498,140.28078312810672,899.6476751995197,382048.65515173395,377343.87346632354,6289.064557772059,12.836951194948869,4066.944234162083,11.013975194294037,68.52465159692152,496.0,0.5720781192296887,24.923445893089585,0.0,0.022278064189921582,0.0,0.0,0.009074074074074075,8,30,24,moderate_d25_source_travel_aware_hybrid,moderate,25,source,travel_aware_hybrid,0
10819,10818,7769,9148,9147,6623,131,10687,2,2,1426.1847861810502,575.035602397958,536617.1347935888,919166.9551930819,1485761.9410933023,29977.851106641872,15963,386956.7203506686,17,0.0,1835.1230684353645,58.1265188384788,0,0,106,0.0,742.0,368,787.0356023979566,9371.37310559544,25117.901910973596,239343.06706648148,668.4191049865948,0,0,0,20261121,078715592cd35984,travel_aware_hybrid,2,1.0,0.98,1,1,0.7181549269735625,0.7181809779092337,0.7240926978574552,84.96644067231298,137.34164735563897,851.1491837830922,399073.2365969796,394250.3801115402,6570.83966852567,13.117260039965943,3989.051117774691,11.140318416443247,68.25516823634129,496.0,0.55300936761091,24.24085199214863,0.0,0.021239850329113016,0.0,0.0,0.008587962962962962,8,30,24,moderate_d25_source_travel_aware_hybrid,moderate,25,source,travel_aware_hybrid,1
12518,12516,9856,10552,10551,8395,161,12355,4,4,1782.5069092372933,674.3334258210914,671788.6824382277,1090657.6141711506,1800607.7662087537,38161.46959939029,18403,499671.95557790116,22,0.0,2380.963398219835,71.65560785272353,0,0,127,0.0,889.0,449,928.3334258210887,12532.570932238,31960.59643221693,300658.8812551971,791.4632443944572,0,0,0,20261122,078715592cd35984,travel_aware_hybrid,2,1.0,0.98,2,1,0.7874720357941835,0.7875059913724237,0.7956785443517816,87.14106856592767,143.864474768996,1108.1734834162019,275402.5258703144,270290.8537100602,4504.847561834336,15.472223763684811,5010.981354253285,13.191054073240954,71.18172924769918,496.0,0.6915294289086981,27.151657641574808,0.0,0.0275574467386555,0.0,0.0,0.010289351851851852,8,30,24,moderate_d25_source_travel_aware_hybrid,moderate,25,source,travel_aware_hybrid,2
10389,10387,7293,8735,8733,6190,124,10263,2,2,1358.797558763444,514.3492140117852,508799.5958428245,800052.2665981078,1336586.3170858622,27734.454644941987,15208,365698.50457685045,18,0.0,1931.6853703500162,53.33436624809188,0,0,104,0.0,728.0,352,722.3492140117847,8762.940225109085,22694.536169252155,224802.8550685796,526.2210141954355,0,0,0,20261123,078715592cd35984,travel_aware_hybrid,2,1.0,0.98,2,2,0.7021276595744681,0.702185003368948,0.7088723526044648,77.02438303630575,128.6787635588584,844.4483447516587,424014.0089509709,419413.33822504396,6990.222303750733,12.03915356686308,3746.7142511429934,8.770350236590591,64.47311411719362,496.0,0.5250739147054537,24.04645611368033,0.0,0.022357469564236298,0.0,0.0,0.008425925925925925,8,30,24,moderate_d25_source_travel_aware_hybrid,moderate,25,source,travel_aware_hybrid,3
10405,10400,7338,8736,8732,6210,114,10286,2,2,1301.2447928650577,462.5430041349491,507321.08824887837,831285.317722971,1366514.011012856,27907.60504100925,15280,362927.43552128476,15,0.0,1610.0113273696015,49.841814450728485,0,0,89,0.0,623.0,317,640.5430041349485,8306.628276912083,23822.547946562587,225248.3050371192,492.58116322418834,0,0,0,20261124,078715592cd35984,travel_aware_hybrid,2,1.0,0.98,5,4,0.7055769230769231,0.7057184046131667,0.7113095238095238,79.93128055028566,131.39557798200536,838.7017887301085,422265.4246172543,417543.91980112507,6959.065330018751,10.675716735582476,3754.13841728532,8.209686053736473,75.14999352227946,496.0,0.5270324545057636,23.751795518408688,0.0,0.018634390363074092,0.0,0.0,0.007210648148148148,8,30,24,moderate_d25_source_travel_aware_hybrid,moderate,25,source,travel_aware_hybrid,4
11041,11039,8005,9270,9268,6814,134,10905,4,4,1476.9696855330365,579.8957709330749,557170.883747647,807273.56743041,1393289.3059657544,28844.854787712295,16270,405951.6995229451,19,0.0,2044.4234894540925,60.9214737488267,0,0,110,0.0,770.0,378,799.895770933074,10318.136915264178,24195.010309558755,248262.71648182475,708.630837387478,0,0,0,20261125,078715592cd35984,travel_aware_hybrid,2,1.0,0.98,2,2,0.7251562641543619,0.7252060501766144,0.7352750809061489,73.12922976994383,126.21517401628358,897.0739145999615,375576.28354518674,370859.0541339178,6180.984235565296,13.3315961822179,4137.711941363746,11.810513956457966,64.00796378190147,496.0,0.5793276393983123,24.950934205466815,0.0,0.023662308905718663,0.0,0.0,0.008912037037037038,8,30,24,moderate_d25_source_travel_aware_hybrid,moderate,25,source,travel_aware_hybrid,5
11828,11827,9234,10005,10004,7874,149,11678,5,5,1670.659682975376,647.2174701818783,626793.9125235557,1144094.404719927,1806597.2921233317,35708.9748798626,17536,464807.48388574686,21,0.0,2305.320469938071,66.83786095451156,0,0,127,0.0,889.0,425,901.217470181876,11562.556582615765,30050.431624250632,281692.94708033314,758.3016620637018,0,0,0,20261126,078715592cd35984,travel_aware_hybrid,2,1.0,0.98,1,1,0.7807558975226178,0.7807744335475144,0.7871064467766117,96.73580829626508,152.75194826442308,1023.4422127934977,315826.7625934602,311417.7706907099,5190.296178178498,15.020291169697934,4694.882451338885,12.638361034395029,70.70689793941325,496.0,0.6462513859840275,26.505901225236478,0.0,0.026681949883542486,0.0,0.0,0.010289351851851852,8,30,24,moderate_d25_source_travel_aware_hybrid,moderate,25,source,travel_aware_hybrid,6
11430,11426,8452,9643,9641,7199,139,11287,4,4,1645.7588985066068,641.7839648275614,570054.7825354084,994223.8510480281,1596965.6414730789,32687.007889648703,16810,411606.8633472473,21,0.0,2207.3082680002253,62.261654702193375,0,0,110,0.0,770.0,388,861.7839648275595,9864.098986568584,27515.294321907142,253657.00903306878,619.7950359541926,0,0,0,20261127,078715592cd35984,travel_aware_hybrid,2,1.0,0.98,4,2,0.7397164361981445,0.7398075240594926,0.7467593072695219,87.01416515386208,139.76594096561166,1003.9749336790454,365921.52814757865,360938.39403080277,6015.63990051338,14.363066080459326,4227.616817217813,10.32991726590321,70.9157070152246,496.0,0.5901416575407945,24.48583363160305,0.0,0.025547549398150755,0.0,0.0,0.008912037037037038,8,30,24,moderate_d25_source_travel_aware_hybrid,moderate,25,source,travel_aware_hybrid,7
11393,11392,8478,9621,9621,7241,133,11259,3,3,1452.523427900939,609.8566893675725,570344.0630252658,1001041.477556606,1603189.0493922993,31803.508810436626,16692,413707.97454856185,18,0.0,1926.8552093703877,57.66645945363822,0,0,113,0.0,791.0,379,835.8566893675703,10065.56941376019,26938.585873993332,253896.4003634218,619.979720427258,0,0,0,20261128,078715592cd35984,travel_aware_hybrid,2,1.0,0.98,1,0,0.7442064606741573,0.7442289124901255,0.7526244673110903,87.87232071248297,140.72937582446448,842.6667385333665,364558.88103095844,359449.83220063266,5990.830536677211,13.930944822792839,4231.606672723697,10.3329953404543,71.07806299206683,496.0,0.591667919992206,24.784805568449666,0.0,0.022301564923268374,0.0,0.0,0.009155092592592593,8,30,24,moderate_d25_source_travel_aware_hybrid,moderate,25,source,travel_aware_hybrid,8
11998,11997,9385,10141,10140,7987,151,11846,4,4,1703.6866748116224,670.5727073522195,632316.5003463611,1151269.8417720573,1819553.178585508,35966.836467094094,17785,467241.36688386335,21,0.0,2220.8082002697593,67.30890133377832,0,0,124,0.0,868.0,426,918.5727073522173,11397.230476893224,29839.75957217738,282195.18382548686,742.383120618878,0,0,0,20261129,078715592cd35984,travel_aware_hybrid,2,1.0,0.98,1,1,0.7822789030590981,0.7822970495082514,0.7876935213489794,95.96314426707154,151.6673483858888,1033.1139674594028,308385.1500801196,303425.214314773,5057.086905246217,15.309545122536955,4703.253063758114,12.373052010314634,70.04638397224737,496.0,0.6545865254478946,26.271654027768534,0.0,0.025703798614233324,0.0,0.0,0.010046296296296296,8,30,24,moderate_d25_source_travel_aware_hybrid,moderate,25,source,travel_aware_hybrid,9
10742,10741,7743,9026,9025,6533,121,10620,1,1,1366.014594214931,485.88327915632647,535131.4744998832,955847.5014988862,1521131.9291942688,30152.953195506336,15885,386046.85322410765,17,0.0,1839.3467656234347,54.15862419778035,0,0,94,0.0,658.0,336,673.8832791563261,9436.821405679282,25646.554793816704,237796.85550633093,554.2634729818511,0,0,0,20261130,078715592cd35984,travel_aware_hybrid,2,1.0,0.98,1,1,0.7208825993855321,0.7209085831316329,0.7239087081763793,88.99055036764604,141.6192094957889,880.1313150586046,400999.92797370476,396464.92532316304,6607.748755386051,11.231387985938769,3963.2809251055155,9.23772454969752,76.32903212445447,496.0,0.5508513351549006,24.302603287636614,0.0,0.021288735713234197,0.0,0.0,0.007615740740740741,8,30,24,moderate_d25_source_travel_aware_hybrid,moderate,25,source,travel_aware_hybrid,10
9340,9334,6098,7811,7807,5137,94,9240,2,2,971.0939585838569,405.6032621465027,431681.7240135663,703416.1670589803,1156685.4357856796,21587.544713142408,13716,301583.5653055279,13,0.0,1376.867631902879,39.341441638726224,0,0,82,0.0,574.0,270,569.6032621465029,7666.389541046269,18032.14534939079,190027.5569525572,453.3692928023052,0,0,0,20261131,078715592cd35984,travel_aware_hybrid,2,1.0,0.98,6,4,0.6533104778230127,0.6535331905781585,0.6581743694789399,75.3606349966767,123.92173085340471,565.4906964373542,492881.3796315602,488354.0848807168,8139.234748011947,9.493387702441714,3167.125949209287,7.55615488003842,66.78572351626218,496.0,0.4479375228141127,21.987719838548255,0.0,0.015935967961838878,0.0,0.0,0.006643518518518518,8,30,24,moderate_d25_source_travel_aware_hybrid,moderate,25,source,travel_aware_hybrid,11
10130,10130,6921,8463,8463,5861,109,10021,1,1,1167.6786333316365,453.9149063525381,485590.3913668757,765574.3228327088,1277684.1542592237,26519.440059649125,14874,344252.19975932327,15,0.0,1605.2048008990578,46.00528973847973,0,0,87,0.0,609.0,305,627.9149063525381,7992.781223970727,22127.994529143405,212601.73974670228,522.8056489652753,0,0,0,20261132,078715592cd35984,travel_aware_hybrid,2,1.0,0.98,0,0,0.683218163869694,0.683218163869694,0.6925440151246602,75.57495783146187,126.12874178274667,713.7637269790985,444179.9649007157,439149.69568429055,7319.161594738176,10.465248439208969,3543.3623291117046,8.713427482754588,72.55080173489641,496.0,0.5024865984534994,23.1445609627083,0.0,0.01857875926966502,0.0,0.0,0.007048611111111111,8,30,24,moderate_d25_source_travel_aware_hybrid,moderate,25,source,travel_aware_hybrid,12
9975,9974,6755,8353,8352,5736,113,9861,3,3,1260.4947737657965,473.7979826931604,465496.19069083274,766957.8390444427,1258400.2281532527,25946.198417987544,14662,326410.4173784733,16,0.0,1717.3484830437314,50.27033925503385,0,0,82,0.0,574.0,308,637.7979826931601,7578.4021998714215,21120.10205057236,204817.9748804874,542.4841238717257,0,0,0,20261133,078715592cd35984,travel_aware_hybrid,2,1.0,0.98,1,1,0.6772608782835372,0.6772932330827067,0.6868191069076979,76.89571275761408,126.16805977072917,786.6967910726361,458263.88888196106,453635.011289635,7560.583521493916,10.629966378219335,3413.63291467479,9.041402064528762,68.57175990445572,496.0,0.48671159399421926,22.2623392019147,0.0,0.01987671855374689,0.0,0.0,0.006643518518518518,8,30,24,moderate_d25_source_travel_aware_hybrid,moderate,25,source,travel_aware_hybrid,13
11917,11914,9181,10055,10052,7823,150,11764,1,1,1647.0178925192938,623.1175057394587,623893.782881658,1019119.5284804238,1677749.0496373868,34735.7382753143,17546,461155.1491541869,20,0.0,2187.37813927544,65.99766474591387,0,0,117,0.0,819.0,417,857.1175057394573,11152.107507484367,29111.797578673562,279120.5648693751,724.7076048049308,0,0,0,20261134,078715592cd35984,travel_aware_hybrid,2,1.0,0.98,3,3,0.7706060097364446,0.7706637576571285,0.7783192441571357,85.5396616149424,140.82164257490237,1023.9003867798351,315753.45528803096,310753.475468509,5179.224591141817,14.285291762324288,4652.009414489585,12.07846008008218,69.8124642174426,496.0,0.6463334954211123,26.282637020072205,0.0,0.025316876611984257,0.0,0.0,0.009479166666666667,8,30,24,moderate_d25_source_travel_aware_hybrid,moderate,25,source,travel_aware_hybrid,14
10733,10730,7588,8993,8990,6434,116,10614,2,2,1259.858930327516,490.50177221837816,530779.9534614194,752760.2828635332,1310509.667874164,26969.431549223205,15658,382707.4214556019,16,0.0,1737.019613262539,50.80651463239605,0,0,97,0.0,679.0,329,684.5017722183775,9077.606402939227,22065.658629862308,235921.70997376143,552.9172598422401,0,0,0,20261135,078715592cd35984,travel_aware_hybrid,2,1.0,0.98,3,3,0.7071761416589003,0.7072579893785521,0.7157789391749139,70.15473279250077,122.13510418212152,769.3571581091378,403378.7192918267,398014.3376344543,6633.572293907572,11.408362870306291,3932.0284995626907,9.215287664037335,67.06887121538695,496.0,0.5481869183559289,24.441654199489204,0.0,0.02010439367202013,0.0,0.0,0.007858796296296296,8,30,24,moderate_d25_source_travel_aware_hybrid,moderate,25,source,travel_aware_hybrid,15
10624,10623,7650,9011,9011,6519,116,10507,5,5,1246.7435626781078,508.33643134900825,515744.33560076216,971784.3448170057,1515727.4914366724,28198.81101891483,15736,367945.3648054211,15,0.0,1630.8587339963954,51.33499170296554,0,0,100,0.0,700.0,332,708.3364313490077,8551.796285600294,23807.47118546874,227489.62305776103,595.3377945363618,0,0,0,20261136,078715592cd35984,travel_aware_hybrid,2,1.0,0.98,1,0,0.7201355549279864,0.7201618975903614,0.7234491177449783,91.47927561112733,142.68356315886965,738.4071313290995,416315.4126578308,411841.0063066411,6864.016771777352,11.805607189150129,3791.4937176293506,9.92229657560603,71.70925055864079,496.0,0.5336968944244727,23.382394814782735,0.0,0.018875679791624946,0.0,0.0,0.008101851851851851,8,30,24,moderate_d25_source_travel_aware_hybrid,moderate,25,source,travel_aware_hybrid,16
11146,11145,8175,9396,9395,6912,138,11007,3,3,1562.2460263798398,587.0452759307248,551228.5970486312,1036998.8544326707,1619837.9126080142,31610.46112671709,16448,397008.429004812,21,0.0,2275.14534780082,63.490226359713915,0,0,109,0.0,763.0,385,805.0452759307234,9469.820737065706,25721.82185314173,245150.4491974795,727.4665443317847,0,0,0,20261137,078715592cd35984,travel_aware_hybrid,2,1.0,0.98,1,1,0.7335127860026918,0.7335366947783959,0.7357386121753938,93.04610627480223,145.34211867276932,975.200750449115,383417.7004218521,378171.18091869436,6302.853015311573,13.417421265512056,4085.8408199579917,12.124442405529745,66.80992689127721,496.0,0.5705446903877105,24.13718561556493,0.0,0.026332700784731714,0.0,0.0,0.00883101851851852,8,30,24,moderate_d25_source_travel_aware_hybrid,moderate,25,source,travel_aware_hybrid,17
11582,11582,8858,9757,9757,7539,145,11437,0,0,1627.2429244909356,580.9451951807969,614297.7835285041,931541.2094664117,1579926.6707591673,34087.6777642633,17100,455964.09511438024,20,0.0,2147.3327458299404,64.17640548329004,0,0,119,0.0,833.0,409,818.9451951807958,11732.112849212703,28572.630183988447,276089.748865019,695.637595128531,0,0,0,20261138,078715592cd35984,travel_aware_hybrid,2,1.0,0.98,0,0,0.7648074598514937,0.7648074598514937,0.7726760274674592,80.4300819777596,136.41224924530886,1046.2977293101387,325872.5170091239,321010.3931863018,5350.1732197716965,13.649086586346597,4601.495814416983,11.59395991880885,69.85973150119425,496.0,0.6349994209127197,26.66456696575323,0.0,0.024853388261920607,0.0,0.0,0.009641203703703704,8,30,24,moderate_d25_source_travel_aware_hybrid,moderate,25,source,travel_aware_hybrid,18
10459,10458,7386,8766,8765,6285,121,10337,3,3,1318.8361608030098,518.8681046002445,514182.15432119,861538.7224814907,1403779.8766805057,28058.99987783855,15402,369319.0611981244,16,0.0,1690.4550164656832,52.689465735162706,0,0,91,0.0,637.0,333,700.8681046002437,8436.635599312027,23353.947304942158,227029.90237669082,585.0345035982341,0,0,0,20261139,078715592cd35984,travel_aware_hybrid,2,1.0,0.98,1,1,0.7062535857716581,0.706281671287886,0.7170887519963496,82.38083022389469,134.230242558855,799.9680562027653,419918.05142058886,415419.28479072254,6923.654746512042,11.681135076670728,3783.8317062781803,9.750575059970569,70.1319738887152,496.0,0.5296616807565089,23.97864311116247,0.0,0.019565451579463926,0.0,0.0,0.007372685185185185,8,30,24,moderate_d25_source_travel_aware_hybrid,moderate,25,source,travel_aware_hybrid,19
11676,11676,8731,9844,9844,7400,152,11524,5,5,1681.08460572006,668.5828988482576,602609.5395415409,905095.0726608397,1540668.6515574646,32964.03935509671,17147,444606.8325438693,21,0.0,2293.774132358086,68.56833610140612,0,0,121,0.0,847.0,425,910.5828988482558,11684.799162846364,27084.20081307583,269013.1154620488,763.1276464403015,0,0,0,20261140,078715592cd35984,travel_aware_hybrid,2,1.0,0.98,0,0,0.7477732100034258,0.7477732100034258,0.7517269402681837,77.5175636057588,131.95175158936834,1012.5017068718023,336872.9453298669,331792.54454294563,5529.875742382427,15.17638164747093,4483.55192436748,12.71879410733836,63.7275313248843,496.0,0.6226781526323175,25.92913235807251,0.0,0.026548311717107476,0.0,0.0,0.00980324074074074,8,30,24,moderate_d25_source_travel_aware_hybrid,moderate,25,source,travel_aware_hybrid,20
10787,10785,7641,9060,9058,6494,130,10655,2,2,1377.7443986117619,565.6864044130452,521884.4494649095,900074.5333338021,1451664.4955429342,29705.512744232678,15784,373479.518094799,17,0.0,1861.2690153388644,53.799260191293094,0,0,99,0.0,693.0,359,763.6864044130441,8713.67179779844,24663.237372430187,231784.13506309915,566.4424777696128,0,0,0,20261141,078715592cd35984,travel_aware_hybrid,2,1.0,0.98,2,2,0.7084840055632823,0.7085380550662835,0.7169977924944813,83.45614588166919,134.6003241115377,812.0579941987166,409377.49173337914,404407.45770098886,6740.124295016481,12.728106740217402,3863.068917718319,9.44070796282688,68.6998255499448,496.0,0.5414678632018604,23.66190560661423,0.0,0.02154246545531093,0.0,0.0,0.008020833333333333,8,30,24,moderate_d25_source_travel_aware_hybrid,moderate,25,source,travel_aware_hybrid,21
11445,11445,8631,9600,9600,7297,132,11313,2,2,1419.2956197048748,544.5751339689018,587838.1262653744,1136404.3372793407,1759377.3346700168,35134.87112531822,16989,428222.4995594333,19,0.0,2043.1911907203917,58.75322266988354,0,0,101,0.0,707.0,365,746.5751339689012,9447.007772965067,29349.967321175554,259273.03295738754,711.494017855781,0,0,0,20261142,078715592cd35984,travel_aware_hybrid,2,1.0,0.98,0,0,0.7541284403669725,0.7541284403669725,0.7601041666666667,99.29264633283886,153.7245377605956,874.7204857359729,353830.15815048857,349414.80143449974,5823.580023908329,12.442918899481688,4321.217215956459,11.858233630929682,80.41086937308371,496.0,0.6036848587024097,25.20586847721663,0.0,0.02364804618889342,0.0,0.0,0.00818287037037037,8,30,24,moderate_d25_source_travel_aware_hybrid,moderate,25,source,travel_aware_hybrid,22
10468,10467,7266,8859,8859,6207,123,10344,2,2,1424.9443293624734,506.1737065233632,502420.6629590135,803856.2995522986,1334208.9380784233,27931.975567117483,15361,358199.03000004415,16,0.0,1721.2661240733462,53.68663821860485,0,0,96,0.0,672.0,342,698.1737065233627,8945.007492575996,23296.616928658626,222393.27893910365,503.76698279662673,0,0,0,20261143,078715592cd35984,travel_aware_hybrid,2,1.0,0.98,1,0,0.6941817139581542,0.6942109285441345,0.7006434134778192,76.79911145049189,127.46813204150409,918.7706228391102,427268.61084926495,422146.7074561456,7035.778457602427,11.636228442056046,3706.554648985061,8.396116379943779,68.11876294929424,496.0,0.5214285272745689,23.318731202398553,0.0,0.019922061621219286,0.0,0.0,0.0077777777777777776,8,30,24,moderate_d25_source_travel_aware_hybrid,moderate,25,source,travel_aware_hybrid,23
11959,11957,9268,10031,10029,7873,142,11815,2,2,1572.298573150693,597.6292713939438,638313.4297028125,1093484.9586921677,1768253.4252053315,36455.036810364756,17591,475173.71307614143,19,0.0,2096.3133904862275,63.39752653846804,0,0,109,0.0,763.0,393,815.629271393942,10903.464787493522,30447.601643627422,284858.31552321307,724.9544043277749,0,0,0,20261144,078715592cd35984,travel_aware_hybrid,2,1.0,0.98,2,2,0.7751108137492682,0.7751484237812526,0.78506629448709,91.45144757816908,147.88437109687476,974.6693017567493,306338.1007365998,301516.3703341474,5025.272838902457,13.593821189899034,4747.638592053551,12.082573405462915,77.47481334256342,496.0,0.6568793674545252,27.01231954272875,0.0,0.024262886463960968,0.0,0.0,0.00883101851851852,8,30,24,moderate_d25_source_travel_aware_hybrid,moderate,25,source,travel_aware_hybrid,24
10658,10657,7808,8952,8951,6600,124,10533,1,1,1349.4799311647062,492.69941562190485,530716.3216488106,1078301.5337500514,1639294.1227814518,30276.267382604266,15938,381846.26106006134,17,0.0,1811.2821555037158,52.93371186811419,0,0,104,0.0,728.0,352,700.6994156219046,9282.411988185497,26217.880734641192,236209.0463220929,578.2293663303208,0,0,0,20261145,078715592cd35984,travel_aware_hybrid,2,1.0,0.98,1,1,0.7326639767289106,0.7326890598611372,0.7373771224307417,101.18246539833456,153.8232263096042,856.7805155428014,405051.0581286845,400993.86270138813,6683.231045023135,11.67832359369841,3936.8174387015483,9.637156105505346,74.48261572341248,496.0,0.5463137789777279,23.958229455393482,0.0,0.020963913836848563,0.0,0.0,0.008425925925925925,8,30,24,moderate_d25_source_travel_aware_hybrid,moderate,25,source,travel_aware_hybrid,25
11411,11410,8644,9622,9621,7360,135,11275,3,3,1484.6432798764279,578.7183013433964,583928.3007342773,1123655.153623988,1741809.2352578498,34225.78089958647,16840,425612.211845051,18,0.0,1982.295671352827,59.994147719275816,0,0,107,0.0,749.0,377,792.7183013433953,9953.826226702982,29139.680244218085,261160.39206851213,684.9662330143768,0,0,0,20261146,078715592cd35984,travel_aware_hybrid,2,1.0,0.98,1,1,0.757581069237511,0.7576023135570941,0.765017667844523,98.47985570762383,152.6563746939395,905.9249785330314,354934.6334745262,350484.1980487958,5841.403300813264,13.211971689056588,4352.673201141869,11.416103883572948,77.2935815496501,496.0,0.6024477671656292,25.273884313839133,0.0,0.022943236936954017,0.0,0.0,0.00866898148148148,8,30,24,moderate_d25_source_travel_aware_hybrid,moderate,25,source,travel_aware_hybrid,26
11731,11728,9008,9831,9828,7626,149,11579,3,3,1661.8938131812897,617.352189648164,612487.3760083978,1039625.243978504,1686993.6958410852,34881.07585418993,17207,451991.1573303059,22,0.0,2389.7489060983808,68.37727926307713,0,0,124,0.0,868.0,422,865.3521896481625,10958.018836981946,28286.46763160458,273156.13151926134,857.2732439957168,0,0,0,20261147,078715592cd35984,travel_aware_hybrid,2,1.0,0.98,3,3,0.7680763983628922,0.7681357088057285,0.7760146475434849,88.64471725601159,143.84325510241177,1044.5416235331259,325577.75754484907,320915.0674085756,5348.584456809594,14.422536494136041,4552.602191987689,14.287887399928614,67.02954415072176,496.0,0.6353295726424182,26.267865248463178,0.0,0.02765913085762015,0.0,0.0,0.010046296296296296,8,30,24,moderate_d25_source_travel_aware_hybrid,moderate,25,source,travel_aware_hybrid,27
11047,11044,8333,9294,9292,7033,140,10904,1,1,1566.597393596916,570.0643198798663,572386.6811031479,992200.842235813,1596293.9141095288,31706.39077058058,16270,420752.91926629335,19,0.0,2091.81785684498,63.777754820632815,0,0,118,0.0,826.0,398,806.0643198798648,10135.391628895786,26236.5142991375,255756.86854736312,718.0347604622075,0,0,0,20261148,078715592cd35984,travel_aware_hybrid,2,1.0,0.98,3,2,0.7545273451647954,0.7545940074228298,0.7569399612653325,89.84071371204392,144.53947067272082,996.5330737170497,365201.5314804517,360960.6895192638,6016.01149198773,13.43440533133108,4262.614475789385,11.967246007703459,65.92089019883794,496.0,0.590948105420641,25.86065883628109,0.0,0.024210854824594674,0.0,0.0,0.009560185185185185,8,30,24,moderate_d25_source_travel_aware_hybrid,moderate,25,source,travel_aware_hybrid,28
10180,10180,7154,8580,8580,6078,117,10063,1,1,1189.1075368147924,468.24130564196815,494461.02911519737,878377.0982191571,1400561.9330176832,27723.805683353967,15045,352521.12726335844,16,0.0,1718.3504860637443,48.341877842245204,0,0,92,0.0,644.0,326,652.2413056419682,8049.824225079101,23313.273580836532,216794.27418990084,557.6398343080375,0,0,0,20261149,078715592cd35984,travel_aware_hybrid,2,1.0,0.98,0,0,0.7027504911591356,0.7027504911591356,0.7083916083916084,86.28458725139068,137.57975766381958,720.8662311728242,437632.3312407312,432815.00577588973,7213.583429598162,10.870688427366137,3613.237903165014,9.293997238467291,71.51310914367035,496.0,0.5098204175171022,23.431115138807474,0.0,0.019888315810922964,0.0,0.0,0.007453703703703704,8,30,24,moderate_d25_source_travel_aware_hybrid,moderate,25,source,travel_aware_hybrid,29
10920,10918,7453,4402,4401,3184,0,10918,0,0,0.0,0.0,560340.307389778,942723.9059953823,1503064.2133851466,0.0,15836,387950.5829074686,0,0.0,0.0,0.0,0,0,0,0.0,0.0,0,0.0,0.0,0.0,236583.97944267077,0.0,0,0,0,20261120,0d69f43e4242c93a,human_only,0,1.0,0.98,2,1,0.6826341820846309,0.6826923076923077,0.7235347569286688,86.3458422783827,137.66845698709898,0.0,381275.43641512014,376603.063393882,6276.717723231367,0.0,3943.066324044513,0.0,0.0,496.0,0.5729441796425625,24.498016096708046,0.0,0.0,0.0,0.0,0.0,8,30,24,moderate_d25_balanced_human_only,moderate,25,balanced,human_only,0
10819,10819,7042,4312,4312,3006,0,10819,0,0,0.0,0.0,543613.9958580992,913131.3293497667,1456745.3252078556,0.0,15780,372238.3948285949,0,0.0,0.0,0.0,0,0,0,0.0,0.0,0,0.0,0.0,0.0,230019.1541722693,0.0,0,0,0,20261121,0d69f43e4242c93a,human_only,0,1.0,0.98,0,0,0.6508919493483686,0.6508919493483686,0.6971243042671614,84.40071442367748,134.64694751898102,0.0,400977.7620999166,396024.2780736393,6600.404634560656,0.0,3833.652569537822,0.0,0.0,496.0,0.5508761625224949,23.589251890278508,0.0,0.0,0.0,0.0,0.0,8,30,24,moderate_d25_balanced_human_only,moderate,25,balanced,human_only,1
12518,12517,9085,4892,4891,3698,0,12517,0,0,0.0,0.0,683217.6766300215,1055790.0701780694,1739007.7468080807,0.0,18220,483953.5156698342,0,0.0,0.0,0.0,0,0,0,0.0,0.0,0,0.0,0.0,0.0,290922.953035916,0.0,0,0,0,20261122,0d69f43e4242c93a,human_only,0,1.0,0.98,1,1,0.7258128944635296,0.7258347978910369,0.7561324611610794,84.34849166558037,138.9316726698155,0.0,275981.7248476986,270877.4157796707,4514.623596327845,0.0,4848.715883931934,0.0,0.0,496.0,0.6908806845343878,26.56166386771867,0.0,0.0,0.0,0.0,0.0,8,30,24,moderate_d25_balanced_human_only,moderate,25,balanced,human_only,2
10389,10387,6716,4215,4214,2872,0,10387,0,0,0.0,0.0,514309.6001377534,790013.0759652765,1304322.6761030213,0.0,15036,350736.56251339545,0,0.0,0.0,0.0,0,0,0,0.0,0.0,0,0.0,0.0,0.0,216759.44797875357,0.0,0,0,0,20261123,0d69f43e4242c93a,human_only,0,1.0,0.98,2,1,0.646577452584962,0.6466454904225624,0.6816132858837485,76.05786810101824,125.57260769259857,0.0,424776.7493192832,420364.71446664556,7006.078574444093,0.0,3612.6574663125593,0.0,0.0,496.0,0.524219590816215,23.32645401126599,0.0,0.0,0.0,0.0,0.0,8,30,24,moderate_d25_balanced_human_only,moderate,25,balanced,human_only,3
10405,10401,6772,4163,4162,2905,0,10401,0,0,0.0,0.0,518045.5170463122,865384.8377203334,1383430.3547666373,0.0,15132,353729.9707000803,0,0.0,0.0,0.0,0,0,0,0.0,0.0,0,0.0,0.0,0.0,218958.12641865938,0.0,0,0,0,20261124,0d69f43e4242c93a,human_only,0,1.0,0.98,4,1,0.6510912412268051,0.6512253724171072,0.6980542877732404,83.2020803499984,133.0093601352406,0.0,421653.10289924295,417279.7485414596,6954.662475690993,0.0,3649.3021069776564,0.0,0.0,496.0,0.5277182987239663,23.376286723505174,0.0,0.0,0.0,0.0,0.0,8,30,24,moderate_d25_balanced_human_only,moderate,25,balanced,human_only,4
11041,11039,7337,4345,4343,3047,0,11039,0,0,0.0,0.0,568126.1420465369,794868.5860970863,1362994.728143615,0.0,15985,394185.35896953265,0,0.0,0.0,0.0,0,0,0,0.0,0.0,0,0.0,0.0,0.0,239153.7506467631,0.0,0,0,0,20261125,0d69f43e4242c93a,human_only,0,1.0,0.98,2,2,0.664643536552224,0.6647042840322435,0.7017261219792865,72.0054883682477,123.47085135824032,0.0,376676.1609703577,372094.22343026596,6201.570390504433,0.0,3985.8958441127184,0.0,0.0,496.0,0.578095697837861,24.65970340754036,0.0,0.0,0.0,0.0,0.0,8,30,24,moderate_d25_balanced_human_only,moderate,25,balanced,human_only,5
11828,11828,8600,4715,4715,3526,0,11828,0,0,0.0,0.0,636980.533988181,1135248.3427884998,1772228.8767766752,0.0,17339,449350.9649941899,0,0.0,0.0,0.0,0,0,0,0.0,0.0,0,0.0,0.0,0.0,271880.4151174399,0.0,0,0,0,20261126,0d69f43e4242c93a,human_only,0,1.0,0.98,0,0,0.7270882651335814,0.7270882651335814,0.7478260869565218,95.97973814579808,149.83335109711493,0.0,317659.5496912628,313438.1628897181,5223.969381495302,0.0,4531.340251957331,0.0,0.0,496.0,0.644198533051901,25.915621719487277,0.0,0.0,0.0,0.0,0.0,8,30,24,moderate_d25_balanced_human_only,moderate,25,balanced,human_only,6
11430,11427,7798,4570,4567,3312,0,11427,0,0,0.0,0.0,583264.0666477178,981706.4475432109,1564970.5141909216,0.0,16572,402275.5118391407,0,0.0,0.0,0.0,0,0,0,0.0,0.0,0,0.0,0.0,0.0,246467.11269964313,0.0,0,0,0,20261127,0d69f43e4242c93a,human_only,0,1.0,0.98,3,3,0.6824188325894811,0.6825021872265967,0.725382932166302,85.91112693998521,136.95375113248636,0.0,364908.6486953384,360317.25517028227,6005.287586171371,0.0,4107.785211660719,0.0,0.0,496.0,0.5912761551351496,24.27440935548761,0.0,0.0,0.0,0.0,0.0,8,30,24,moderate_d25_balanced_human_only,moderate,25,balanced,human_only,7
11393,11393,7740,4407,4407,3145,0,11393,0,0,0.0,0.0,587194.4712349719,992600.7723680844,1579795.2436030426,0.0,16498,407211.5181546853,0,0.0,0.0,0.0,0,0,0,0.0,0.0,0,0.0,0.0,0.0,248483.04211037146,0.0,0,0,0,20261128,0d69f43e4242c93a,human_only,0,1.0,0.98,0,0,0.6793645220749583,0.6793645220749583,0.7136373950533242,87.12374022365351,138.66367450215418,0.0,361838.4785425723,357048.877271062,5950.814621184367,0.0,4141.384035172858,0.0,0.0,496.0,0.5947149657901296,24.682477764255385,0.0,0.0,0.0,0.0,0.0,8,30,24,moderate_d25_balanced_human_only,moderate,25,balanced,human_only,8
11998,11996,8685,4782,4781,3613,0,11996,0,0,0.0,0.0,642665.0493456495,1161466.915076935,1804131.9644225754,0.0,17569,451685.7645954121,0,0.0,0.0,0.0,0,0,0,0.0,0.0,0,0.0,0.0,0.0,273847.8993071805,0.0,0,0,0,20261129,0d69f43e4242c93a,human_only,0,1.0,0.98,2,1,0.7239913304434812,0.7240373395565928,0.7557507319113341,96.82118331751708,150.39446185583324,0.0,309673.5264392757,304686.40552745777,5078.106758790963,0.0,4564.131655119675,0.0,0.0,496.0,0.6531434515689116,25.70924723065696,0.0,0.0,0.0,0.0,0.0,8,30,24,moderate_d25_balanced_human_only,moderate,25,balanced,human_only,9
10742,10741,7176,4260,4260,2963,0,10741,0,0,0.0,0.0,545340.7824958371,954865.8411585914,1500206.6236544277,0.0,15730,374454.07367981074,0,0.0,0.0,0.0,0,0,0,0.0,0.0,0,0.0,0.0,0.0,230863.76629909204,0.0,0,0,0,20261130,0d69f43e4242c93a,human_only,0,1.0,0.98,1,0,0.6680942184154176,0.6681251163656675,0.6955399061032864,88.89915661098514,139.67103841862283,0.0,400353.7261885384,396011.24784778204,6600.187464129701,0.0,3847.7294383182007,0.0,0.0,496.0,0.5515751274769956,23.80509050729884,0.0,0.0,0.0,0.0,0.0,8,30,24,moderate_d25_balanced_human_only,moderate,25,balanced,human_only,10
9340,9334,5577,3731,3728,2415,0,9334,0,0,0.0,0.0,438709.04067980254,700221.141682084,1138930.182361873,0.0,13615,290501.4899166242,0,0.0,0.0,0.0,0,0,0,0.0,0.0,0,0.0,0.0,0.0,184226.72349226061,0.0,0,0,0,20261131,0d69f43e4242c93a,human_only,0,1.0,0.98,6,3,0.5974930362116991,0.5977516059957173,0.6480836236933798,75.01833529913048,122.01951814461893,0.0,492241.2872996501,488060.1370744447,8134.335617907412,0.0,3070.445391537677,0.0,0.0,496.0,0.44865447211060694,21.336870357445775,0.0,0.0,0.0,0.0,0.0,8,30,24,moderate_d25_balanced_human_only,moderate,25,balanced,human_only,11
10130,10129,6370,4100,4099,2730,0,10129,0,0,0.0,0.0,499673.23694297444,787390.1206374137,1287063.3575803791,0.0,14847,339236.68439378694,0,0.0,0.0,0.0,0,0,0,0.0,0.0,0,0.0,0.0,0.0,210375.9427311009,0.0,0,0,0,20261132,0d69f43e4242c93a,human_only,0,1.0,0.98,1,1,0.6288873531444368,0.628923988153998,0.6660975609756098,77.73621489163922,127.06716927439818,0.0,441417.0879586676,436513.5659599367,7275.226099332279,0.0,3506.2657121850148,0.0,0.0,496.0,0.5055812186842881,22.848837097985246,0.0,0.0,0.0,0.0,0.0,8,30,24,moderate_d25_balanced_human_only,moderate,25,balanced,human_only,12
9975,9974,6132,3996,3996,2587,0,9974,0,0,0.0,0.0,472929.75723908003,753075.7147349374,1226005.4719740083,0.0,14476,315270.2813043654,0,0.0,0.0,0.0,0,0,0,0.0,0.0,0,0.0,0.0,0.0,197429.7788996188,0.0,0,0,0,20261133,0d69f43e4242c93a,human_only,0,1.0,0.98,1,0,0.614798476037698,0.6148370927318296,0.6473973973973974,75.50388156556421,122.9201395602575,0.0,459443.5316515356,454781.7718361715,7579.696197269525,0.0,3290.4963149936466,0.0,0.0,496.0,0.4853903095300901,21.778825732548036,0.0,0.0,0.0,0.0,0.0,8,30,24,moderate_d25_balanced_human_only,moderate,25,balanced,human_only,13
11917,11916,8492,4640,4640,3439,0,11916,0,0,0.0,0.0,633191.1209091196,1010715.7501770931,1643906.8710861953,0.0,17335,445047.1140439794,0,0.0,0.0,0.0,0,0,0,0.0,0.0,0,0.0,0.0,0.0,269921.07437120576,0.0,0,0,0,20261134,0d69f43e4242c93a,human_only,0,1.0,0.98,1,0,0.712655253440752,0.7126793656121507,0.7411637931034483,84.82005288495242,137.9579448712819,0.0,315863.41118188424,311098.95630604605,5184.982605100768,0.0,4498.684572853429,0.0,0.0,496.0,0.6462103369378537,25.673326451916896,0.0,0.0,0.0,0.0,0.0,8,30,24,moderate_d25_balanced_human_only,moderate,25,balanced,human_only,14
10733,10731,6928,4241,4241,2968,0,10731,0,0,0.0,0.0,540413.8106231876,755992.9291839589,1296406.739807137,0.0,15452,370464.5050732665,0,0.0,0.0,0.0,0,0,0,0.0,0.0,0,0.0,0.0,0.0,228242.37147868026,0.0,0,0,0,20261135,0d69f43e4242c93a,human_only,0,1.0,0.98,2,0,0.6456061876805517,0.6456722258455232,0.6998349445885405,70.4494389324349,120.80949956268168,0.0,400353.614987907,395246.1417273367,6587.4356954556115,0.0,3804.039524644671,0.0,0.0,496.0,0.5515752520296741,23.975181534640598,0.0,0.0,0.0,0.0,0.0,8,30,24,moderate_d25_balanced_human_only,moderate,25,balanced,human_only,15
10624,10623,6991,4117,4116,2865,0,10623,0,0,0.0,0.0,525101.9878249775,942688.5874033838,1467790.5752283577,0.0,15543,357184.91273149644,0,0.0,0.0,0.0,0,0,0,0.0,0.0,0,0.0,0.0,0.0,220613.0416101694,0.0,0,0,0,20261136,0d69f43e4242c93a,human_only,0,1.0,0.98,1,1,0.6581003483008566,0.6581325301204819,0.6961379645372844,88.74033581882554,138.17100397518195,0.0,416107.7232689701,411575.07467499544,6859.584577916591,0.0,3676.884026836157,0.0,0.0,496.0,0.5339295214281249,22.980435741587623,0.0,0.0,0.0,0.0,0.0,8,30,24,moderate_d25_balanced_human_only,moderate,25,balanced,human_only,16
11146,11146,7532,4462,4462,3210,0,11146,0,0,0.0,0.0,563782.3001167893,1041149.7059348027,1604932.0060515732,0.0,16221,387171.8723366121,0,0.0,0.0,0.0,0,0,0,0.0,0.0,0,0.0,0.0,0.0,238516.01096083267,0.0,0,0,0,20261137,0d69f43e4242c93a,human_only,0,1.0,0.98,0,0,0.6757581195047551,0.6757581195047551,0.7194083370685791,93.41016561410395,143.99174646075483,0.0,380372.15359326656,375408.97273763973,6256.816212293996,0.0,3975.266849347211,0.0,0.0,496.0,0.5739559211544953,23.868557569608043,0.0,0.0,0.0,0.0,0.0,8,30,24,moderate_d25_balanced_human_only,moderate,25,balanced,human_only,17
11582,11581,8154,4675,4674,3462,0,11581,0,0,0.0,0.0,618653.037908936,925666.9035528128,1544319.941461729,0.0,16883,434731.70640911063,0,0.0,0.0,0.0,0,0,0,0.0,0.0,0,0.0,0.0,0.0,264484.7759800722,0.0,0,0,0,20261138,0d69f43e4242c93a,human_only,0,1.0,0.98,1,1,0.70408427596926,0.704109825591435,0.7407486631016043,79.92979048033959,133.34944663342793,0.0,329470.76661429834,324847.2209901012,5414.1203498350205,0.0,4408.07959966787,0.0,0.0,496.0,0.6309691234158845,25.749671646574107,0.0,0.0,0.0,0.0,0.0,8,30,24,moderate_d25_balanced_human_only,moderate,25,balanced,human_only,18
10459,10458,6830,4179,4179,2859,0,10458,0,0,0.0,0.0,520585.3797342591,844906.3888726735,1365491.7686069314,0.0,15245,355542.27174260956,0,0.0,0.0,0.0,0,0,0,0.0,0.0,0,0.0,0.0,0.0,218671.95268813713,0.0,0,0,0,20261139,0d69f43e4242c93a,human_only,0,1.0,0.98,1,0,0.6530885446548097,0.6531217133569175,0.6841349605168701,80.79043687824378,130.56911155162857,0.0,419431.7980229738,414860.55386449327,6914.342564408221,0.0,3644.5325448022854,0.0,0.0,496.0,0.5302063194187121,23.32189384995799,0.0,0.0,0.0,0.0,0.0,8,30,24,moderate_d25_balanced_human_only,moderate,25,balanced,human_only,19
11676,11676,7999,4600,4600,3341,0,11676,0,0,0.0,0.0,612512.9893419844,881146.3143536972,1493659.3036956724,0.0,16908,428406.80822515587,0,0.0,0.0,0.0,0,0,0,0.0,0.0,0,0.0,0.0,0.0,259183.4349704875,0.0,0,0,0,20261140,0d69f43e4242c93a,human_only,0,1.0,0.98,0,0,0.6850805070229531,0.6850805070229531,0.726304347826087,75.46645378157736,127.9255998369024,0.0,337958.42356743664,333072.1282848363,5551.202138080605,0.0,4319.723916174791,0.0,0.0,496.0,0.6214623391941794,25.337521186725567,0.0,0.0,0.0,0.0,0.0,8,30,24,moderate_d25_balanced_human_only,moderate,25,balanced,human_only,20
10787,10785,7002,4266,4265,2925,0,10785,0,0,0.0,0.0,532946.2650085457,889427.0296785231,1422373.294687051,0.0,15598,363857.17615584494,0,0.0,0.0,0.0,0,0,0,0.0,0.0,0,0.0,0.0,0.0,225667.7995242961,0.0,0,0,0,20261141,0d69f43e4242c93a,human_only,0,1.0,0.98,2,1,0.6492350486787204,0.6493000834337629,0.6858884200656352,82.46889473143469,131.8844037725592,0.0,409596.2109995426,404594.95633393084,6743.24927223218,0.0,3761.129992071602,0.0,0.0,496.0,0.5412228819449567,23.32716862135177,0.0,0.0,0.0,0.0,0.0,8,30,24,moderate_d25_balanced_human_only,moderate,25,balanced,human_only,21
11445,11443,8045,4662,4660,3430,0,11443,0,0,0.0,0.0,595062.5960302367,1135706.1680150053,1730768.7640452287,0.0,16847,412773.00973774213,0,0.0,0.0,0.0,0,0,0,0.0,0.0,0,0.0,0.0,0.0,251617.9277836209,0.0,0,0,0,20261142,0d69f43e4242c93a,human_only,0,1.0,0.98,2,2,0.7030498995018789,0.7031017911751857,0.7361647361647362,99.2489878541471,151.25131207246602,0.0,355062.9193596632,350838.7878589412,5847.313130982353,0.0,4193.632129727015,0.0,0.0,496.0,0.602304077778155,24.50127676961727,0.0,0.0,0.0,0.0,0.0,8,30,24,moderate_d25_balanced_human_only,moderate,25,balanced,human_only,22
10468,10468,6631,4240,4240,2843,0,10468,0,0,0.0,0.0,508811.9411273348,774102.6089975386,1282914.5501248634,0.0,15160,343839.0917140515,0,0.0,0.0,0.0,0,0,0,0.0,0.0,0,0.0,0.0,0.0,213861.43090783132,0.0,0,0,0,20261143,0d69f43e4242c93a,human_only,0,1.0,0.98,0,0,0.6334543370271303,0.6334543370271303,0.6705188679245283,73.94942768413628,122.55584162446154,0.0,428795.2316064343,423694.266026105,7061.571100435083,0.0,3564.357181797189,0.0,0.0,496.0,0.5197186025913594,22.68067887295854,0.0,0.0,0.0,0.0,0.0,8,30,24,moderate_d25_balanced_human_only,moderate,25,balanced,human_only,23
11959,11958,8616,4865,4865,3641,0,11958,0,0,0.0,0.0,644363.2785545177,1094890.095253168,1739253.3738076703,0.0,17379,455467.1005057979,0,0.0,0.0,0.0,0,0,0,0.0,0.0,0,0.0,0.0,0.0,274556.678496939,0.0,0,0,0,20261144,0d69f43e4242c93a,human_only,0,1.0,0.98,1,0,0.7205218263923733,0.7205451960866294,0.7484069886947585,91.56130584154272,145.446845108519,0.0,310101.388270821,305456.94521798147,5090.949086966358,0.0,4575.944641615651,0.0,0.0,496.0,0.6526642156464819,26.20790036859416,0.0,0.0,0.0,0.0,0.0,8,30,24,moderate_d25_balanced_human_only,moderate,25,balanced,human_only,24
10658,10657,7238,4335,4335,3099,0,10657,0,0,0.0,0.0,536588.3005680002,1088552.3799109475,1625140.6804789407,0.0,15761,366990.5436279274,0,0.0,0.0,0.0,0,0,0,0.0,0.0,0,0.0,0.0,0.0,227712.07083870796,0.0,0,0,0,20261145,0d69f43e4242c93a,human_only,0,1.0,0.98,1,0,0.679178005067092,0.6792081065866016,0.714878892733564,102.1443539374071,152.49513751327208,0.0,405590.2371530372,401563.8884780831,6692.731474634719,0.0,3795.201180645133,0.0,0.0,496.0,0.5457098598196268,23.28472454970671,0.0,0.0,0.0,0.0,0.0,8,30,24,moderate_d25_balanced_human_only,moderate,25,balanced,human_only,25
11411,11410,8021,4515,4514,3314,0,11410,0,0,0.0,0.0,592818.09205435,1134052.4776467518,1726870.569701082,0.0,16690,410952.78848294215,0,0.0,0.0,0.0,0,0,0,0.0,0.0,0,0.0,0.0,0.0,253712.926842762,0.0,0,0,0,20261146,0d69f43e4242c93a,human_only,0,1.0,0.98,1,1,0.702979842243646,0.7030058715274735,0.7342192691029901,99.39110233538578,151.3471139089467,0.0,356848.46144605434,352419.2523329762,5873.654205549604,0.0,4228.5487807127,0.0,0.0,496.0,0.6003041426455484,24.622695535227212,0.0,0.0,0.0,0.0,0.0,8,30,24,moderate_d25_balanced_human_only,moderate,25,balanced,human_only,26
11731,11728,8365,4692,4692,3527,0,11728,0,0,0.0,0.0,627679.7781729221,1040004.9676801154,1667684.7458530196,0.0,17013,441679.4946501646,0,0.0,0.0,0.0,0,0,0,0.0,0.0,0,0.0,0.0,0.0,267257.4950272638,0.0,0,0,0,20261147,0d69f43e4242c93a,human_only,0,1.0,0.98,3,0,0.7132503410641201,0.7133236723212002,0.7517050298380221,88.67709478855008,142.19685759319745,0.0,326200.6291712641,321558.1714572257,5359.302857620428,0.0,4454.291583787731,0.0,0.0,496.0,0.6346319117705375,25.96129398989976,0.0,0.0,0.0,0.0,0.0,8,30,24,moderate_d25_balanced_human_only,moderate,25,balanced,human_only,27
11047,11046,7675,4371,4370,3218,0,11046,0,0,0.0,0.0,581687.0560547897,969928.8886615734,1551615.9447163567,0.0,16068,407156.65536322724,0,0.0,0.0,0.0,0,0,0,0.0,0.0,0,0.0,0.0,0.0,246771.9329143335,0.0,0,0,0,20261148,0d69f43e4242c93a,human_only,0,1.0,0.98,1,1,0.6948216548977005,0.6948492803476057,0.7364447494852436,87.80815577236768,140.46858090859646,0.0,368250.2108857277,364062.6567975874,6067.7109466264565,0.0,4112.865548572225,0.0,0.0,496.0,0.5875333659434053,25.33959767010376,0.0,0.0,0.0,0.0,0.0,8,30,24,moderate_d25_balanced_human_only,moderate,25,balanced,human_only,28
10180,10180,6535,3980,3980,2742,0,10180,0,0,0.0,0.0,499790.4759079148,864434.5094847596,1364224.985392653,0.0,14893,338068.4883354411,0,0.0,0.0,0.0,0,0,0,0.0,0.0,0,0.0,0.0,0.0,209187.55932387628,0.0,0,0,0,20261149,0d69f43e4242c93a,human_only,0,1.0,0.98,0,0,0.6419449901768173,0.6419449901768173,0.6889447236180904,84.91498128533985,134.01031290694036,0.0,437396.95427702554,432637.89297618484,7210.631549603081,0.0,3486.4593220646047,0.0,0.0,496.0,0.5100840565893532,22.699824638114624,0.0,0.0,0.0,0.0,0.0,8,30,24,moderate_d25_balanced_human_only,moderate,25,balanced,human_only,29
10920,10917,7484,4402,4401,3212,86,10831,2,2,705.0109362335025,419.4679337584426,556159.6460916479,932074.2691372363,1508036.9351640397,19803.019935162934,16000,390991.65921104926,10,0.0,1081.8783429355653,32.410966376161376,0,0,49,0.0,343.0,221,517.4679337584429,4368.026418409472,17327.7669084902,238432.591539841,491.5945748451051,0,0,0,20261120,c864fbdfb4e3dcba,adaptive_hybrid,2,1.0,0.98,3,1,0.6855363195016946,0.6856227106227106,0.7298955020445252,85.37824211204875,138.13657004342215,285.54300247505995,380742.0359804479,375860.15418629244,6264.335903104874,8.624465562640715,3973.8765256640168,8.193242914085085,78.40618510629051,496.0,0.5735416263659858,24.436978700690577,0.0,0.012521740080272747,0.0,0.0,0.003969907407407407,8,30,24,moderate_d25_balanced_adaptive_hybrid,moderate,25,balanced,adaptive_hybrid,0
10819,10818,7123,4312,4312,3040,73,10745,1,1,556.6051870193093,342.9959995732022,545564.1703929575,926437.4991699986,1491961.0364362807,19959.366873331208,15905,379896.1592257641,8,0.0,888.0537545843697,25.71159757885089,0,0,42,0.0,294.0,188,426.99599957320237,4133.510917946629,17532.86246453476,235419.5968304811,391.4791006308492,0,0,0,20261121,c864fbdfb4e3dcba,adaptive_hybrid,2,1.0,0.98,1,0,0.6584396376409688,0.6584712080598947,0.7050092764378478,85.63851905805126,137.9146826064227,213.60918744610706,397695.6776608938,392862.18716086517,6547.703119347753,7.116599992886706,3923.6599471746854,6.524651677180819,93.25990672624872,496.0,0.5545523323690705,23.88532909310054,0.0,0.010278399937319094,0.0,0.0,0.0034027777777777776,8,30,24,moderate_d25_balanced_adaptive_hybrid,moderate,25,balanced,adaptive_hybrid,1
12518,12516,9094,4892,4891,3711,101,12415,6,6,810.9224141160273,525.1116114338107,678955.2020804236,1068445.5536659912,1771923.6382239538,24522.882477548792,18316,489013.42473197903,11,0.0,1180.6226354146472,35.59814342224445,0,0,56,0.0,392.0,258,637.1116114338103,5905.896747531212,21078.707744312756,293175.42477045965,514.4112203767587,0,0,0,20261122,c864fbdfb4e3dcba,adaptive_hybrid,2,1.0,0.98,2,1,0.7265899648449984,0.7266336475475316,0.758789860997547,85.36637533285324,141.57267803003785,285.8108026822166,275575.3121039247,270390.6032939403,4506.510054899005,10.61852685723017,4886.257079507661,8.573520339612646,81.70041761361533,496.0,0.6913358959409446,26.698701939942072,0.0,0.013664613835817676,0.0,0.0,0.004537037037037037,8,30,24,moderate_d25_balanced_adaptive_hybrid,moderate,25,balanced,adaptive_hybrid,2
10389,10387,6689,4215,4214,2862,69,10318,3,3,541.2276163337965,383.61002762674434,509632.0639394961,775472.0666177025,1303282.9433885794,18178.81283138992,15103,352244.8168184521,8,0.0,854.4929743609139,24.33342692137441,0,0,36,0.0,252.0,174,455.61002762674445,3873.496302276179,16114.820315386403,216799.1252889718,350.4767329191905,0,0,0,20261123,c864fbdfb4e3dcba,adaptive_hybrid,2,1.0,0.98,2,1,0.6439780494849331,0.6440465877370295,0.6792408066429418,74.65794422043925,125.47250826885332,157.61758870705216,423614.95658497524,419060.44274678896,6984.340712446483,7.593500460445741,3613.3187548161964,5.841278881986509,92.61390985854254,496.0,0.5255208819612733,23.32283763612872,0.0,0.009889964981029096,0.0,0.0,0.002916666666666667,8,30,24,moderate_d25_balanced_adaptive_hybrid,moderate,25,balanced,adaptive_hybrid,3
10405,10402,6773,4163,4162,2898,72,10330,2,2,573.3338027586078,349.952607579194,513663.27942182304,866043.7300401645,1396789.9997972802,17082.990335308183,15207,355487.69994615443,8,0.0,854.192983465037,26.57704532805916,0,0,40,0.0,280.0,184,429.95260757919425,4153.704432807152,14767.632618878311,220104.8965721647,413.9208602329871,0,0,0,20261124,c864fbdfb4e3dcba,adaptive_hybrid,2,1.0,0.98,3,1,0.6511247836954431,0.6512253724171072,0.6963728080711026,83.25742453760475,134.2809074982965,223.3811951794138,420534.026283064,415992.0579603884,6933.200966006474,7.1658767929865705,3668.414942869412,6.898681003883118,80.25887292868647,496.0,0.5289717447546327,23.37658314895472,0.0,0.009886492864178668,0.0,0.0,0.0032407407407407406,8,30,24,moderate_d25_balanced_adaptive_hybrid,moderate,25,balanced,adaptive_hybrid,4
11041,11038,7378,4345,4343,3062,89,10949,5,5,673.3056375393724,466.424658020439,564857.7313309085,823100.4473242317,1407274.003230331,19315.82457519663,16187,399472.850979619,9,0.0,928.2221259387246,30.012335797473156,0,0,60,0.0,420.0,238,586.424658020439,5660.368962191878,16362.245733527816,244494.44452060806,448.2765914075996,0,0,0,20261125,c864fbdfb4e3dcba,adaptive_hybrid,2,1.0,0.98,3,2,0.6684181917013952,0.6685082872928176,0.7051783659378597,74.56970894403258,127.49356796795897,206.88097951893337,373020.75319979485,368615.46338374907,6143.591056395818,9.773744300340649,4074.907408676801,7.471276523459993,68.74893165347822,496.0,0.5821900165772906,24.678621794008713,0.0,0.010743311642809313,0.0,0.0,0.004861111111111111,8,30,24,moderate_d25_balanced_adaptive_hybrid,moderate,25,balanced,adaptive_hybrid,5
11828,11828,8642,4715,4715,3572,104,11724,2,2,846.5817728542429,496.86870821555493,633942.85635253,1144334.0873865432,1802324.6472768916,24047.703537838694,17528,455549.9380994322,12,0.0,1276.5674205950731,37.948097557126154,0,0,63,0.0,441.0,271,622.8687082155549,6012.19781524672,20864.55163570422,276773.8087291405,554.4050993779161,1,0,0,20261126,c864fbdfb4e3dcba,adaptive_hybrid,2,1.0,0.98,0,0,0.7306391613121407,0.7306391613121407,0.7575821845174974,96.74789375943044,152.37780244140106,349.71306463868797,314620.0945037428,310580.1420423305,5176.335700705508,10.381145136925914,4612.896812152341,9.240084989631935,76.99096544540303,496.0,0.6476029407440156,25.98984128819216,0.0,0.014775085886517051,0.0,0.0,0.005104166666666667,8,30,24,moderate_d25_balanced_adaptive_hybrid,moderate,25,balanced,adaptive_hybrid,6
11430,11428,7853,4570,4568,3314,95,11333,1,1,752.0484491322273,528.6997049855631,581374.9823198663,996237.9087854007,1598855.9735571302,21243.08245187389,16718,407947.5573393293,10,0.0,1076.0212036377925,32.007922099761025,0,0,54,0.0,378.0,244,636.6997049855632,5087.489303966472,17999.466058167694,250145.42419241404,435.29930599216533,0,0,0,20261127,c864fbdfb4e3dcba,adaptive_hybrid,2,1.0,0.98,2,2,0.6871718585929296,0.6872265966754155,0.7256017505470459,87.17517577751144,139.90689303090045,223.34874414666422,362550.79367828986,358071.28989838925,5967.854831639821,10.611661749759387,4169.0904032069,7.254988433202755,73.76830351708071,496.0,0.593917121776109,24.401696216014432,0.0,0.012453949116178155,0.0,0.0,0.004375,8,30,24,moderate_d25_balanced_adaptive_hybrid,moderate,25,balanced,adaptive_hybrid,7
11393,11393,7780,4407,4407,3177,91,11302,2,2,690.6730406167136,423.7727153334865,579745.8679943205,1026097.9989742347,1626605.0776509414,20761.210682390672,16692,407597.53708853445,10,0.0,1066.5027457254773,30.191353673476993,0,0,53,0.0,371.0,235,529.7727153334868,5370.154294779295,18015.159081908037,251105.8591833709,418.512217222113,0,0,0,20261128,c864fbdfb4e3dcba,adaptive_hybrid,2,1.0,0.98,0,0,0.6828754498376196,0.6828754498376196,0.7208985704560926,90.06389879524573,142.77232315026257,266.9003252832271,359659.1498971034,354842.6801542988,5914.044669238313,8.829545255558113,4185.097653056181,6.97520362036855,76.66025141237463,496.0,0.5971559700973305,24.41873574697666,0.0,0.012343781779230062,0.0,0.0,0.004293981481481481,8,30,24,moderate_d25_balanced_adaptive_hybrid,moderate,25,balanced,adaptive_hybrid,8
11998,11996,8714,4782,4781,3620,69,11927,0,0,640.6517070316717,332.78175244244903,642288.0761347656,1174808.2643981597,1838807.6156663538,21711.275133442454,17677,457969.5997682219,8,0.0,877.569546294537,28.90702483830624,0,0,26,0.0,182.0,164,384.78175244244915,3342.8660556565956,18457.056636944522,276407.2093906124,425.90280929349484,0,0,0,20261129,c864fbdfb4e3dcba,adaptive_hybrid,2,1.0,0.98,2,1,0.7264088029343114,0.726454409068178,0.7572145545796738,97.93333314422804,153.2850629931939,307.86995458922263,307337.3256907305,302398.3562050434,5039.97260341739,6.413029207374152,4606.7868231768725,7.098380154891581,112.54302827405196,496.0,0.65576016387687,25.90765400057826,0.0,0.010157054933964548,0.0,0.0,0.0021064814814814813,8,30,24,moderate_d25_balanced_adaptive_hybrid,moderate,25,balanced,adaptive_hybrid,9
10742,10742,7178,4260,4260,2972,86,10656,1,1,702.9084650159426,399.49588064456134,537910.7605158152,945278.6783407665,1503182.23020974,19992.79135316462,15824,374242.22351247177,10,0.0,1059.3778076540143,31.41950451929836,0,0,47,0.0,329.0,219,493.4958806445617,4917.499562079594,17508.445799918343,231752.30261231234,464.1307920470771,0,0,0,20261130,c864fbdfb4e3dcba,adaptive_hybrid,2,1.0,0.98,0,0,0.6682182088996462,0.6682182088996462,0.6976525821596244,87.99838748284924,139.93504284209087,303.4125843713813,399357.76511096174,394959.26500358246,6582.654416726375,8.224931344076028,3862.5383768718725,7.735513200784618,79.94724109551755,496.0,0.5526906752789407,23.65029218354852,0.0,0.012261317218217759,0.0,0.0,0.0038078703703703703,8,30,24,moderate_d25_balanced_adaptive_hybrid,moderate,25,balanced,adaptive_hybrid,10
9340,9334,5603,3731,3728,2439,51,9283,1,1,397.68383506917974,263.740121761371,438077.82470756915,700438.4688702764,1152382.1872974832,13865.893719652951,13677,294578.7232446803,5,0.0,542.5755911010251,17.397730726224257,0,0,28,0.0,196.0,130,319.74012176137126,3084.2122548541474,12359.551240823092,185910.6769274286,254.8293875016216,0,0,0,20261131,c864fbdfb4e3dcba,adaptive_hybrid,2,1.0,0.98,6,3,0.6002785515320335,0.6005353319057816,0.6545162154918253,75.04161869190875,123.46070144605562,133.94371330780876,491125.2426450391,486804.41153435665,8113.406858905944,5.329002029356188,3098.51128212381,4.24715645836036,95.07347108325455,496.0,0.4499045221269723,21.538255702616095,0.0,0.006279810082187791,0.0,0.0,0.0022685185185185187,8,30,24,moderate_d25_balanced_adaptive_hybrid,moderate,25,balanced,adaptive_hybrid,11
10130,10130,6371,4100,4100,2737,55,10075,2,2,460.7052959476877,279.9605847402498,494551.9649436552,779120.0573133698,1289250.9942853625,15578.972028348797,14826,339031.50668656384,6,0.0,630.6543851911526,19.95560392565902,0,0,20,0.0,140.0,130,319.96058474024994,2869.541695742824,13467.245509449192,208947.2086358436,285.2565676569414,0,0,0,20261132,c864fbdfb4e3dcba,adaptive_hybrid,2,1.0,0.98,0,0,0.628923988153998,0.628923988153998,0.6675609756097561,76.91214780980945,127.27058186430035,180.74471120743794,442312.08813374693,437535.24018279335,7292.254003046556,5.3326764123374994,3482.45347726406,4.75427612761569,103.59419622653225,496.0,0.5045787543304806,22.86736184315148,0.0,0.007299240569342044,0.0,0.0,0.0016203703703703703,8,30,24,moderate_d25_balanced_adaptive_hybrid,moderate,25,balanced,adaptive_hybrid,12
9975,9974,6143,3996,3996,2600,74,9900,2,2,586.1605644616225,360.06430955047404,467934.2243972732,760247.3751824212,1244429.558729923,16247.959150233934,14554,317104.0121018339,9,0.0,968.4460251510985,25.825534176959508,0,0,47,0.0,329.0,195,454.0643095504744,4434.152015320392,14164.50919774141,198676.33989926352,371.8312097250699,0,0,0,20261133,c864fbdfb4e3dcba,adaptive_hybrid,2,1.0,0.98,1,0,0.615901343493082,0.6159398496240601,0.6506506506506506,76.22291710270916,124.76735098555476,226.09625491114843,460332.1008293544,455706.2747629599,7595.104579382665,7.567738492507906,3311.272331654392,6.197186828751166,72.63850870636621,496.0,0.48439504835421776,21.788100323061283,0.0,0.011208866031841418,0.0,0.0,0.0038078703703703703,8,30,24,moderate_d25_balanced_adaptive_hybrid,moderate,25,balanced,adaptive_hybrid,13
11917,11916,8537,4640,4640,3460,91,11825,1,1,724.7874585280555,424.51011112553044,633525.7397519915,1010969.3303368497,1666991.640761754,22496.570672927548,17454,454435.7875684726,11,0.0,1166.4782972250182,33.04634915588265,0,0,56,0.0,392.0,238,536.5101111255308,5393.926070140727,19123.078657353217,273481.6183717051,502.26989140718825,0,0,0,20261134,c864fbdfb4e3dcba,adaptive_hybrid,2,1.0,0.98,1,0,0.7164316884860692,0.716455483762692,0.7456896551724138,84.84133352944357,139.89523672052317,300.27734740252504,313163.144139562,308553.62668727076,5142.560444787846,8.941835185425512,4558.026972861752,8.371164856786471,80.34906998887907,496.0,0.6492348295927846,26.036197293942514,0.0,0.013500906217882155,0.0,0.0,0.004537037037037037,8,30,24,moderate_d25_balanced_adaptive_hybrid,moderate,25,balanced,adaptive_hybrid,14
10733,10732,6969,4241,4241,2981,74,10658,3,3,590.1941565799109,394.5626460146238,539727.8610258346,783096.0676254263,1340302.396414935,17478.46776368707,15604,376038.1451503054,9,0.0,968.6168682310644,26.38340099447155,0,0,37,0.0,259.0,185,468.562646014624,4058.48961129459,14553.23167460337,232739.9733977177,386.2929308724693,0,0,0,20261135,c864fbdfb4e3dcba,adaptive_hybrid,2,1.0,0.98,1,0,0.649366380916884,0.6493990496599273,0.7029002593727894,72.96832534713253,124.88840816389629,195.6315105652871,398604.8465113516,393487.8047664593,6558.130079440988,7.809377433577067,3878.9995566286284,6.438215514541155,78.66611716001822,496.0,0.5535339980831635,24.098830117297194,0.0,0.011210843382303985,0.0,0.0,0.0029976851851851853,8,30,24,moderate_d25_balanced_adaptive_hybrid,moderate,25,balanced,adaptive_hybrid,15
10624,10623,7058,4117,4116,2909,87,10536,1,1,662.8640500710148,400.5784621008645,523705.49870066607,964699.1153135315,1506815.963092427,18411.34907822798,15693,362173.3223685985,9,0.0,960.6095193404695,28.924055939962216,0,0,55,0.0,385.0,229,510.5784621008648,4843.527735320099,16238.327313528362,224216.35371924387,412.0844124665862,0,0,0,20261136,c864fbdfb4e3dcba,adaptive_hybrid,2,1.0,0.98,1,1,0.6644074178668926,0.6644390060240963,0.7068253582705853,90.812304933967,141.8446731707076,262.28558797015035,412678.35999389936,408371.21818780893,6806.186969796816,8.509641035014413,3736.9392286540647,6.868073541109769,70.90972625994918,496.0,0.537770654128697,23.078654327955043,0.0,0.011118165733107286,0.0,0.0,0.004456018518518519,8,30,24,moderate_d25_balanced_adaptive_hybrid,moderate,25,balanced,adaptive_hybrid,16
11146,11145,7549,4462,4461,3225,91,11054,2,2,689.428389095455,439.53996614815156,558351.0708806209,1037928.9396944708,1616343.7523014867,20063.741726410408,16343,389515.6277771665,10,0.0,1056.6868302187704,30.53659367271048,0,0,56,0.0,392.0,238,551.5399661481518,5047.158890040256,17520.103496046428,240296.28479059855,450.39867016229965,0,0,0,20261137,c864fbdfb4e3dcba,adaptive_hybrid,2,1.0,0.98,1,1,0.6773441004934948,0.6773730486273103,0.7229941730165845,93.12955941628272,145.02860047568296,249.88842294730347,379574.6596858175,374498.7838286296,6241.646397143826,9.192332769135865,4004.9380798433094,7.506644502704995,73.61388023548919,496.0,0.5748491714988604,23.833789865824297,0.0,0.012230171646050584,0.0,0.0,0.004537037037037037,8,30,24,moderate_d25_balanced_adaptive_hybrid,moderate,25,balanced,adaptive_hybrid,17
11582,11580,8201,4675,4675,3480,93,11487,3,3,671.383253292857,448.5247006552433,613138.6054832895,937922.3778427159,1572849.4642641307,21788.48093813518,16955,437778.84237560426,10,0.0,1063.655500957135,30.50878838252003,0,0,52,0.0,364.0,238,552.5247006552438,5318.350912754034,18685.750351145238,265224.78759457474,440.26522556298966,0,0,0,20261138,c864fbdfb4e3dcba,adaptive_hybrid,2,1.0,0.98,2,0,0.7082037996545768,0.7082541875323778,0.7443850267379679,80.99502399332607,135.82465149085758,222.85855263761374,327220.66788774874,322449.2398444063,5374.153997406772,9.20874501092073,4420.413126576245,7.337753759383161,78.5115560972489,496.0,0.6334893952870198,25.820043785054807,0.0,0.012310827557374247,0.0,0.0,0.004212962962962963,8,30,24,moderate_d25_balanced_adaptive_hybrid,moderate,25,balanced,adaptive_hybrid,18
10459,10457,6854,4179,4179,2861,73,10384,1,1,582.2468189157343,355.98262425696237,518450.25982591027,875638.1575937283,1412637.1410718702,18548.723652241453,15378,359294.702136415,8,0.0,893.6577575002277,27.80255965675669,0,0,34,0.0,238.0,180,423.98262425696265,3370.0978968763875,15457.426322061172,221762.0602041452,456.8115930011172,0,0,0,20261139,c864fbdfb4e3dcba,adaptive_hybrid,2,1.0,0.98,2,0,0.6554461126518122,0.6555119992351085,0.6846135439100263,83.73703333592123,135.09009668852158,226.26419465877188,418791.4658209889,414059.0304754748,6900.983841257913,7.066377070949377,3696.0343367357536,7.61352655001862,85.87459067811763,496.0,0.5309235373868852,23.364202245832683,0.0,0.010343261082178562,0.0,0.0,0.0027546296296296294,8,30,24,moderate_d25_balanced_adaptive_hybrid,moderate,25,balanced,adaptive_hybrid,19
11676,11676,7983,4600,4600,3335,84,11592,1,1,651.6977740956436,400.2145307225953,611689.0343460271,884984.4471397504,1516832.7414021562,20159.259916395495,17030,435401.1954116601,10,0.0,1047.682285254451,29.83237956767926,0,0,43,0.0,301.0,211,486.21453072259555,4923.171211593286,17184.764543809342,262356.12261486,443.64427882056555,0,0,0,20261140,c864fbdfb4e3dcba,adaptive_hybrid,2,1.0,0.98,0,0,0.683710174717369,0.683710174717369,0.725,75.79517361594299,129.91030673194211,251.48324337304825,335547.7349398598,330706.1626976768,5511.7693782946135,8.103575512043259,4372.6020435810005,7.3940713136760925,81.44438172421489,496.0,0.6241624832662861,25.56671728782502,0.0,0.01212595237563022,0.0,0.0,0.0034837962962962965,8,30,24,moderate_d25_balanced_adaptive_hybrid,moderate,25,balanced,adaptive_hybrid,20
10787,10785,7019,4266,4265,2946,65,10720,0,0,542.1553432837447,303.4291449254595,529331.4478828174,889537.578789551,1436660.125543969,17791.09887160919,15656,365678.14587632375,6,0.0,665.0483976150989,24.120980602925208,0,0,31,0.0,217.0,161,365.4291449254598,3559.514888657081,15600.534976114262,225928.1391145265,352.87381307574344,0,0,0,20261141,c864fbdfb4e3dcba,adaptive_hybrid,2,1.0,0.98,2,1,0.6508113120074177,0.6508760545100584,0.6908110642287858,82.47914499671312,133.20909833509216,238.72619835828522,407634.6873769846,402503.0676246419,6708.384460410698,6.090485748757663,3765.4689852421084,5.881230217929057,96.89773277089604,496.0,0.543419929013234,23.357060927205143,0.0,0.007697319416841423,0.0,0.0,0.002511574074074074,8,30,24,moderate_d25_balanced_adaptive_hybrid,moderate,25,balanced,adaptive_hybrid,21
11445,11444,8090,4662,4661,3442,93,11351,2,2,727.8852884188321,457.9834309740982,591838.0946237978,1169308.0976806174,1784021.946187116,22875.75388270442,16985,416846.389429647,10,0.0,1114.8344365418352,33.387610188113634,0,0,51,0.0,357.0,237,559.9834309740986,4895.624600132863,20080.716980225236,254717.38231539205,488.43369245451254,0,0,0,20261142,c864fbdfb4e3dcba,adaptive_hybrid,2,1.0,0.98,1,1,0.7069206571128976,0.7069462647444299,0.7385242385242385,102.17652024472365,155.89146681117757,269.90185744473393,352305.02414868894,348017.8501659539,5800.297502765899,9.333057182901644,4245.289705256534,8.140561540908543,84.72876362964234,496.0,0.6053931181130277,24.542030581668943,0.0,0.012903176348863834,0.0,0.0,0.004131944444444444,8,30,24,moderate_d25_balanced_adaptive_hybrid,moderate,25,balanced,adaptive_hybrid,22
10468,10467,6677,4240,4240,2867,67,10400,2,2,582.0318263000577,326.01026851138244,506594.0991317806,776002.9252482564,1299637.5387859745,17040.51440594645,15269,347636.89407250076,7,0.0,753.373107788646,25.417345655495758,0,0,36,0.0,252.0,170,398.01026851138266,3560.326880844404,14610.77809077973,215052.43026515006,361.52980613921846,0,0,0,20261143,c864fbdfb4e3dcba,adaptive_hybrid,2,1.0,0.98,1,0,0.6379096207127162,0.6379442109285441,0.6761792452830189,74.1380457865918,124.16523729683524,256.02155778867524,427827.6512215063,422683.41648290865,7044.723608048477,6.633504475189711,3584.2071710858345,6.025496768986974,85.94575347517488,496.0,0.5208023619830799,22.767495845995203,0.0,0.00871959615496118,0.0,0.0,0.002916666666666667,8,30,24,moderate_d25_balanced_adaptive_hybrid,moderate,25,balanced,adaptive_hybrid,23
11959,11958,8655,4865,4865,3660,98,11860,3,3,773.5820590846354,486.8139866367766,639223.7217098931,1116191.985889828,1779264.4819171093,23848.774317405852,17578,458839.27219756093,12,0.0,1291.440647346315,35.15520716936238,0,0,56,0.0,392.0,252,598.8139866367763,5699.532635835755,20635.30085392983,278871.23033768905,529.9329572991904,0,0,0,20261144,c864fbdfb4e3dcba,adaptive_hybrid,2,1.0,0.98,1,0,0.7237832413447065,0.7238063383226022,0.7523124357656732,93.34269826809066,148.79281501230216,286.7680724478588,305904.47548014263,301147.7154112697,5019.128590187828,9.98023311061294,4647.853838961484,8.832215954986507,81.88611449972156,496.0,0.6573650588260052,26.103041995537655,0.0,0.014947229714656424,0.0,0.0,0.004537037037037037,8,30,24,moderate_d25_balanced_adaptive_hybrid,moderate,25,balanced,adaptive_hybrid,24
10658,10657,7247,4335,4335,3113,74,10583,0,0,604.0517817344756,346.65456320351495,534715.8490782746,1096802.8995200377,1651862.1258459808,20343.37724767715,15807,370464.3064974281,7,0.0,749.2665146280282,26.87255257253216,0,0,42,0.0,294.0,190,430.6545632035153,3576.4508584511477,18187.604425924805,228793.30875444238,390.76472677116135,0,0,0,20261145,c864fbdfb4e3dcba,adaptive_hybrid,2,1.0,0.98,1,0,0.6800225204091208,0.6800525426909364,0.7181084198385237,102.91854175847214,155.00254535478848,257.3972185309607,404172.2585008754,400229.151549015,6670.485859150251,7.177576053391921,3813.2218125740396,6.512745446186022,95.72423382065686,496.0,0.5472980975572632,23.43672464714545,0.0,0.008672066141528104,0.0,0.0,0.0034027777777777776,8,30,24,moderate_d25_balanced_adaptive_hybrid,moderate,25,balanced,adaptive_hybrid,25
11411,11410,8040,4515,4514,3314,85,11325,1,1,722.260360404897,396.24782004717525,588779.9947512692,1133587.1886211515,1744078.7268964157,21711.54352399877,16779,414018.74331604934,11,0.0,1158.8359466442141,32.91243761408922,0,0,47,0.0,329.0,217,490.24782004717537,4226.195323029312,18573.316968538937,255392.79998912633,482.874791258485,0,0,0,20261146,c864fbdfb4e3dcba,adaptive_hybrid,2,1.0,0.98,1,1,0.7046450482033304,0.7046709315572693,0.7342192691029901,99.35032327968024,152.85527843088656,326.0125403577218,354005.528484932,349551.1107682297,5825.851846137161,8.170797000786257,4256.546666485438,8.047913187641416,85.5913224356633,496.0,0.603488431356483,24.674816336852572,0.0,0.013412453086159886,0.0,0.0,0.0038078703703703703,8,30,24,moderate_d25_balanced_adaptive_hybrid,moderate,25,balanced,adaptive_hybrid,26
11731,11728,8352,4692,4692,3507,91,11637,2,2,740.179107860596,422.9585286855374,618412.0383658364,1033370.2545807802,1674692.8635163861,22910.57056977257,17132,439834.5276464575,11,0.0,1135.418012429091,33.488319584473686,0,0,54,0.0,378.0,236,530.958528685538,4512.678836798627,20039.975863552358,266678.5744787135,506.0491945899885,0,0,0,20261147,c864fbdfb4e3dcba,adaptive_hybrid,2,1.0,0.98,3,0,0.7121418826739427,0.7122154974000512,0.7474424552429667,88.11137914229026,142.79441196422118,317.2205791750586,326501.42666265945,321807.7181740513,5363.461969567522,8.849308811425633,4444.6429079785585,8.434153243166474,84.91515196420491,496.0,0.6342949970176306,25.673273852816806,0.0,0.013141412180892258,0.0,0.0,0.004375,8,30,24,moderate_d25_balanced_adaptive_hybrid,moderate,25,balanced,adaptive_hybrid,27
11047,11045,7726,4371,4369,3227,66,10979,3,3,598.4271995427541,326.05249857891425,578583.7361852803,994923.3090306323,1593543.984356974,20036.939141067116,16148,410286.4546770806,8,0.0,851.1294109289621,26.26456418744787,0,0,28,0.0,196.0,160,382.05249857891437,3746.7186450653808,17044.9871653888,248502.0761484089,365.5820570875245,0,0,0,20261148,c864fbdfb4e3dcba,adaptive_hybrid,2,1.0,0.98,2,2,0.6995020371208692,0.6995564406626233,0.7387325554792954,90.0790682689572,144.2774091767292,272.37470096383987,364044.8629003691,360035.8006490622,6000.59667748437,6.367541642981906,4141.701269140149,6.093034284792075,106.53116978368,496.0,0.592243657145644,25.407880522484557,0.0,0.00985103484871484,0.0,0.0,0.0022685185185185187,8,30,24,moderate_d25_balanced_adaptive_hybrid,moderate,25,balanced,adaptive_hybrid,28
10180,10178,6581,3980,3979,2740,61,10117,4,4,496.72599286048643,332.07584169495004,499754.1619237007,881885.7658154955,1398622.151011577,16982.22327239482,14999,343630.00386585336,7,0.0,753.182530535353,22.456656727035984,0,0,33,0.0,231.0,155,398.07584169495016,3513.7797764419374,15004.723873788267,211995.17255717996,325.69056572047793,0,0,0,20261149,c864fbdfb4e3dcba,adaptive_hybrid,2,1.0,0.98,2,1,0.6465906857928866,0.6466601178781926,0.6886934673366835,86.64627292351105,137.4162066232636,164.65015116553639,434647.1322014924,429664.49168172287,7161.074861362048,6.634597361582503,3533.252875952999,5.428176095341299,96.80467015347269,496.0,0.5131640544338123,22.910194270674936,0.0,0.008717390399714734,0.0,0.0,0.002673611111111111,8,30,24,moderate_d25_balanced_adaptive_hybrid,moderate,25,balanced,adaptive_hybrid,29
10920,10918,7478,4402,4401,3190,128,10790,1,1,1580.6111586428242,601.1748779001055,553456.6386446292,965674.2235543195,1551103.7398399988,31972.87764106197,16056,396497.9039163815,20,0.0,2185.4838953447907,63.01111312397824,0,0,60,0.0,420.0,316,721.1748779001049,8907.53622756437,25297.385462502545,241501.02582097385,733.1862001879931,0,0,0,20261120,078715592cd35984,travel_aware_hybrid,2,1.0,0.98,2,1,0.6849239787506869,0.684981684981685,0.7248977737392095,88.44790470363797,142.06848688770825,979.4362807427187,379422.9903716053,374612.0670552151,6243.534450920252,12.019581298335082,4025.0170970162308,12.219770003133219,80.05501728640046,496.0,0.5750190520031302,24.69468758821509,0.0,0.025294952492416558,0.0,0.0,0.004861111111111111,8,30,24,moderate_d25_balanced_travel_aware_hybrid,moderate,25,balanced,travel_aware_hybrid,0
10819,10819,7099,4312,4312,3023,120,10699,4,4,1524.9778003550266,585.9667467849479,541860.610064342,928770.3410033708,1501743.8423421122,31112.89127440816,15963,383232.8774346146,19,0.0,2068.7435268572435,60.86003970101037,0,0,57,0.0,399.0,297,699.9667467849475,7485.165376840798,24766.466546815027,236868.1344616228,697.5989049588763,0,0,0,20261121,078715592cd35984,travel_aware_hybrid,2,1.0,0.98,0,0,0.6561604584527221,0.6561604584527221,0.7010667903525046,85.8462280250828,138.80615975063427,939.0110535700787,395563.2971176955,390744.3293990263,6512.405489983771,11.666112446415791,3947.802241027047,11.626648415981272,83.38877625190244,496.0,0.556940751436273,24.007572350724462,0.0,0.023943790820106985,0.0,0.0,0.004618055555555556,8,30,24,moderate_d25_balanced_travel_aware_hybrid,moderate,25,balanced,travel_aware_hybrid,1
12518,12516,9124,4892,4891,3707,156,12360,6,6,2065.765705181271,791.2988878619456,677981.9650646929,1104076.2238303134,1821116.7139175073,39058.52502251989,18476,496146.15780981386,25,0.0,2783.988552888565,81.74269070398176,0,0,72,0.0,504.0,384,935.2988878619445,9921.249096923033,30830.310587337553,298674.43599832314,888.552806225372,0,0,0,20261122,078715592cd35984,travel_aware_hybrid,2,1.0,0.98,2,1,0.7289868967721317,0.7290301965170155,0.7579721995094031,88.21318502958721,145.50309315416325,1274.4668173193256,272778.5792389598,267667.538125277,4461.125635421283,15.588314797699075,4977.907266638719,14.809213437089534,80.28726715452488,496.0,0.6944684372323479,26.85354826855455,0.0,0.032222089732506544,0.0,0.0,0.005833333333333334,8,30,24,moderate_d25_balanced_travel_aware_hybrid,moderate,25,balanced,travel_aware_hybrid,2
10389,10387,6712,4215,4214,2874,108,10279,2,2,1392.7589899317845,505.2910409305687,509238.44747851836,818775.9625923171,1356133.8792608925,28119.469190072978,15239,358100.6138485115,17,0.0,1834.0244510832053,55.76482289447495,0,0,48,0.0,336.0,264,601.2910409305691,7254.199733589954,22010.174781442365,221520.17340034634,638.03675441613,0,0,0,20261123,078715592cd35984,travel_aware_hybrid,2,1.0,0.98,2,1,0.6461923558294022,0.6462604678024834,0.6820877817319099,78.82699168117041,130.56068925203547,887.4679490012159,422074.5832823419,417559.4678979849,6959.324464966415,10.021517348842819,3692.0028900057723,10.6339459069355,83.37187417213018,496.0,0.5272462104812479,23.498957533205033,0.0,0.02122713485050006,0.0,0.0,0.0038888888888888888,8,30,24,moderate_d25_balanced_travel_aware_hybrid,moderate,25,balanced,travel_aware_hybrid,3
10405,10402,6745,4163,4162,2893,108,10294,3,3,1364.2478208688792,523.1734543761744,508680.61122132995,848548.5411156596,1384538.5525770762,27309.400240097108,15264,356800.4042118021,18,0.0,1936.2149975944335,55.40402122673302,0,0,45,0.0,315.0,261,613.1734543761745,6810.186275970044,21790.99054961675,221111.42271933757,625.5349509714508,0,0,0,20261124,078715592cd35984,travel_aware_hybrid,2,1.0,0.98,3,1,0.6484329936550663,0.6485343584814993,0.695171751141004,81.57551827683712,133.10311022659837,841.0743664927048,421465.02367359516,416914.5891360865,6948.576485601442,10.219557572936242,3685.1903786556263,10.425582516190847,83.49038524757376,496.0,0.5279289609390736,23.375288535888505,0.0,0.022409895805491128,0.0,0.0,0.0036458333333333334,8,30,24,moderate_d25_balanced_travel_aware_hybrid,moderate,25,balanced,travel_aware_hybrid,4
11041,11039,7404,4345,4343,3062,133,10906,3,3,1614.359887353888,621.420387214833,561061.364259552,844209.7066891531,1437387.412030631,32116.341081934683,16280,402036.0950099165,20,0.0,2198.238763237063,64.84549291331629,0,0,61,0.0,427.0,327,743.4203872148331,8878.844022775918,25141.85874045082,247061.72015809867,708.6793242553333,0,0,0,20261125,078715592cd35984,travel_aware_hybrid,2,1.0,0.98,2,2,0.6707129268955522,0.6707725749479214,0.7051783659378597,76.47519763467281,130.20992952537648,992.9395001390551,370179.1046924801,365284.13764600194,6088.068960766699,12.390339786913886,4117.695335968311,11.811322070922222,76.88641816651628,496.0,0.5853728666078852,24.695091831075953,0.0,0.025442578278206746,0.0,0.0,0.00494212962962963,8,30,24,moderate_d25_balanced_travel_aware_hybrid,moderate,25,balanced,travel_aware_hybrid,5
11828,11828,8635,4715,4715,3552,135,11693,6,6,1701.440997756478,746.432064053584,628279.7153151382,1149045.667269505,1815147.0691877343,37821.6866031054,17495,455129.5407840836,21,0.0,2299.2329500784736,66.63452721416836,0,0,59,0.0,413.0,329,864.4320640535831,8009.396056347282,31153.108429193577,275510.19632713275,758.3941764252743,0,0,0,20261126,078715592cd35984,travel_aware_hybrid,2,1.0,0.98,0,0,0.7300473452823808,0.7300473452823808,0.7533404029692471,97.14623497374916,153.4618759881412,955.0089337028941,314406.43262472696,310217.0865764649,5170.284776274415,14.407201067559718,4591.836605452213,12.639902940421239,94.69029917688017,496.0,0.6478422573647771,26.01483514055922,0.0,0.02661149247776011,0.0,0.0,0.004780092592592593,8,30,24,moderate_d25_balanced_travel_aware_hybrid,moderate,25,balanced,travel_aware_hybrid,6
11430,11428,7812,4570,4568,3296,137,11291,3,3,1634.356299893394,685.6501427280417,574480.0598970588,1014844.7657956759,1623939.8519247859,34615.026232061166,16810,408984.2441976136,21,0.0,2243.934384570498,66.58862516114372,0,0,65,0.0,455.0,339,815.6501427280407,8786.296813999574,27800.5434580387,252376.7890804327,790.7917844864724,0,0,0,20261127,078715592cd35984,travel_aware_hybrid,2,1.0,0.98,2,2,0.6835841792089604,0.6836395450568679,0.7216630196936543,88.80335717498039,142.10184213552554,948.7061571653522,363639.76244081237,358733.4982628099,5978.891637713498,13.594169045467345,4206.279818007211,13.17986307477454,82.00750282607287,496.0,0.592697398699807,24.329818215206046,0.0,0.025971462784380762,0.0,0.0,0.0052662037037037035,8,30,24,moderate_d25_balanced_travel_aware_hybrid,moderate,25,balanced,travel_aware_hybrid,7
11393,11393,7792,4407,4407,3178,130,11263,5,5,1703.8921241840033,646.8455343097614,580141.8892997163,1052140.8568909355,1665506.0294045664,33223.28321392828,16761,414082.2928597134,20,0.0,2257.623708550668,68.24409101087723,0,0,55,0.0,385.0,315,756.8455343097613,8521.871752632598,26562.936211562635,254879.44427083284,762.1732140223659,0,0,0,20261128,078715592cd35984,travel_aware_hybrid,2,1.0,0.98,0,0,0.6839287281664179,0.6839287281664179,0.7211254821874291,92.34976361721543,146.18678393790628,1057.0465898742418,358029.4861064664,353275.01779114746,5887.916963185791,12.614092238496022,4247.990737847214,12.702886900372764,84.32678162400836,496.0,0.598981310364621,24.705106667842813,0.0,0.026129904034151254,0.0,0.0,0.004456018518518519,8,30,24,moderate_d25_balanced_travel_aware_hybrid,moderate,25,balanced,travel_aware_hybrid,8
11998,11996,8770,4782,4781,3674,141,11855,3,3,1789.5523000722126,713.0011545505865,639068.5874426704,1191084.641343035,1868281.5983928498,38128.36960715704,17788,464521.17963499704,23,0.0,2497.919234819339,75.97051560356611,0,0,51,0.0,357.0,333,815.0011545505857,9381.916796186484,29883.17307886603,281191.0075320237,970.3599208010316,0,0,0,20261129,078715592cd35984,travel_aware_hybrid,2,1.0,0.98,2,1,0.731077025675225,0.7311218536422737,0.7685069008782937,99.29015016197357,155.74204721514252,1076.551145521626,303681.3071792287,298955.05118259694,4982.584186376615,13.583352575843096,4686.516792200395,16.17266534668386,89.73925849509318,496.0,0.6598551666899319,26.11430063160541,0.0,0.028911102254853462,0.0,0.0,0.004131944444444444,8,30,24,moderate_d25_balanced_travel_aware_hybrid,moderate,25,balanced,travel_aware_hybrid,9
10742,10742,7199,4260,4260,2969,124,10618,2,2,1552.9355174852553,614.4978990799881,537853.8392526264,984769.020808672,1554806.9603775754,32184.100316288634,15902,380394.1815449121,20,0.0,2172.621191631295,62.705284168577656,0,0,52,0.0,364.0,300,718.4978990799883,7687.809437760283,25863.3837316244,235465.12877106646,740.9693236221558,0,0,0,20261130,078715592cd35984,travel_aware_hybrid,2,1.0,0.98,0,0,0.6701731521132005,0.6701731521132005,0.6969483568075118,91.67464353087618,144.74091978938515,938.4376184052672,398060.76030389144,393717.42881357664,6561.957146892944,11.974964984666473,3924.4188128511078,12.34948872703593,86.21127910541466,496.0,0.5541434136381145,23.92115341120061,0.0,0.025146078606843692,0.0,0.0,0.004212962962962963,8,30,24,moderate_d25_balanced_travel_aware_hybrid,moderate,25,balanced,travel_aware_hybrid,10
9340,9333,5573,3731,3728,2415,91,9242,2,2,1157.2369910287612,485.9952982604318,437052.6246485373,701026.2917822311,1160999.2540692359,22920.337638473844,13739,298478.94078721013,14,0.0,1589.895574725313,47.38366782434425,0,0,40,0.0,280.0,222,565.9952982604318,5212.84045571002,18536.805310810487,188009.96452017582,568.8149338977998,0,0,0,20261131,078715592cd35984,travel_aware_hybrid,2,1.0,0.98,7,3,0.5971284688738884,0.5974304068522484,0.6480836236933798,75.11264242818291,124.39721997956026,671.2416927683294,490348.851867283,485951.7083729711,8099.195139549518,9.433254971007196,3133.499408669597,9.480248898296663,83.49912302166886,496.0,0.450774135453312,21.72493928140404,0.0,0.018401569151913346,0.0,0.0,0.0032407407407407406,8,30,24,moderate_d25_balanced_travel_aware_hybrid,moderate,25,balanced,travel_aware_hybrid,11
10130,10129,6394,4100,4099,2740,109,10020,3,3,1368.1275317194986,507.0956428612555,493862.0592705035,806236.0698248463,1327209.6693734818,27111.540278140383,14951,345895.68705703976,18,0.0,1992.3238498442788,55.57716498663457,0,0,49,0.0,343.0,267,605.0956428612557,7076.894408262773,21351.168037631054,213649.5463704924,665.0699115095114,0,0,0,20261132,078715592cd35984,travel_aware_hybrid,2,1.0,0.98,1,1,0.6312567874419982,0.6312931885488647,0.6685365853658537,79.59680815725604,131.03067127786375,861.0318888582431,439687.61961280846,434732.3147715838,7245.538579526397,10.084927381020927,3560.82577284154,11.084498525158523,79.96692148925489,496.0,0.5075183472078758,23.13528774376562,0.0,0.023059303817642117,0.0,0.0,0.003969907407407407,8,30,24,moderate_d25_balanced_travel_aware_hybrid,moderate,25,balanced,travel_aware_hybrid,12
9975,9974,6156,3996,3996,2603,98,9876,1,1,1202.0193832365537,470.6403433368487,468449.15082077595,776620.0513827757,1270891.835939547,25822.633736000782,14661,322273.74278704956,16,0.0,1817.7657532081641,50.321994980532665,0,0,45,0.0,315.0,241,560.6403433368491,6466.7157121913315,20761.14816503718,202244.01933335813,634.7872229634802,0,0,0,20261133,078715592cd35984,travel_aware_hybrid,2,1.0,0.98,1,0,0.6172047323039904,0.6172431077694236,0.6514014014014013,77.86445271533744,127.42047683372239,731.379039899705,457461.96254256135,452677.46280446847,7544.624380074474,9.34400572228082,3370.7336555559687,10.579787049391337,86.14584300845303,496.0,0.487609808980106,21.981702666056172,0.0,0.021038955476946345,0.0,0.0,0.0036458333333333334,8,30,24,moderate_d25_balanced_travel_aware_hybrid,moderate,25,balanced,travel_aware_hybrid,13
11917,11915,8573,4640,4640,3455,143,11772,2,2,1779.0177318771932,721.7396648683807,631080.7646652741,1045800.8964650006,1711638.3282164466,34756.667086176465,17604,459026.2645976806,24,0.0,2571.398601202233,73.23630489141154,0,0,72,0.0,504.0,358,865.7396648683799,9558.320621948695,27199.792671490075,278979.4893900726,863.1338114208348,0,0,0,20261134,078715592cd35984,travel_aware_hybrid,2,1.0,0.98,2,0,0.7195132186319765,0.7195602920198036,0.7446120689655172,87.77179156231645,143.65407706390656,1057.2780670088125,309804.78070598625,305190.4468168879,5086.5074469481315,14.428994414473,4649.65815650121,14.385563523680581,75.97707450136892,496.0,0.6529964373812878,26.07511159950469,0.0,0.0297615578842851,0.0,0.0,0.005833333333333334,8,30,24,moderate_d25_balanced_travel_aware_hybrid,moderate,25,balanced,travel_aware_hybrid,14
10733,10732,6961,4241,4241,2984,122,10610,6,6,1591.7122642427257,633.1614882388103,538335.0777355474,775744.6313147842,1343366.128141695,29286.419091366573,15676,382287.5852498831,20,0.0,2188.821017188664,63.993522932218696,0,0,57,0.0,399.0,301,747.1614882388102,8019.517885838579,22582.222253477266,236167.8216210817,740.1648218648389,0,0,0,20261135,078715592cd35984,travel_aware_hybrid,2,1.0,0.98,1,0,0.6486209467014536,0.6486536848970464,0.7036076397076161,72.28332382731868,125.17388447089964,958.5507760039154,395785.6472011703,390539.40895243274,6508.990149207212,12.452691470646837,3936.1303603513616,12.336080364413982,75.0239941975989,496.0,0.5566917034037071,24.386806918211477,0.0,0.02533357658783176,0.0,0.0,0.004618055555555556,8,30,24,moderate_d25_balanced_travel_aware_hybrid,moderate,25,balanced,travel_aware_hybrid,15
10624,10623,7047,4117,4116,2893,121,10502,4,4,1487.5294870203322,664.0291865256831,518323.56683136505,993080.3940948609,1541455.577021936,30051.616095724046,15781,363778.77600472013,18,0.0,1962.1497765316515,60.83652056896783,0,0,57,0.0,399.0,299,778.0291865256823,7663.798275240013,23805.00482202851,225897.38687234456,708.9764728053933,0,0,0,20261136,078715592cd35984,travel_aware_hybrid,2,1.0,0.98,1,1,0.6633719288336628,0.6634036144578314,0.7029390332766577,93.48398701824917,145.10548592882765,823.5003004946491,412906.1351948574,408515.58457980416,6808.593076330069,12.967153108761373,3764.956447872409,11.816274546756555,79.61540074257027,496.0,0.5375155295756526,23.051693555840576,0.0,0.022710066858005227,0.0,0.0,0.004618055555555556,8,30,24,moderate_d25_balanced_travel_aware_hybrid,moderate,25,balanced,travel_aware_hybrid,16
11146,11146,7562,4462,4462,3226,132,11014,3,3,1575.0256025557383,620.2440555991907,556413.9464371847,1059057.1912209522,1647843.0822417706,32371.944583649827,16453,394031.24624615477,20,0.0,2165.738593690793,63.48893895291872,0,0,69,0.0,483.0,333,758.2440555991903,8337.523164488546,25632.68874632584,243902.82905442038,703.9532587192148,0,0,0,20261137,078715592cd35984,travel_aware_hybrid,2,1.0,0.98,0,0,0.6784496680423471,0.6784496680423471,0.7229941730165845,95.01679447523347,147.84165460629558,954.7815469565476,378346.28506109095,373290.75341919437,6221.512556986573,12.637400926653173,4065.047150907006,11.732554311986913,76.97504128025777,496.0,0.5762250391340827,23.948899668519708,0.0,0.025066418908458253,0.0,0.0,0.005590277777777777,8,30,24,moderate_d25_balanced_travel_aware_hybrid,moderate,25,balanced,travel_aware_hybrid,17
11582,11581,8237,4675,4675,3512,139,11442,0,0,1671.4769853449009,648.1252541417589,614391.3698759298,968564.6885348969,1618862.7505182673,35906.69210745391,17088,446402.7865621512,21,0.0,2293.892400031684,66.06556397536487,0,0,74,0.0,518.0,352,796.1252541417585,9888.016354444102,29320.161829470126,271555.5750429768,711.0611323758964,0,0,0,20261138,078715592cd35984,travel_aware_hybrid,2,1.0,0.98,1,0,0.711251187289526,0.7112761181143153,0.7512299465240642,83.63394253820023,139.78609364634033,1023.351731203142,323750.06152206846,319142.6186341331,5319.043643902218,13.268754235695976,4525.92625071628,11.851018872931606,83.2959142882674,496.0,0.6373767232055685,26.123758576904915,0.0,0.026549680555922266,0.0,0.0,0.0059953703703703705,8,30,24,moderate_d25_balanced_travel_aware_hybrid,moderate,25,balanced,travel_aware_hybrid,18
10459,10458,6839,4179,4179,2858,116,10342,3,3,1406.132503758118,561.7395216467161,516790.0902998056,872069.3493877057,1419057.8682289526,30198.428541442285,15440,363774.2437345204,17,0.0,1875.8613133996128,57.817193475284235,0,0,47,0.0,329.0,279,655.7395216467156,6793.188080807536,24140.20181462745,224208.08952914373,688.0676152598653,0,0,0,20261139,078715592cd35984,travel_aware_hybrid,2,1.0,0.98,1,0,0.6539491298527443,0.6539822162730663,0.683895668820292,83.38777485061252,135.69113293449539,844.3929821114019,417233.89446597156,412477.2482097601,6874.620803496002,10.92899202744526,3736.8014921523954,11.467793587664422,86.5240208409586,496.0,0.5326681289583652,23.56050801389381,0.0,0.021711357793977,0.0,0.0,0.0038078703703703703,8,30,24,moderate_d25_balanced_travel_aware_hybrid,moderate,25,balanced,travel_aware_hybrid,19
11676,11676,7990,4600,4600,3338,136,11540,2,2,1758.2631879946075,655.0300012843614,609850.3650680201,919927.690089403,1563410.0343136746,33631.979156273504,17109,440706.5717143249,22,0.0,2412.6831848023608,68.94689653151735,0,0,62,0.0,434.0,334,779.0300012843611,8617.293694759266,26874.387581237337,266468.0303820112,724.7843526730045,0,0,0,20261140,078715592cd35984,travel_aware_hybrid,2,1.0,0.98,0,0,0.684309695101062,0.684309695101062,0.7256521739130435,78.78791453317942,133.8994548058988,1103.2331867102462,334572.9472228266,329495.21584720444,5491.586930786741,12.983833354739351,4441.133839700186,12.079739211216742,80.46223826717765,496.0,0.625254315386619,25.758756894869652,0.0,0.027924573898175473,0.0,0.0,0.005023148148148148,8,30,24,moderate_d25_balanced_travel_aware_hybrid,moderate,25,balanced,travel_aware_hybrid,20
10787,10785,7023,4266,4265,2943,112,10673,2,2,1424.4607036478128,541.8833675184293,525392.3764749764,933139.0997704543,1489834.6638276267,31303.187582204235,15775,367927.06074286695,18,0.0,1989.1579212507809,56.98790655326266,0,0,44,0.0,308.0,268,629.8833675184289,6468.181459881202,25275.54602476868,229485.58854197597,644.4616501968676,0,0,0,20261141,078715592cd35984,travel_aware_hybrid,2,1.0,0.98,2,1,0.651182197496523,0.6512468712338927,0.6901078293483357,86.52193785539679,138.13951449491208,882.5773361293835,408357.1321620196,403569.36398068554,6726.156066344759,10.49805612530715,3824.759809032933,10.741027503281126,94.31173889839059,496.0,0.5426107390658382,23.323426988454322,0.0,0.02302266112558774,0.0,0.0,0.003564814814814815,8,30,24,moderate_d25_balanced_travel_aware_hybrid,moderate,25,balanced,travel_aware_hybrid,21
11445,11444,8097,4662,4661,3453,133,11311,1,1,1535.8840778375607,610.7487989148323,590570.9546779032,1183619.1009430562,1810024.7685448811,35834.71292393155,17046,422728.48335833044,19,0.0,2087.0168698672546,64.03379762655125,0,0,65,0.0,455.0,331,740.7487989148318,8416.265136679667,29519.833230040596,257703.08197472038,797.8610883757257,0,0,0,20261142,078715592cd35984,travel_aware_hybrid,2,1.0,0.98,1,1,0.7075323313526739,0.7075578855395369,0.7408837408837409,103.4270448220077,158.16364632513816,925.1352789227284,351487.1431589515,347104.8719854254,5785.08119975709,12.345813315247197,4295.0513662453395,13.297684806262094,89.18378619347612,496.0,0.6063092034509951,24.79927744681042,0.0,0.024155287845685817,0.0,0.0,0.0052662037037037035,8,30,24,moderate_d25_balanced_travel_aware_hybrid,moderate,25,balanced,travel_aware_hybrid,22
10468,10468,6720,4240,4240,2848,126,10342,1,1,1615.5832259624997,584.6176608658644,508292.2125832782,813900.9907764897,1351506.8562605975,29313.652900841033,15338,356929.50816582236,20,0.0,2167.9340401431277,65.156560560122,0,0,46,0.0,322.0,298,676.6176608658641,7919.01631062264,22897.430321585576,221216.13780208695,727.6199994369873,0,0,0,20261143,078715592cd35984,travel_aware_hybrid,2,1.0,0.98,0,0,0.6419564386702331,0.6419564386702331,0.6716981132075471,77.75133652813237,129.10841194694282,1030.9655650966351,423864.91608907457,418983.13985726563,6983.052330954427,11.276961014431068,3686.935630034782,12.126999990616456,76.83701450196502,496.0,0.525240909398438,23.270928945483266,0.0,0.025091829168323237,0.0,0.0,0.003726851851851852,8,30,24,moderate_d25_balanced_travel_aware_hybrid,moderate,25,balanced,travel_aware_hybrid,23
11959,11958,8680,4865,4865,3670,138,11820,0,0,1768.7435950581496,649.593102230887,639593.9530662025,1140559.7565974088,1817661.0730592697,37507.36339566356,17582,466364.3665601284,21,0.0,2327.057248679884,70.25192304874062,0,0,65,0.0,455.0,341,779.5931022308869,9489.93844154476,31050.4543629162,281754.5587820825,802.6487092408946,0,0,0,20261144,078715592cd35984,travel_aware_hybrid,2,1.0,0.98,1,0,0.7258738919551765,0.7258968141148926,0.7543679342240494,95.3804780563145,152.0037692807551,1119.1504928272625,304833.31800408615,300213.6726423153,5003.561210705255,12.99321837051478,4695.909313034708,13.377478487348244,91.05705091764281,496.0,0.6585648319846705,26.525103319311135,0.0,0.026933532970831994,0.0,0.0,0.0052662037037037035,8,30,24,moderate_d25_balanced_travel_aware_hybrid,moderate,25,balanced,travel_aware_hybrid,24
10658,10658,7234,4335,4335,3103,131,10527,3,3,1518.2220408555743,622.2768871391257,530580.7426029128,1113045.5270235857,1675352.9694556058,31726.699829119912,15935,375796.0250948259,20,0.0,2169.2990009485125,63.46639579631783,0,0,66,0.0,462.0,328,754.2768871391254,8439.391799957659,25135.145527034096,232831.98702502594,813.6834876049196,0,0,0,20261145,078715592cd35984,travel_aware_hybrid,2,1.0,0.98,0,0,0.6787389754175267,0.6787389754175267,0.7158016147635525,104.43286986522666,157.1920594347538,895.9451537164485,403011.8092976126,398849.5001086467,6647.491668477445,12.571281452318756,3880.533117083766,13.561391460081994,76.6315412409576,496.0,0.5485978838512404,23.583057740497388,0.0,0.02510762732579297,0.0,0.0,0.005347222222222222,8,30,24,moderate_d25_balanced_travel_aware_hybrid,moderate,25,balanced,travel_aware_hybrid,25
11411,11410,8042,4515,4514,3327,115,11295,3,3,1416.1403932742746,559.9194026838475,586430.8124470232,1133434.8517067013,1755672.1523359804,35806.48818226912,16852,419452.4655809761,20,0.0,2198.6926771573853,62.81167967117727,0,0,45,0.0,315.0,275,649.9194026838471,7599.878920625043,28679.56853383827,257678.89686022108,846.601199189624,0,0,0,20261146,078715592cd35984,travel_aware_hybrid,2,1.0,0.98,1,1,0.704820333041192,0.7048462010340899,0.7370985603543743,99.33697210400537,153.87135428010345,856.2209905904272,354356.5094029854,349948.5823203672,5832.47637200612,10.831990044730786,4294.648281003685,14.110019986493734,104.28934012304825,496.0,0.6030953075683407,24.890367053226687,0.0,0.025447831911543813,0.0,0.0,0.0036458333333333334,8,30,24,moderate_d25_balanced_travel_aware_hybrid,moderate,25,balanced,travel_aware_hybrid,26
11731,11728,8369,4692,4692,3517,141,11587,2,2,1636.8559095800144,678.0355868632428,615326.5905824762,1052882.5328915117,1702744.7919023435,34535.66842835138,17218,444861.8513497313,20,0.0,2155.920123290584,66.52594299604999,0,0,67,0.0,469.0,349,812.0355868632419,9061.297850300174,28121.992170857746,270169.8087977427,777.217369204669,0,0,0,20261147,078715592cd35984,travel_aware_hybrid,2,1.0,0.98,3,0,0.7135914051841746,0.7136646492200154,0.7495737425404945,89.77511365036764,145.1862885319188,958.8203227167717,323792.5203882279,319116.82388314046,5318.613731385674,13.533926447720697,4502.830146629045,12.953622820077817,80.57877412853222,496.0,0.6373291662318237,25.837022380632554,0.0,0.02495277920475213,0.0,0.0,0.00542824074074074,8,30,24,moderate_d25_balanced_travel_aware_hybrid,moderate,25,balanced,travel_aware_hybrid,27
11047,11045,7756,4371,4369,3238,136,10909,2,2,1634.1510043588223,659.9135693430563,576157.6600513175,1019625.8948635202,1629363.707988511,33580.15307367919,16269,416045.9656214685,19,0.0,2137.8519020778854,66.44320039838935,0,0,68,0.0,476.0,340,795.913569343055,9141.806292861316,27290.341092824565,253987.38718849103,794.3936856089074,0,0,0,20261148,078715592cd35984,travel_aware_hybrid,2,1.0,0.98,2,2,0.7022181982797646,0.7022721100751336,0.7412491420727523,92.31560840774289,147.52048057840753,974.237435015766,361816.60044477734,357721.61326684896,5962.026887780816,13.265226155717583,4233.123119808184,13.239894760148456,80.26570909654284,496.0,0.5947394708279823,25.572927999352665,0.0,0.0247436562740496,0.0,0.0,0.005509259259259259,8,30,24,moderate_d25_balanced_travel_aware_hybrid,moderate,25,balanced,travel_aware_hybrid,28
10180,10180,6598,3980,3980,2766,105,10075,3,3,1253.1622194845415,524.460102417007,496967.69416249916,889386.8525228963,1414840.0815098605,28485.53482447705,15069,346325.86148835404,15,0.0,1686.802813213066,50.42334097922726,0,0,45,0.0,315.0,255,614.4601024170069,6429.953793952415,23187.87022463693,214481.0250319279,577.464547273095,0,0,0,20261149,078715592cd35984,travel_aware_hybrid,2,1.0,0.98,0,0,0.6481335952848722,0.6481335952848722,0.6949748743718593,87.36609553270101,138.98232627798237,728.7021170675346,433591.7307343987,428715.1214266686,7145.25202377781,10.241001706950113,3574.6837505321314,9.624409121218251,90.9328244103409,496.0,0.5143461797329764,22.982670481674567,0.0,0.01952318070848456,0.0,0.0,0.0036458333333333334,8,30,24,moderate_d25_balanced_travel_aware_hybrid,moderate,25,balanced,travel_aware_hybrid,29
10920,10917,7313,9159,9157,6070,0,10917,0,0,0.0,0.0,558177.0036796203,891897.0071909475,1450074.0108705596,0.0,15797,393191.9574589777,0,0.0,0.0,0.0,0,0,0,0.0,0.0,0,0.0,0.0,0.0,238140.93464391612,0.0,0,0,0,20261120,1061c5b7a3f8769a,human_only,0,1.0,0.98,3,2,0.6698726756434918,0.6699633699633699,0.6629544710121192,81.6979946130757,132.82715131176693,0.0,386269.5388810184,381536.92089511687,6358.9486815852815,0.0,3969.015577398602,0.0,0.0,496.0,0.5673504268805798,24.890292932770635,0.0,0.0,0.0,0.0,0.0,8,30,24,moderate_d45_source_human_only,moderate,45,source,human_only,0
10819,10818,7001,9148,9147,5865,0,10818,0,0,0.0,0.0,544528.5321682369,873816.6141891207,1418345.1463573505,0.0,15750,380267.52856065304,0,0.0,0.0,0.0,0,0,0,0.0,0.0,0,0.0,0.0,0.0,233660.0486247994,0.0,0,0,0,20261121,1061c5b7a3f8769a,human_only,0,1.0,0.98,1,1,0.6471621371787761,0.6471947499768925,0.6412330564057718,80.77432188843785,131.10973806224354,0.0,402579.8064690499,397800.56867444987,6630.009477907498,0.0,3894.334143746657,0.0,0.0,496.0,0.5490817579871753,24.14397006734305,0.0,0.0,0.0,0.0,0.0,8,30,24,moderate_d45_source_human_only,moderate,45,source,human_only,1
12518,12517,9097,10552,10552,7639,0,12517,0,0,0.0,0.0,683543.1220568394,1045256.6742048401,1728799.796261655,0.0,18220,492123.680795556,0,0.0,0.0,0.0,0,0,0,0.0,0.0,0,0.0,0.0,0.0,295218.92440522934,0.0,0,0,0,20261122,1061c5b7a3f8769a,human_only,0,1.0,0.98,1,0,0.726771590636734,0.7267934174788305,0.7239385898407885,83.5069644647152,138.1161457427223,0.0,277545.3634097949,272458.440409243,4540.974006820717,0.0,4920.315406753823,0.0,0.0,496.0,0.6891292972560541,27.010081273082108,0.0,0.0,0.0,0.0,0.0,8,30,24,moderate_d45_source_human_only,moderate,45,source,human_only,2
10389,10387,6588,8735,8733,5495,0,10387,0,0,0.0,0.0,511717.5601736663,770293.7280406967,1282011.2882143434,0.0,15019,354416.44229165197,0,0.0,0.0,0.0,0,0,0,0.0,0.0,0,0.0,0.0,0.0,217563.29321126427,0.0,0,0,0,20261123,1061c5b7a3f8769a,human_only,0,1.0,0.98,2,2,0.6342543564070473,0.6343247665800366,0.6293073840870063,74.15940387414044,123.42459692060685,0.0,428608.99252316554,424088.10019731877,7068.135003288646,0.0,3626.0548868544047,0.0,0.0,496.0,0.5199272037150924,23.597872181347093,0.0,0.0,0.0,0.0,0.0,8,30,24,moderate_d45_source_human_only,moderate,45,source,human_only,3
10405,10403,6656,8736,8734,5533,0,10403,0,0,0.0,0.0,516158.77780389914,820181.3459981787,1336340.1238020763,0.0,15085,358503.64696603466,0,0.0,0.0,0.0,0,0,0,0.0,0.0,0,0.0,0.0,0.0,220837.44600269225,0.0,0,0,0,20261124,1061c5b7a3f8769a,human_only,0,1.0,0.98,2,2,0.639815437854465,0.639884670831331,0.6335851648351648,78.84084840893769,128.45718771528178,0.0,425338.6242470384,420839.84769755445,7013.997461625908,0.0,3680.624100044871,0.0,0.0,496.0,0.5235902506193566,23.76557155890187,0.0,0.0,0.0,0.0,0.0,8,30,24,moderate_d45_source_human_only,moderate,45,source,human_only,4
11041,11039,7266,9270,9268,6073,0,11039,0,0,0.0,0.0,563742.1443615026,773086.8669019012,1336829.011263389,0.0,15998,397009.69511184527,0,0.0,0.0,0.0,0,0,0,0.0,0.0,0,0.0,0.0,0.0,241143.89085759956,0.0,0,0,0,20261125,1061c5b7a3f8769a,human_only,0,1.0,0.98,2,2,0.6582117945466075,0.6582737070917489,0.6553398058252428,70.03232782877988,121.10055360661191,0.0,380656.67070274963,376114.4339614808,6268.5738993580135,0.0,4019.0648476266592,0.0,0.0,496.0,0.5736372415963826,24.81620797048664,0.0,0.0,0.0,0.0,0.0,8,30,24,moderate_d45_source_human_only,moderate,45,source,human_only,5
11828,11827,8541,10005,10004,7200,0,11827,0,0,0.0,0.0,634061.2916120674,1104816.839340442,1738878.1309524956,0.0,17298,453729.04199064407,0,0.0,0.0,0.0,0,0,0,0.0,0.0,0,0.0,0.0,0.0,273451.3590210404,0.0,0,0,0,20261126,1061c5b7a3f8769a,human_only,0,1.0,0.98,1,1,0.7221611566754037,0.7221846466012851,0.7197401299350324,93.41479997805378,147.02613773167292,0.0,320551.0460407628,316285.25494852103,5271.420915808684,0.0,4557.522650350673,0.0,0.0,496.0,0.6409598498647371,26.230144640458093,0.0,0.0,0.0,0.0,0.0,8,30,24,moderate_d45_source_human_only,moderate,45,source,human_only,6
11430,11426,7598,9643,9641,6357,0,11426,0,0,0.0,0.0,579890.3657474903,937974.6416134996,1517865.0073609888,0.0,16537,406886.3262975449,0,0.0,0.0,0.0,0,0,0,0.0,0.0,0,0.0,0.0,0.0,247231.30700564757,0.0,0,0,0,20261127,1061c5b7a3f8769a,human_only,0,1.0,0.98,4,2,0.6649746192893401,0.6650918635170604,0.6594420823395208,82.0912516728076,132.84307783659975,0.0,370094.05272862955,365086.3689805487,6084.772816342478,0.0,4120.52178342746,0.0,0.0,496.0,0.5854681309043128,24.604603392244353,0.0,0.0,0.0,0.0,0.0,8,30,24,moderate_d45_source_human_only,moderate,45,source,human_only,7
11393,11393,7687,9621,9621,6458,0,11393,0,0,0.0,0.0,580884.8481323012,994736.8460201555,1575621.694152446,0.0,16533,408174.43042003654,0,0.0,0.0,0.0,0,0,0,0.0,0.0,0,0.0,0.0,0.0,249628.16622960826,0.0,0,0,0,20261128,1061c5b7a3f8769a,human_only,0,1.0,0.98,0,0,0.6747125427894322,0.6747125427894322,0.671239995842428,87.31123023085715,138.2973487362807,0.0,365994.92677801824,361174.221259405,6019.570354323417,0.0,4160.469437160138,0.0,0.0,496.0,0.5900594458131516,24.688467333214575,0.0,0.0,0.0,0.0,0.0,8,30,24,moderate_d45_source_human_only,moderate,45,source,human_only,8
11998,11996,8593,10141,10140,7209,0,11996,0,0,0.0,0.0,636473.3263654032,1096610.4561523432,1733083.7825177435,0.0,17511,453628.83099691843,0,0.0,0.0,0.0,0,0,0,0.0,0.0,0,0.0,0.0,0.0,273819.05975851166,0.0,0,0,0,20261129,1061c5b7a3f8769a,human_only,0,1.0,0.98,2,1,0.716322107369123,0.7163693948991499,0.7109752489892516,91.41467623810797,144.47180581174922,0.0,315128.06387779326,310214.3867336244,5170.23977889374,0.0,4563.650995975195,0.0,0.0,496.0,0.647033978631504,25.905364113809515,0.0,0.0,0.0,0.0,0.0,8,30,24,moderate_d45_source_human_only,moderate,45,source,human_only,9
10742,10742,7063,9026,9026,5863,0,10742,0,0,0.0,0.0,542461.6578599291,905301.9861449916,1447763.6440049035,0.0,15667,378751.1770549892,0,0.0,0.0,0.0,0,0,0,0.0,0.0,0,0.0,0.0,0.0,231413.3739625265,0.0,0,0,0,20261130,1061c5b7a3f8769a,human_only,0,1.0,0.98,0,0,0.6575125674920871,0.6575125674920871,0.6495679149124751,84.27685590625504,134.77598622276145,0.0,404785.2982528013,400346.8422976213,6672.447371627021,0.0,3856.8895660421085,0.0,0.0,496.0,0.5466114490896044,24.175092682389046,0.0,0.0,0.0,0.0,0.0,8,30,24,moderate_d45_source_human_only,moderate,45,source,human_only,10
9340,9335,5408,7811,7808,4442,0,9335,0,0,0.0,0.0,436133.08160606044,681647.5062493437,1117780.5878553956,0.0,13577,293955.30972631153,0,0.0,0.0,0.0,0,0,0,0.0,0.0,0,0.0,0.0,0.0,185102.42230866157,0.0,0,0,0,20261131,1061c5b7a3f8769a,human_only,0,1.0,0.98,5,3,0.5793251205141939,0.5795503211991435,0.5690692612981693,73.02062198707485,119.74082355172958,0.0,495413.3216304347,490896.0815401381,8181.601359002302,0.0,3085.040371811026,0.0,0.0,496.0,0.44510156627415465,21.650976631532117,0.0,0.0,0.0,0.0,0.0,8,30,24,moderate_d45_source_human_only,moderate,45,source,human_only,11
10130,10130,6180,8463,8463,5121,0,10130,0,0,0.0,0.0,495523.31202045904,725853.1389527911,1221376.450973246,0.0,14679,342054.3791593635,0,0.0,0.0,0.0,0,0,0,0.0,0.0,0,0.0,0.0,0.0,208602.9802031597,0.0,0,0,0,20261132,1061c5b7a3f8769a,human_only,0,1.0,0.98,0,0,0.6100691016781836,0.6100691016781836,0.6051045728465083,71.65381430925875,120.57023208028095,0.0,446961.7028137279,441974.6181598597,7366.243635997661,0.0,3476.7163367193284,0.0,0.0,496.0,0.49937085258319003,23.302294376957796,0.0,0.0,0.0,0.0,0.0,8,30,24,moderate_d45_source_human_only,moderate,45,source,human_only,12
9975,9974,6025,8353,8352,5014,0,9974,0,0,0.0,0.0,468133.1971832401,735538.8638340475,1203672.0610172793,0.0,14496,316826.94208124315,0,0.0,0.0,0.0,0,0,0,0.0,0.0,0,0.0,0.0,0.0,199030.90058165428,0.0,0,0,0,20261133,1061c5b7a3f8769a,human_only,0,1.0,0.98,1,1,0.6040705835171446,0.604110275689223,0.6003830958936909,73.74562500842666,120.68097664099452,0.0,464764.95156147704,460121.9960390475,7668.699933984125,0.0,3317.1816763609045,0.0,0.0,496.0,0.4794299377671628,21.856163223043815,0.0,0.0,0.0,0.0,0.0,8,30,24,moderate_d45_source_human_only,moderate,45,source,human_only,13
11917,11915,8402,10055,10053,7064,0,11915,0,0,0.0,0.0,627937.1866443356,965884.2393386775,1593821.4259829968,0.0,17276,447878.4571077787,0,0.0,0.0,0.0,0,0,0,0.0,0.0,0,0.0,0.0,0.0,269659.75256985624,0.0,0,0,0,20261134,1061c5b7a3f8769a,human_only,0,1.0,0.98,2,2,0.7051615610574905,0.705211043047747,0.7027349577324714,81.0645605823481,133.76596105606353,0.0,322009.3266390757,317046.2121731389,5284.103536218982,0.0,4494.329209497604,0.0,0.0,496.0,0.639326471058383,25.92489332645165,0.0,0.0,0.0,0.0,0.0,8,30,24,moderate_d45_source_human_only,moderate,45,source,human_only,14
10733,10732,6727,8993,8992,5570,0,10732,0,0,0.0,0.0,533455.7057806508,711868.896058185,1245324.6018388264,0.0,15412,371228.6457153619,0,0.0,0.0,0.0,0,0,0,0.0,0.0,0,0.0,0.0,0.0,227626.09152461952,0.0,0,0,0,20261135,1061c5b7a3f8769a,human_only,0,1.0,0.98,1,1,0.6268169959001119,0.6268517655827821,0.6194818191927054,66.33142900281261,116.03844594100134,0.0,409814.124451413,404391.0277671684,6739.85046278614,0.0,3793.768192076992,0.0,0.0,496.0,0.540978803257826,24.086987134399294,0.0,0.0,0.0,0.0,0.0,8,30,24,moderate_d45_source_human_only,moderate,45,source,human_only,15
10624,10623,6948,9011,9011,5821,0,10623,0,0,0.0,0.0,523125.7231371125,916612.28106332,1439738.0042004273,0.0,15499,362142.58217567316,0,0.0,0.0,0.0,0,0,0,0.0,0.0,0,0.0,0.0,0.0,222166.250855829,0.0,0,0,0,20261136,1061c5b7a3f8769a,human_only,0,1.0,0.98,1,0,0.6540525275345948,0.6540850903614458,0.6459882365997115,86.28563316043679,135.53026491578908,0.0,419486.6302117191,415102.83755792526,6918.380625965421,0.0,3702.7708475971504,0.0,0.0,496.0,0.5301449034366945,23.365545014237895,0.0,0.0,0.0,0.0,0.0,8,30,24,moderate_d45_source_human_only,moderate,45,source,human_only,16
11146,11146,7411,9396,9396,6161,0,11146,0,0,0.0,0.0,559726.7934078543,974107.0037154845,1533833.7971233148,0.0,16134,390696.8626022332,0,0.0,0.0,0.0,0,0,0,0.0,0.0,0,0.0,0.0,0.0,238698.84257034876,0.0,0,0,0,20261137,1061c5b7a3f8769a,human_only,0,1.0,0.98,0,0,0.6649022070698009,0.6649022070698009,0.6557045551298425,87.39520937694998,137.61293711854609,0.0,386327.4611156874,381175.7780772306,6352.92963462051,0.0,3978.314042839146,0.0,0.0,496.0,0.567285549825619,24.215747031252832,0.0,0.0,0.0,0.0,0.0,8,30,24,moderate_d45_source_human_only,moderate,45,source,human_only,17
11582,11582,8057,9757,9757,6755,0,11582,0,0,0.0,0.0,614997.0278289842,901432.03568259,1516429.063511555,0.0,16835,438411.97578990186,0,0.0,0.0,0.0,0,0,0,0.0,0.0,0,0.0,0.0,0.0,265362.037886514,0.0,0,0,0,20261138,1061c5b7a3f8769a,human_only,0,1.0,0.98,0,0,0.69564841996201,0.69564841996201,0.6923234600799426,77.83042960478242,130.92981035326844,0.0,333895.48902811116,329190.1301968868,5486.502169948113,0.0,4422.7006314418995,0.0,0.0,496.0,0.6260131171280117,26.041697403617572,0.0,0.0,0.0,0.0,0.0,8,30,24,moderate_d45_source_human_only,moderate,45,source,human_only,18
10459,10457,6721,8766,8764,5628,0,10457,0,0,0.0,0.0,515644.0840503552,827515.781664015,1343159.8657143575,0.0,15248,357404.4132963354,0,0.0,0.0,0.0,0,0,0,0.0,0.0,0,0.0,0.0,0.0,219687.29936446596,0.0,0,0,0,20261139,1061c5b7a3f8769a,human_only,0,1.0,0.98,2,2,0.6427273596633833,0.6427956783631322,0.6422541638147388,79.13510391737736,128.44600418039184,0.0,424094.44131795637,419576.6561031146,6992.944268385243,0.0,3661.454989407766,0.0,0.0,496.0,0.5249838246886689,23.439428993726086,0.0,0.0,0.0,0.0,0.0,8,30,24,moderate_d45_source_human_only,moderate,45,source,human_only,19
11676,11676,7880,9844,9844,6558,0,11676,0,0,0.0,0.0,611183.4300311224,865666.6222799687,1476850.0523110789,0.0,16890,435459.5238013939,0,0.0,0.0,0.0,0,0,0,0.0,0.0,0,0.0,0.0,0.0,261727.71665706974,0.0,0,0,0,20261140,1061c5b7a3f8769a,human_only,0,1.0,0.98,0,0,0.6748886605001713,0.6748886605001713,0.6661926046322633,74.14068364850708,126.48595857409035,0.0,342398.23634295695,337300.4497615132,5621.6741626918865,0.0,4362.128610951162,0.0,0.0,496.0,0.6164894306194478,25.782091403279686,0.0,0.0,0.0,0.0,0.0,8,30,24,moderate_d45_source_human_only,moderate,45,source,human_only,20
10787,10785,6855,9060,9058,5709,0,10785,0,0,0.0,0.0,528890.5445441467,854240.5971944904,1383131.141738627,0.0,15540,366914.8644585559,0,0.0,0.0,0.0,0,0,0,0.0,0.0,0,0.0,0.0,0.0,225921.23336154767,0.0,0,0,0,20261141,1061c5b7a3f8769a,human_only,0,1.0,0.98,2,2,0.6356050069541029,0.6356725688328544,0.6303532008830022,79.20636042600745,128.2458175001045,0.0,413852.86128954525,409045.4320398414,6817.423867330691,0.0,3765.3538893591276,0.0,0.0,496.0,0.5364551284839323,23.61099513890321,0.0,0.0,0.0,0.0,0.0,8,30,24,moderate_d45_source_human_only,moderate,45,source,human_only,21
11445,11443,7927,9600,9599,6600,0,11443,0,0,0.0,0.0,590564.6694539598,1103727.5334751213,1694292.2029290642,0.0,16792,415379.65678158274,0,0.0,0.0,0.0,0,0,0,0.0,0.0,0,0.0,0.0,0.0,252037.1240924597,0.0,0,0,0,20261142,1061c5b7a3f8769a,human_only,0,1.0,0.98,2,1,0.6927379183780478,0.6927916120576671,0.6876041666666667,96.45438551735745,148.06363741405787,0.0,358075.95095896674,353885.7515814287,5898.095859690478,0.0,4200.618734874329,0.0,0.0,496.0,0.5989292663990068,24.7367589793701,0.0,0.0,0.0,0.0,0.0,8,30,24,moderate_d45_source_human_only,moderate,45,source,human_only,22
10468,10468,6527,8859,8859,5472,0,10468,0,0,0.0,0.0,509515.9701913066,769042.5101127755,1278558.4803040747,0.0,15152,351191.323473419,0,0.0,0.0,0.0,0,0,0,0.0,0.0,0,0.0,0.0,0.0,216416.30600895028,0.0,0,0,0,20261143,1061c5b7a3f8769a,human_only,0,1.0,0.98,0,0,0.6235192969048529,0.6235192969048529,0.6176769387064003,73.46604032410923,122.13970962018291,0.0,430865.8754531368,425586.08033168624,7093.101338861437,0.0,3606.938433482505,0.0,0.0,496.0,0.5173993330498019,23.177885656904632,0.0,0.0,0.0,0.0,0.0,8,30,24,moderate_d45_source_human_only,moderate,45,source,human_only,23
11959,11958,8555,10031,10030,7166,0,11958,0,0,0.0,0.0,642901.3228983842,1039730.5156406403,1682631.838539012,0.0,17311,462050.12791716214,0,0.0,0.0,0.0,0,0,0,0.0,0.0,0,0.0,0.0,0.0,276089.4746378614,0.0,0,0,0,20261144,1061c5b7a3f8769a,human_only,0,1.0,0.98,1,1,0.7154206389028266,0.7154444351534409,0.7144850962017745,86.9485294899348,140.7118112175123,0.0,313318.76094379165,308420.8607089727,5140.347678482878,0.0,4601.491243964357,0.0,0.0,496.0,0.6490605276167208,26.691128641740058,0.0,0.0,0.0,0.0,0.0,8,30,24,moderate_d45_source_human_only,moderate,45,source,human_only,24
10658,10656,7129,8952,8950,5936,0,10656,0,0,0.0,0.0,536498.4385818441,1035045.7677086809,1571544.2062905042,0.0,15764,374117.046947585,0,0.0,0.0,0.0,0,0,0,0.0,0.0,0,0.0,0.0,0.0,230182.99977556692,0.0,0,0,0,20261145,1061c5b7a3f8769a,human_only,0,1.0,0.98,2,2,0.6690127627627628,0.6690748733345844,0.6633154602323503,97.13267339608493,147.47974908882358,0.0,408096.6602543804,404080.0482219632,6734.667470366054,0.0,3836.383329592782,0.0,0.0,496.0,0.5429024862742156,23.732367860161446,0.0,0.0,0.0,0.0,0.0,8,30,24,moderate_d45_source_human_only,moderate,45,source,human_only,25
11411,11411,8008,9622,9622,6725,0,11411,0,0,0.0,0.0,588952.6095367544,1095739.388940339,1684691.9984770855,0.0,16650,414453.7309031796,0,0.0,0.0,0.0,0,0,0,0.0,0.0,0,0.0,0.0,0.0,254680.32763210256,0.0,0,0,0,20261146,1061c5b7a3f8769a,human_only,0,1.0,0.98,0,0,0.7017789851897293,0.7017789851897293,0.6989191436291832,96.02483471565498,147.63754258847476,0.0,358871.10398827994,354521.1431151475,5908.685718585792,0.0,4244.672127201709,0.0,0.0,496.0,0.5980386380059588,24.892115970160937,0.0,0.0,0.0,0.0,0.0,8,30,24,moderate_d45_source_human_only,moderate,45,source,human_only,26
11731,11727,8252,9831,9828,6871,0,11727,0,0,0.0,0.0,620035.0756166058,994707.8909711969,1614742.9665877873,0.0,16992,441743.68811480835,0,0.0,0.0,0.0,0,0,0,0.0,0.0,0,0.0,0.0,0.0,266897.1908126057,0.0,0,0,0,20261147,1061c5b7a3f8769a,human_only,0,1.0,0.98,4,3,0.7036752792700606,0.7037763191543773,0.699216763299766,84.82202532371424,137.6944629136,0.0,331637.0899180357,326976.50086437044,5449.608347739507,0.0,4448.286513543429,0.0,0.0,496.0,0.6285426860237056,25.99715678641763,0.0,0.0,0.0,0.0,0.0,8,30,24,moderate_d45_source_human_only,moderate,45,source,human_only,27
11047,11046,7623,9294,9294,6335,0,11046,0,0,0.0,0.0,578707.6255854093,947090.5660942545,1525798.1916796614,0.0,16050,411136.1266680394,0,0.0,0.0,0.0,0,0,0,0.0,0.0,0,0.0,0.0,0.0,248937.01620923454,0.0,0,0,0,20261148,1061c5b7a3f8769a,human_only,0,1.0,0.98,1,0,0.6901140684410646,0.690142120032588,0.6816225521842049,85.74059081063322,138.13128659059038,0.0,369503.1536719838,365324.9154511278,6088.74859085213,0.0,4148.950270153909,0.0,0.0,496.0,0.5861299802061113,25.615958047852924,0.0,0.0,0.0,0.0,0.0,8,30,24,moderate_d45_source_human_only,moderate,45,source,human_only,28
10180,10180,6394,8580,8580,5332,0,10180,0,0,0.0,0.0,498224.2902483863,834309.7848206612,1332534.075069037,0.0,14894,343083.1945331141,0,0.0,0.0,0.0,0,0,0,0.0,0.0,0,0.0,0.0,0.0,212034.59989535625,0.0,0,0,0,20261149,1061c5b7a3f8769a,human_only,0,1.0,0.98,0,0,0.6280943025540275,0.6280943025540275,0.6214452214452214,81.95577454034,130.89725688300953,0.0,440912.01060350717,436182.3482746917,7269.705804578195,0.0,3533.9099982559374,0.0,0.0,496.0,0.5061469415283297,23.03499359024534,0.0,0.0,0.0,0.0,0.0,8,30,24,moderate_d45_source_human_only,moderate,45,source,human_only,29
10920,10917,7398,9159,9157,6147,164,10753,3,3,1151.9902248772187,655.5786784207733,551737.8600704485,958776.0130472081,1541496.2832289806,30982.41011133412,16109,403887.74054054474,18,0.0,1913.7796891660473,56.377320882054356,0,0,163,0.0,1141.0,491,981.5786784207708,11881.14799448781,26376.86252211935,245388.2157454974,925.0029435564493,0,0,0,20261120,260b01f83be3aa81,adaptive_hybrid,2,1.0,0.98,3,2,0.6776586974443528,0.6777472527472528,0.6713615023474179,87.82412870268463,141.20145490784836,496.4115464564454,378988.7329423706,374003.17288073944,6233.386214678991,16.35964464034618,4089.80359575829,15.416715725940822,53.72069760105774,496.0,0.5755054514534379,25.07217956052795,0.0,0.022150227883866287,0.0,0.0,0.013206018518518518,8,30,24,moderate_d45_source_adaptive_hybrid,moderate,45,source,adaptive_hybrid,0
10819,10818,7044,9148,9147,5901,158,10660,7,7,1114.8404773865032,683.2464384759143,535419.1302663042,921747.234138766,1487068.711632886,29902.34722783018,16047,387702.8102770428,17,0.0,1805.0182723390787,55.421339621666604,0,0,158,0.0,1106.0,474,999.2464384759111,11489.061756802144,25422.535300514894,239888.32059501985,924.4592567859236,0,0,0,20261121,260b01f83be3aa81,adaptive_hybrid,2,1.0,0.98,1,1,0.6511369938990571,0.6511692393012293,0.645168342807171,85.20495786085839,137.46244330124662,431.5940389105889,398046.18508324603,393004.88402923563,6550.081400487261,16.654107307931852,3998.138676583664,15.407654279765392,53.634040718385855,496.0,0.554159738930056,24.160454307786054,0.0,0.020891415189109707,0.0,0.0,0.012800925925925926,8,30,24,moderate_d45_source_adaptive_hybrid,moderate,45,source,adaptive_hybrid,1
12518,12518,9125,10552,10552,7658,201,12317,5,5,1376.546892189033,828.4162129250547,672957.6087291028,1097135.9740409523,1807377.6817708584,37284.09900082003,18505,504489.1646133856,21,0.0,2219.0091666931366,67.61338814827361,0,0,200,0.0,1400.0,602,1228.4162129250508,15813.260626689222,32830.14559219513,302269.38413623895,1098.3719310679262,0,0,0,20261122,260b01f83be3aa81,adaptive_hybrid,2,1.0,0.98,0,0,0.728950311551366,0.728950311551366,0.7257391963608795,87.64466959905354,144.3823040238743,548.1306792639784,272581.61829326994,267463.88431029225,4457.7314051715375,20.473603548750848,5037.823068937316,18.306198851132102,54.535125568430445,496.0,0.6946890476105847,27.262316380080282,0.0,0.02568297646635575,0.0,0.0,0.016203703703703703,8,30,24,moderate_d45_source_adaptive_hybrid,moderate,45,source,adaptive_hybrid,2
10389,10387,6644,8735,8733,5544,147,10240,3,3,1033.8089435825934,622.8374863588596,504892.5831482609,797338.1403377749,1328951.8246652565,26721.10117923381,15271,363774.3723807651,16,0.0,1714.2314258452566,51.930899425232305,0,0,146,0.0,1022.0,440,914.8374863588564,11256.59664761842,23569.40200310103,224026.08672017895,841.8850877407709,0,0,0,20261123,260b01f83be3aa81,adaptive_hybrid,2,1.0,0.98,2,2,0.639645710984885,0.6397150832611416,0.6349170005724099,76.76308273204725,127.94375899347806,410.97145722373386,424504.8076931579,420039.8535279535,7000.664225465892,15.247291439314273,3733.7681120029824,14.031418129012849,53.566822734320525,496.0,0.5245241849314988,23.821254166771336,0.0,0.019840641502838617,0.0,0.0,0.011828703703703704,8,30,24,moderate_d45_source_adaptive_hybrid,moderate,45,source,adaptive_hybrid,3
10405,10402,6705,8736,8733,5569,148,10254,2,2,1059.0406927381607,626.8945273815667,507163.93468574836,882156.2992475128,1417398.7719410835,28078.53800783172,15424,365636.2830786016,17,0.0,1788.8085000057083,53.394657209792946,0,0,147,0.0,1029.0,443,920.8945273815648,10967.33674994652,23888.244097808398,227427.55414279137,929.6101886864869,0,0,0,20261124,260b01f83be3aa81,adaptive_hybrid,2,1.0,0.98,3,3,0.6445875793116709,0.6446900528592023,0.6378205128205128,84.80641215607699,136.26213919833526,432.146165356594,420019.01547950704,415138.57735336036,6918.976289222673,15.348242123026079,3790.4592357131896,15.493503144774783,53.92380157518826,496.0,0.5295485937729536,23.705671880096055,0.0,0.020703802083399402,0.0,0.0,0.011909722222222223,8,30,24,moderate_d45_source_adaptive_hybrid,moderate,45,source,adaptive_hybrid,4
11041,11038,7327,9270,9267,6128,164,10874,2,2,1118.97881230505,658.2372047075456,555975.5761268459,814214.7980525037,1399830.6496706412,29640.275491306962,16279,407947.5891039498,17,0.0,1822.2078906170566,56.630877311486344,0,0,161,0.0,1127.0,489,980.2372047075442,12811.073957106717,25403.00115255288,248433.27513889284,960.8334136706465,0,0,0,20261125,260b01f83be3aa81,adaptive_hybrid,2,1.0,0.98,3,3,0.6637977894546113,0.6638891404764061,0.6613807982740022,73.76470357424385,126.81922899715902,460.7416075975044,375072.45691862545,370006.8574398718,6166.780957331197,16.337286745125734,4140.554585648214,16.013890227844108,51.94887761258258,496.0,0.5798919613366651,25.059745015292695,0.0,0.02109036910436408,0.0,0.0,0.013043981481481481,8,30,24,moderate_d45_source_adaptive_hybrid,moderate,45,source,adaptive_hybrid,5
11828,11827,8623,10005,10004,7261,189,11638,3,3,1301.6573796514272,827.2303596440594,625268.37018146,1147555.1334490413,1809230.1261019688,36406.62247147314,17649,465145.04147659364,20,0.0,2134.674320899033,64.18538207267315,0,0,189,0.0,1323.0,567,1205.2303596440547,14116.948816219036,32045.84910068552,281719.48515070346,1069.250880361937,0,0,0,20261126,260b01f83be3aa81,adaptive_hybrid,2,1.0,0.98,1,1,0.7290944449141794,0.7291173486641866,0.7258370814592704,97.02842085474265,152.9745604212369,474.4270200073678,315546.53530280653,311353.3977217466,5189.223295362443,20.087172660734247,4695.324752511724,17.820848006032286,56.51825238216141,496.0,0.6465652606375375,26.355319931814474,0.0,0.024706878714109176,0.0,0.0,0.0153125,8,30,24,moderate_d45_source_adaptive_hybrid,moderate,45,source,adaptive_hybrid,6
11430,11428,7642,9643,9642,6397,173,11255,2,2,1165.9130897722268,677.4695237442438,566653.1838211792,993391.57379339,1592925.869248677,32881.11163412341,16835,411867.70075964724,18,0.0,1915.6422800802495,60.07530631939611,0,0,173,0.0,1211.0,519,1023.4695237442403,12993.470726830554,28367.45940074772,253116.04620754498,1060.276894606168,0,0,0,20261127,260b01f83be3aa81,adaptive_hybrid,2,1.0,0.98,2,1,0.668708435421771,0.6687664041994751,0.6634864668671575,86.92610901237224,139.38798295840715,488.443566027983,366796.30206793256,361728.50891749194,6028.808481958199,17.05782539573734,4218.6007701257495,17.671281576769466,54.65791792051584,496.0,0.5891618480421903,24.464965890088937,0.0,0.02217178564907696,0.0,0.0,0.014016203703703704,8,30,24,moderate_d45_source_adaptive_hybrid,moderate,45,source,adaptive_hybrid,7
11393,11393,7736,9621,9621,6488,167,11226,3,3,1130.3269873520192,673.35375440829,572196.3118735728,1027361.4148194701,1631433.1469920827,31875.420299038888,16758,417414.6709017396,18,0.0,1952.037925433298,58.4845803974477,0,0,166,0.0,1162.0,500,1005.3537544082867,12437.555248440836,27713.97390928033,255611.94301673424,1008.137909372912,0,0,0,20261128,260b01f83be3aa81,adaptive_hybrid,2,1.0,0.98,0,0,0.6790134292986921,0.6790134292986921,0.6743581748259017,90.17479283941633,143.19609821750925,456.97323294372916,361581.2687479925,356490.6005872695,5941.510009787826,16.755895906804778,4260.199050278904,16.802298489548534,55.427947818560654,496.0,0.5950030591980371,24.908382318996278,0.0,0.022593031544366874,0.0,0.0,0.013449074074074073,8,30,24,moderate_d45_source_adaptive_hybrid,moderate,45,source,adaptive_hybrid,8
11998,11997,8667,10141,10140,7276,180,11817,4,4,1280.9473838395293,755.8823602335281,629126.1187343439,1170074.8167060383,1834421.1610083408,35220.22556796751,17817,466441.77350692486,20,0.0,2125.5237252299876,63.56961624262067,0,0,180,0.0,1260.0,540,1115.8823602335242,14111.757136254766,30186.72251467415,281320.42362128536,1095.144981584421,0,0,0,20261129,260b01f83be3aa81,adaptive_hybrid,2,1.0,0.98,1,1,0.722430607651913,0.7224537422903817,0.7175820924958091,97.53061737984815,152.90665674821545,525.0650236060012,309645.0406838862,304780.19528875867,5079.669921479311,18.598039337225405,4688.673727021423,18.252416359740348,55.901337990137314,496.0,0.6531753576569375,26.179591037039057,0.0,0.024600969042013743,0.0,0.0,0.014583333333333334,8,30,24,moderate_d45_source_adaptive_hybrid,moderate,45,source,adaptive_hybrid,9
10742,10742,7124,9026,9026,5925,151,10591,4,4,1046.4070531618195,637.7049800915489,531132.8378763186,954186.4102582816,1515294.008335124,29974.76020053303,15933,384020.04903299874,17,0.0,1804.1840385094708,53.22926111950504,0,0,149,0.0,1043.0,451,935.7049800915463,11529.089519989198,25927.67783794005,236326.00934819342,926.7002278065896,0,0,0,20261130,260b01f83be3aa81,adaptive_hybrid,2,1.0,0.98,0,0,0.6631912120647924,0.6631912120647924,0.6564369598936406,88.82763081905433,141.06255895877155,408.70207307027056,400570.00637855375,395859.29379231174,6597.654896538529,15.595083001525772,3938.7668224698905,15.445003796776493,57.48930784465643,496.0,0.551332878160222,24.10218094727915,0.0,0.020881759704970727,0.0,0.0,0.01207175925925926,8,30,24,moderate_d45_source_adaptive_hybrid,moderate,45,source,adaptive_hybrid,10
9340,9335,5427,7811,7807,4466,123,9212,2,2,846.602678438929,498.89184339172846,428257.3881265248,712886.3433105443,1163591.2704814698,22447.539044413505,13799,299838.44030479144,13,0.0,1364.5614481985685,42.83402612873669,0,0,123,0.0,861.0,369,744.8918433917272,9296.760360529099,19605.30158377222,189505.41862728834,737.4592008910206,0,0,0,20261131,260b01f83be3aa81,adaptive_hybrid,2,1.0,0.98,5,4,0.5813604713444028,0.5815845824411134,0.5722698758161567,76.36704266851036,124.64823465254095,347.7108350472006,493126.17662395287,488666.20995167893,8144.436832527982,12.414864056528787,3158.423643788139,12.29098668151701,53.130898601008724,496.0,0.44766333263446134,21.728997775548333,0.0,0.015793535280076026,0.0,0.0,0.009965277777777778,8,30,24,moderate_d45_source_adaptive_hybrid,moderate,45,source,adaptive_hybrid,11
10130,10130,6282,8463,8463,5217,143,9987,7,7,1039.6274870493696,632.5525973128533,487207.0198970862,780301.9430458642,1293494.1774544364,25985.21451148365,14960,348453.33171428624,16,0.0,1700.4565276251255,51.34037123451739,0,0,142,0.0,994.0,428,916.5525973128505,10757.499983014459,22753.255428080854,214699.19795428668,845.3585037054418,0,0,0,20261132,260b01f83be3aa81,adaptive_hybrid,2,1.0,0.98,0,0,0.6201382033563673,0.6201382033563673,0.6164480680609713,77.02881964914751,127.68945483261959,407.0748897365163,441411.9793150559,436571.09291282727,7276.184881880455,15.275876621880842,3578.3199659047777,14.089308395090695,53.16181174785246,496.0,0.5055869407313442,23.292335007639455,0.0,0.01968120981047599,0.0,0.0,0.01150462962962963,8,30,24,moderate_d45_source_adaptive_hybrid,moderate,45,source,adaptive_hybrid,12
9975,9974,6046,8353,8352,5026,133,9841,3,3,890.7278111212072,554.1784835074303,460525.2573739111,769885.5625167467,1255508.7535882026,25097.933697556964,14694,322709.05939200835,14,0.0,1476.5938500847194,45.381992111549835,0,0,133,0.0,931.0,399,820.1784835074291,9069.28110976411,21877.282716649435,202819.78815262258,791.181604875643,0,0,0,20261133,260b01f83be3aa81,adaptive_hybrid,2,1.0,0.98,1,1,0.6061760577501504,0.6062155388471178,0.6018197054950317,77.18924829724752,125.87815857110513,336.5493276137769,461568.49766554625,457018.51227748854,7616.975204624809,13.669641391790485,3380.32980254371,13.186360081260716,54.83028249786826,496.0,0.48301019526708533,21.961961303389707,0.0,0.017090206598202772,0.0,0.0,0.010775462962962962,8,30,24,moderate_d45_source_adaptive_hybrid,moderate,45,source,adaptive_hybrid,13
11917,11914,8530,10055,10052,7179,189,11725,1,1,1329.2246546660504,765.0473233272937,623331.240856855,1030405.6748379117,1689048.4106820764,35311.49498732008,17619,464464.48110613046,21,0.0,2232.832903926734,67.19932988507507,0,0,187,0.0,1309.0,565,1139.04732332729,14200.356285448068,30317.258133004925,280170.5119434601,1150.1690712179081,0,0,0,20261134,260b01f83be3aa81,adaptive_hybrid,2,1.0,0.98,3,3,0.7159644116165855,0.7160359150792985,0.714271506713078,86.48696280324927,141.7700529362159,564.1773313387566,313719.0294111989,308899.3639201009,5148.322732001682,18.984122055454836,4669.508532391002,19.169484520298468,53.658863952221104,496.0,0.6486121982401446,26.361568823777198,0.0,0.025842973425077943,0.0,0.0,0.015150462962962963,8,30,24,moderate_d45_source_adaptive_hybrid,moderate,45,source,adaptive_hybrid,14
10733,10731,6796,8993,8991,5640,152,10579,2,2,1057.3324528923836,669.2678632657964,528661.8566344469,759354.6648971996,1315224.660909989,27208.13937835113,15631,384328.86813481187,16,0.0,1702.0668102304476,50.9490757876619,0,0,151,0.0,1057.0,455,971.2678632657943,11982.772532964027,23154.422444925833,234723.01390296666,818.5742343936331,0,0,0,20261135,260b01f83be3aa81,adaptive_hybrid,2,1.0,0.98,2,2,0.6333053769452986,0.6333737072579894,0.6273768486600689,70.76271222599941,122.56310324387186,388.0645896265871,402638.6627238814,397310.1829054011,6621.836381756685,16.187797721096572,3912.050231716111,13.642903906560552,50.88884053829853,496.0,0.5490158347626777,24.587605919954697,0.0,0.01969984734063018,0.0,0.0,0.012233796296296296,8,30,24,moderate_d45_source_adaptive_hybrid,moderate,45,source,adaptive_hybrid,15
10624,10623,7031,9011,9011,5896,152,10471,2,2,1015.486834168322,611.3499640190047,517079.46260801837,965575.7745482521,1511724.5532796269,29069.316123372148,15787,371968.1029741949,15,0.0,1572.0288516574544,50.651342387995896,0,0,152,0.0,1064.0,456,915.3499640190025,11192.472335051429,25287.766071824357,228940.89176320203,854.1572055937123,0,0,0,20261136,260b01f83be3aa81,adaptive_hybrid,2,1.0,0.98,1,0,0.6618657629671467,0.6618975903614458,0.654311397181223,90.89482957246089,142.30674510774986,404.13687014931736,414164.71155745955,409865.3937060764,6831.089895101273,15.255832733650042,3815.6815293867007,14.235953426561872,55.45562735049201,496.0,0.5361058338290103,23.561671183517763,0.0,0.018194778375664983,0.0,0.0,0.012314814814814815,8,30,24,moderate_d45_source_adaptive_hybrid,moderate,45,source,adaptive_hybrid,16
11146,11146,7437,9396,9396,6188,152,10994,3,3,1055.6839684384547,606.0879669417768,552121.7927868414,1014491.0463319187,1596178.9513001374,29566.1121813957,16437,398710.808889859,17,0.0,1780.273572496376,52.781322289940015,0,0,151,0.0,1057.0,455,908.0879669417749,10947.33840906674,26127.35027405055,245151.34819636258,895.8213637158952,0,0,0,20261137,260b01f83be3aa81,adaptive_hybrid,2,1.0,0.98,0,0,0.6672348824690472,0.6672348824690472,0.6585781183482333,91.01839640516047,143.2064374035652,449.5960014966779,382890.59757987846,377897.6505348145,6298.294175580242,15.13479944902958,4085.8558032727096,14.930356061931587,57.42274785505615,496.0,0.5711350833558708,24.25690873577046,0.0,0.020605018200189534,0.0,0.0,0.012233796296296296,8,30,24,moderate_d45_source_adaptive_hybrid,moderate,45,source,adaptive_hybrid,17
11582,11582,8146,9757,9757,6829,175,11407,5,5,1235.4242788150143,754.6423711078448,606451.5938244513,937222.8775303835,1576664.624840967,32990.15348614814,17101,449966.3001311876,19,0.0,2004.4664772997003,59.31589270049828,0,0,175,0.0,1225.0,525,1104.6423711078419,13645.997982399527,28460.019312490844,272260.0687339385,936.3133106043593,0,0,0,20261138,260b01f83be3aa81,adaptive_hybrid,2,1.0,0.98,0,0,0.7033327577275083,0.7033327577275083,0.6999077585323358,80.920642162872,136.13060135045475,480.78190770716947,327387.5233247243,322396.5604845166,5373.276008075277,18.4107061851307,4537.667812232308,15.605221843405989,54.20956059522065,496.0,0.6333025052366439,26.31227999129803,0.0,0.02319984348726505,0.0,0.0,0.014178240740740741,8,30,24,moderate_d45_source_adaptive_hybrid,moderate,45,source,adaptive_hybrid,18
10459,10458,6742,8766,8765,5650,143,10315,0,0,1013.4287741794888,557.264948842096,507690.9304482182,875739.2802499247,1410865.9865999126,27435.775901777477,15516,365515.4372848128,15,0.0,1568.827058019377,48.20480926755174,0,0,143,0.0,1001.0,429,843.2649488420943,10956.671614653083,23704.618136920188,225902.8252150995,751.32489123353,0,0,0,20261139,260b01f83be3aa81,adaptive_hybrid,2,1.0,0.98,1,1,0.6446739338305604,0.644707907065685,0.6446497832534793,83.73869575922019,134.90782048191934,456.1638253373927,420553.0153788425,415743.9067318135,6929.065112196892,14.054415814034906,3765.047086918325,12.522081520558833,55.25552013268109,496.0,0.5289504756061352,23.557323877598144,0.0,0.018157720578927977,0.0,0.0,0.011585648148148149,8,30,24,moderate_d45_source_adaptive_hybrid,moderate,45,source,adaptive_hybrid,19
11676,11676,7986,9844,9844,6662,182,11494,2,2,1260.7768330672857,758.7825533227668,602454.4856238281,908899.5262722581,1543769.1782028142,32415.16630674577,17235,446078.42733207764,19,0.0,1998.0126656536572,62.76496689903648,0,0,182,0.0,1274.0,546,1122.7825533227622,14300.910285207565,28428.232494967906,270407.58257810026,1083.138696813892,0,0,0,20261140,260b01f83be3aa81,adaptive_hybrid,2,1.0,0.98,0,0,0.683967112024666,0.683967112024666,0.6767574156846811,77.84339896131021,132.21729857852125,501.99427974451885,334982.65397111856,329804.34094441286,5496.739015740214,18.71304255537937,4506.793042968337,18.052311613564868,52.0663598808936,496.0,0.6247954144588725,25.882125171573986,0.0,0.023125146593213627,0.0,0.0,0.01474537037037037,8,30,24,moderate_d45_source_adaptive_hybrid,moderate,45,source,adaptive_hybrid,20
10787,10785,6955,9060,9058,5810,159,10626,1,1,1123.7614726499683,668.2533467266013,521557.39107195236,904625.1331777894,1454136.5481222759,27954.02387253871,15808,375989.4359983258,19,0.0,2001.40706484272,55.700716703942255,0,0,157,0.0,1099.0,475,982.2533467265989,11586.870603145724,24664.487024776718,232400.82768770517,933.0516018647443,0,0,0,20261141,260b01f83be3aa81,adaptive_hybrid,2,1.0,0.98,2,2,0.6448771441817339,0.6449429869287104,0.6415011037527594,83.87808374388405,134.82953621903346,455.50812592336695,408459.7945699654,403478.33423562,6724.638903927,16.37088911210998,3873.3471281284196,15.550860031079072,51.92523584163519,496.0,0.5424957498096266,23.7847568318779,0.0,0.023164433620864816,0.0,0.0,0.012719907407407407,8,30,24,moderate_d45_source_adaptive_hybrid,moderate,45,source,adaptive_hybrid,21
11445,11444,7992,9600,9599,6657,168,11276,2,2,1205.966195714931,658.0106025484297,584174.2669569567,1159676.0597047163,1777716.002852899,33865.67619123813,17103,426880.9807368372,19,0.0,2032.2692842952401,59.752460585074736,0,0,167,0.0,1169.0,503,992.0106025484258,11737.046409686356,29298.348103930384,259331.9213456345,1009.0384324734576,0,0,0,20261142,260b01f83be3aa81,adaptive_hybrid,2,1.0,0.98,1,1,0.6983572177560293,0.6983835736129315,0.6935416666666666,101.33485317237997,155.34044065474475,547.9555931665013,353567.3083728533,349139.2254856955,5818.987091428259,16.533510042473765,4322.198689093909,16.81730720789096,58.24721293027909,496.0,0.6039792692956392,24.95942119726581,0.0,0.023521635234898614,0.0,0.0,0.013530092592592592,8,30,24,moderate_d45_source_adaptive_hybrid,moderate,45,source,adaptive_hybrid,22
10468,10468,6597,8859,8859,5534,153,10315,0,0,1104.4762422677127,609.8803030351861,502388.67944719613,810083.5778349688,1340298.4550995305,27826.197817368007,15438,360583.92980899866,17,0.0,1826.5694219496293,54.716245466890655,0,0,152,0.0,1064.0,458,913.8803030351834,11288.083164418642,23452.417026013245,223960.84361555916,922.4620143515289,0,0,0,20261143,260b01f83be3aa81,adaptive_hybrid,2,1.0,0.98,0,0,0.6302063431410011,0.6302063431410011,0.6246754712721526,77.38666200181207,128.03768199269493,494.5959392325266,426046.6611337435,420969.478609742,7016.157976829034,15.231338383919724,3732.680726925986,15.374366905858814,51.20615071181931,496.0,0.5227971985509146,23.35690697039763,0.0,0.02114084979108367,0.0,0.0,0.012314814814814815,8,30,24,moderate_d45_source_adaptive_hybrid,moderate,45,source,adaptive_hybrid,23
11959,11958,8665,10031,10030,7263,189,11769,5,5,1302.0464377725464,755.7678494518544,632947.711397793,1112204.3013808522,1781890.3435862241,36738.33080758888,17679,471836.7204848425,20,0.0,2114.8552945858783,64.69213148846414,0,0,187,0.0,1309.0,565,1129.7678494518498,13794.313139532522,31531.316740051447,285033.5341018267,1090.4993440500448,0,0,0,20261144,260b01f83be3aa81,adaptive_hybrid,2,1.0,0.98,1,1,0.7246195015888944,0.7246425286395184,0.7241551191306949,93.00922406596858,149.01240538436394,546.2785883206919,305683.1671446654,300841.5785670652,5014.0263094510865,18.82946415753083,4750.558901697112,18.174989067500746,55.807640247878666,496.0,0.6576129400261365,26.68910687735972,0.0,0.024477491835484703,0.0,0.0,0.015150462962962963,8,30,24,moderate_d45_source_adaptive_hybrid,moderate,45,source,adaptive_hybrid,24
10658,10657,7208,8952,8951,6003,141,10516,4,4,1003.4360137022636,657.9725786963202,530151.5434434126,1096138.7150311896,1656354.0144744185,30063.755999822457,15998,383081.8145443974,16,0.0,1691.9431079118485,48.4457489435625,0,0,141,0.0,987.0,423,939.9725786963184,10848.533263679661,26568.058089691433,236406.4439369712,771.5606113339097,0,0,0,20261145,260b01f83be3aa81,adaptive_hybrid,2,1.0,0.98,1,1,0.6763629539269963,0.6763933195721523,0.6706881143878463,102.85621798171996,155.42404189494403,345.46343500594344,403792.618775468,399786.41057726246,6663.106842954375,15.66620964493864,3940.10739894952,12.859343522231828,62.8086479661736,496.0,0.5477233212640367,23.94560660985107,0.0,0.01958267486009084,0.0,0.0,0.011423611111111112,8,30,24,moderate_d45_source_adaptive_hybrid,moderate,45,source,adaptive_hybrid,25
11411,11410,8006,9622,9621,6725,173,11237,2,2,1194.3808925899298,694.3750737015154,577305.6393334921,1141842.5737156302,1753602.2054120328,34453.9923629286,16958,422087.80310392193,19,0.0,2041.3260363603608,61.0045396219743,0,0,172,0.0,1204.0,518,1038.3750737015114,12651.748842107083,29225.829823846558,260726.30416074136,1055.5795237902582,0,0,0,20261146,260b01f83be3aa81,adaptive_hybrid,2,1.0,0.98,1,1,0.7016652059596845,0.7016913504513189,0.699023072126377,100.07384519856531,153.6899391246304,500.0058188884144,354648.97772258555,349843.8997753706,5830.7316629228435,17.306251228358523,4345.438402679023,17.59299206317097,56.420520895456676,496.0,0.6027677220849177,24.890187705149305,0.0,0.023626458754170843,0.0,0.0,0.013935185185185186,8,30,24,moderate_d45_source_adaptive_hybrid,moderate,45,source,adaptive_hybrid,26
11731,11728,8316,9831,9828,6926,185,11543,4,4,1296.3065505206869,799.1830639613331,608871.0072032108,1035483.6974473699,1678860.5912218816,34505.88657130876,17298,451194.9104599953,21,0.0,2222.6568214875733,65.3081372832404,0,0,185,0.0,1295.0,555,1169.1830639613295,13937.852959549837,29981.035111378344,273525.0463440529,1102.6170773962815,0,0,0,20261147,260b01f83be3aa81,adaptive_hybrid,2,1.0,0.98,3,3,0.7090723055934516,0.7091467053107152,0.70481131115858,88.29158402518502,143.14977755984665,497.12348655935375,326025.82499538094,320907.0064180143,5348.450106966905,19.48638439935549,4558.750772400881,18.376951289938024,54.01988308356459,496.0,0.634827704978292,26.083646112845145,0.0,0.02572519469314321,0.0,0.0,0.014988425925925926,8,30,24,moderate_d45_source_adaptive_hybrid,moderate,45,source,adaptive_hybrid,27
11047,11045,7656,9294,9293,6373,165,10880,3,3,1117.3001472380467,688.0280798279625,569773.7262691504,1006092.279956568,1608071.6104012015,32205.604175486693,16334,419883.38906252425,18,0.0,1918.7786997866526,54.918346937570035,0,0,164,0.0,1148.0,494,1016.0280798279592,12123.116555354301,27851.545327073458,255625.37252418205,903.549061218618,0,0,0,20261148,260b01f83be3aa81,adaptive_hybrid,2,1.0,0.98,2,1,0.6931643277501132,0.6932198787000996,0.6858188078330105,91.09029243608583,145.59272162980548,429.2720674100842,365991.6452553006,361798.2402176267,6029.970670293778,16.933801330465986,4260.422875403035,15.059151020310301,56.379646411079875,496.0,0.5900631213538299,25.7060970406835,0.0,0.022208086803086256,0.0,0.0,0.013287037037037036,8,30,24,moderate_d45_source_adaptive_hybrid,moderate,45,source,adaptive_hybrid,28
10180,10180,6441,8580,8580,5384,130,10050,3,3,895.2014459032739,556.9776015832348,489769.54840350215,896960.8933295212,1412442.182451725,25711.740718715082,15132,349414.24816073175,14,0.0,1495.589969979892,45.4488717502442,0,0,130,0.0,910.0,390,816.977601583233,10487.840519170477,22633.436008170916,216924.54350978468,770.5944501432608,0,0,0,20261149,260b01f83be3aa81,adaptive_hybrid,2,1.0,0.98,0,0,0.6327111984282907,0.6327111984282907,0.6275058275058275,88.1101073997565,138.7467762722716,338.2238443200391,437424.3240167013,432358.5270816738,7205.97545136123,13.616293359720549,3615.4090584964115,12.843240835721014,58.03445130300235,496.0,0.5100534005189277,23.09108169182737,0.0,0.01731006909698949,0.0,0.0,0.010532407407407407,8,30,24,moderate_d45_source_adaptive_hybrid,moderate,45,source,adaptive_hybrid,29
10920,10917,7355,9159,9157,6108,133,10784,2,2,1598.81560230237,531.6346877480609,548835.3333892481,959811.0628742228,1540144.9061714935,31498.509908037686,16087,399519.3121151786,21,0.0,2281.170807273368,69.10497149078735,0,0,111,0.0,777.0,377,753.6346877480596,9936.694100049262,25655.121755666398,244166.37070484294,914.2913037361751,0,0,0,20261120,12a806e037ec9401,travel_aware_hybrid,2,1.0,0.98,3,2,0.6737198864156819,0.6738095238095239,0.6671033955672017,87.9189395323095,141.0776684227804,1067.1809145543093,381363.37946603657,376353.3449647527,6272.555749412544,12.560578129134326,4069.4395117473823,15.238188395602918,68.0507208373114,496.0,0.5728456771213748,24.83491714522152,0.0,0.026402439898997317,0.0,0.0,0.008993055555555556,8,30,24,moderate_d45_source_travel_aware_hybrid,moderate,45,source,travel_aware_hybrid,0
10819,10818,7062,9148,9147,5912,127,10691,3,3,1520.6434980283643,569.0793295876779,536756.2586726774,931020.8718375018,1497729.0224613738,29951.89195120963,15963,388062.4224104301,19,0.0,2116.835997016397,65.23316860468715,0,0,109,0.0,763.0,363,787.0793295876762,10250.991835132674,24398.573002062873,239848.15607367823,819.0478798081485,0,0,0,20261121,12a806e037ec9401,travel_aware_hybrid,2,1.0,0.98,1,1,0.6528008874098724,0.6528329790183935,0.6463707914298207,86.06219928244609,138.4478667462908,951.5641684406864,397951.11517957546,393173.1494025901,6552.885823376502,13.11798882646127,3997.469267894637,13.650797996802476,67.21369973020074,496.0,0.5542662240372138,24.31011854979829,0.0,0.024500416632134224,0.0,0.0,0.00883101851851852,8,30,24,moderate_d45_source_travel_aware_hybrid,moderate,45,source,travel_aware_hybrid,1
12518,12517,9109,10552,10552,7652,168,12349,1,1,1977.970809201316,706.7315744998556,673538.9665650569,1081649.4132910105,1793156.5941431725,37968.21428711574,18451,502208.5983167041,26,0.0,2839.3710272947956,84.22835024515412,0,0,140,0.0,980.0,476,986.7315744998521,12269.278459451301,30626.397601481673,300781.14357088844,1078.073156960766,0,0,0,20261122,12a806e037ec9401,travel_aware_hybrid,2,1.0,0.98,1,0,0.7277302868099385,0.7277520370666241,0.7251705837755875,86.41442943924348,143.25769706344752,1271.2392347014602,273623.60352436895,268684.4870881887,4478.074784803145,16.4455262416642,5013.019059514807,17.9678859493461,64.34117143168419,496.0,0.693521949457472,27.218502970934047,0.0,0.03286309059368976,0.0,0.0,0.011342592592592593,8,30,24,moderate_d45_source_travel_aware_hybrid,moderate,45,source,travel_aware_hybrid,2
10389,10387,6621,8735,8733,5510,125,10262,2,2,1575.6469018748226,497.79863952707757,505948.68982053676,806052.7985091723,1338977.2870784253,26975.79874872852,15220,364339.6346189685,21,0.0,2304.8970529334965,66.92253690775284,0,0,112,0.0,784.0,362,721.7986395270766,9450.621934175555,21308.78175640324,224115.7732294888,850.4245124921731,0,0,0,20261123,12a806e037ec9401,travel_aware_hybrid,2,1.0,0.98,2,2,0.6374314046404159,0.6375012031956877,0.6310246136233543,77.6020793789518,128.90895225555263,1077.848262347745,424229.50649508834,419461.66355055757,6991.027725842626,12.029977325451277,3735.262887158147,14.173741874869553,58.864038001113926,496.0,0.5248325420081896,23.93821515236324,0.0,0.026677049223767322,0.0,0.0,0.009074074074074075,8,30,24,moderate_d45_source_travel_aware_hybrid,moderate,45,source,travel_aware_hybrid,3
10405,10401,6662,8736,8733,5530,115,10286,3,3,1446.7767155666158,487.3789116842657,503896.71155277325,858510.7199313354,1390295.8613297069,27888.429845600207,15344,360026.31094917486,21,0.0,2237.712209039377,61.82427812529979,0,0,95,0.0,665.0,325,677.3789116842655,8527.43643459882,22668.246842312743,225128.16650507817,748.9276277707534,0,0,0,20261124,12a806e037ec9401,travel_aware_hybrid,2,1.0,0.98,4,3,0.6405153350639362,0.6406535319557904,0.6333562271062271,82.54117103464431,133.66944152770952,959.3978038823502,421945.221884157,417178.2900034687,6952.971500057812,11.289648528071092,3752.1361084179694,12.482127129512556,69.74845182250074,496.0,0.5273911045204335,23.463654258939968,0.0,0.025899446863881678,0.0,0.0,0.007696759259259259,8,30,24,moderate_d45_source_travel_aware_hybrid,moderate,45,source,travel_aware_hybrid,4
11041,11039,7317,9270,9268,6117,136,10903,3,3,1586.9891318977857,563.2167135997098,556289.4930290956,825965.1048646691,1412580.6134635934,30326.015569835025,16238,406257.2505531757,20,0.0,2246.218766430186,67.9161903121113,0,0,112,0.0,784.0,384,787.2167135997088,10572.86583928135,24640.080729693786,248632.3943200437,856.1646890414587,0,0,0,20261125,12a806e037ec9401,travel_aware_hybrid,2,1.0,0.98,2,2,0.6628317782407827,0.6628928539081604,0.6600862998921251,74.82245718495055,127.96273335117252,1023.7724182980759,374106.621623755,369463.3939205327,6157.723232008879,13.120278559995146,4143.8732386673955,14.269411484024312,64.16687690024423,496.0,0.5809737661024249,25.018921699296445,0.0,0.025997902389238263,0.0,0.0,0.009074074074074075,8,30,24,moderate_d45_source_travel_aware_hybrid,moderate,45,source,travel_aware_hybrid,5
11828,11827,8611,10005,10004,7237,147,11680,4,4,1695.8969138793934,664.4247868391648,627580.2313014248,1176783.0474008587,1841101.0317961038,36737.7530938355,17609,465097.7697483856,22,0.0,2414.910143379875,70.11861832340263,0,0,125,0.0,875.0,419,914.4247868391626,11731.026746717562,31130.184332727324,282675.5658908377,872.7362631315395,0,0,0,20261126,12a806e037ec9401,travel_aware_hybrid,2,1.0,0.98,1,1,0.7280798173670415,0.728102806898884,0.7234382808595702,99.49970807481684,155.6693186603622,1031.4721270402288,314558.2256782777,310348.1575706255,5172.469292843758,15.240413113986044,4711.259431513961,14.545604385525658,74.29638265567381,496.0,0.6476722382635778,26.412503251086694,0.0,0.027950348881711516,0.0,0.0,0.010127314814814815,8,30,24,moderate_d45_source_travel_aware_hybrid,moderate,45,source,travel_aware_hybrid,6
11430,11427,7597,9643,9642,6359,143,11284,3,3,1769.8202935212253,599.540796234189,569969.0209172404,976345.7941391214,1577557.9998430877,31243.18478673431,16779,413083.0554274693,24,0.0,2606.485595436013,73.6179041094177,0,0,124,0.0,868.0,410,847.5407962341872,10011.544182494747,24938.610411464186,253163.39184409907,896.777262848435,0,0,0,20261127,12a806e037ec9401,travel_aware_hybrid,2,1.0,0.98,3,1,0.6648289139756717,0.6649168853893264,0.6595457845068962,85.44200526289677,138.05530759106395,1170.2794972870363,368172.37849663175,363280.201194566,6054.670019909433,14.125679937236452,4219.389864068317,14.946287714140585,60.825879052351674,496.0,0.5876205437985755,24.619050922430976,0.0,0.030167657354583488,0.0,0.0,0.010046296296296296,8,30,24,moderate_d45_source_travel_aware_hybrid,moderate,45,source,travel_aware_hybrid,7
11393,11393,7679,9621,9621,6437,133,11260,4,4,1562.7085164724083,611.9309760238833,572222.0679993024,1024151.8086469491,1629112.4886784256,32738.612032182846,16727,415626.7916826215,19,0.0,2080.8901248455672,64.30900361604847,0,0,112,0.0,784.0,378,835.9309760238822,9774.513685793308,26652.656407562514,254977.99867230342,774.9590650523949,0,0,0,20261128,12a806e037ec9401,travel_aware_hybrid,2,1.0,0.98,0,0,0.6740103572368998,0.6740103572368998,0.6690572705539964,89.89307545395849,142.9924066249825,950.777540448525,363603.8489030061,358451.23279072065,5974.187213178678,13.93218293373137,4249.633311205057,12.915984417539914,70.50967303587967,496.0,0.5927376244365972,24.847658975466103,0.0,0.02408437644497184,0.0,0.0,0.009074074074074075,8,30,24,moderate_d45_source_travel_aware_hybrid,moderate,45,source,travel_aware_hybrid,8
11998,11995,8646,10141,10139,7253,155,11840,0,0,1737.8774611204897,618.3752185604799,629549.940866532,1177082.5927370617,1843326.2729958335,36693.73939225866,17827,466202.10218756105,22,0.0,2466.8477922465427,74.5604542252408,0,0,136,0.0,952.0,446,890.3752185604774,11972.586413908659,29664.03603172474,282142.4129674206,973.2394043481717,0,0,0,20261129,12a806e037ec9401,travel_aware_hybrid,2,1.0,0.98,3,2,0.7208003334722801,0.7208701450241707,0.7154126811951484,98.13110402143073,153.67455381374185,1119.5022425600098,309353.8014192957,304503.45131774514,5075.057521962419,14.839586976007956,4702.37354945701,16.220656739136196,66.51129155095234,496.0,0.6535015665106454,26.151461389328606,0.0,0.028551479076927577,0.0,0.0,0.011018518518518518,8,30,24,moderate_d45_source_travel_aware_hybrid,moderate,45,source,travel_aware_hybrid,9
10742,10741,7087,9026,9025,5888,126,10615,1,1,1443.116547729599,514.2474856794812,533183.3748693942,937830.4744078664,1500321.5328059325,29307.683528673435,15890,384331.18548208085,19,0.0,2040.4422288280687,61.41422447850115,0,0,109,0.0,763.0,361,732.2474856794802,9575.850808025949,24641.456194262428,236760.71401189748,789.3918835007277,0,0,0,20261130,12a806e037ec9401,travel_aware_hybrid,2,1.0,0.98,1,1,0.6598082115259287,0.6598398808415565,0.6524484821626413,87.3131435069236,139.68173659863444,928.8690620501178,401491.97954544803,396912.93651460385,6615.215608576731,12.20412476132467,3946.011900198291,13.156531391678794,68.25888142454966,496.0,0.550300202122034,24.18698461183643,0.0,0.023616229500324867,0.0,0.0,0.00883101851851852,8,30,24,moderate_d45_source_travel_aware_hybrid,moderate,45,source,travel_aware_hybrid,10
9340,9336,5428,7811,7809,4456,89,9247,2,2,1033.7749091501855,411.28208612471747,431659.755894124,718596.6534193073,1173030.20490303,22773.795589610447,13752,301846.4025146883,14,0.0,1525.6474652711056,44.570735739900684,0,0,77,0.0,539.0,255,565.2820861247176,7531.838448365803,18358.125237084638,190224.5091902135,566.9678798969943,0,0,0,20261131,12a806e037ec9401,travel_aware_hybrid,2,1.0,0.98,4,2,0.5814053127677806,0.5815845824411134,0.5707335808475227,76.97050700720943,125.64590883708549,622.492823025468,492264.2882514164,487937.9501378716,8132.299168964527,9.421368102078626,3170.408486503558,9.449464664949906,71.99264798856721,496.0,0.448628709395815,21.949273015902293,0.0,0.01765795677397113,0.0,0.0,0.006238425925925926,8,30,24,moderate_d45_source_travel_aware_hybrid,moderate,45,source,travel_aware_hybrid,11
10130,10130,6227,8463,8463,5170,122,10008,1,1,1419.7575672741775,509.1906344504371,486125.2796500807,774316.7627545,1287096.9236267058,26654.88122213092,14952,346942.7771061131,19,0.0,2094.8992505624324,59.1827386941063,0,0,102,0.0,714.0,346,713.1906344504359,9178.419255451745,21755.1462810246,214396.67046341294,678.6541272128023,0,0,0,20261132,12a806e037ec9401,travel_aware_hybrid,2,1.0,0.98,0,0,0.6147087857847976,0.6147087857847976,0.6108944818622238,76.43798250291215,127.05793915367283,910.5669328237404,444543.09954931505,439743.79086792516,7329.063181132086,11.886510574173933,3573.277841056882,11.310902120213372,62.87614532088035,496.0,0.5020798616159106,23.20377053946717,0.0,0.024246519103731858,0.0,0.0,0.008263888888888888,8,30,24,moderate_d45_source_travel_aware_hybrid,moderate,45,source,travel_aware_hybrid,12
9975,9974,6042,8353,8352,5028,114,9860,0,0,1335.6849831620905,462.3909573646997,461372.3850595481,782867.6648227725,1269371.824165928,25131.77428361676,14690,324169.98434222775,16,0.0,1775.4298896390121,56.779125490126134,0,0,93,0.0,651.0,321,648.390957364699,8541.101670774588,20234.184832562954,203713.2109183231,700.6243073673352,0,0,0,20261133,12a806e037ec9401,travel_aware_hybrid,2,1.0,0.98,1,1,0.6057750150391017,0.6058145363408521,0.6020591404285885,78.49084267322765,127.26807942309284,873.2940257973908,461600.10400693765,456930.5180297659,7615.508633829432,10.806515956078318,3395.2201819720517,11.677071789455587,63.03484371514939,496.0,0.4829747938990394,22.06739171832728,0.0,0.020548957056007084,0.0,0.0,0.007534722222222222,8,30,24,moderate_d45_source_travel_aware_hybrid,moderate,45,source,travel_aware_hybrid,13
11917,11916,8485,10055,10054,7132,149,11767,0,0,1828.9273542794842,602.0913227088074,626006.6901790622,1009642.1285288073,1670292.2424956453,34643.423787784144,17549,465012.1983850553,24,0.0,2702.270426451184,76.1595198215324,0,0,125,0.0,875.0,423,852.0913227088059,11716.039095179205,28183.883284344003,279879.7093304313,944.339586329994,0,0,0,20261134,12a806e037ec9401,travel_aware_hybrid,2,1.0,0.98,1,1,0.7120678079892582,0.7120919694553999,0.7093983092988563,84.72995372010803,140.17222578848987,1226.8360315706768,315312.7120106191,310482.3895034392,5174.706491723987,14.201522045146765,4664.661822173855,15.7389931054999,66.62856568402837,496.0,0.6468271594863138,26.497931414043837,0.0,0.03127627808392574,0.0,0.0,0.010127314814814815,8,30,24,moderate_d45_source_travel_aware_hybrid,moderate,45,source,travel_aware_hybrid,14
10733,10731,6810,8993,8991,5647,133,10598,1,1,1525.234921707241,539.3354183702406,531799.3834771863,751699.3761383061,1311588.0880605169,28089.32844502845,15604,386499.5333749006,19,0.0,2153.345159460661,65.09149541517415,0,0,113,0.0,791.0,379,765.3354183702398,10922.218652677784,22801.25292652267,236530.47139448317,792.0508974659552,0,0,0,20261135,12a806e037ec9401,travel_aware_hybrid,2,1.0,0.98,2,2,0.6346100083869164,0.6346780955930308,0.6281552318469921,70.04933148246259,122.22421843821796,985.8995033370004,401574.7454282328,396282.4158192938,6604.706930321564,12.755590306170664,3942.1745232413864,13.200848291099254,60.161617220376435,496.0,0.5502074984002768,24.769260021462483,0.0,0.02492297638264654,0.0,0.0,0.009155092592592593,8,30,24,moderate_d45_source_travel_aware_hybrid,moderate,45,source,travel_aware_hybrid,15
10624,10623,6994,9011,9011,5873,134,10489,3,3,1522.394942568005,578.5007354562505,513333.343267091,955487.6141706022,1497554.1054745684,28733.14803689302,15765,367869.85854028055,19,0.0,2061.8240435683206,63.615296340331746,0,0,123,0.0,861.0,391,824.5007354562483,10155.13363648606,24056.28019991387,227315.9873255381,807.5018273231291,0,0,0,20261136,12a806e037ec9401,travel_aware_hybrid,2,1.0,0.98,1,0,0.6583827544008284,0.6584149096385542,0.6517589612695595,89.94517689641364,140.97280480792324,943.8942071117546,415387.6926949541,410996.38636633113,6849.939772772185,13.741678924270806,3788.5997887589683,13.458363788718819,61.52501329901245,496.0,0.5347360072861177,23.33459299335747,0.0,0.023863704207966675,0.0,0.0,0.009965277777777778,8,30,24,moderate_d45_source_travel_aware_hybrid,moderate,45,source,travel_aware_hybrid,16
11146,11146,7496,9396,9396,6243,135,11011,5,5,1522.2973345310445,582.570494384798,553921.0184547493,1044942.4314496539,1630221.8084340498,31358.358529657628,16433,400255.02689855546,20,0.0,2161.453536863128,67.03672680745134,0,0,115,0.0,805.0,385,812.5704943847968,9880.72767538977,26042.90217205092,246266.36784680706,850.9185069372279,0,0,0,20261137,12a806e037ec9401,travel_aware_hybrid,2,1.0,0.98,0,0,0.6725282612596447,0.6725282612596447,0.6644316730523627,93.75044244120348,146.26070414803965,939.7268401462464,380528.82755580154,375526.3884828665,6258.773141381109,13.542841573079947,4104.439464113451,14.181975115620466,67.6439017455868,496.0,0.5737804350853477,24.356783721691443,0.0,0.025016823343323242,0.0,0.0,0.00931712962962963,8,30,24,moderate_d45_source_travel_aware_hybrid,moderate,45,source,travel_aware_hybrid,17
11582,11581,8126,9757,9756,6796,151,11430,5,5,1845.8441086383268,642.5624979597931,612720.3686351845,945762.3312570917,1592551.7200791552,34069.02018689719,17078,455052.70122060564,24,0.0,2668.0048216669666,78.76074219557198,0,0,131,0.0,917.0,433,904.5624979597907,11775.715613204251,27352.021209610364,274823.1419950609,1014.1036419494924,0,0,0,20261138,12a806e037ec9401,travel_aware_hybrid,2,1.0,0.98,1,1,0.7016665227527847,0.701692281125885,0.6966280619042738,81.66499708635625,137.51418012944956,1203.2816106785338,326232.3872270562,320959.256386518,5349.3209397753,15.076041632663179,4580.385699917681,16.901727365824872,63.16864020695234,496.0,0.6345963404714872,26.645549901663287,0.0,0.03087968543596026,0.0,0.0,0.010613425925925925,8,30,24,moderate_d45_source_travel_aware_hybrid,moderate,45,source,travel_aware_hybrid,18
10459,10457,6753,8766,8764,5657,124,10333,2,2,1476.1482706079184,497.39411559095674,510221.28117123357,870600.0796816848,1408813.718789537,27992.35793662769,15463,368109.10407180525,19,0.0,2076.7763926040266,63.43414353271982,0,0,110,0.0,770.0,358,717.3941155909562,9687.937154599269,22488.56650492209,226773.42989733588,827.6799438844708,0,0,0,20261139,12a806e037ec9401,travel_aware_hybrid,2,1.0,0.98,2,2,0.6457875107583437,0.6458552442872167,0.6455624001825234,83.25524334720139,134.72446387965354,978.7541550169617,419988.0032418568,415345.2058380262,6922.420097300436,11.956568593182602,3779.557164955598,13.794665731407848,62.817224874084054,496.0,0.5295833297022213,23.805801207515053,0.0,0.024036763803287346,0.0,0.0,0.008912037037037038,8,30,24,moderate_d45_source_travel_aware_hybrid,moderate,45,source,travel_aware_hybrid,19
11676,11675,7905,9844,9843,6585,149,11526,1,1,1800.3221317776715,608.9480173788996,600080.9316803408,895604.7754353912,1528385.6709790851,32699.963863362114,17127,441973.4769405335,23,0.0,2505.03908210798,73.69112414817259,0,0,131,0.0,917.0,429,870.948017378898,11635.858616199328,26899.097837837064,266801.54976030986,867.1145949478531,0,0,0,20261140,12a806e037ec9401,travel_aware_hybrid,2,1.0,0.98,1,1,0.6770877944325482,0.6771154504967455,0.6690369768386835,76.71132980174657,130.9109782423199,1191.3741143987718,340217.7246686681,334869.4978065244,5581.158296775407,14.5158002896483,4446.692496005165,14.451909915797552,62.70185976185796,496.0,0.618931760003732,25.80565638702245,0.0,0.028993507894768285,0.0,0.0,0.010613425925925925,8,30,24,moderate_d45_source_travel_aware_hybrid,moderate,45,source,travel_aware_hybrid,20
10787,10785,6869,9060,9058,5715,128,10657,3,3,1575.0741828165064,548.2624952050785,519899.40578560886,897688.4468148577,1447241.809313836,29653.956713372303,15758,373833.40561786824,21,0.0,2301.2589616960304,65.98002887712596,0,0,112,0.0,784.0,368,772.2624952050771,9467.896771620353,23516.305679430065,230158.85281272244,822.570383816217,0,0,0,20261141,12a806e037ec9401,travel_aware_hybrid,2,1.0,0.98,2,2,0.6369031061659712,0.6369704273662742,0.6310154525386313,83.23490466526265,134.1902465752282,1026.811687611428,411922.7238240131,406837.306751756,6780.621779195933,12.871041586751286,3835.9808802120406,13.70950639693695,63.90300456366865,496.0,0.5386170208064369,23.72340434178628,0.0,0.026634941686296647,0.0,0.0,0.009074074074074075,8,30,24,moderate_d45_source_travel_aware_hybrid,moderate,45,source,travel_aware_hybrid,21
11445,11444,8002,9600,9600,6666,146,11298,5,5,1645.0904328029203,638.3821162863064,586728.9945144785,1138878.8019498265,1760307.3833756612,34699.58691136187,17079,429251.70997259254,21,0.0,2285.9193277421987,71.9131892452898,0,0,130,0.0,910.0,422,898.3821162863038,11099.345250273038,28713.8225662876,261112.16429178868,984.9642487240181,0,0,0,20261142,12a806e037ec9401,travel_aware_hybrid,2,1.0,0.98,1,0,0.6992310380985669,0.6992573176059415,0.694375,99.51754648285797,153.81924007127412,1006.7083165166139,354043.48378727655,349558.91428809566,5825.981904801594,14.973035271438397,4351.869404863145,16.41607081206697,68.0422335694019,496.0,0.6034459186970469,25.13330464152424,0.0,0.026457399626645818,0.0,0.0,0.010532407407407407,8,30,24,moderate_d45_source_travel_aware_hybrid,moderate,45,source,travel_aware_hybrid,22
10468,10467,6606,8859,8859,5546,127,10340,0,0,1468.4010724019386,508.6106808467145,504510.918866972,808097.934949274,1340815.0322489194,28206.178432683228,15392,361363.5700747012,19,0.0,2053.1821201107923,61.29168895975658,0,0,113,0.0,791.0,367,734.6106808467139,9956.588198597812,23319.246724069046,224402.38588394705,766.1410064479004,0,0,0,20261143,12a806e037ec9401,travel_aware_hybrid,2,1.0,0.98,1,0,0.6311263972484953,0.6311616354604509,0.6260300259622982,77.2043503343149,128.09926743564722,959.790391555224,425560.77517981734,420556.6185893768,7009.276976489613,12.243511347445232,3740.0397647324507,12.769016774131673,63.54018180945244,496.0,0.5233414256498461,23.477362920653665,0.0,0.023763681945726763,0.0,0.0,0.009155092592592593,8,30,24,moderate_d45_source_travel_aware_hybrid,moderate,45,source,travel_aware_hybrid,23
11959,11958,8660,10031,10030,7254,162,11796,2,2,1956.1310751036442,658.8148168039031,638917.9243363771,1119776.8492256666,1795431.5978199178,36736.824257874956,17679,477668.9526280849,25,0.0,2699.5602921316517,84.40089887283051,0,0,145,0.0,1015.0,469,948.8148168039006,12748.053739923784,29670.131180026376,287247.3043422504,1048.0766621111384,0,0,0,20261144,12a806e037ec9401,travel_aware_hybrid,2,1.0,0.98,1,1,0.7242013714668004,0.7242244334810602,0.7232579005084239,93.64248613695155,150.144806641572,1297.316258299741,304411.3892495114,299898.35568869655,4998.305928144942,15.81358028006501,4787.45507237084,17.467944368518975,63.262539829480545,496.0,0.659037422435583,27.019002920305727,0.0,0.031244910788560783,0.0,0.0,0.011747685185185186,8,30,24,moderate_d45_source_travel_aware_hybrid,moderate,45,source,travel_aware_hybrid,24
10658,10656,7185,8952,8950,5979,126,10530,1,1,1384.3953700800694,509.29550057767403,529332.2862021052,1098758.8852162857,1659236.0659625034,31144.89454412313,15994,382167.37767921534,18,0.0,1957.668872539004,58.756187139614866,0,0,109,0.0,763.0,361,727.2955005776732,9835.687479293469,26263.83390653741,236920.9620050142,765.6544453785526,0,0,0,20261145,12a806e037ec9401,travel_aware_hybrid,2,1.0,0.98,2,2,0.6742680180180181,0.674329142428223,0.6681188561215371,103.11175724627306,155.70909027425895,875.0998695023953,404773.22945892497,400644.5468058883,6677.409113431471,12.121591676294553,3948.68270008357,12.760907422975878,72.75300251118396,496.0,0.5466249670038923,23.89442151301834,0.0,0.02265820454327551,0.0,0.0,0.00883101851851852,8,30,24,moderate_d45_source_travel_aware_hybrid,moderate,45,source,travel_aware_hybrid,25
11411,11411,7988,9622,9622,6705,143,11268,2,2,1634.2690761780607,590.2196036734646,582762.0098512982,1130056.0063274165,1747111.4204300202,34293.40425131747,16835,425525.7314503593,20,0.0,2166.4320056066003,68.2449611023118,0,0,120,0.0,840.0,406,830.2196036734633,10492.504267649636,28496.444191338305,260569.58752020448,868.3194698729227,0,0,0,20261146,12a806e037ec9401,travel_aware_hybrid,2,1.0,0.98,0,0,0.7000262904215231,0.7000262904215231,0.6968405736853045,99.03216250349807,153.1076523030427,1044.049472504596,355220.7769127698,350685.1501273512,5844.75250212252,13.836993394557721,4342.826458670074,14.471991164548712,70.18828618556233,496.0,0.6021272660027219,25.276253724405066,0.0,0.02507444450933565,0.0,0.0,0.009722222222222222,8,30,24,moderate_d45_source_travel_aware_hybrid,moderate,45,source,travel_aware_hybrid,26
11731,11729,8313,9831,9830,6930,149,11580,4,4,1789.9352536570761,682.5945720298395,614155.6668090129,1041337.4364822783,1689587.5617277764,34094.45843650203,17270,454203.3386406145,23,0.0,2543.7956080620256,74.99108072279176,0,0,126,0.0,882.0,424,934.5945720298374,11667.731989154136,27793.290683908086,274902.5169955839,953.6118567288404,0,0,0,20261147,12a806e037ec9401,travel_aware_hybrid,2,1.0,0.98,2,1,0.708756074686674,0.7088057284119001,0.7050147492625368,88.78313892763904,144.05214099478016,1107.3406816272368,325752.1990908522,321012.0748124476,5350.201246874127,15.576576200497291,4581.708616593065,15.893530945480673,65.55021387714172,496.0,0.6351341856061243,26.300135416364473,0.0,0.029442078797014184,0.0,0.0,0.010208333333333333,8,30,24,moderate_d45_source_travel_aware_hybrid,moderate,45,source,travel_aware_hybrid,27
11047,11045,7686,9294,9293,6395,135,10910,3,3,1576.3459134289103,556.9738428181455,573518.0369875045,1009407.6036109811,1615321.0639071204,32395.423308652087,16283,422189.41091806,21,0.0,2245.374698665537,68.22381409538782,0,0,117,0.0,819.0,387,790.9738428181447,10347.459972854018,26045.95653750282,256641.27532742493,881.2192142682052,0,0,0,20261148,12a806e037ec9401,travel_aware_hybrid,2,1.0,0.98,2,1,0.6958804889090086,0.6959355481126097,0.6881859264041317,91.3904575473953,146.24907776433864,1019.3720706107648,363686.8256065047,359399.49139540526,5989.991523256755,13.182897380302412,4277.354588790416,14.686986904470086,67.30221327520108,496.0,0.5926446845805279,25.928232568817783,0.0,0.025988133086406677,0.0,0.0,0.009479166666666667,8,30,24,moderate_d45_source_travel_aware_hybrid,moderate,45,source,travel_aware_hybrid,28
10180,10180,6405,8580,8580,5347,111,10069,1,1,1306.1382602387694,442.03053813888505,491703.31845895736,869124.30677862,1386423.6253448166,25596.000107249223,15088,350631.59702484624,16,0.0,1798.2370966303704,54.756141087704194,0,0,100,0.0,700.0,322,642.030538138885,8708.25668824776,21201.801463636108,216796.0296462212,722.5346114589345,0,0,0,20261149,12a806e037ec9401,travel_aware_hybrid,2,1.0,0.98,0,0,0.6291748526522594,0.6291748526522594,0.6231934731934732,85.3756686423006,136.1909258688425,864.1077220998843,438644.1175419787,433560.37357968854,7226.0062263281425,10.700508968981417,3613.2671607703533,12.042243524315575,65.84410392433574,496.0,0.508687144330221,23.239103726461178,0.0,0.020812929359147806,0.0,0.0,0.008101851851851851,8,30,24,moderate_d45_source_travel_aware_hybrid,moderate,45,source,travel_aware_hybrid,29
10920,10918,7048,4402,4401,2779,0,10918,0,0,0.0,0.0,560340.307389778,942723.9059953823,1503064.2133851466,0.0,15836,387950.5829074686,0,0.0,0.0,0.0,0,0,0,0.0,0.0,0,0.0,0.0,0.0,236583.97944267077,0.0,0,0,0,20261120,1061c5b7a3f8769a,human_only,0,1.0,0.98,2,1,0.6455394760945228,0.6456043956043956,0.631531122217174,86.3458422783827,137.66845698709898,0.0,381275.43641512014,376603.063393882,6276.717723231367,0.0,3943.066324044513,0.0,0.0,496.0,0.5729441796425625,24.498016096708046,0.0,0.0,0.0,0.0,0.0,8,30,24,moderate_d45_balanced_human_only,moderate,45,balanced,human_only,0
10819,10819,6654,4312,4312,2618,0,10819,0,0,0.0,0.0,543613.9958580992,913131.3293497667,1456745.3252078556,0.0,15780,372238.3948285949,0,0.0,0.0,0.0,0,0,0,0.0,0.0,0,0.0,0.0,0.0,230019.1541722693,0.0,0,0,0,20261121,1061c5b7a3f8769a,human_only,0,1.0,0.98,0,0,0.6150291154450503,0.6150291154450503,0.6071428571428571,84.40071442367748,134.64694751898102,0.0,400977.7620999166,396024.2780736393,6600.404634560656,0.0,3833.652569537822,0.0,0.0,496.0,0.5508761625224949,23.589251890278508,0.0,0.0,0.0,0.0,0.0,8,30,24,moderate_d45_balanced_human_only,moderate,45,balanced,human_only,1
12518,12517,8649,4892,4891,3262,0,12517,0,0,0.0,0.0,683217.6766300215,1055790.0701780694,1739007.7468080807,0.0,18220,483953.5156698342,0,0.0,0.0,0.0,0,0,0,0.0,0.0,0,0.0,0.0,0.0,290922.953035916,0.0,0,0,0,20261122,1061c5b7a3f8769a,human_only,0,1.0,0.98,1,1,0.6909802668371016,0.6910049528678702,0.6670073589533932,84.34849166558037,138.9316726698155,0.0,275981.7248476986,270877.4157796707,4514.623596327845,0.0,4848.715883931934,0.0,0.0,496.0,0.6908806845343878,26.56166386771867,0.0,0.0,0.0,0.0,0.0,8,30,24,moderate_d45_balanced_human_only,moderate,45,balanced,human_only,2
10389,10387,6328,4215,4214,2484,0,10387,0,0,0.0,0.0,514309.6001377534,790013.0759652765,1304322.6761030213,0.0,15036,350736.56251339545,0,0.0,0.0,0.0,0,0,0,0.0,0.0,0,0.0,0.0,0.0,216759.44797875357,0.0,0,0,0,20261123,1061c5b7a3f8769a,human_only,0,1.0,0.98,2,1,0.609223067295658,0.6092982962749062,0.5895610913404508,76.05786810101824,125.57260769259857,0.0,424776.7493192832,420364.71446664556,7006.078574444093,0.0,3612.6574663125593,0.0,0.0,496.0,0.524219590816215,23.32645401126599,0.0,0.0,0.0,0.0,0.0,8,30,24,moderate_d45_balanced_human_only,moderate,45,balanced,human_only,3
10405,10401,6372,4163,4162,2505,0,10401,0,0,0.0,0.0,518045.5170463122,865384.8377203334,1383430.3547666373,0.0,15132,353729.9707000803,0,0.0,0.0,0.0,0,0,0,0.0,0.0,0,0.0,0.0,0.0,218958.12641865938,0.0,0,0,0,20261124,1061c5b7a3f8769a,human_only,0,1.0,0.98,4,1,0.6126334006345544,0.6127823161941375,0.6019697333653615,83.2020803499984,133.0093601352406,0.0,421653.10289924295,417279.7485414596,6954.662475690993,0.0,3649.3021069776564,0.0,0.0,496.0,0.5277182987239663,23.376286723505174,0.0,0.0,0.0,0.0,0.0,8,30,24,moderate_d45_balanced_human_only,moderate,45,balanced,human_only,4
11041,11039,6951,4345,4343,2661,0,11039,0,0,0.0,0.0,568126.1420465369,794868.5860970863,1362994.728143615,0.0,15985,394185.35896953265,0,0.0,0.0,0.0,0,0,0,0.0,0.0,0,0.0,0.0,0.0,239153.7506467631,0.0,0,0,0,20261125,1061c5b7a3f8769a,human_only,0,1.0,0.98,2,2,0.6296766011414078,0.6297436826374423,0.6128883774453394,72.0054883682477,123.47085135824032,0.0,376676.1609703577,372094.22343026596,6201.570390504433,0.0,3985.8958441127184,0.0,0.0,496.0,0.578095697837861,24.65970340754036,0.0,0.0,0.0,0.0,0.0,8,30,24,moderate_d45_balanced_human_only,moderate,45,balanced,human_only,5
11828,11828,8206,4715,4715,3132,0,11828,0,0,0.0,0.0,636980.533988181,1135248.3427884998,1772228.8767766752,0.0,17339,449350.9649941899,0,0.0,0.0,0.0,0,0,0,0.0,0.0,0,0.0,0.0,0.0,271880.4151174399,0.0,0,0,0,20261126,1061c5b7a3f8769a,human_only,0,1.0,0.98,0,0,0.6937774771728102,0.6937774771728102,0.6642629904559915,95.97973814579808,149.83335109711493,0.0,317659.5496912628,313438.1628897181,5223.969381495302,0.0,4531.340251957331,0.0,0.0,496.0,0.644198533051901,25.915621719487277,0.0,0.0,0.0,0.0,0.0,8,30,24,moderate_d45_balanced_human_only,moderate,45,balanced,human_only,6
11430,11427,7354,4570,4567,2868,0,11427,0,0,0.0,0.0,583264.0666477178,981706.4475432109,1564970.5141909216,0.0,16572,402275.5118391407,0,0.0,0.0,0.0,0,0,0,0.0,0.0,0,0.0,0.0,0.0,246467.11269964313,0.0,0,0,0,20261127,1061c5b7a3f8769a,human_only,0,1.0,0.98,3,3,0.6435634899798722,0.6436570428696413,0.6282275711159737,85.91112693998521,136.95375113248636,0.0,364908.6486953384,360317.25517028227,6005.287586171371,0.0,4107.785211660719,0.0,0.0,496.0,0.5912761551351496,24.27440935548761,0.0,0.0,0.0,0.0,0.0,8,30,24,moderate_d45_balanced_human_only,moderate,45,balanced,human_only,7
11393,11393,7322,4407,4407,2727,0,11393,0,0,0.0,0.0,587194.4712349719,992600.7723680844,1579795.2436030426,0.0,16498,407211.5181546853,0,0.0,0.0,0.0,0,0,0,0.0,0.0,0,0.0,0.0,0.0,248483.04211037146,0.0,0,0,0,20261128,1061c5b7a3f8769a,human_only,0,1.0,0.98,0,0,0.642675326955148,0.642675326955148,0.6187882913546631,87.12374022365351,138.66367450215418,0.0,361838.4785425723,357048.877271062,5950.814621184367,0.0,4141.384035172858,0.0,0.0,496.0,0.5947149657901296,24.682477764255385,0.0,0.0,0.0,0.0,0.0,8,30,24,moderate_d45_balanced_human_only,moderate,45,balanced,human_only,8
11998,11996,8259,4782,4781,3187,0,11996,0,0,0.0,0.0,642665.0493456495,1161466.915076935,1804131.9644225754,0.0,17569,451685.7645954121,0,0.0,0.0,0.0,0,0,0,0.0,0.0,0,0.0,0.0,0.0,273847.8993071805,0.0,0,0,0,20261129,1061c5b7a3f8769a,human_only,0,1.0,0.98,2,1,0.6884794931643882,0.6885314219036506,0.6666666666666666,96.82118331751708,150.39446185583324,0.0,309673.5264392757,304686.40552745777,5078.106758790963,0.0,4564.131655119675,0.0,0.0,496.0,0.6531434515689116,25.70924723065696,0.0,0.0,0.0,0.0,0.0,8,30,24,moderate_d45_balanced_human_only,moderate,45,balanced,human_only,9
10742,10741,6814,4260,4260,2601,0,10741,0,0,0.0,0.0,545340.7824958371,954865.8411585914,1500206.6236544277,0.0,15730,374454.07367981074,0,0.0,0.0,0.0,0,0,0,0.0,0.0,0,0.0,0.0,0.0,230863.76629909204,0.0,0,0,0,20261130,1061c5b7a3f8769a,human_only,0,1.0,0.98,1,0,0.6343915836514291,0.634425619065351,0.6105633802816901,88.89915661098514,139.67103841862283,0.0,400353.7261885384,396011.24784778204,6600.187464129701,0.0,3847.7294383182007,0.0,0.0,496.0,0.5515751274769956,23.80509050729884,0.0,0.0,0.0,0.0,0.0,8,30,24,moderate_d45_balanced_human_only,moderate,45,balanced,human_only,10
9340,9334,5215,3731,3728,2053,0,9334,0,0,0.0,0.0,438709.04067980254,700221.141682084,1138930.182361873,0.0,13615,290501.4899166242,0,0.0,0.0,0.0,0,0,0,0.0,0.0,0,0.0,0.0,0.0,184226.72349226061,0.0,0,0,0,20261131,1061c5b7a3f8769a,human_only,0,1.0,0.98,6,3,0.558710092136276,0.5589935760171306,0.5510586974001608,75.01833529913048,122.01951814461893,0.0,492241.2872996501,488060.1370744447,8134.335617907412,0.0,3070.445391537677,0.0,0.0,496.0,0.44865447211060694,21.336870357445775,0.0,0.0,0.0,0.0,0.0,8,30,24,moderate_d45_balanced_human_only,moderate,45,balanced,human_only,11
10130,10129,5966,4100,4099,2326,0,10129,0,0,0.0,0.0,499673.23694297444,787390.1206374137,1287063.3575803791,0.0,14847,339236.68439378694,0,0.0,0.0,0.0,0,0,0,0.0,0.0,0,0.0,0.0,0.0,210375.9427311009,0.0,0,0,0,20261132,1061c5b7a3f8769a,human_only,0,1.0,0.98,1,1,0.5890018758021522,0.5890424481737414,0.567560975609756,77.73621489163922,127.06716927439818,0.0,441417.0879586676,436513.5659599367,7275.226099332279,0.0,3506.2657121850148,0.0,0.0,496.0,0.5055812186842881,22.848837097985246,0.0,0.0,0.0,0.0,0.0,8,30,24,moderate_d45_balanced_human_only,moderate,45,balanced,human_only,12
9975,9974,5758,3996,3996,2213,0,9974,0,0,0.0,0.0,472929.75723908003,753075.7147349374,1226005.4719740083,0.0,14476,315270.2813043654,0,0.0,0.0,0.0,0,0,0,0.0,0.0,0,0.0,0.0,0.0,197429.7788996188,0.0,0,0,0,20261133,1061c5b7a3f8769a,human_only,0,1.0,0.98,1,0,0.577300982554642,0.5773433583959899,0.5538038038038038,75.50388156556421,122.9201395602575,0.0,459443.5316515356,454781.7718361715,7579.696197269525,0.0,3290.4963149936466,0.0,0.0,496.0,0.4853903095300901,21.778825732548036,0.0,0.0,0.0,0.0,0.0,8,30,24,moderate_d45_balanced_human_only,moderate,45,balanced,human_only,13
11917,11916,8037,4640,4640,2984,0,11916,0,0,0.0,0.0,633191.1209091196,1010715.7501770931,1643906.8710861953,0.0,17335,445047.1140439794,0,0.0,0.0,0.0,0,0,0,0.0,0.0,0,0.0,0.0,0.0,269921.07437120576,0.0,0,0,0,20261134,1061c5b7a3f8769a,human_only,0,1.0,0.98,1,0,0.6744712990936556,0.6744986154233448,0.6431034482758621,84.82005288495242,137.9579448712819,0.0,315863.41118188424,311098.95630604605,5184.982605100768,0.0,4498.684572853429,0.0,0.0,496.0,0.6462103369378537,25.673326451916896,0.0,0.0,0.0,0.0,0.0,8,30,24,moderate_d45_balanced_human_only,moderate,45,balanced,human_only,14
10733,10731,6470,4241,4241,2510,0,10731,0,0,0.0,0.0,540413.8106231876,755992.9291839589,1296406.739807137,0.0,15452,370464.5050732665,0,0.0,0.0,0.0,0,0,0,0.0,0.0,0,0.0,0.0,0.0,228242.37147868026,0.0,0,0,0,20261135,1061c5b7a3f8769a,human_only,0,1.0,0.98,2,0,0.6029261019476284,0.6030000931705953,0.5918415468049988,70.4494389324349,120.80949956268168,0.0,400353.614987907,395246.1417273367,6587.4356954556115,0.0,3804.039524644671,0.0,0.0,496.0,0.5515752520296741,23.975181534640598,0.0,0.0,0.0,0.0,0.0,8,30,24,moderate_d45_balanced_human_only,moderate,45,balanced,human_only,15
10624,10623,6625,4117,4116,2499,0,10623,0,0,0.0,0.0,525101.9878249775,942688.5874033838,1467790.5752283577,0.0,15543,357184.91273149644,0,0.0,0.0,0.0,0,0,0,0.0,0.0,0,0.0,0.0,0.0,220613.0416101694,0.0,0,0,0,20261136,1061c5b7a3f8769a,human_only,0,1.0,0.98,1,1,0.623646804104302,0.6236822289156626,0.6072382803011902,88.74033581882554,138.17100397518195,0.0,416107.7232689701,411575.07467499544,6859.584577916591,0.0,3676.884026836157,0.0,0.0,496.0,0.5339295214281249,22.980435741587623,0.0,0.0,0.0,0.0,0.0,8,30,24,moderate_d45_balanced_human_only,moderate,45,balanced,human_only,16
11146,11146,7117,4462,4462,2795,0,11146,0,0,0.0,0.0,563782.3001167893,1041149.7059348027,1604932.0060515732,0.0,16221,387171.8723366121,0,0.0,0.0,0.0,0,0,0,0.0,0.0,0,0.0,0.0,0.0,238516.01096083267,0.0,0,0,0,20261137,1061c5b7a3f8769a,human_only,0,1.0,0.98,0,0,0.6385250314013996,0.6385250314013996,0.6264007171671896,93.41016561410395,143.99174646075483,0.0,380372.15359326656,375408.97273763973,6256.816212293996,0.0,3975.266849347211,0.0,0.0,496.0,0.5739559211544953,23.868557569608043,0.0,0.0,0.0,0.0,0.0,8,30,24,moderate_d45_balanced_human_only,moderate,45,balanced,human_only,17
11582,11581,7718,4675,4674,3026,0,11581,0,0,0.0,0.0,618653.037908936,925666.9035528128,1544319.941461729,0.0,16883,434731.70640911063,0,0.0,0.0,0.0,0,0,0,0.0,0.0,0,0.0,0.0,0.0,264484.7759800722,0.0,0,0,0,20261138,1061c5b7a3f8769a,human_only,0,1.0,0.98,1,1,0.6664364044555738,0.6664652046278708,0.6474866310160428,79.92979048033959,133.34944663342793,0.0,329470.76661429834,324847.2209901012,5414.1203498350205,0.0,4408.07959966787,0.0,0.0,496.0,0.6309691234158845,25.749671646574107,0.0,0.0,0.0,0.0,0.0,8,30,24,moderate_d45_balanced_human_only,moderate,45,balanced,human_only,18
10459,10458,6456,4179,4179,2485,0,10458,0,0,0.0,0.0,520585.3797342591,844906.3888726735,1365491.7686069314,0.0,15245,355542.27174260956,0,0.0,0.0,0.0,0,0,0,0.0,0.0,0,0.0,0.0,0.0,218671.95268813713,0.0,0,0,0,20261139,1061c5b7a3f8769a,human_only,0,1.0,0.98,1,0,0.6173264486517499,0.6173630366191797,0.5946398659966499,80.79043687824378,130.56911155162857,0.0,419431.7980229738,414860.55386449327,6914.342564408221,0.0,3644.5325448022854,0.0,0.0,496.0,0.5302063194187121,23.32189384995799,0.0,0.0,0.0,0.0,0.0,8,30,24,moderate_d45_balanced_human_only,moderate,45,balanced,human_only,19
11676,11676,7552,4600,4600,2894,0,11676,0,0,0.0,0.0,612512.9893419844,881146.3143536972,1493659.3036956724,0.0,16908,428406.80822515587,0,0.0,0.0,0.0,0,0,0,0.0,0.0,0,0.0,0.0,0.0,259183.4349704875,0.0,0,0,0,20261140,1061c5b7a3f8769a,human_only,0,1.0,0.98,0,0,0.6467968482356972,0.6467968482356972,0.6291304347826087,75.46645378157736,127.9255998369024,0.0,337958.42356743664,333072.1282848363,5551.202138080605,0.0,4319.723916174791,0.0,0.0,496.0,0.6214623391941794,25.337521186725567,0.0,0.0,0.0,0.0,0.0,8,30,24,moderate_d45_balanced_human_only,moderate,45,balanced,human_only,20
10787,10785,6577,4266,4265,2500,0,10785,0,0,0.0,0.0,532946.2650085457,889427.0296785231,1422373.294687051,0.0,15598,363857.17615584494,0,0.0,0.0,0.0,0,0,0,0.0,0.0,0,0.0,0.0,0.0,225667.7995242961,0.0,0,0,0,20261141,1061c5b7a3f8769a,human_only,0,1.0,0.98,2,1,0.6098284654612889,0.6099008065263744,0.586263478668542,82.46889473143469,131.8844037725592,0.0,409596.2109995426,404594.95633393084,6743.24927223218,0.0,3761.129992071602,0.0,0.0,496.0,0.5412228819449567,23.32716862135177,0.0,0.0,0.0,0.0,0.0,8,30,24,moderate_d45_balanced_human_only,moderate,45,balanced,human_only,21
11445,11443,7639,4662,4660,3024,0,11443,0,0,0.0,0.0,595062.5960302367,1135706.1680150053,1730768.7640452287,0.0,16847,412773.00973774213,0,0.0,0.0,0.0,0,0,0,0.0,0.0,0,0.0,0.0,0.0,251617.9277836209,0.0,0,0,0,20261142,1061c5b7a3f8769a,human_only,0,1.0,0.98,2,2,0.6675696932622563,0.6676277850589777,0.6490776490776491,99.2489878541471,151.25131207246602,0.0,355062.9193596632,350838.7878589412,5847.313130982353,0.0,4193.632129727015,0.0,0.0,496.0,0.602304077778155,24.50127676961727,0.0,0.0,0.0,0.0,0.0,8,30,24,moderate_d45_balanced_human_only,moderate,45,balanced,human_only,22
10468,10468,6214,4240,4240,2426,0,10468,0,0,0.0,0.0,508811.9411273348,774102.6089975386,1282914.5501248634,0.0,15160,343839.0917140515,0,0.0,0.0,0.0,0,0,0,0.0,0.0,0,0.0,0.0,0.0,213861.43090783132,0.0,0,0,0,20261143,1061c5b7a3f8769a,human_only,0,1.0,0.98,0,0,0.5936186473060756,0.5936186473060756,0.5721698113207547,73.94942768413628,122.55584162446154,0.0,428795.2316064343,423694.266026105,7061.571100435083,0.0,3564.357181797189,0.0,0.0,496.0,0.5197186025913594,22.68067887295854,0.0,0.0,0.0,0.0,0.0,8,30,24,moderate_d45_balanced_human_only,moderate,45,balanced,human_only,23
11959,11958,8221,4865,4865,3246,0,11958,0,0,0.0,0.0,644363.2785545177,1094890.095253168,1739253.3738076703,0.0,17379,455467.1005057979,0,0.0,0.0,0.0,0,0,0,0.0,0.0,0,0.0,0.0,0.0,274556.678496939,0.0,0,0,0,20261144,1061c5b7a3f8769a,human_only,0,1.0,0.98,1,0,0.6874895467469476,0.6875156785684422,0.6672147995889003,91.56130584154272,145.446845108519,0.0,310101.388270821,305456.94521798147,5090.949086966358,0.0,4575.944641615651,0.0,0.0,496.0,0.6526642156464819,26.20790036859416,0.0,0.0,0.0,0.0,0.0,8,30,24,moderate_d45_balanced_human_only,moderate,45,balanced,human_only,24
10658,10657,6847,4335,4335,2708,0,10657,0,0,0.0,0.0,536588.3005680002,1088552.3799109475,1625140.6804789407,0.0,15761,366990.5436279274,0,0.0,0.0,0.0,0,0,0,0.0,0.0,0,0.0,0.0,0.0,227712.07083870796,0.0,0,0,0,20261145,1061c5b7a3f8769a,human_only,0,1.0,0.98,1,0,0.6424885052078446,0.6425220491649465,0.6246828143021914,102.1443539374071,152.49513751327208,0.0,405590.2371530372,401563.8884780831,6692.731474634719,0.0,3795.201180645133,0.0,0.0,496.0,0.5457098598196268,23.28472454970671,0.0,0.0,0.0,0.0,0.0,8,30,24,moderate_d45_balanced_human_only,moderate,45,balanced,human_only,25
11411,11410,7601,4515,4514,2894,0,11410,0,0,0.0,0.0,592818.09205435,1134052.4776467518,1726870.569701082,0.0,16690,410952.78848294215,0,0.0,0.0,0.0,0,0,0,0.0,0.0,0,0.0,0.0,0.0,253712.926842762,0.0,0,0,0,20261146,1061c5b7a3f8769a,human_only,0,1.0,0.98,1,1,0.6661700262927257,0.6661992813951451,0.6411960132890365,99.39110233538578,151.3471139089467,0.0,356848.46144605434,352419.2523329762,5873.654205549604,0.0,4228.5487807127,0.0,0.0,496.0,0.6003041426455484,24.622695535227212,0.0,0.0,0.0,0.0,0.0,8,30,24,moderate_d45_balanced_human_only,moderate,45,balanced,human_only,26
11731,11728,7950,4692,4692,3112,0,11728,0,0,0.0,0.0,627679.7781729221,1040004.9676801154,1667684.7458530196,0.0,17013,441679.4946501646,0,0.0,0.0,0.0,0,0,0,0.0,0.0,0,0.0,0.0,0.0,267257.4950272638,0.0,0,0,0,20261147,1061c5b7a3f8769a,human_only,0,1.0,0.98,3,0,0.6778649386084584,0.6779473190691331,0.6632566069906224,88.67709478855008,142.19685759319745,0.0,326200.6291712641,321558.1714572257,5359.302857620428,0.0,4454.291583787731,0.0,0.0,496.0,0.6346319117705375,25.96129398989976,0.0,0.0,0.0,0.0,0.0,8,30,24,moderate_d45_balanced_human_only,moderate,45,balanced,human_only,27
11047,11046,7289,4371,4370,2832,0,11046,0,0,0.0,0.0,581687.0560547897,969928.8886615734,1551615.9447163567,0.0,16068,407156.65536322724,0,0.0,0.0,0.0,0,0,0,0.0,0.0,0,0.0,0.0,0.0,246771.9329143335,0.0,0,0,0,20261148,1061c5b7a3f8769a,human_only,0,1.0,0.98,1,1,0.6598768785080572,0.6599076672399746,0.6481354381148479,87.80815577236768,140.46858090859646,0.0,368250.2108857277,364062.6567975874,6067.7109466264565,0.0,4112.865548572225,0.0,0.0,496.0,0.5875333659434053,25.33959767010376,0.0,0.0,0.0,0.0,0.0,8,30,24,moderate_d45_balanced_human_only,moderate,45,balanced,human_only,28
10180,10180,6129,3980,3980,2336,0,10180,0,0,0.0,0.0,499790.4759079148,864434.5094847596,1364224.985392653,0.0,14893,338068.4883354411,0,0.0,0.0,0.0,0,0,0,0.0,0.0,0,0.0,0.0,0.0,209187.55932387628,0.0,0,0,0,20261149,1061c5b7a3f8769a,human_only,0,1.0,0.98,0,0,0.6020628683693516,0.6020628683693516,0.5869346733668341,84.91498128533985,134.01031290694036,0.0,437396.95427702554,432637.89297618484,7210.631549603081,0.0,3486.4593220646047,0.0,0.0,496.0,0.5100840565893532,22.699824638114624,0.0,0.0,0.0,0.0,0.0,8,30,24,moderate_d45_balanced_human_only,moderate,45,balanced,human_only,29
10920,10917,7087,4402,4401,2830,185,10732,3,3,1418.9260227390093,766.4732009699123,552457.0267060347,997369.6650761296,1575911.5046229386,26084.812840775674,16183,401014.9394730314,22,0.0,2341.6057240052505,68.95363174611862,0,0,177,0.0,1239.0,547,1120.473200969909,14376.35018134922,20851.661008909912,244867.37533754244,1115.1284070036702,0,0,0,20261120,260b01f83be3aa81,adaptive_hybrid,2,1.0,0.98,3,1,0.6491710176788495,0.6492673992673993,0.6431167651067696,91.35931712706143,144.3538980143756,652.452821769097,375938.84267644526,371275.81804401503,6187.930300733584,18.67455334949848,4081.122922292374,18.58547345006117,38.12003840751355,496.0,0.5789215471814009,24.780012326084865,0.0,0.027101918101912623,0.0,0.0,0.014340277777777778,8,30,24,moderate_d45_balanced_adaptive_hybrid,moderate,45,balanced,adaptive_hybrid,0
10819,10819,6745,4312,4312,2669,167,10652,6,6,1254.9373341649477,733.3874836380795,538171.6872183227,978737.3357900907,1542932.5846556572,26023.561647252973,16100,386286.1242611821,20,0.0,2126.3479804421468,61.02027833498013,0,0,151,0.0,1057.0,485,1035.387483638077,13154.383027824633,20945.840952692713,239696.6820162928,1007.2839095908278,0,0,0,20261121,260b01f83be3aa81,adaptive_hybrid,2,1.0,0.98,0,0,0.6234402440151585,0.6234402440151585,0.6189703153988868,90.46467656808306,142.61323455547253,521.5498505268682,393876.11733393697,388994.568221519,6483.242803691984,17.256458060634614,3994.9447002715465,16.78806515984713,43.187300933387036,496.0,0.5588305137388698,23.99292697274423,0.0,0.024610509032895217,0.0,0.0,0.012233796296296296,8,30,24,moderate_d45_balanced_adaptive_hybrid,moderate,45,balanced,adaptive_hybrid,1
12518,12517,8747,4892,4891,3321,227,12290,3,3,1611.897086130496,930.1154582333705,670072.9423384704,1136858.8256276315,1840004.7657158966,33072.997749808404,18617,495785.99957876094,25,0.0,2692.6298804788926,81.17284253160724,0,0,209,0.0,1463.0,663,1348.1154582333659,17772.34329901615,27615.18671912734,300696.44594833715,1375.1840398242791,0,0,0,20261122,260b01f83be3aa81,adaptive_hybrid,2,1.0,0.98,1,1,0.6988096189182712,0.6988336795015179,0.679067865903516,90.82518380024219,147.00046063081382,681.7816278971255,270033.4058433113,265102.469035134,4418.3744839189,22.468590970556097,5011.607432472286,22.91973399707132,41.651865338050285,496.0,0.6975432282220976,26.63082126974061,0.0,0.031164697690727924,0.0,0.0,0.01693287037037037,8,30,24,moderate_d45_balanced_adaptive_hybrid,moderate,45,balanced,adaptive_hybrid,2
10389,10387,6403,4215,4214,2567,170,10217,5,5,1251.2034199865436,712.9882370198607,504990.40452590026,868022.5353910543,1396411.912331755,23398.972414800264,15346,360487.0091402864,20,0.0,2157.9990223037003,61.63371950061068,0,0,162,0.0,1134.0,502,1036.9882370198573,13571.082439914255,19188.851813154055,223312.2782025932,1033.311636141174,0,0,0,20261123,260b01f83be3aa81,adaptive_hybrid,2,1.0,0.98,2,1,0.6164436314624049,0.616517470401386,0.6092526690391459,83.56816553297914,134.4384242160157,538.215182966683,418581.6385758924,414153.34514115675,6902.555752352612,17.28313728366429,3721.8713033765534,17.221860602352898,38.224804408673414,496.0,0.5311585589427729,23.490617042896286,0.0,0.024976840535922456,0.0,0.0,0.013125,8,30,24,moderate_d45_balanced_adaptive_hybrid,moderate,45,balanced,adaptive_hybrid,3
10405,10402,6450,4163,4162,2555,175,10227,0,0,1285.6601782900193,680.9449604705322,510254.26687835745,917090.8945529577,1450838.891726366,23493.73029505571,15484,364963.6696114259,20,0.0,2159.4473509378777,63.37327498194099,0,0,169,0.0,1183.0,519,1018.9449604705294,13624.897034608552,19555.734059347575,228394.09417404473,1082.7179075343254,0,0,0,20261124,260b01f83be3aa81,adaptive_hybrid,2,1.0,0.98,3,1,0.6200730628725245,0.6201826045170591,0.6139803026663464,88.16486200278386,139.476917105015,604.7152178194871,415046.61287555005,410570.6511053505,6842.844185089175,16.982416007842158,3806.568236234079,18.045298458905425,37.67964173284697,496.0,0.5351180411340165,23.57037390928868,0.0,0.02499360359881803,0.0,0.0,0.01369212962962963,8,30,24,moderate_d45_balanced_adaptive_hybrid,moderate,45,balanced,adaptive_hybrid,4
11041,11038,7005,4345,4343,2695,180,10858,5,5,1245.0164142117262,777.4792528667007,557320.1011495814,844768.7486374506,1427519.8284589932,25430.97867197096,16368,404474.454407495,19,0.0,2002.667295172808,61.34062992453716,0,0,169,0.0,1183.0,529,1115.4792528666978,14635.500511527183,20874.47396915587,248070.21938990543,1029.5168197393011,0,0,0,20261125,260b01f83be3aa81,adaptive_hybrid,2,1.0,0.98,3,2,0.634625838014133,0.6347251154786704,0.6207134637514384,76.5327730238676,129.32776123020415,467.53716134502554,370258.2170009067,365587.22358123754,6093.120393020626,18.59132088111163,4134.503656498424,17.158613662321685,39.46025324982207,496.0,0.5852842551513142,24.71129364659671,0.0,0.023179019620055648,0.0,0.0,0.01369212962962963,8,30,24,moderate_d45_balanced_adaptive_hybrid,moderate,45,balanced,adaptive_hybrid,5
11828,11828,8293,4715,4715,3195,204,11624,7,7,1599.419266505738,909.4988987729361,624523.8677985568,1224721.1595182186,1881458.065431568,32213.038114794006,17765,459304.22022536246,23,0.0,2516.4949250839377,76.0283075579661,0,0,185,0.0,1295.0,593,1279.4988987729325,15760.379427716118,26881.58329928056,281272.9779949511,1214.7613166328535,0,0,0,20261126,260b01f83be3aa81,adaptive_hybrid,2,1.0,0.98,0,0,0.7011329049712547,0.7011329049712547,0.6776246023329798,103.54423059842904,159.06814892049104,689.920367732802,310497.9634077989,306299.27241681924,5104.987873613654,21.32498164621554,4687.882966582519,20.246021943880894,45.33150640688121,496.0,0.6522200230647414,25.854445270214605,0.0,0.02912609866995298,0.0,0.0,0.014988425925925926,8,30,24,moderate_d45_balanced_adaptive_hybrid,moderate,45,balanced,adaptive_hybrid,6
11430,11428,7383,4570,4568,2864,195,11233,6,6,1425.4099874910237,829.8297300175636,571855.0501184269,1036766.8372000603,1636202.1653722879,27580.27805382035,16935,412204.2980544379,24,0.0,2564.1006233587677,72.06614207247956,0,0,184,0.0,1288.0,574,1197.8297300175593,14668.00831305545,23034.028462848495,254590.9131262807,1208.5935561260587,0,0,0,20261127,260b01f83be3aa81,adaptive_hybrid,2,1.0,0.98,2,2,0.646044802240112,0.6461067366579177,0.6271334792122538,90.7216343367221,143.1748482124858,595.58025747346,361106.81589333934,356233.6134249817,5937.226890416362,19.96382883362599,4243.181885438012,20.143225935434312,40.12896944747125,496.0,0.5955344804062059,24.3403778006754,0.0,0.029677090548133885,0.0,0.0,0.014907407407407407,8,30,24,moderate_d45_balanced_adaptive_hybrid,moderate,45,balanced,adaptive_hybrid,7
11393,11393,7408,4407,4407,2788,190,11203,8,8,1420.7508058685798,884.5569691742902,573501.4512140414,1069775.5476433956,1670715.4471558246,27438.448298400293,16844,414994.3487032897,21,0.0,2264.7605350135595,69.02402754104533,0,0,176,0.0,1232.0,556,1236.5569691742871,14901.661638944392,22547.334459438895,255331.66920673175,1135.8693404504388,0,0,0,20261128,260b01f83be3aa81,adaptive_hybrid,2,1.0,0.98,0,0,0.6502238216448697,0.6502238216448697,0.6326299069661901,93.8976167509344,146.64403117316112,536.1938366942896,357744.19419501064,352837.8470463237,5880.630784105395,20.60928281957145,4255.5278201121955,18.93115567417398,40.5527598191347,496.0,0.5993008577564845,24.637517733512805,0.0,0.02621250619228657,0.0,0.0,0.01425925925925926,8,30,24,moderate_d45_balanced_adaptive_hybrid,moderate,45,balanced,adaptive_hybrid,8
11998,11996,8372,4782,4781,3272,219,11777,4,4,1637.1254507637839,908.504827166106,632337.1801493997,1250046.9099185895,1913386.3887548211,31002.2986868305,17951,464857.8295174067,24,0.0,2553.859721670545,78.30927405843366,0,0,197,0.0,1379.0,635,1302.5048271661014,16071.44974820573,25515.636875244894,282854.474483084,1239.6116520929488,0,0,0,20261129,260b01f83be3aa81,adaptive_hybrid,2,1.0,0.98,2,1,0.6978992997665888,0.6979496582763794,0.6844416562107905,104.20531093019252,159.5020330739264,728.6206235976779,302855.76994467777,298082.4439649407,4968.040732749012,21.70841378610169,4714.241241384733,20.660194201549146,40.18210531534629,496.0,0.6607798275709255,25.895929447797155,0.0,0.029558561593409083,0.0,0.0,0.015960648148148147,8,30,24,moderate_d45_balanced_adaptive_hybrid,moderate,45,balanced,adaptive_hybrid,9
10742,10741,6871,4260,4260,2642,182,10559,6,6,1332.7895659314115,818.6314363158359,532372.3177530247,1003016.0521263517,1561064.4356449777,25676.06576560968,15979,382056.5906618202,21,0.0,2211.3422062017958,64.11241555280748,0,0,174,0.0,1218.0,538,1166.6314363158322,14149.026318797118,21753.027936761886,235966.07936148075,1027.924283963956,0,0,0,20261130,260b01f83be3aa81,adaptive_hybrid,2,1.0,0.98,1,0,0.6396983521087422,0.6397318935021411,0.6201877934272301,93.38199908075148,145.33697380550953,514.1581296155756,396719.4245692113,391984.1754309519,6533.069590515865,19.443857271930536,3932.7679893580125,17.132071399399265,40.43313742892544,496.0,0.5556458058140554,23.90991868463735,0.0,0.02559423849770597,0.0,0.0,0.014097222222222223,8,30,24,moderate_d45_balanced_adaptive_hybrid,moderate,45,balanced,adaptive_hybrid,10
9340,9334,5250,3731,3728,2076,129,9205,3,3,915.297648341675,529.5433357322603,430859.21847017674,749410.9815458009,1198829.7798159407,18559.579799971027,13850,298358.1448588851,14,0.0,1490.983388401458,44.75416079029779,0,0,122,0.0,854.0,380,773.543335732259,10903.034123859312,15634.612259603222,189012.3186426833,734.246803122149,0,0,0,20261131,260b01f83be3aa81,adaptive_hybrid,2,1.0,0.98,6,3,0.5624598242982644,0.5627408993576017,0.5572232645403377,80.2882988585602,128.4368737750097,385.7543126094147,489171.9795752138,484675.22684327984,8077.920447387997,12.892388928870984,3150.2053107113884,12.237446718702483,41.14371647264006,496.0,0.4520923167840347,21.54210432194116,0.0,0.01725675218057243,0.0,0.0,0.00988425925925926,8,30,24,moderate_d45_balanced_adaptive_hybrid,moderate,45,balanced,adaptive_hybrid,11
10130,10130,6031,4100,4100,2357,159,9971,5,5,1180.4309441397677,693.6158081003468,490436.29763217526,836019.2755044367,1348666.552036069,22210.978899460813,15106,346621.07311126025,18,0.0,1891.717208338956,56.45325097166807,0,0,148,0.0,1036.0,466,989.615808100344,11994.941770825075,18428.788226248565,216637.1108529239,926.9590957455898,0,0,0,20261132,260b01f83be3aa81,adaptive_hybrid,2,1.0,0.98,0,0,0.595360315893386,0.595360315893386,0.5748780487804878,82.5290499017213,133.13588865114207,486.81513603942085,436138.65587359585,431543.9803943644,7192.399673239406,16.4935968016724,3610.6185142153986,15.449318262426496,39.54675585031881,496.0,0.5114934410017968,22.945920370135063,0.0,0.021894875096515692,0.0,0.0,0.011990740740740741,8,30,24,moderate_d45_balanced_adaptive_hybrid,moderate,45,balanced,adaptive_hybrid,12
9975,9974,5838,3996,3996,2266,157,9817,1,1,1126.6552348652108,604.4363431105991,467190.7043630571,814585.3611520266,1303261.965012779,21485.899497704144,14822,327276.1434968329,18,0.0,1889.3896548195726,55.65559806441145,0,0,150,0.0,1050.0,464,904.436343110597,12370.723998507077,17345.76360470171,206434.03640028485,924.5101765358029,0,0,0,20261133,260b01f83be3aa81,adaptive_hybrid,2,1.0,0.98,1,0,0.5853218367756166,0.5853634085213033,0.5670670670670671,81.67088040425372,130.66592791385392,522.2188917546117,453472.9644208565,448969.92768106214,7482.832128017702,15.073939051843285,3440.5672733380807,15.40850294226338,37.38311121702955,496.0,0.49207777282610154,22.0804306771578,0.0,0.02186793581967098,0.0,0.0,0.012152777777777778,8,30,24,moderate_d45_balanced_adaptive_hybrid,moderate,45,balanced,adaptive_hybrid,13
11917,11915,8184,4640,4639,3094,232,11683,4,4,1640.299439584498,949.7146955791941,624134.9688906367,1081728.906773817,1736220.9022119034,30357.026547464986,17752,461379.71716007375,25,0.0,2626.4216247923596,80.73300704505314,0,0,222,0.0,1554.0,686,1393.7146955791884,17814.0104874424,24769.420291172606,280672.4624075187,1360.0987915354378,0,0,0,20261134,260b01f83be3aa81,adaptive_hybrid,2,1.0,0.98,2,1,0.6868652958455728,0.6869178484517916,0.6670258620689655,90.78715121895233,145.71723896029403,690.584744005304,308053.35327671235,303339.9645391467,5055.666075652445,23.22857825965314,4677.874373458645,22.668313192257298,36.10702666351692,496.0,0.6549581616524279,25.99029501803029,0.0,0.030398398435096754,0.0,0.0,0.017986111111111112,8,30,24,moderate_d45_balanced_adaptive_hybrid,moderate,45,balanced,adaptive_hybrid,14
10733,10732,6548,4241,4241,2582,167,10565,4,4,1148.3301014458175,681.3144471280075,530088.9991847832,812672.3672100925,1366473.1059938772,23711.739599016255,15696,378987.03777460865,18,0.0,1920.4900019558984,56.90862566474137,0,0,162,0.0,1134.0,496,1005.3144471280048,13149.405020769977,19952.803901842875,233605.00973167433,920.9581665043821,0,0,0,20261135,260b01f83be3aa81,adaptive_hybrid,2,1.0,0.98,1,0,0.6101379053298547,0.6101742290133234,0.6088186748408394,75.72422355666161,127.32697595917602,467.01565431781,396851.4380584752,391688.53131227824,6528.1421885379705,16.755240785466746,3893.416828861239,15.349302775073035,40.22742722145741,496.0,0.5554979412427473,24.145453476975575,0.0,0.02222789354115623,0.0,0.0,0.013125,8,30,24,moderate_d45_balanced_adaptive_hybrid,moderate,45,balanced,adaptive_hybrid,15
10624,10623,6728,4117,4116,2556,169,10454,3,3,1192.186511352591,713.1243284229605,515648.16877200257,1009676.8662640941,1548979.494545026,23654.459508940665,15817,366041.94703698263,18,0.0,1922.389542784905,61.016584802522026,0,0,161,0.0,1127.0,499,1035.1243284229574,13167.43449158127,19909.181442509827,227198.19446552958,1052.7826711361383,0,0,0,20261136,260b01f83be3aa81,adaptive_hybrid,2,1.0,0.98,1,1,0.633342746869999,0.6333772590361446,0.6210833130920573,95.04630201111684,145.81375266356264,479.06218292963047,410775.03073189076,406232.66249845835,6770.544374974305,17.252072140382623,3786.636574425493,17.54637785226897,39.89815920342651,496.0,0.5399025193415202,23.142311881961348,0.0,0.022249878967417883,0.0,0.0,0.013043981481481481,8,30,24,moderate_d45_balanced_adaptive_hybrid,moderate,45,balanced,adaptive_hybrid,16
11146,11146,7209,4462,4462,2851,188,10958,5,5,1383.074528843785,797.9661869085725,553623.2882143743,1105794.4690149885,1685779.7930262731,26362.035796918368,16574,398206.48357308947,21,0.0,2244.30651147451,67.89453351960495,0,0,178,0.0,1246.0,554,1153.966186908569,14550.55830944107,21750.396071863262,246619.8147161549,1123.7825707154884,0,0,0,20261137,260b01f83be3aa81,adaptive_hybrid,2,1.0,0.98,0,0,0.6467791135833483,0.6467791135833483,0.6389511429852084,99.20998286515238,151.2452712207315,585.1083419352125,374898.2077592864,370011.8022362383,6166.863370603972,19.232769781809484,4110.330245269249,18.729709511924806,39.26064272899506,496.0,0.5800871328861039,24.025973426637474,0.0,0.025975769808732754,0.0,0.0,0.014421296296296297,8,30,24,moderate_d45_balanced_adaptive_hybrid,moderate,45,balanced,adaptive_hybrid,17
11582,11580,7827,4675,4674,3082,210,11370,6,6,1523.4128580175475,946.5435029570507,609763.5985134793,995416.9788806941,1635216.445483657,30035.868089502255,17209,449828.3158115761,24,0.0,2553.4764017730777,75.28708330899148,0,0,192,0.0,1344.0,612,1330.5435029570465,16168.551348345933,24079.777476942174,272975.4978388377,1269.7507097446737,0,0,0,20261138,260b01f83be3aa81,adaptive_hybrid,2,1.0,0.98,2,1,0.6759067357512953,0.6759627007425315,0.6594652406417112,85.96001544738291,141.2104011643918,576.8693550604968,323150.5859106017,318214.16688541684,5303.56944809028,22.175725049284107,4549.591630647295,21.162511829077896,39.34604162899048,496.0,0.6380481788635733,26.13913160622791,0.0,0.02955412502052173,0.0,0.0,0.015555555555555555,8,30,24,moderate_d45_balanced_adaptive_hybrid,moderate,45,balanced,adaptive_hybrid,18
10459,10458,6570,4179,4179,2546,168,10290,4,4,1228.904324725986,691.0925023195161,512978.38804149284,923796.969409829,1461749.9240757218,24974.56662440588,15623,366796.8160467677,19,0.0,2053.3107142656054,59.80850085002917,0,0,154,0.0,1078.0,490,999.0925023195141,13271.362911452161,20313.426361995607,228686.9683560784,984.5665449277038,0,0,0,20261139,260b01f83be3aa81,adaptive_hybrid,2,1.0,0.98,1,0,0.6282271944922547,0.6282627402237307,0.6092366594879157,88.33399975232635,139.77337197128722,537.8118224064699,413948.4248639871,409543.3791518654,6825.722985864423,16.651541705325236,3811.4494726013068,16.40944241546173,41.455972167337976,496.0,0.536348090430122,23.478001411173764,0.0,0.023765170304000063,0.0,0.0,0.012476851851851852,8,30,24,moderate_d45_balanced_adaptive_hybrid,moderate,45,balanced,adaptive_hybrid,19
11676,11676,7691,4600,4600,2992,199,11477,6,6,1461.0258304060633,880.806054061869,604925.3764326858,944929.5814680562,1578583.9990242748,28729.04112354794,17251,442507.88565474673,23,0.0,2432.0146954109155,71.06049946885223,0,0,184,0.0,1288.0,582,1248.806054061865,15122.320799060715,23833.642991314868,268404.23807725264,1145.2516022610546,0,0,0,20261140,260b01f83be3aa81,adaptive_hybrid,2,1.0,0.98,0,0,0.658701610140459,0.658701610140459,0.6504347826086957,80.929220749234,135.19904068381936,580.2197763441943,330583.72633155435,325835.50622882746,5430.591770480458,20.81343423436442,4473.40396795421,19.08752670435091,40.9512766173795,496.0,0.6297225287504992,25.65114402960679,0.0,0.028148318233922633,0.0,0.0,0.014907407407407407,8,30,24,moderate_d45_balanced_adaptive_hybrid,moderate,45,balanced,adaptive_hybrid,20
10787,10785,6683,4266,4265,2570,176,10609,1,1,1230.3610292852177,756.0737257915745,524748.6208798955,953414.1306520508,1502278.7297473955,24115.978215453433,15889,374896.58064400795,19,0.0,2003.6765138889998,62.31912544102683,0,0,168,0.0,1176.0,520,1092.0737257915723,13569.53121034282,19977.65878034594,233123.66725010306,1070.1886613258125,0,0,0,20261141,260b01f83be3aa81,adaptive_hybrid,2,1.0,0.98,2,1,0.6196569309225777,0.6197274497079819,0.6026722925457103,88.40186654168296,139.2933453636899,474.2873034936432,403240.4115141518,398300.3026035182,6638.338376725303,18.201228763192873,3885.394454168384,17.83647768876354,38.418574577588345,496.0,0.5483418329814609,23.594724692806846,0.0,0.023190700392233796,0.0,0.0,0.01361111111111111,8,30,24,moderate_d45_balanced_adaptive_hybrid,moderate,45,balanced,adaptive_hybrid,21
11445,11444,7741,4662,4661,3085,200,11244,1,1,1505.3196458128564,834.3444249954322,581064.0725732989,1204769.2377479393,1814859.3638569869,29026.053535762774,17170,420475.15863323206,21,0.0,2284.131458613655,73.69443637998474,0,0,185,0.0,1295.0,585,1204.344424995428,15402.682292879159,24512.895503273616,258096.9269891168,1235.135718037667,0,0,0,20261142,260b01f83be3aa81,adaptive_hybrid,2,1.0,0.98,1,1,0.6764243271583362,0.6764525993883792,0.661947661947662,105.27518680076366,158.58610309830365,670.9752208174242,350526.75703371124,346335.70830291155,5772.261805048526,20.072407083257133,4301.615449818613,20.585595300627784,41.90238547568139,496.0,0.6073849047561478,24.488943426513224,0.0,0.026436706696917302,0.0,0.0,0.014988425925925926,8,30,24,moderate_d45_balanced_adaptive_hybrid,moderate,45,balanced,adaptive_hybrid,22
10468,10468,6350,4240,4240,2508,168,10300,3,3,1240.9174155298174,719.836162246349,502637.73932132905,838569.2148576784,1364995.5125519298,23788.558372931857,15477,356504.89494598133,19,0.0,2058.7939341488072,61.710695718707306,0,0,154,0.0,1078.0,490,1027.8361622463456,12788.17902986766,19179.589296725164,222018.37205580747,1035.2581536011821,0,0,0,20261143,260b01f83be3aa81,adaptive_hybrid,2,1.0,0.98,0,0,0.6066106228505923,0.6066106228505923,0.5915094339622642,80.10787302805487,130.39697292242354,521.0812532834684,422841.39249026834,417697.18182290066,6961.619697048344,17.13060270410576,3700.3062009301243,17.254302560019703,39.142018972908495,496.0,0.5263873291999683,23.034496022871444,0.0,0.023828633497092678,0.0,0.0,0.012476851851851852,8,30,24,moderate_d45_balanced_adaptive_hybrid,moderate,45,balanced,adaptive_hybrid,23
11959,11958,8343,4865,4865,3307,214,11744,4,4,1565.5408591474682,885.0831693120988,634371.6458282587,1179480.9091666401,1844336.6712097428,30484.11621484447,17805,469771.06077377114,24,0.0,2544.2297722554167,75.06092441614602,0,0,204,0.0,1428.0,632,1293.083169312095,17029.175760456033,25677.542434362273,286185.6311743384,1199.651518989006,0,0,0,20261144,260b01f83be3aa81,adaptive_hybrid,2,1.0,0.98,1,0,0.6976919217260411,0.697717200434819,0.6797533401849949,98.63529931147684,154.23454350307264,680.4576898353694,301136.9554967915,296602.61040418234,4943.376840069705,21.55138615520158,4769.760519572306,19.9941919831501,40.62902283918081,496.0,0.6627050229650633,26.384221329613656,0.0,0.029447103845548803,0.0,0.0,0.016527777777777777,8,30,24,moderate_d45_balanced_adaptive_hybrid,moderate,45,balanced,adaptive_hybrid,24
10658,10657,6919,4335,4335,2776,174,10483,1,1,1310.97972314965,695.888374040943,526031.9310877466,1154282.2579576338,1705293.6637127167,24979.474667343977,16038,375430.57522634557,20,0.0,2107.7698678315446,65.13164210607978,0,0,165,0.0,1155.0,513,1025.8883740409397,13197.655925757354,21232.087818209653,233726.38084729403,1110.6838529507872,0,0,0,20261145,260b01f83be3aa81,adaptive_hybrid,2,1.0,0.98,1,0,0.6492446279440743,0.6492775379996247,0.6403690888119954,108.31211954186298,160.01629574108253,615.091349108707,401108.63434557285,396999.20248261356,6616.653374710226,17.098139567348994,3895.439680788234,18.511397549179787,41.38808541561336,496.0,0.5507295762258368,23.408815015983638,0.0,0.024395484581383617,0.0,0.0,0.013368055555555555,8,30,24,moderate_d45_balanced_adaptive_hybrid,moderate,45,balanced,adaptive_hybrid,25
11411,11410,7734,4515,4514,2970,204,11206,7,7,1531.2061719799763,872.4970694490594,578571.2627558552,1227041.2983802995,1835016.598714304,29404.037578152813,17101,420420.99453509157,23,0.0,2446.0420996474,74.50325509197263,0,0,193,0.0,1351.0,601,1258.4970694490544,15611.662613915125,23501.093178979165,261557.57137366262,1200.76401650578,0,0,0,20261146,260b01f83be3aa81,adaptive_hybrid,2,1.0,0.98,1,1,0.677826468010517,0.6778547016037157,0.6580287929125138,107.54086751799294,160.8252934894219,658.7091025309169,350224.280573763,345650.323724431,5760.838728740517,20.974951157484238,4359.29285622771,20.012733608429667,39.103316437569326,496.0,0.6077237000741902,24.58458537717628,0.0,0.028310672449622685,0.0,0.0,0.015636574074074074,8,30,24,moderate_d45_balanced_adaptive_hybrid,moderate,45,balanced,adaptive_hybrid,26
11731,11728,8003,4692,4692,3140,214,11514,2,2,1604.7383278300329,871.2488829807411,611680.9365825952,1093286.125843768,1734793.884796104,29826.822369751026,17385,447914.6382920061,27,0.0,2841.5630995461725,80.11699392181688,0,0,196,0.0,1372.0,624,1263.2488829807364,15060.12603606028,24424.781281829863,272724.2335438403,1328.5789157506395,0,0,0,20261147,260b01f83be3aa81,adaptive_hybrid,2,1.0,0.98,3,0,0.6823840381991815,0.6824652629784332,0.6692242114236999,93.22016761969373,147.91898744850818,733.4894448492918,322539.5027259865,317542.87204973894,5292.381200828982,21.05414804967894,4545.4038923973385,22.142981929177324,39.14227769524017,496.0,0.6387326358355887,25.764431308139553,0.0,0.03288846180030292,0.0,0.0,0.01587962962962963,8,30,24,moderate_d45_balanced_adaptive_hybrid,moderate,45,balanced,adaptive_hybrid,27
11047,11046,7399,4371,4370,2886,192,10854,4,4,1332.585603579896,793.876844810849,572403.926685367,1050708.585604348,1650949.780350019,27837.268060315608,16402,419413.18481902743,20,0.0,2149.2976096572265,66.677405233284,0,0,180,0.0,1260.0,564,1153.8768448108458,15256.27042438311,23493.702841533202,256109.37780554162,1111.6146665629517,0,0,0,20261148,260b01f83be3aa81,adaptive_hybrid,2,1.0,0.98,1,1,0.6698352344740177,0.669865121752512,0.660489590482727,95.12118283580917,149.4613235877258,538.7087587690471,359690.63822124177,355475.45120359486,5924.590853393248,19.23128074684743,4268.48963009236,18.526911109382528,41.65550149208015,496.0,0.5971207009170679,25.57085628697887,0.0,0.024876129741403085,0.0,0.0,0.014583333333333334,8,30,24,moderate_d45_balanced_adaptive_hybrid,moderate,45,balanced,adaptive_hybrid,28
10180,10180,6223,3980,3980,2360,139,10041,1,1,1019.0035994380389,573.0877851089119,496715.12423365295,934054.4389686197,1453761.0697405175,22991.5065382541,15209,351079.38006908784,16,0.0,1692.9322468696394,50.425702236835605,0,0,129,0.0,903.0,407,831.0877851089105,11496.567373069352,19686.000498929974,219063.39257368413,845.2199067274661,0,0,0,20261149,260b01f83be3aa81,adaptive_hybrid,2,1.0,0.98,0,0,0.6112966601178782,0.6112966601178782,0.592964824120603,91.75387416194692,142.80560606488385,445.915814329127,430878.78355452,426142.1741249088,7102.369568748481,13.851463085148508,3651.0565428947357,14.086998445457768,48.36855159442254,496.0,0.5173848750509409,23.083659679734883,0.0,0.019594123227657863,0.0,0.0,0.010451388888888889,8,30,24,moderate_d45_balanced_adaptive_hybrid,moderate,45,balanced,adaptive_hybrid,29
10920,10918,7097,4402,4401,2800,129,10789,2,2,1617.5114666831296,601.7013486905228,553812.4146284839,981849.3154071642,1566520.9280636173,30859.198027982973,16111,396523.70884145855,20,0.0,2183.409863393294,66.53992589227424,0,0,71,0.0,497.0,329,743.7013486905224,8988.171110093728,24538.91485049016,242809.3348025248,779.4910464215752,0,0,0,20261120,12a806e037ec9401,travel_aware_hybrid,2,1.0,0.98,2,1,0.6500274775599927,0.6500915750915751,0.6363016810540664,89.92941155954975,143.48057593548427,1015.8101179926068,378009.4347225826,373292.12680940126,6221.5354468233545,12.395022478175374,4046.8222467087467,12.991517440359587,74.58636732671782,496.0,0.5766023356601897,24.61198614868466,0.0,0.02527094749297794,0.0,0.0,0.005752314814814815,8,30,24,moderate_d45_balanced_travel_aware_hybrid,moderate,45,balanced,travel_aware_hybrid,0
10819,10819,6739,4312,4312,2648,127,10692,1,1,1613.8432994257225,583.6024281097722,540640.222706313,955879.7801012532,1526114.8671947632,29594.864387205016,16020,383906.8329639887,21,0.0,2293.9544333688173,70.29162846374024,0,0,72,0.0,504.0,326,727.6024281097718,8782.323289684025,23266.99981067842,238513.45075796745,908.5586190600377,0,0,0,20261121,12a806e037ec9401,travel_aware_hybrid,2,1.0,0.98,0,0,0.6228856641094371,0.6228856641094371,0.614100185528757,88.35195305492681,141.0587731948205,1030.2408713159502,395467.6690931827,390640.4445760889,6510.674076268148,12.126707135162864,3975.224179299458,15.142643651000629,71.37116506343074,496.0,0.5570478616787828,23.96422178302052,0.0,0.02655039853436131,0.0,0.0,0.005833333333333334,8,30,24,moderate_d45_balanced_travel_aware_hybrid,moderate,45,balanced,travel_aware_hybrid,1
12518,12517,8742,4892,4891,3288,167,12350,3,3,2107.7268110925493,743.8569099165761,676749.1694621048,1125288.5387493274,1840992.8772953877,38955.169083983485,18482,497285.2606827465,26,0.0,2866.412574456582,84.97144166953578,0,0,87,0.0,609.0,421,917.8569099165751,11660.55562448268,30430.942389737284,299215.5466852356,999.6916240055775,0,0,0,20261122,12a806e037ec9401,travel_aware_hybrid,2,1.0,0.98,1,1,0.698410162179436,0.6984342546732705,0.6723221586263287,89.90081798748322,147.07940219664357,1363.8699011759732,270532.2541285986,265437.4235445964,4423.957059076607,15.297615165276252,4986.9257780872595,16.661527066759625,72.28252349106243,496.0,0.696984482382842,26.906463623133128,0.0,0.03317607146361785,0.0,0.0,0.007048611111111111,8,30,24,moderate_d45_balanced_travel_aware_hybrid,moderate,45,balanced,travel_aware_hybrid,2
10389,10387,6376,4215,4214,2518,102,10285,3,3,1366.8372072181303,488.631118830441,508763.9288194207,827589.2885615173,1364509.8190596888,28156.601678763553,15177,357808.279974176,17,0.0,1901.361575794842,55.84369689810331,0,0,54,0.0,378.0,258,596.6311188304413,7351.511086236356,22844.402514600675,220215.61449114382,674.3525552323098,0,0,0,20261123,12a806e037ec9401,travel_aware_hybrid,2,1.0,0.98,2,1,0.6138442283623761,0.6139185677158533,0.5976275207591933,79.67548749027797,131.36707606235572,878.2060883876893,421678.7724084075,417303.99067670485,6955.0665112784145,9.943851980507356,3670.2602415190636,11.23920925387183,88.54419579302588,496.0,0.5276895470335938,23.575692164075644,0.0,0.022006499719847708,0.0,0.0,0.004375,8,30,24,moderate_d45_balanced_travel_aware_hybrid,moderate,45,balanced,travel_aware_hybrid,3
10405,10402,6348,4163,4163,2490,118,10284,3,3,1454.514327429378,549.0207223388514,509976.52984119975,848568.702712795,1386732.7805624173,28187.548008430524,15272,358593.383631843,18,0.0,1966.5665301980357,62.228712139578,0,0,61,0.0,427.0,297,671.0207223388512,7474.763696554726,22407.518031870626,222288.52413565404,787.8124872747909,0,0,0,20261124,12a806e037ec9401,travel_aware_hybrid,2,1.0,0.98,3,0,0.610267256296866,0.6103796251802018,0.5981263511890463,81.57745651920736,133.31405312078613,905.4936050905266,421650.4412392665,416914.3924404236,6948.573207340393,11.18367870564752,3704.808735594234,13.130208121246515,75.44618865949705,496.0,0.5277212799739399,23.480446806694804,0.0,0.022761186692106895,0.0,0.0,0.00494212962962963,8,30,24,moderate_d45_balanced_travel_aware_hybrid,moderate,45,balanced,travel_aware_hybrid,4
11041,11038,6986,4345,4342,2674,142,10896,8,8,1735.40314141093,782.2528919030715,559482.9361722255,836640.0760247572,1426495.812571997,30372.800375032908,16270,402125.2519591431,21,0.0,2311.850886722045,70.51680127021766,0,0,82,0.0,574.0,366,946.2528919030699,10561.026989069525,23642.834948990254,247244.77728988405,804.0344337893393,0,0,0,20261125,12a806e037ec9401,travel_aware_hybrid,2,1.0,0.98,3,3,0.6329045116868998,0.6330042568607916,0.6161104718066743,75.79634680419979,129.23498936147826,953.1502495078585,370701.43573050643,366107.1903755708,6101.786506259513,15.770881531717832,4120.746288164734,13.40057389648899,64.59790969669469,496.0,0.5847878184022106,24.71574996675741,0.0,0.02675753341113478,0.0,0.0,0.006643518518518518,8,30,24,moderate_d45_balanced_travel_aware_hybrid,moderate,45,balanced,travel_aware_hybrid,5
11828,11828,8245,4715,4715,3162,150,11678,3,3,1952.6523288087426,718.7488318812464,631039.1116854296,1181563.310497771,1848923.045395474,36320.62321228357,17591,461754.9304113881,25,0.0,2752.7755567817753,81.34968003318896,0,0,88,0.0,616.0,388,894.748831881245,10990.31292802712,28744.699229821512,279969.1568134635,996.7042566336362,0,0,0,20261126,12a806e037ec9401,travel_aware_hybrid,2,1.0,0.98,0,0,0.6970747379100439,0.6970747379100439,0.6706256627783669,99.89544390410644,156.31747086535964,1233.9034969274962,312719.58816571266,308555.5385013982,5142.592308356636,14.912480531354083,4666.152613557725,16.611737610560603,74.08427636551936,496.0,0.6497316440796229,26.249498630628622,0.0,0.03186082820349277,0.0,0.0,0.00712962962962963,8,30,24,moderate_d45_balanced_travel_aware_hybrid,moderate,45,balanced,travel_aware_hybrid,6
11430,11428,7429,4570,4568,2872,144,11284,5,5,1797.9245103304113,700.6938626047083,577860.4401798457,1028521.6142475522,1640951.1612088385,34569.106781461436,16855,412701.16466039536,22,0.0,2421.9642472668043,72.98393983297845,0,0,85,0.0,595.0,373,870.6938626047075,9768.10909357533,27402.175713533383,254735.27705918916,844.7944788074213,0,0,0,20261127,12a806e037ec9401,travel_aware_hybrid,2,1.0,0.98,2,2,0.650070003500175,0.6501312335958005,0.6288840262582057,90.00014125372351,143.59040612607967,1097.230647725703,359451.76822395134,354965.22738333157,5916.087123055526,14.511564376745126,4245.587950986486,14.07990798012369,73.46427805236831,496.0,0.5973882524373305,24.4853850287983,0.0,0.02803199360262505,0.0,0.0,0.0068865740740740745,8,30,24,moderate_d45_balanced_travel_aware_hybrid,moderate,45,balanced,travel_aware_hybrid,7
11393,11392,7371,4407,4406,2778,146,11246,6,6,1789.1000031428111,733.5342346617095,575619.438527229,1062081.39058952,1671180.4055257835,33479.576409044836,16776,412525.75112340477,22,0.0,2440.47607757538,74.90197237381047,0,0,78,0.0,546.0,370,889.5342346617089,9953.904971048993,25841.031455190263,254298.13805361782,933.5132694469203,0,0,0,20261128,12a806e037ec9401,travel_aware_hybrid,2,1.0,0.98,1,1,0.6470330056179775,0.6470639866584745,0.6305877013841615,93.23045914584972,146.69771818168746,1055.5657684811017,359051.6334477033,354212.8085621043,5903.546809368405,14.825570577695148,4238.302300893631,15.558554490782004,69.84062555456828,496.0,0.5978364320702247,24.59023313801888,0.0,0.02824625089786319,0.0,0.0,0.006319444444444444,8,30,24,moderate_d45_balanced_travel_aware_hybrid,moderate,45,balanced,travel_aware_hybrid,8
11998,11997,8347,4782,4781,3258,148,11849,3,3,1943.8968807043236,710.3174996440396,638110.4249792757,1212505.6865474798,1889053.3126030914,38437.20107635269,17796,463329.8447703086,24,0.0,2735.6505098093103,81.93212483197406,0,0,63,0.0,441.0,359,836.317499644039,9464.993110792395,30177.572210852435,280695.94526911556,997.224832543285,0,0,0,20261129,12a806e037ec9401,travel_aware_hybrid,2,1.0,0.98,1,1,0.6957572726514962,0.6957826304384064,0.6815140108741112,101.06740739747269,157.4604745022165,1233.579381060284,305563.6192582337,300834.12649185205,5013.902108197534,13.938624994067316,4678.265754485259,16.620413875721415,84.06008972382294,496.0,0.657746842228681,26.035617260637704,0.0,0.031662621641311464,0.0,0.0,0.005104166666666667,8,30,24,moderate_d45_balanced_travel_aware_hybrid,moderate,45,balanced,travel_aware_hybrid,9
10742,10741,6875,4260,4260,2637,138,10603,1,1,1775.7136550891796,627.791228224582,535763.3373194298,985680.2859732765,1552346.9726259108,30903.3493332105,15949,380804.13923667517,22,0.0,2428.96241080507,74.76129894433099,0,0,86,0.0,602.0,362,799.7912282245817,9569.071757326732,24169.294755912575,235557.17535563264,949.2628609086565,0,0,0,20261130,12a806e037ec9401,travel_aware_hybrid,2,1.0,0.98,1,0,0.6400707569127642,0.6401042636380563,0.6190140845070422,91.7680184315498,144.52536752871342,1147.9224268645976,397413.5628096612,392859.87795251707,6547.6646325419515,13.329853803743028,3925.9529225938772,15.821047681810942,66.76600761301816,496.0,0.5548683212257379,23.87636461450092,0.0,0.02811299086579942,0.0,0.0,0.006967592592592593,8,30,24,moderate_d45_balanced_travel_aware_hybrid,moderate,45,balanced,travel_aware_hybrid,10
9340,9335,5231,3731,3728,2069,92,9243,1,1,1189.879305673398,441.81756740923373,436833.0123054744,720441.2553489303,1181085.6556943918,23811.388039991893,13750,299235.2823314615,15,0.0,1650.7222177923275,48.51511500154285,0,0,49,0.0,343.0,233,539.8175674092339,6151.36981006089,19237.859213579195,188576.6429565871,578.052720383832,0,0,0,20261131,12a806e037ec9401,travel_aware_hybrid,2,1.0,0.98,5,3,0.5603642206748795,0.5605995717344754,0.5553470919324578,77.17635301006216,126.52229841396806,748.0617382641642,489444.0112440394,485160.7528405329,8086.012547342215,8.996959456820566,3142.944049276452,9.6342120063972,82.56591937158453,496.0,0.45178762181447196,21.762565987742654,0.0,0.019105581224448234,0.0,0.0,0.003969907407407407,8,30,24,moderate_d45_balanced_travel_aware_hybrid,moderate,45,balanced,travel_aware_hybrid,11
10130,10129,5972,4100,4099,2334,123,10006,2,2,1531.7083600893711,582.5185613317992,491664.10682314326,811727.736887125,1331606.797637243,28214.953926984017,14993,345070.1313386042,18,0.0,1973.0150736706803,62.417239814801476,0,0,67,0.0,469.0,313,716.518561331799,8102.759512311681,22196.319251683217,213821.1729293625,737.5804452032589,0,0,0,20261132,12a806e037ec9401,travel_aware_hybrid,2,1.0,0.98,1,1,0.5895942343765426,0.5896347482724581,0.5695121951219512,80.138980835929,131.46478404948593,949.1897987575719,439666.36303755466,434800.3001199642,7246.671668666069,11.94197602219665,3563.686215489375,12.293007420054316,70.91475799259814,496.0,0.5075421560959289,23.015415950016955,0.0,0.02283582261192917,0.0,0.0,0.00542824074074074,8,30,24,moderate_d45_balanced_travel_aware_hybrid,moderate,45,balanced,travel_aware_hybrid,12
9975,9974,5806,3996,3996,2235,109,9865,2,2,1355.9624515737128,505.62621362692596,467828.2523734142,785908.0727981742,1277914.8999161567,24178.574744578233,14704,323641.4443101468,17,0.0,1833.2181414906754,57.23344251117619,0,0,66,0.0,462.0,284,637.6262136269257,7894.485340600685,18896.69242112738,203801.46154869403,764.7814846536209,0,0,0,20261133,12a806e037ec9401,travel_aware_hybrid,2,1.0,0.98,1,0,0.5821134950872268,0.582155388471178,0.5593093093093093,78.79567603751497,128.12461398798442,850.3362379467868,455398.5397603913,451020.8838491343,7517.014730818905,10.627103560448763,3396.691025811567,12.746358077560348,66.53764937016683,496.0,0.4899209904117481,22.010435548840235,0.0,0.021217802563549482,0.0,0.0,0.005347222222222222,8,30,24,moderate_d45_balanced_travel_aware_hybrid,moderate,45,balanced,travel_aware_hybrid,13
11917,11916,8127,4640,4640,3011,138,11778,2,2,1751.328414144211,678.8872203240093,631744.032105046,1037612.5303499795,1705763.6584049358,36407.09594992135,17555,461251.5897745332,22,0.0,2375.151105948802,71.240578989478,0,0,66,0.0,462.0,342,810.8872203240086,9963.63486848453,28825.615862135204,278579.87220857857,832.4036742568813,0,0,0,20261134,12a806e037ec9401,travel_aware_hybrid,2,1.0,0.98,1,0,0.68202416918429,0.6820508517244273,0.6489224137931034,87.07725162386535,143.14901463619805,1072.4411938202015,310502.45441299526,306085.078156736,5101.417969278933,13.514787005400143,4642.997870142976,13.873394570948022,84.28542649747136,496.0,0.6522149928169856,26.27465621045475,0.0,0.027490174837370394,0.0,0.0,0.005347222222222222,8,30,24,moderate_d45_balanced_travel_aware_hybrid,moderate,45,balanced,travel_aware_hybrid,14
10733,10732,6512,4241,4241,2557,124,10608,4,4,1610.599837657661,632.7391677315981,535421.3553170193,758884.0953416179,1322603.0798433116,28297.629184678986,15615,380020.96541479847,20,0.0,2202.4938773135054,64.36462443576295,0,0,63,0.0,441.0,311,758.7391677315973,7845.723323649209,21792.026956196005,233279.22678854494,720.4634229774625,0,0,0,20261135,12a806e037ec9401,travel_aware_hybrid,2,1.0,0.98,1,0,0.6067834513604174,0.6068200875803597,0.6029238387172836,70.71227127670686,123.2391986436183,977.860669926063,398951.5764945719,393833.22025669605,6563.887004278267,12.64565279552662,3887.9871131424156,12.007723716291043,70.07082622571063,496.0,0.5531456356467608,24.336917413691864,0.0,0.025491827283721128,0.0,0.0,0.005104166666666667,8,30,24,moderate_d45_balanced_travel_aware_hybrid,moderate,45,balanced,travel_aware_hybrid,15
10624,10623,6709,4117,4116,2528,113,10510,2,2,1397.0700265464275,541.14828609751,520418.0633306015,979900.0159659489,1531358.3694507084,31040.290154161925,15725,364427.89283466566,18,0.0,1958.6677913831234,58.19609006934808,0,0,48,0.0,336.0,274,637.1482860975101,6639.124203650282,25092.95851926644,225326.00578278746,697.9838784387641,0,0,0,20261136,12a806e037ec9401,travel_aware_hybrid,2,1.0,0.98,1,1,0.6315541749035113,0.6315888554216867,0.614282244352684,92.24324729040279,144.15498159189573,855.9217404489175,412882.64813206147,408491.5747075003,6808.192911791672,10.619138101625168,3755.433429713124,11.633064640646069,91.58014058126439,496.0,0.5375418367696444,23.17506472716475,0.0,0.022669766103971336,0.0,0.0,0.0038888888888888888,8,30,24,moderate_d45_balanced_travel_aware_hybrid,moderate,45,balanced,travel_aware_hybrid,16
11146,11146,7153,4462,4462,2815,131,11015,1,1,1538.6176401021285,582.0566803956312,558342.8152213487,1056162.3146114827,1646890.8989610863,32385.7691282534,16387,395812.2629909385,19,0.0,2098.6096633281204,65.80903969509974,0,0,70,0.0,490.0,332,722.0566803956308,8444.752963121053,26108.83065399126,243368.76682170204,798.8434639982039,0,0,0,20261137,12a806e037ec9401,travel_aware_hybrid,2,1.0,0.98,0,0,0.64175488964651,0.64175488964651,0.6308830121021963,94.75707111174256,147.75622635574075,956.5609597064972,378051.06460057443,372881.2179078326,6214.686965130543,12.034278006593846,4056.146113695034,13.314057733303398,78.64105618672066,496.0,0.5765557072126182,24.154040580395343,0.0,0.02428946369592732,0.0,0.0,0.005671296296296297,8,30,24,moderate_d45_balanced_travel_aware_hybrid,moderate,45,balanced,travel_aware_hybrid,17
11582,11581,7810,4675,4675,3064,149,11432,2,2,1839.461257674039,699.7038201805713,613007.2392891855,970183.1849546412,1618102.9093088459,34912.4850650367,17164,446584.79692046344,24,0.0,2638.924611294103,74.83964882389215,0,0,79,0.0,553.0,377,857.70382018057,10217.208969388419,27623.670730871687,272098.5736564186,850.3650519738579,0,0,0,20261138,12a806e037ec9401,travel_aware_hybrid,2,1.0,0.98,1,0,0.6743804507382782,0.6744085650146779,0.6554010695187166,83.77369699979631,139.72048262748,1139.7574374934677,323708.9346122877,319173.6711075754,5319.5611851262565,14.295063669676166,4534.976227606977,14.172750866230965,73.27233615615832,496.0,0.6374227882926886,26.018690102567202,0.0,0.030543108927015082,0.0,0.0,0.006400462962962963,8,30,24,moderate_d45_balanced_travel_aware_hybrid,moderate,45,balanced,travel_aware_hybrid,18
10459,10458,6480,4179,4179,2501,128,10330,4,4,1481.7007115303102,622.9206307686165,514297.54393644625,884442.7112241343,1428988.152689157,30247.8975285861,15423,362665.55646843195,18,0.0,1934.2983196523157,61.8495781942002,0,0,58,0.0,406.0,314,738.920630768616,7996.793238224076,24195.795627585307,223864.01402924722,739.9256756870448,0,0,0,20261139,12a806e037ec9401,travel_aware_hybrid,2,1.0,0.98,1,0,0.6196213425129088,0.6196577110622431,0.5984685331419,84.57092285562577,136.64067246979891,858.7800807616936,416964.7234744885,412371.8992822146,6872.864988036909,12.3153438461436,3731.0669004874535,12.33209459478408,77.05667397320161,496.0,0.5329696197642377,23.514592262752508,0.0,0.022387712033012912,0.0,0.0,0.004699074074074074,8,30,24,moderate_d45_balanced_travel_aware_hybrid,moderate,45,balanced,travel_aware_hybrid,19
11676,11676,7546,4600,4600,2901,136,11540,3,3,1718.228184001213,641.2681996307691,606072.7603449035,909293.6406154595,1549422.9800212448,34056.57906089358,17098,439072.69301710534,22,0.0,2389.392502303807,69.84486102233971,0,0,73,0.0,511.0,345,787.2681996307688,9770.264536610683,27572.947176635513,265109.46103718056,802.997983884608,0,0,0,20261140,12a806e037ec9401,travel_aware_hybrid,2,1.0,0.98,0,0,0.6462829736211031,0.6462829736211031,0.6306521739130435,77.87715318734665,132.7015227835941,1076.959984370444,335996.94851779134,330924.56670378114,5515.409445063019,13.121136660512812,4418.491017286343,13.383299731410132,79.92158601923337,496.0,0.6236593318573125,25.67976915528748,0.0,0.027655005813701467,0.0,0.0,0.005914351851851852,8,30,24,moderate_d45_balanced_travel_aware_hybrid,moderate,45,balanced,travel_aware_hybrid,20
10787,10785,6643,4266,4265,2537,123,10662,1,1,1580.4942400510222,589.6483925017326,526605.4710374823,931882.8970199489,1488759.3107783599,30270.942720944426,15804,370979.16298057884,20,0.0,2205.379365234752,64.01831793639693,0,0,57,0.0,399.0,303,703.6483925017325,8082.096433364068,24139.210200491125,231381.5940878787,769.4430017569499,0,0,0,20261141,12a806e037ec9401,travel_aware_hybrid,2,1.0,0.98,2,1,0.6159480760315252,0.6160192824696393,0.5949367088607594,86.40546101251265,138.03980628450253,990.8458475492896,405138.81185162923,400391.51215061906,6673.191869176984,11.727473208362207,3856.359901464645,12.824050029282498,79.66736039766047,496.0,0.5462154885174404,23.473751137723287,0.0,0.025525224134661482,0.0,0.0,0.004618055555555556,8,30,24,moderate_d45_balanced_travel_aware_hybrid,moderate,45,balanced,travel_aware_hybrid,21
11445,11443,7695,4662,4660,3045,149,11294,3,3,1718.4352127701006,718.7001088886282,587143.5618920552,1182663.0627888066,1805413.4283014028,35606.80362054622,17075,421595.62992159306,22,0.0,2372.493008069093,72.67200874737003,0,0,88,0.0,616.0,386,894.7001088886271,10188.331095847845,29003.69313989713,257570.24870052238,881.6840938442263,0,0,0,20261142,12a806e037ec9401,travel_aware_hybrid,2,1.0,0.98,2,2,0.6724635148125492,0.672520751419834,0.6535821535821535,103.35253541805528,157.77448468945232,999.7351038814725,351815.512590648,347518.07937695,5791.967989615833,14.911668481477118,4292.8374783420395,14.694734897403771,75.13910139869722,496.0,0.6059414061484677,24.690812879741905,0.0,0.0274594098156145,0.0,0.0,0.00712962962962963,8,30,24,moderate_d45_balanced_travel_aware_hybrid,moderate,45,balanced,travel_aware_hybrid,22
10468,10468,6331,4240,4240,2470,125,10343,2,2,1636.010608784258,568.1429098423297,506896.6739585086,815069.5052310311,1350937.9689130702,28971.78972354244,15381,356065.0812169289,21,0.0,2345.0615434002184,70.03255672232373,0,0,69,0.0,483.0,319,706.1429098423293,8574.492211688275,22513.54029539322,221195.42195770284,883.1870545892359,0,0,0,20261143,12a806e037ec9401,travel_aware_hybrid,2,1.0,0.98,0,0,0.6047955674436377,0.6047955674436377,0.5825471698113207,77.86296381649132,129.05406657557032,1067.8676989419282,424069.65455738734,419135.40560816653,6985.590093469442,11.769048497372156,3686.590365961714,14.719784243153931,70.57536142756496,496.0,0.5250115876373349,23.14967045165652,0.0,0.027141916011576603,0.0,0.0,0.005590277777777777,8,30,24,moderate_d45_balanced_travel_aware_hybrid,moderate,45,balanced,travel_aware_hybrid,23
11959,11958,8245,4865,4865,3247,158,11800,4,4,1989.8161645635616,776.5119482958529,637647.0369043694,1145296.679331452,1819182.3098725758,36238.59363676258,17595,468218.26829677774,25,0.0,2738.345642195417,83.93111756890274,0,0,85,0.0,595.0,401,946.5119482958514,11010.959794733164,27881.693937287586,281763.37230451993,1057.0792699755568,0,0,0,20261144,12a806e037ec9401,travel_aware_hybrid,2,1.0,0.98,1,0,0.6894965713329988,0.6895225353290408,0.6674203494347379,95.77660807254155,152.13098426765143,1213.3042162677089,304243.035906891,299492.2447680924,4991.53741280154,15.77519913826419,4696.056205075332,17.617987832925948,69.53040882116605,496.0,0.6592259902476579,26.61087060510246,0.0,0.0316938153031877,0.0,0.0,0.0068865740740740745,8,30,24,moderate_d45_balanced_travel_aware_hybrid,moderate,45,balanced,travel_aware_hybrid,24
10658,10658,6909,4335,4335,2762,118,10540,2,2,1466.3772838598845,567.4192851546478,532135.9245020854,1130811.85906915,1694066.6639030254,31118.88033181066,15934,375835.8402427174,21,0.0,2239.4211389363295,64.00582577360292,0,0,63,0.0,441.0,299,693.4192851546477,7858.5634829672035,25214.23173803787,232139.15578661946,854.8050843332619,0,0,0,20261145,12a806e037ec9401,travel_aware_hybrid,2,1.0,0.98,0,0,0.6482454494276599,0.6482454494276599,0.6371395617070358,106.09981788976825,158.94789490551938,898.9579987052367,402329.405442947,398468.45336979226,6641.140889496538,11.556988085910795,3868.9859297769913,14.246751405554365,84.32853424092933,496.0,0.5493622250863048,23.587036540901057,0.0,0.025919226145096407,0.0,0.0,0.005104166666666667,8,30,24,moderate_d45_balanced_travel_aware_hybrid,moderate,45,balanced,travel_aware_hybrid,25
11411,11410,7680,4515,4514,2919,133,11277,2,2,1628.1707347637528,623.5252525750954,586284.4248572296,1174251.4369554373,1795557.6068584574,35021.74504580573,16881,420590.83873316285,21,0.0,2302.1912099243655,68.61697172580782,0,0,72,0.0,504.0,338,767.5252525750948,9122.96020782906,28742.543989009468,258550.8964610343,888.9783961120272,0,0,0,20261146,12a806e037ec9401,travel_aware_hybrid,2,1.0,0.98,1,1,0.6730937773882559,0.6731224257295592,0.646733111849391,102.91423636769828,157.36701199460626,1004.6454821886574,351888.3474274032,347542.1759854635,5792.369599757725,12.792087542918246,4309.181607683905,14.81630660186712,85.03711239351914,496.0,0.6058598259101666,24.915042872647522,0.0,0.02664573159634682,0.0,0.0,0.005833333333333334,8,30,24,moderate_d45_balanced_travel_aware_hybrid,moderate,45,balanced,travel_aware_hybrid,26
11731,11729,7965,4692,4692,3114,157,11572,2,2,1976.6097137681422,733.1391871492597,615144.3065317515,1081880.1931378962,1732631.5260459897,35607.026376357135,17309,447154.4999407667,26,0.0,2901.813536455783,82.10064152900222,0,0,94,0.0,658.0,408,921.1391871492581,10775.150882843065,27968.349892227758,273328.20653445565,1038.6543301101835,0,0,0,20261147,12a806e037ec9401,travel_aware_hybrid,2,1.0,0.98,2,0,0.6790860260891807,0.6791407382149859,0.6636828644501279,92.239764100767,147.72201603256798,1243.4705266188826,322009.4993687239,317302.177438926,5288.3696239821,15.352319785820969,4555.470108907594,17.31090550183639,68.54987718683275,496.0,0.6393262775887949,25.833641454778828,0.0,0.03358580482009008,0.0,0.0,0.007615740740740741,8,30,24,moderate_d45_balanced_travel_aware_hybrid,moderate,45,balanced,travel_aware_hybrid,27
11047,11046,7363,4371,4370,2861,129,10917,1,1,1626.7281400295788,587.2035446932376,574187.2757335515,1010864.8156376899,1617699.32307022,32647.23169898948,16266,414446.8944117686,21,0.0,2310.2930805500823,68.08457755080948,0,0,70,0.0,490.0,328,727.2035446932375,9177.600073298452,26106.35891273154,252678.00066399676,882.3836972861751,0,0,0,20261148,12a806e037ec9401,travel_aware_hybrid,2,1.0,0.98,1,1,0.6665761361578852,0.6666063184574997,0.6547700754975978,91.51410606895618,146.4511427729694,1039.524595336341,362270.16328588553,358160.26667260606,5969.337777876767,12.120059078220626,4211.300011066613,14.706394954769586,79.59255766076689,496.0,0.594231447932476,25.47933692436792,0.0,0.026739503247107433,0.0,0.0,0.005671296296296297,8,30,24,moderate_d45_balanced_travel_aware_hybrid,moderate,45,balanced,travel_aware_hybrid,28
10180,10179,6155,3980,3979,2317,121,10058,4,4,1505.6444190100844,559.1644813044753,497479.8561747971,892793.6221583823,1417966.9321905682,27693.453857397686,15067,349530.4055957704,19,0.0,2068.8838206182063,62.26668586773984,0,0,56,0.0,392.0,298,671.1644813044754,8288.114580600113,21527.176624289954,215795.30857950993,760.1375578104912,0,0,0,20261149,12a806e037ec9401,travel_aware_hybrid,2,1.0,0.98,1,1,0.6046762943314667,0.6047151277013753,0.5824120603015075,87.7093645896829,139.30316653802615,946.4799377056091,433893.5212398949,429131.497693585,7152.1916282264165,11.186074688407924,3596.5884763251656,12.66895929684152,72.23884773251662,496.0,0.5140081527330926,23.19840748627931,0.0,0.0239454145904885,0.0,0.0,0.004537037037037037,8,30,24,moderate_d45_balanced_travel_aware_hybrid,moderate,45,balanced,travel_aware_hybrid,29
10920,10917,6939,9159,9157,5696,0,10917,0,0,0.0,0.0,558177.0036796203,891897.0071909475,1450074.0108705596,0.0,15797,393191.9574589777,0,0.0,0.0,0.0,0,0,0,0.0,0.0,0,0.0,0.0,0.0,238140.93464391612,0.0,0,0,0,20261120,c9b39fa7d4efb08c,human_only,0,1.0,0.98,3,2,0.6356141797197032,0.6357142857142857,0.6221203188120974,81.6979946130757,132.82715131176693,0.0,386269.5388810184,381536.92089511687,6358.9486815852815,0.0,3969.015577398602,0.0,0.0,496.0,0.5673504268805798,24.890292932770635,0.0,0.0,0.0,0.0,0.0,8,30,24,moderate_d60_source_human_only,moderate,60,source,human_only,0
10819,10818,6684,9148,9147,5548,0,10818,0,0,0.0,0.0,544528.5321682369,873816.6141891207,1418345.1463573505,0.0,15750,380267.52856065304,0,0.0,0.0,0.0,0,0,0,0.0,0.0,0,0.0,0.0,0.0,233660.0486247994,0.0,0,0,0,20261121,c9b39fa7d4efb08c,human_only,0,1.0,0.98,1,1,0.617859123682751,0.6178944449579443,0.6065806733712287,80.77432188843785,131.10973806224354,0.0,402579.8064690499,397800.56867444987,6630.009477907498,0.0,3894.334143746657,0.0,0.0,496.0,0.5490817579871753,24.14397006734305,0.0,0.0,0.0,0.0,0.0,8,30,24,moderate_d60_source_human_only,moderate,60,source,human_only,1
12518,12517,8651,10552,10552,7193,0,12517,0,0,0.0,0.0,683543.1220568394,1045256.6742048401,1728799.796261655,0.0,18220,492123.680795556,0,0.0,0.0,0.0,0,0,0,0.0,0.0,0,0.0,0.0,0.0,295218.92440522934,0.0,0,0,0,20261122,c9b39fa7d4efb08c,human_only,0,1.0,0.98,1,0,0.6911400495326356,0.6911647227991692,0.6816717210007581,83.5069644647152,138.1161457427223,0.0,277545.3634097949,272458.440409243,4540.974006820717,0.0,4920.315406753823,0.0,0.0,496.0,0.6891292972560541,27.010081273082108,0.0,0.0,0.0,0.0,0.0,8,30,24,moderate_d60_source_human_only,moderate,60,source,human_only,2
10389,10387,6317,8735,8733,5224,0,10387,0,0,0.0,0.0,511717.5601736663,770293.7280406967,1282011.2882143434,0.0,15019,354416.44229165197,0,0.0,0.0,0.0,0,0,0,0.0,0.0,0,0.0,0.0,0.0,217563.29321126427,0.0,0,0,0,20261123,c9b39fa7d4efb08c,human_only,0,1.0,0.98,2,2,0.6081640512178685,0.6082394840696891,0.598282770463652,74.15940387414044,123.42459692060685,0.0,428608.99252316554,424088.10019731877,7068.135003288646,0.0,3626.0548868544047,0.0,0.0,496.0,0.5199272037150924,23.597872181347093,0.0,0.0,0.0,0.0,0.0,8,30,24,moderate_d60_source_human_only,moderate,60,source,human_only,3
10405,10403,6319,8736,8734,5196,0,10403,0,0,0.0,0.0,516158.77780389914,820181.3459981787,1336340.1238020763,0.0,15085,358503.64696603466,0,0.0,0.0,0.0,0,0,0,0.0,0.0,0,0.0,0.0,0.0,220837.44600269225,0.0,0,0,0,20261124,c9b39fa7d4efb08c,human_only,0,1.0,0.98,2,2,0.6074209362683841,0.607496395963479,0.5950091575091575,78.84084840893769,128.45718771528178,0.0,425338.6242470384,420839.84769755445,7013.997461625908,0.0,3680.624100044871,0.0,0.0,496.0,0.5235902506193566,23.76557155890187,0.0,0.0,0.0,0.0,0.0,8,30,24,moderate_d60_source_human_only,moderate,60,source,human_only,4
11041,11039,6843,9270,9268,5650,0,11039,0,0,0.0,0.0,563742.1443615026,773086.8669019012,1336829.011263389,0.0,15998,397009.69511184527,0,0.0,0.0,0.0,0,0,0,0.0,0.0,0,0.0,0.0,0.0,241143.89085759956,0.0,0,0,0,20261125,c9b39fa7d4efb08c,human_only,0,1.0,0.98,2,2,0.619893106259625,0.6199619599673942,0.6097087378640776,70.03232782877988,121.10055360661191,0.0,380656.67070274963,376114.4339614808,6268.5738993580135,0.0,4019.0648476266592,0.0,0.0,496.0,0.5736372415963826,24.81620797048664,0.0,0.0,0.0,0.0,0.0,8,30,24,moderate_d60_source_human_only,moderate,60,source,human_only,5
11828,11827,8167,10005,10004,6826,0,11827,0,0,0.0,0.0,634061.2916120674,1104816.839340442,1738878.1309524956,0.0,17298,453729.04199064407,0,0.0,0.0,0.0,0,0,0,0.0,0.0,0,0.0,0.0,0.0,273451.3590210404,0.0,0,0,0,20261126,c9b39fa7d4efb08c,human_only,0,1.0,0.98,1,1,0.690538598122939,0.6905647615826852,0.6823588205897051,93.41479997805378,147.02613773167292,0.0,320551.0460407628,316285.25494852103,5271.420915808684,0.0,4557.522650350673,0.0,0.0,496.0,0.6409598498647371,26.230144640458093,0.0,0.0,0.0,0.0,0.0,8,30,24,moderate_d60_source_human_only,moderate,60,source,human_only,6
11430,11426,7262,9643,9641,6021,0,11426,0,0,0.0,0.0,579890.3657474903,937974.6416134996,1517865.0073609888,0.0,16537,406886.3262975449,0,0.0,0.0,0.0,0,0,0,0.0,0.0,0,0.0,0.0,0.0,247231.30700564757,0.0,0,0,0,20261127,c9b39fa7d4efb08c,human_only,0,1.0,0.98,4,2,0.6355680028006302,0.6356955380577428,0.6245981541014207,82.0912516728076,132.84307783659975,0.0,370094.05272862955,365086.3689805487,6084.772816342478,0.0,4120.52178342746,0.0,0.0,496.0,0.5854681309043128,24.604603392244353,0.0,0.0,0.0,0.0,0.0,8,30,24,moderate_d60_source_human_only,moderate,60,source,human_only,7
11393,11393,7286,9621,9621,6057,0,11393,0,0,0.0,0.0,580884.8481323012,994736.8460201555,1575621.694152446,0.0,16533,408174.43042003654,0,0.0,0.0,0.0,0,0,0,0.0,0.0,0,0.0,0.0,0.0,249628.16622960826,0.0,0,0,0,20261128,c9b39fa7d4efb08c,human_only,0,1.0,0.98,0,0,0.6395154919687528,0.6395154919687528,0.6295603367633302,87.31123023085715,138.2973487362807,0.0,365994.92677801824,361174.221259405,6019.570354323417,0.0,4160.469437160138,0.0,0.0,496.0,0.5900594458131516,24.688467333214575,0.0,0.0,0.0,0.0,0.0,8,30,24,moderate_d60_source_human_only,moderate,60,source,human_only,8
11998,11996,8240,10141,10140,6856,0,11996,0,0,0.0,0.0,636473.3263654032,1096610.4561523432,1733083.7825177435,0.0,17511,453628.83099691843,0,0.0,0.0,0.0,0,0,0,0.0,0.0,0,0.0,0.0,0.0,273819.05975851166,0.0,0,0,0,20261129,c9b39fa7d4efb08c,human_only,0,1.0,0.98,2,1,0.6868956318772924,0.6869478246374395,0.6761660585741052,91.41467623810797,144.47180581174922,0.0,315128.06387779326,310214.3867336244,5170.23977889374,0.0,4563.650995975195,0.0,0.0,496.0,0.647033978631504,25.905364113809515,0.0,0.0,0.0,0.0,0.0,8,30,24,moderate_d60_source_human_only,moderate,60,source,human_only,9
10742,10742,6762,9026,9026,5562,0,10742,0,0,0.0,0.0,542461.6578599291,905301.9861449916,1447763.6440049035,0.0,15667,378751.1770549892,0,0.0,0.0,0.0,0,0,0,0.0,0.0,0,0.0,0.0,0.0,231413.3739625265,0.0,0,0,0,20261130,c9b39fa7d4efb08c,human_only,0,1.0,0.98,0,0,0.6294917147644759,0.6294917147644759,0.6162198094393972,84.27685590625504,134.77598622276145,0.0,404785.2982528013,400346.8422976213,6672.447371627021,0.0,3856.8895660421085,0.0,0.0,496.0,0.5466114490896044,24.175092682389046,0.0,0.0,0.0,0.0,0.0,8,30,24,moderate_d60_source_human_only,moderate,60,source,human_only,10
9340,9335,5163,7811,7808,4197,0,9335,0,0,0.0,0.0,436133.08160606044,681647.5062493437,1117780.5878553956,0.0,13577,293955.30972631153,0,0.0,0.0,0.0,0,0,0,0.0,0.0,0,0.0,0.0,0.0,185102.42230866157,0.0,0,0,0,20261131,c9b39fa7d4efb08c,human_only,0,1.0,0.98,5,3,0.5530798071772898,0.5533190578158458,0.5377032390218922,73.02062198707485,119.74082355172958,0.0,495413.3216304347,490896.0815401381,8181.601359002302,0.0,3085.040371811026,0.0,0.0,496.0,0.44510156627415465,21.650976631532117,0.0,0.0,0.0,0.0,0.0,8,30,24,moderate_d60_source_human_only,moderate,60,source,human_only,11
10130,10130,5868,8463,8463,4809,0,10130,0,0,0.0,0.0,495523.31202045904,725853.1389527911,1221376.450973246,0.0,14679,342054.3791593635,0,0.0,0.0,0.0,0,0,0,0.0,0.0,0,0.0,0.0,0.0,208602.9802031597,0.0,0,0,0,20261132,c9b39fa7d4efb08c,human_only,0,1.0,0.98,0,0,0.5792694965449161,0.5792694965449161,0.5682382133995038,71.65381430925875,120.57023208028095,0.0,446961.7028137279,441974.6181598597,7366.243635997661,0.0,3476.7163367193284,0.0,0.0,496.0,0.49937085258319003,23.302294376957796,0.0,0.0,0.0,0.0,0.0,8,30,24,moderate_d60_source_human_only,moderate,60,source,human_only,12
9975,9974,5739,8353,8352,4728,0,9974,0,0,0.0,0.0,468133.1971832401,735538.8638340475,1203672.0610172793,0.0,14496,316826.94208124315,0,0.0,0.0,0.0,0,0,0,0.0,0.0,0,0.0,0.0,0.0,199030.90058165428,0.0,0,0,0,20261133,c9b39fa7d4efb08c,human_only,0,1.0,0.98,1,1,0.5753960296771606,0.5754385964912281,0.5661439003950677,73.74562500842666,120.68097664099452,0.0,464764.95156147704,460121.9960390475,7668.699933984125,0.0,3317.1816763609045,0.0,0.0,496.0,0.4794299377671628,21.856163223043815,0.0,0.0,0.0,0.0,0.0,8,30,24,moderate_d60_source_human_only,moderate,60,source,human_only,13
11917,11915,8027,10055,10053,6689,0,11915,0,0,0.0,0.0,627937.1866443356,965884.2393386775,1593821.4259829968,0.0,17276,447878.4571077787,0,0.0,0.0,0.0,0,0,0,0.0,0.0,0,0.0,0.0,0.0,269659.75256985624,0.0,0,0,0,20261134,c9b39fa7d4efb08c,human_only,0,1.0,0.98,2,2,0.6736886277801091,0.6737433917932365,0.6654400795624068,81.0645605823481,133.76596105606353,0.0,322009.3266390757,317046.2121731389,5284.103536218982,0.0,4494.329209497604,0.0,0.0,496.0,0.639326471058383,25.92489332645165,0.0,0.0,0.0,0.0,0.0,8,30,24,moderate_d60_source_human_only,moderate,60,source,human_only,14
10733,10732,6377,8993,8992,5220,0,10732,0,0,0.0,0.0,533455.7057806508,711868.896058185,1245324.6018388264,0.0,15412,371228.6457153619,0,0.0,0.0,0.0,0,0,0,0.0,0.0,0,0.0,0.0,0.0,227626.09152461952,0.0,0,0,0,20261135,c9b39fa7d4efb08c,human_only,0,1.0,0.98,1,1,0.594204248975028,0.5942420572067455,0.5805626598465473,66.33142900281261,116.03844594100134,0.0,409814.124451413,404391.0277671684,6739.85046278614,0.0,3793.768192076992,0.0,0.0,496.0,0.540978803257826,24.086987134399294,0.0,0.0,0.0,0.0,0.0,8,30,24,moderate_d60_source_human_only,moderate,60,source,human_only,15
10624,10623,6632,9011,9011,5505,0,10623,0,0,0.0,0.0,523125.7231371125,916612.28106332,1439738.0042004273,0.0,15499,362142.58217567316,0,0.0,0.0,0.0,0,0,0,0.0,0.0,0,0.0,0.0,0.0,222166.250855829,0.0,0,0,0,20261136,c9b39fa7d4efb08c,human_only,0,1.0,0.98,1,0,0.6243057516709027,0.6243411144578314,0.6109199866829431,86.28563316043679,135.53026491578908,0.0,419486.6302117191,415102.83755792526,6918.380625965421,0.0,3702.7708475971504,0.0,0.0,496.0,0.5301449034366945,23.365545014237895,0.0,0.0,0.0,0.0,0.0,8,30,24,moderate_d60_source_human_only,moderate,60,source,human_only,16
11146,11146,7019,9396,9396,5769,0,11146,0,0,0.0,0.0,559726.7934078543,974107.0037154845,1533833.7971233148,0.0,16134,390696.8626022332,0,0.0,0.0,0.0,0,0,0,0.0,0.0,0,0.0,0.0,0.0,238698.84257034876,0.0,0,0,0,20261137,c9b39fa7d4efb08c,human_only,0,1.0,0.98,0,0,0.6297326395119325,0.6297326395119325,0.6139846743295019,87.39520937694998,137.61293711854609,0.0,386327.4611156874,381175.7780772306,6352.92963462051,0.0,3978.314042839146,0.0,0.0,496.0,0.567285549825619,24.215747031252832,0.0,0.0,0.0,0.0,0.0,8,30,24,moderate_d60_source_human_only,moderate,60,source,human_only,17
11582,11582,7670,9757,9757,6368,0,11582,0,0,0.0,0.0,614997.0278289842,901432.03568259,1516429.063511555,0.0,16835,438411.97578990186,0,0.0,0.0,0.0,0,0,0,0.0,0.0,0,0.0,0.0,0.0,265362.037886514,0.0,0,0,0,20261138,c9b39fa7d4efb08c,human_only,0,1.0,0.98,0,0,0.6622345018131583,0.6622345018131583,0.652659628984319,77.83042960478242,130.92981035326844,0.0,333895.48902811116,329190.1301968868,5486.502169948113,0.0,4422.7006314418995,0.0,0.0,496.0,0.6260131171280117,26.041697403617572,0.0,0.0,0.0,0.0,0.0,8,30,24,moderate_d60_source_human_only,moderate,60,source,human_only,18
10459,10457,6439,8766,8764,5346,0,10457,0,0,0.0,0.0,515644.0840503552,827515.781664015,1343159.8657143575,0.0,15248,357404.4132963354,0,0.0,0.0,0.0,0,0,0,0.0,0.0,0,0.0,0.0,0.0,219687.29936446596,0.0,0,0,0,20261139,c9b39fa7d4efb08c,human_only,0,1.0,0.98,2,2,0.6157597781390456,0.6158332536571374,0.6100844170659365,79.13510391737736,128.44600418039184,0.0,424094.44131795637,419576.6561031146,6992.944268385243,0.0,3661.454989407766,0.0,0.0,496.0,0.5249838246886689,23.439428993726086,0.0,0.0,0.0,0.0,0.0,8,30,24,moderate_d60_source_human_only,moderate,60,source,human_only,19
11676,11676,7467,9844,9844,6145,0,11676,0,0,0.0,0.0,611183.4300311224,865666.6222799687,1476850.0523110789,0.0,16890,435459.5238013939,0,0.0,0.0,0.0,0,0,0,0.0,0.0,0,0.0,0.0,0.0,261727.71665706974,0.0,0,0,0,20261140,c9b39fa7d4efb08c,human_only,0,1.0,0.98,0,0,0.6395169578622816,0.6395169578622816,0.6242381145875661,74.14068364850708,126.48595857409035,0.0,342398.23634295695,337300.4497615132,5621.6741626918865,0.0,4362.128610951162,0.0,0.0,496.0,0.6164894306194478,25.782091403279686,0.0,0.0,0.0,0.0,0.0,8,30,24,moderate_d60_source_human_only,moderate,60,source,human_only,20
10787,10785,6525,9060,9058,5379,0,10785,0,0,0.0,0.0,528890.5445441467,854240.5971944904,1383131.141738627,0.0,15540,366914.8644585559,0,0.0,0.0,0.0,0,0,0,0.0,0.0,0,0.0,0.0,0.0,225921.23336154767,0.0,0,0,0,20261141,c9b39fa7d4efb08c,human_only,0,1.0,0.98,2,2,0.6050069541029207,0.6050801891165292,0.5939293598233996,79.20636042600745,128.2458175001045,0.0,413852.86128954525,409045.4320398414,6817.423867330691,0.0,3765.3538893591276,0.0,0.0,496.0,0.5364551284839323,23.61099513890321,0.0,0.0,0.0,0.0,0.0,8,30,24,moderate_d60_source_human_only,moderate,60,source,human_only,21
11445,11443,7681,9600,9599,6354,0,11443,0,0,0.0,0.0,590564.6694539598,1103727.5334751213,1694292.2029290642,0.0,16792,415379.65678158274,0,0.0,0.0,0.0,0,0,0,0.0,0.0,0,0.0,0.0,0.0,252037.1240924597,0.0,0,0,0,20261142,c9b39fa7d4efb08c,human_only,0,1.0,0.98,2,1,0.671240059424976,0.6712975098296199,0.6619791666666667,96.45438551735745,148.06363741405787,0.0,358075.95095896674,353885.7515814287,5898.095859690478,0.0,4200.618734874329,0.0,0.0,496.0,0.5989292663990068,24.7367589793701,0.0,0.0,0.0,0.0,0.0,8,30,24,moderate_d60_source_human_only,moderate,60,source,human_only,22
10468,10468,6222,8859,8859,5167,0,10468,0,0,0.0,0.0,509515.9701913066,769042.5101127755,1278558.4803040747,0.0,15152,351191.323473419,0,0.0,0.0,0.0,0,0,0,0.0,0.0,0,0.0,0.0,0.0,216416.30600895028,0.0,0,0,0,20261143,c9b39fa7d4efb08c,human_only,0,1.0,0.98,0,0,0.5943828811616355,0.5943828811616355,0.5832486736651993,73.46604032410923,122.13970962018291,0.0,430865.8754531368,425586.08033168624,7093.101338861437,0.0,3606.938433482505,0.0,0.0,496.0,0.5173993330498019,23.177885656904632,0.0,0.0,0.0,0.0,0.0,8,30,24,moderate_d60_source_human_only,moderate,60,source,human_only,23
11959,11958,8201,10031,10030,6812,0,11958,0,0,0.0,0.0,642901.3228983842,1039730.5156406403,1682631.838539012,0.0,17311,462050.12791716214,0,0.0,0.0,0.0,0,0,0,0.0,0.0,0,0.0,0.0,0.0,276089.4746378614,0.0,0,0,0,20261144,c9b39fa7d4efb08c,human_only,0,1.0,0.98,1,1,0.6858170262585717,0.68584329793461,0.6791944970591167,86.9485294899348,140.7118112175123,0.0,313318.76094379165,308420.8607089727,5140.347678482878,0.0,4601.491243964357,0.0,0.0,496.0,0.6490605276167208,26.691128641740058,0.0,0.0,0.0,0.0,0.0,8,30,24,moderate_d60_source_human_only,moderate,60,source,human_only,24
10658,10656,6867,8952,8950,5674,0,10656,0,0,0.0,0.0,536498.4385818441,1035045.7677086809,1571544.2062905042,0.0,15764,374117.046947585,0,0.0,0.0,0.0,0,0,0,0.0,0.0,0,0.0,0.0,0.0,230182.99977556692,0.0,0,0,0,20261145,c9b39fa7d4efb08c,human_only,0,1.0,0.98,2,2,0.6444256756756757,0.644492400075061,0.6340482573726541,97.13267339608493,147.47974908882358,0.0,408096.6602543804,404080.0482219632,6734.667470366054,0.0,3836.383329592782,0.0,0.0,496.0,0.5429024862742156,23.732367860161446,0.0,0.0,0.0,0.0,0.0,8,30,24,moderate_d60_source_human_only,moderate,60,source,human_only,25
11411,11411,7708,9622,9622,6425,0,11411,0,0,0.0,0.0,588952.6095367544,1095739.388940339,1684691.9984770855,0.0,16650,414453.7309031796,0,0.0,0.0,0.0,0,0,0,0.0,0.0,0,0.0,0.0,0.0,254680.32763210256,0.0,0,0,0,20261146,c9b39fa7d4efb08c,human_only,0,1.0,0.98,0,0,0.6754885636666375,0.6754885636666375,0.667740594471004,96.02483471565498,147.63754258847476,0.0,358871.10398827994,354521.1431151475,5908.685718585792,0.0,4244.672127201709,0.0,0.0,496.0,0.5980386380059588,24.892115970160937,0.0,0.0,0.0,0.0,0.0,8,30,24,moderate_d60_source_human_only,moderate,60,source,human_only,26
11731,11727,7846,9831,9828,6465,0,11727,0,0,0.0,0.0,620035.0756166058,994707.8909711969,1614742.9665877873,0.0,16992,441743.68811480835,0,0.0,0.0,0.0,0,0,0,0.0,0.0,0,0.0,0.0,0.0,266897.1908126057,0.0,0,0,0,20261147,c9b39fa7d4efb08c,human_only,0,1.0,0.98,4,3,0.6690543190926921,0.6691671639246441,0.6579188281965213,84.82202532371424,137.6944629136,0.0,331637.0899180357,326976.50086437044,5449.608347739507,0.0,4448.286513543429,0.0,0.0,496.0,0.6285426860237056,25.99715678641763,0.0,0.0,0.0,0.0,0.0,8,30,24,moderate_d60_source_human_only,moderate,60,source,human_only,27
11047,11046,7299,9294,9294,6011,0,11046,0,0,0.0,0.0,578707.6255854093,947090.5660942545,1525798.1916796614,0.0,16050,411136.1266680394,0,0.0,0.0,0.0,0,0,0,0.0,0.0,0,0.0,0.0,0.0,248937.01620923454,0.0,0,0,0,20261148,c9b39fa7d4efb08c,human_only,0,1.0,0.98,1,0,0.6607821835958718,0.660812890377478,0.6467613514095115,85.74059081063322,138.13128659059038,0.0,369503.1536719838,365324.9154511278,6088.74859085213,0.0,4148.950270153909,0.0,0.0,496.0,0.5861299802061113,25.615958047852924,0.0,0.0,0.0,0.0,0.0,8,30,24,moderate_d60_source_human_only,moderate,60,source,human_only,28
10180,10180,6105,8580,8580,5043,0,10180,0,0,0.0,0.0,498224.2902483863,834309.7848206612,1332534.075069037,0.0,14894,343083.1945331141,0,0.0,0.0,0.0,0,0,0,0.0,0.0,0,0.0,0.0,0.0,212034.59989535625,0.0,0,0,0,20261149,c9b39fa7d4efb08c,human_only,0,1.0,0.98,0,0,0.599705304518664,0.599705304518664,0.5877622377622378,81.95577454034,130.89725688300953,0.0,440912.01060350717,436182.3482746917,7269.705804578195,0.0,3533.9099982559374,0.0,0.0,496.0,0.5061469415283297,23.03499359024534,0.0,0.0,0.0,0.0,0.0,8,30,24,moderate_d60_source_human_only,moderate,60,source,human_only,29
10920,10917,7018,9159,9157,5768,163,10754,1,1,1279.3886769469873,673.1314402133805,551027.3842647376,954728.635233972,1537558.7495264644,31802.73002775155,16123,404542.30449004634,21,0.0,2245.9525881107616,64.52470278583293,0,0,163,0.0,1141.0,489,999.1314402133775,12464.569308735714,26387.75631533502,245825.8482506853,1081.3055882690724,0,0,0,20261120,041ee14e68026d31,adaptive_hybrid,2,1.0,0.98,3,2,0.6428505999816799,0.642948717948718,0.6299814390217272,87.45338785691783,140.8407758107964,606.2572367336068,379941.6901039756,374920.0051456528,6248.666752427546,16.652190670222957,4097.097470844755,18.02175980448454,53.96269185140086,496.0,0.574438071120099,25.09100691496907,0.0,0.02599482162165233,0.0,0.0,0.013206018518518518,8,30,24,moderate_d60_source_adaptive_hybrid,moderate,60,source,adaptive_hybrid,0
10819,10818,6761,9148,9147,5617,149,10669,4,4,1228.8705864657722,606.9531711679837,535896.1102513734,947782.3088730685,1513670.3864322475,29991.967307816252,16053,389639.6745327278,20,0.0,2170.299909285445,62.72308724562339,0,0,148,0.0,1036.0,446,902.9531711679814,11828.659980930643,24779.126302372624,240611.93378607754,1116.1767834538748,0,0,0,20261121,041ee14e68026d31,adaptive_hybrid,2,1.0,0.98,1,1,0.6249768903679054,0.6250115537480359,0.6141233056405772,87.61160185552491,139.92146297210644,621.9174152977886,398353.71253877366,393447.28946526535,6557.454824421089,15.049219519466357,4010.1988964346256,18.602946390897912,55.55857915330185,496.0,0.5538152861348862,24.272078398600126,0.0,0.025119211913025987,0.0,0.0,0.011990740740740741,8,30,24,moderate_d60_source_adaptive_hybrid,moderate,60,source,adaptive_hybrid,1
12518,12517,8677,10552,10552,7214,204,12313,2,2,1643.4377779434267,796.6087837897031,669118.048379166,1090959.979555241,1798389.7855933083,38311.75765891512,18511,502593.0418088672,26,0.0,2778.637231936976,82.01913812614671,0,0,204,0.0,1428.0,612,1204.6087837896982,15879.323036566053,31647.766966454295,301099.386579726,1413.7994127387537,0,0,0,20261122,041ee14e68026d31,adaptive_hybrid,2,1.0,0.98,1,0,0.6932172245745786,0.6932417319060553,0.6836618650492797,87.15826312656715,143.6757837815218,846.8289941537236,273377.70576984197,268100.3936114143,4468.339893523572,20.076813063161637,5018.3231096621,23.563323545645897,51.71203752688611,496.0,0.6937973725696214,27.151047582997524,0.0,0.032160153147418706,0.0,0.0,0.016527777777777777,8,30,24,moderate_d60_source_adaptive_hybrid,moderate,60,source,adaptive_hybrid,2
10389,10387,6374,8735,8733,5275,144,10243,1,1,1151.9615579563213,585.0647713161773,504638.8102824561,809580.1827759502,1342214.1309613779,27995.137902972347,15256,364395.2609258039,19,0.0,2037.0119676565562,58.65325882037881,0,0,144,0.0,1008.0,432,873.0647713161754,10797.968893532634,22817.352058158696,223507.84388454488,1026.0418674479533,0,0,0,20261123,041ee14e68026d31,adaptive_hybrid,2,1.0,0.98,2,2,0.6136516799845961,0.6137260564058138,0.6041213508872353,77.94167543813904,129.22057677494732,566.896786640144,423883.910858729,419207.0659704618,6986.78443284103,14.551079521936257,3725.1307314090814,17.100697790799224,52.81794457907105,496.0,0.5252196338947928,23.885373684176972,0.0,0.023576527403432364,0.0,0.0,0.011666666666666667,8,30,24,moderate_d60_source_adaptive_hybrid,moderate,60,source,adaptive_hybrid,3
10405,10401,6406,8736,8733,5280,154,10247,4,4,1225.4717837006701,613.6189494637435,505881.75715126575,875005.2916495744,1409756.616130105,28869.567329272562,15404,365710.89028659713,19,0.0,2044.987334323196,60.94508618571406,0,0,153,0.0,1071.0,461,919.6189494637409,11001.581246851065,23472.484293264493,226803.38962789057,1016.9290463847777,0,0,0,20261124,041ee14e68026d31,adaptive_hybrid,2,1.0,0.98,4,3,0.6159023170848957,0.6160499759730899,0.604739010989011,84.12703505908802,135.540488042506,611.8528342369266,420150.8722929712,415379.1264736931,6922.985441228218,15.32698249106235,3780.0564937981762,16.948817439746296,50.91645182920714,496.0,0.5294009046897724,23.74129383839244,0.0,0.02366883488799995,0.0,0.0,0.012395833333333333,8,30,24,moderate_d60_source_adaptive_hybrid,moderate,60,source,adaptive_hybrid,4
11041,11039,6957,9270,9268,5757,165,10874,2,2,1343.401437081943,673.178345685491,554427.9958055088,807201.3136963214,1392738.960193959,31109.650692141324,16231,407205.77049457026,20,0.0,2128.198156952552,66.57287673654518,0,0,165,0.0,1155.0,495,1003.1783456854878,11736.99825270789,24716.61514112641,246357.11927381656,1114.8967166451257,0,0,0,20261125,041ee14e68026d31,adaptive_hybrid,2,1.0,0.98,2,2,0.6302201286348401,0.6302871116746671,0.6212513484358144,73.12268445478045,126.16531933997274,670.223091396452,375292.10253350623,370266.8089749758,6171.113482916263,16.71963909475813,4105.951987896942,18.581611944085427,49.93255584065942,496.0,0.5796459425027932,25.088150483307885,0.0,0.02463192311287676,0.0,0.0,0.013368055555555555,8,30,24,moderate_d60_source_adaptive_hybrid,moderate,60,source,adaptive_hybrid,5
11828,11828,8251,10005,10005,6895,178,11650,2,2,1451.766149581736,709.0991814295802,626151.9508399402,1157247.505736291,1819516.3392483166,36116.88267209553,17601,467195.31112528837,24,0.0,2520.9624117587027,76.07280300857288,0,0,178,0.0,1246.0,534,1065.0991814295764,13444.18535076382,30036.691327146516,281292.3558996372,1376.8292388136183,0,0,0,20261126,041ee14e68026d31,adaptive_hybrid,2,1.0,0.98,0,0,0.6975820087926953,0.6975820087926953,0.6891554222888556,97.83966061348418,153.83127656817015,742.6669681521558,315352.3864052185,310942.4151025594,5182.3735850426565,17.751653023826275,4688.20593166062,22.94715398022697,56.248485631360516,496.0,0.6467827213203198,26.543679968484085,0.0,0.02917780569165165,0.0,0.0,0.014421296296296297,8,30,24,moderate_d60_source_adaptive_hybrid,moderate,60,source,adaptive_hybrid,6
11430,11428,7325,9643,9642,6076,175,11253,5,5,1398.6953818518978,724.5630366415756,570105.1612733032,1001267.4992102439,1604677.9085929343,33305.24810940257,16882,416293.19574440486,23,0.0,2433.2955849604373,72.44533473480317,0,0,174,0.0,1218.0,524,1072.5630366415721,13114.612883842865,27605.84862761727,255895.1279910754,1240.275002270479,0,0,0,20261127,041ee14e68026d31,adaptive_hybrid,2,1.0,0.98,2,1,0.6409695484774238,0.6410323709536307,0.6301980711396868,87.61528694524361,140.4163378187727,674.1323452103221,365078.04091661127,360011.38105524326,6000.189684254055,17.876050610692868,4264.918799851256,20.671250037841318,52.68291722827723,496.0,0.5910864237045125,24.658997497003014,0.0,0.028163143344449505,0.0,0.0,0.014097222222222223,8,30,24,moderate_d60_source_adaptive_hybrid,moderate,60,source,adaptive_hybrid,7
11393,11393,7298,9621,9621,6060,168,11225,1,1,1301.0659569114014,674.3679976514663,570957.3799343825,1030028.2293373055,1634232.3052978965,33246.69602622437,16798,418271.36556835985,21,0.0,2238.0583133805776,66.87117301215041,0,0,167,0.0,1169.0,503,1008.3679976514634,13039.510369484307,27920.161480761493,255671.98130022775,1180.5447196886782,0,0,0,20261128,041ee14e68026d31,adaptive_hybrid,2,1.0,0.98,0,0,0.6405687702975511,0.6405687702975511,0.6298721546616776,90.40886766762974,143.44178928270838,626.697959259935,361701.8184118403,356597.45839400025,5943.290973233337,16.806133294191056,4261.199688337129,19.675745328144636,55.50727928580814,496.0,0.5948680349329746,24.900069387329435,0.0,0.025903452701164092,0.0,0.0,0.013530092592592592,8,30,24,moderate_d60_source_adaptive_hybrid,moderate,60,source,adaptive_hybrid,8
11998,11996,8388,10141,10140,6989,184,11812,5,5,1501.947507481809,738.2235992340592,631897.3579664055,1164186.5015984084,1833045.8026690395,36961.94310423618,17848,470169.0560983004,22,0.0,2369.5006556894427,72.84692315107424,0,0,184,0.0,1288.0,552,1106.2235992340557,14214.709512077628,30857.800354912553,283573.4175833108,1162.5298384927778,0,0,0,20261129,041ee14e68026d31,adaptive_hybrid,2,1.0,0.98,2,1,0.6992330776925642,0.6992832138689782,0.6892811359826447,97.04789109689968,152.8047518063554,763.7239082477498,306538.3826676256,301423.5514660233,5023.7258577670555,18.43705998723426,4726.223626388513,19.375497308212964,55.90181223716042,496.0,0.6566550373346487,26.3429547343288,0.0,0.0274247761075167,0.0,0.0,0.014907407407407407,8,30,24,moderate_d60_source_adaptive_hybrid,moderate,60,source,adaptive_hybrid,9
10742,10741,6830,9026,9025,5624,153,10588,3,3,1293.0482391136804,631.9420352964349,530764.2489764761,957639.4062562067,1518944.1540636253,30540.498830944773,15927,385945.81022168737,19,0.0,2077.520285755093,64.40650288733386,0,0,153,0.0,1071.0,459,937.9420352964319,11866.945604503744,25003.478539642492,236639.74538174778,1100.921504305653,0,0,0,20261130,041ee14e68026d31,adaptive_hybrid,2,1.0,0.98,1,1,0.635881202867517,0.6359150996090114,0.6231996454686461,89.15737885264004,141.41552500359606,661.1062038172455,400530.8219308974,395668.6588008611,6594.477646681018,15.632367254940531,3943.995756362463,18.348691738427547,54.473809454558804,496.0,0.5513767675505181,24.23217242554702,0.0,0.024045373677720985,0.0,0.0,0.012395833333333333,8,30,24,moderate_d60_source_adaptive_hybrid,moderate,60,source,adaptive_hybrid,10
9340,9334,5196,7811,7807,4237,115,9219,5,5,978.8477320878654,572.2908964571596,429443.85586422344,712930.1300223287,1165241.1549599932,22867.169073444944,13809,301910.6762261745,15,0.0,1631.9949498933486,48.674650817474244,0,0,115,0.0,805.0,345,802.2908964571583,9482.221065676087,18957.702488613548,189964.2054320947,815.8525265913805,0,0,0,20261131,041ee14e68026d31,adaptive_hybrid,2,1.0,0.98,6,4,0.5566745232483394,0.5569593147751606,0.5429522468313916,76.37991536558053,124.83834957788656,406.5568356307058,493024.66662578884,488555.36875526333,8142.589479254389,13.371514940952638,3166.0700905349117,13.597542109856342,54.94986228583637,496.0,0.4477770311091075,21.863326542557356,0.0,0.018888830438580424,0.0,0.0,0.00931712962962963,8,30,24,moderate_d60_source_adaptive_hybrid,moderate,60,source,adaptive_hybrid,11
10130,10129,5930,8463,8463,4872,131,9998,3,3,993.8414770699794,525.8600904366416,487068.72990113596,780372.0593489794,1294661.5025507761,27220.71330066987,14950,350047.2999388488,15,0.0,1634.0730378650169,50.70707152633436,0,0,131,0.0,917.0,393,787.8600904366401,10573.325990398196,22514.943586661546,213837.23886459274,897.225705491805,0,0,0,20261132,041ee14e68026d31,adaptive_hybrid,2,1.0,0.98,1,0,0.58544772435581,0.5854886475814413,0.575682382133995,77.04334676167237,127.81730699484412,467.9813866333378,443712.1903026547,438513.4838197917,7308.558063663195,13.131001507277336,3563.953981076546,14.95376175819675,57.28993279048739,496.0,0.5030105395355571,23.414535112966476,0.0,0.018912882382696956,0.0,0.0,0.010613425925925925,8,30,24,moderate_d60_source_adaptive_hybrid,moderate,60,source,adaptive_hybrid,12
9975,9974,5822,8353,8352,4802,133,9841,1,1,1081.8581535159067,526.4282206362496,462609.8548654903,784348.0733977347,1272479.3507240298,25521.422460810107,14745,325697.881359594,17,0.0,1797.192442343216,54.1136360765598,0,0,133,0.0,931.0,399,792.4282206362485,9819.547044096966,21321.323599427455,205105.77048186972,940.00137353605,0,0,0,20261133,041ee14e68026d31,adaptive_hybrid,2,1.0,0.98,1,1,0.5837176659314217,0.5837593984962406,0.5750029929366695,78.6392694403183,127.57964214197212,555.429932879657,459197.5980374038,454542.0196143146,7575.700326905243,13.207137010604141,3418.429508031162,15.666689558934166,53.43690125169788,496.0,0.4856657728075675,22.08869999047772,0.0,0.02080083845304648,0.0,0.0,0.010775462962962962,8,30,24,moderate_d60_source_adaptive_hybrid,moderate,60,source,adaptive_hybrid,13
11917,11915,8170,10055,10053,6807,185,11730,3,3,1497.6083996039627,732.8795996059893,625389.2645083,1052784.2382577194,1714068.0457358153,35894.542969813476,17654,467457.1438681943,24,0.0,2581.3268112041314,77.10439154821064,0,0,182,0.0,1274.0,552,1096.8795996059855,14122.172733505338,29030.08592731484,282366.4905700353,1327.6543042226167,0,0,0,20261134,041ee14e68026d31,adaptive_hybrid,2,1.0,0.98,2,2,0.6856903063365506,0.6857430561382898,0.6771755345599204,88.35788822977084,143.85799796355982,764.7287999979734,312160.15421447525,307326.039491035,5122.1006581839165,18.281326660099758,4706.108176167255,22.127571737043613,52.59073537557037,496.0,0.650358250207801,26.478823148759165,0.0,0.02987646772227004,0.0,0.0,0.01474537037037037,8,30,24,moderate_d60_source_adaptive_hybrid,moderate,60,source,adaptive_hybrid,14
10733,10732,6487,8993,8992,5326,149,10583,2,2,1219.8905720472028,598.7410528252526,530141.6990882223,759578.1082056591,1317552.093253919,27832.285960041223,15664,385721.25037916045,19,0.0,2068.2055249553414,60.98448552701133,0,0,149,0.0,1043.0,447,896.7410528252501,11663.563849929182,22514.711118240426,235752.63343848693,990.8483472484953,0,0,0,20261135,041ee14e68026d31,adaptive_hybrid,2,1.0,0.98,1,1,0.6044539694371972,0.604490822696357,0.5923496052485266,70.7769388935575,122.76855136544157,621.1495192219502,401808.90312017745,396354.3640815332,6605.906068025553,14.945684213754168,3929.2105573081153,16.514139120808256,50.368481248860014,496.0,0.5499452249998013,24.624696781100642,0.0,0.023937563946242378,0.0,0.0,0.01207175925925926,8,30,24,moderate_d60_source_adaptive_hybrid,moderate,60,source,adaptive_hybrid,15
10624,10622,6673,9011,9011,5554,149,10473,2,2,1254.6715121917566,609.1542873166493,516948.17308335484,961807.109631149,1508568.31713945,29813.034424963,15784,373272.5191216775,19,0.0,2072.327466439512,62.8569505314605,0,0,149,0.0,1043.0,447,907.1542873166468,11077.31576808531,24316.81171689822,229183.3109942809,1060.4489562574975,0,0,0,20261136,041ee14e68026d31,adaptive_hybrid,2,1.0,0.98,2,0,0.6282244398418377,0.6282944277108434,0.6163577849295305,90.5485887432827,142.02300104871492,645.5172248751073,414438.47848667274,410029.41551948,6833.823591991333,15.119238121944113,3819.7218499046817,17.674149270958292,54.40002621230027,496.0,0.5357991952434221,23.648791125296345,0.0,0.023985271602309167,0.0,0.0,0.01207175925925926,8,30,24,moderate_d60_source_adaptive_hybrid,moderate,60,source,adaptive_hybrid,16
11146,11146,7088,9396,9396,5836,148,10998,1,1,1178.6062421710117,589.2010709976433,550286.2304555697,1034627.2616349563,1616570.9484002984,31657.45630978002,16436,399512.90059105394,18,0.0,1889.7730687871285,59.73610289244294,0,0,147,0.0,1029.0,443,883.2010709976411,11483.030096904185,25804.775189886575,245584.7096694012,1029.0329829612967,0,0,0,20261137,041ee14e68026d31,adaptive_hybrid,2,1.0,0.98,0,0,0.6359232011483941,0.6359232011483941,0.621115368241805,92.82498310021141,145.03597240268243,589.4051711733683,381488.6437637643,376227.72170244734,6270.462028374122,14.720017849960685,4093.07849449002,17.15054971602161,58.25005686204644,496.0,0.5727053721284002,24.307185482541612,0.0,0.021872373481332506,0.0,0.0,0.011909722222222223,8,30,24,moderate_d60_source_adaptive_hybrid,moderate,60,source,adaptive_hybrid,17
11582,11581,7795,9757,9756,6481,176,11405,2,2,1440.436535919731,735.6182177056494,607773.9029300397,969905.7691715708,1611941.9018948686,34262.229793270504,17178,452556.04829926556,22,0.0,2390.9002391220065,71.6582417490669,0,0,175,0.0,1225.0,527,1085.6182177056455,13773.612405872307,28014.906107960982,274549.4192298892,1241.180748334657,0,0,0,20261138,041ee14e68026d31,adaptive_hybrid,2,1.0,0.98,1,1,0.6730852258008807,0.6731134519081333,0.6643435482217895,83.74974261044562,139.18848993134173,704.8183182140817,325582.82248881017,320491.3026173462,5341.521710289104,18.093636961760758,4575.823653831486,20.686345805577616,53.15921462611192,496.0,0.6353238995421033,26.34509537194467,0.0,0.02767245647131952,0.0,0.0,0.014178240740740741,8,30,24,moderate_d60_source_adaptive_hybrid,moderate,60,source,adaptive_hybrid,18
10459,10458,6485,8766,8765,5389,148,10310,6,6,1131.718748115229,618.3438671591505,508999.4821837486,870730.8372612583,1408395.5908978393,28665.27145284837,15487,367794.7922174393,18,0.0,1948.1926234485004,58.34483343473605,0,0,148,0.0,1036.0,444,914.3438671591477,11496.46226273529,24381.664846219795,226788.3453303067,1053.2167973617716,0,0,0,20261139,041ee14e68026d31,adaptive_hybrid,2,1.0,0.98,1,1,0.6200994454006502,0.6201357682378813,0.6148756559434178,83.25978554802623,134.6715998181143,513.3748809560784,418907.962124541,414376.6838743266,6906.2780645721095,15.239064452652462,3779.805755505112,17.55361328936286,54.9136595635581,496.0,0.5307930531759173,23.748614464869846,0.0,0.022548525734357644,0.0,0.0,0.011990740740740741,8,30,24,moderate_d60_source_adaptive_hybrid,moderate,60,source,adaptive_hybrid,19
11676,11676,7551,9844,9844,6227,178,11498,5,5,1458.1356621752007,754.8254546165189,603055.2795517854,904446.6089338221,1540920.7444944468,33418.8560088441,17189,447951.4304006143,24,0.0,2579.7993101948837,74.83920664078123,0,0,178,0.0,1246.0,534,1110.8254546165151,14179.25675274149,27764.679178770068,269471.8583359016,1287.094971105274,0,0,0,20261140,041ee14e68026d31,adaptive_hybrid,2,1.0,0.98,0,0,0.6467112024665982,0.6467112024665982,0.6325680617635108,77.46202543112557,131.9733422828406,703.3102075586818,336365.04488419805,331089.9870967452,5518.166451612419,18.51375757694192,4491.197638931693,21.451582851754566,51.99378123365181,496.0,0.6232470375401007,26.060354319658753,0.0,0.029858788312440782,0.0,0.0,0.014421296296296297,8,30,24,moderate_d60_source_adaptive_hybrid,moderate,60,source,adaptive_hybrid,20
10787,10785,6673,9060,9058,5518,155,10630,2,2,1247.2221355358806,608.0212706858099,523761.3143188953,917014.2344799286,1470482.6045205737,29707.0557217536,15840,379126.27702226344,20,0.0,2158.572217110162,62.745184730225866,0,0,154,0.0,1078.0,464,916.0212706858064,11535.114868087943,24960.96923325685,233447.14859209317,1049.4956443252886,0,0,0,20261141,041ee14e68026d31,adaptive_hybrid,2,1.0,0.98,2,2,0.6187297171998145,0.6188004078983962,0.609271523178808,85.0268182178886,136.3451649995896,639.2008648500707,407095.1271506596,402330.1088291297,6705.501813818829,15.267021178096773,3890.7858098682195,17.491594072088144,53.795192313053555,496.0,0.5440242751448705,23.93473971100148,0.0,0.02498347473507132,0.0,0.0,0.012476851851851852,8,30,24,moderate_d60_source_adaptive_hybrid,moderate,60,source,adaptive_hybrid,21
11445,11445,7738,9600,9600,6409,171,11274,2,2,1374.2434229845771,656.3748216970404,583508.4421416031,1159170.8205289894,1777538.7265567258,34859.46388614382,17108,427645.10138131824,21,0.0,2244.088310304838,69.21899585218175,0,0,171,0.0,1197.0,513,998.3748216970372,12118.37286533117,28673.045718935515,259421.69283826,1187.2547340797648,0,0,0,20261142,041ee14e68026d31,adaptive_hybrid,2,1.0,0.98,0,0,0.6761031017911752,0.6761031017911752,0.6676041666666667,101.2818541309733,155.31137846716695,717.8686012875368,353469.1315067192,349143.3963009866,5819.056605016443,16.639580361617288,4323.694880637667,19.787578901329415,55.89287664509847,496.0,0.6040892344234776,24.996791055723534,0.0,0.025973244332231922,0.0,0.0,0.013854166666666667,8,30,24,moderate_d60_source_adaptive_hybrid,moderate,60,source,adaptive_hybrid,22
10468,10467,6274,8859,8858,5220,159,10308,3,3,1311.65848651639,634.426819083972,500553.1533546234,807304.3953521404,1336517.1081824917,28659.559475739305,15460,360801.1163079813,21,0.0,2243.7914162833995,64.92215662667479,0,0,159,0.0,1113.0,477,952.4268190839698,11816.548230927683,23314.660633064992,223269.15400693894,1119.8242497074775,0,0,0,20261143,041ee14e68026d31,adaptive_hybrid,2,1.0,0.98,1,1,0.5994076621763638,0.5994459304547192,0.5893441697708545,77.12853686368018,127.6886508247341,677.231667432418,426600.59259283135,421256.53534656356,7020.942255776059,15.873780318066164,3721.1525667823157,18.663737495124625,48.8776952475157,496.0,0.5221767556083878,23.337717743077704,0.0,0.02596980805883564,0.0,0.0,0.012881944444444444,8,30,24,moderate_d60_source_adaptive_hybrid,moderate,60,source,adaptive_hybrid,23
11959,11957,8339,10031,10029,6934,186,11771,1,1,1508.1297379352397,739.3405628521374,635920.8475155083,1143484.9754152696,1816956.003159231,37550.18022846703,17736,476733.47167928476,25,0.0,2656.2043510594094,76.58410027398467,0,0,185,0.0,1295.0,557,1109.3405628521334,14161.018901337706,30395.933527785546,286086.81579898315,1314.317895792229,0,0,0,20261144,041ee14e68026d31,adaptive_hybrid,2,1.0,0.98,2,2,0.697415739734047,0.6974663433397441,0.6914564848968199,95.63309989255411,151.9575146909117,768.7891750831024,304863.9464698564,300053.53034339176,5000.892172389863,18.48900938086889,4768.1135966497195,21.905298263203814,54.570796279686796,496.0,0.6585305259074189,26.879424429368786,0.0,0.03074310591503946,0.0,0.0,0.014988425925925926,8,30,24,moderate_d60_source_adaptive_hybrid,moderate,60,source,adaptive_hybrid,24
10658,10657,6941,8952,8951,5743,139,10518,6,6,1130.873803540069,634.6636867488829,527815.1693003897,1115851.3914901086,1674680.9512335546,31014.390443068904,16035,382173.30937235756,19,0.0,2035.1490239714788,58.72681836580704,0,0,139,0.0,973.0,417,912.6636867488808,11170.40109591413,25845.169596407784,235668.69535353017,1035.4101624117143,0,0,0,20261145,041ee14e68026d31,adaptive_hybrid,2,1.0,0.98,1,1,0.6513089987801445,0.6513417151435541,0.6416443252904379,104.70595772638721,157.14375070221962,496.2101167911861,403927.28431969683,399575.8457892169,6659.597429820282,15.21106144581468,3927.8115892255028,17.25683604019524,61.97882397220092,496.0,0.5475724862010565,23.833695626589183,0.0,0.02355496555522545,0.0,0.0,0.011261574074074075,8,30,24,moderate_d60_source_adaptive_hybrid,moderate,60,source,adaptive_hybrid,25
11411,11410,7697,9622,9621,6417,173,11237,6,6,1424.340487641826,722.4195973417729,577477.9179294341,1126485.9864405391,1738044.469245342,34080.56487537324,16918,423991.4621577776,24,0.0,2569.8879859707604,73.84954696612435,0,0,172,0.0,1204.0,518,1066.4195973417702,12885.105898740863,28243.38369216091,260147.2141597417,1313.034910937896,0,0,0,20261146,041ee14e68026d31,adaptive_hybrid,2,1.0,0.98,1,1,0.6745836985100789,0.6746122162825344,0.6670130949906464,98.72795674325496,152.326421493895,701.9208903000531,355556.32499009126,350799.2726224084,5846.654543706807,17.77365995569617,4335.786902662362,21.883915182298267,54.52390674162338,496.0,0.6017514281024963,25.061559413510913,0.0,0.029744073911698615,0.0,0.0,0.013935185185185186,8,30,24,moderate_d60_source_adaptive_hybrid,moderate,60,source,adaptive_hybrid,26
11731,11727,7956,9831,9828,6570,185,11542,5,5,1544.8878347959608,824.0653815018221,611559.4547442005,1047407.2387238884,1693883.805577535,34917.11210945649,17293,454428.77133591083,25,0.0,2672.8038530552094,76.9623314430384,0,0,184,0.0,1288.0,554,1192.065381501817,14033.961677116255,29477.852298380105,275076.3889523519,1265.770011267395,0,0,0,20261147,041ee14e68026d31,adaptive_hybrid,2,1.0,0.98,4,3,0.6784343821949348,0.6785440286420595,0.668599328654257,89.31587266341677,144.4430634925842,720.8224532941387,325153.5325499333,320227.7386161216,5337.12897693536,19.867756358363618,4584.606482539198,21.09616685445658,53.20911967216625,496.0,0.6358047350471177,26.278191831140393,0.0,0.03093522978073159,0.0,0.0,0.014907407407407407,8,30,24,moderate_d60_source_adaptive_hybrid,moderate,60,source,adaptive_hybrid,27
11047,11044,7411,9294,9292,6119,163,10881,4,4,1252.1886097394513,681.5039899139708,571605.0144793426,1018368.8958831446,1623560.594446138,33586.68408366952,16339,424058.5223545412,19,0.0,2001.9819753990716,65.17314283675766,0,0,163,0.0,1141.0,489,1007.5039899139681,13053.466556334493,27994.656346044067,256817.61251916373,1124.591004762858,0,0,0,20261148,041ee14e68026d31,adaptive_hybrid,2,1.0,0.98,3,2,0.6710431003259688,0.6711324341450168,0.6585969442651173,92.21014993509097,147.0083841403602,570.6846198254805,363094.48117981036,358992.61794638174,5983.210299106362,16.791733165232802,4280.293541986062,18.7431834127143,57.248785983730194,496.0,0.5933081528003916,25.95376230825272,0.0,0.023171087678229996,0.0,0.0,0.013206018518518518,8,30,24,moderate_d60_source_adaptive_hybrid,moderate,60,source,adaptive_hybrid,28
10180,10180,6121,8580,8580,5061,123,10057,1,1,964.6379089209174,483.07927828932003,489466.8371461937,892066.1304210608,1408310.2805348623,26777.312967617752,15107,350093.3100119327,16,0.0,1731.7510467354944,48.42526289506339,0,0,122,0.0,854.0,368,727.0792782893188,10130.421977362317,22527.188774596987,216306.8517724548,814.8412193453065,0,0,0,20261149,041ee14e68026d31,adaptive_hybrid,2,1.0,0.98,0,0,0.6012770137524558,0.6012770137524558,0.5898601398601399,87.62928589597847,138.3408919975307,481.5586306315974,437102.19072420325,432140.86974890454,7202.347829148409,12.117987971488647,3605.11419620758,13.580686989088441,61.21518688749181,496.0,0.5104142128985178,23.17424439080775,0.0,0.020043414892771925,0.0,0.0,0.00988425925925926,8,30,24,moderate_d60_source_adaptive_hybrid,moderate,60,source,adaptive_hybrid,29
10920,10917,7014,9159,9157,5767,133,10784,2,2,1598.81560230237,531.6346877480609,548835.3333892481,959811.0628742228,1540144.9061714935,31498.509908037686,16087,399519.3121151786,21,0.0,2281.170807273368,69.10497149078735,0,0,111,0.0,777.0,377,753.6346877480596,9936.694100049262,25655.121755666398,244166.37070484294,914.2913037361751,0,0,0,20261120,347a49a1137b3428,travel_aware_hybrid,2,1.0,0.98,3,2,0.642484198955757,0.6425824175824176,0.6298722567965935,87.9189395323095,141.0776684227804,1067.1809145543093,381363.37946603657,376353.3449647527,6272.555749412544,12.560578129134326,4069.4395117473823,15.238188395602918,68.0507208373114,496.0,0.5728456771213748,24.83491714522152,0.0,0.026402439898997317,0.0,0.0,0.008993055555555556,8,30,24,moderate_d60_source_travel_aware_hybrid,moderate,60,source,travel_aware_hybrid,0
10819,10818,6733,9148,9147,5583,127,10691,3,3,1520.6434980283643,569.0793295876779,536756.2586726774,931020.8718375018,1497729.0224613738,29951.89195120963,15963,388062.4224104301,19,0.0,2116.835997016397,65.23316860468715,0,0,109,0.0,763.0,363,787.0793295876762,10250.991835132674,24398.573002062873,239848.15607367823,819.0478798081485,0,0,0,20261121,347a49a1137b3428,travel_aware_hybrid,2,1.0,0.98,1,1,0.6223886115733037,0.6224235141880026,0.6104066462614779,86.06219928244609,138.4478667462908,951.5641684406864,397951.11517957546,393173.1494025901,6552.885823376502,13.11798882646127,3997.469267894637,13.650797996802476,67.21369973020074,496.0,0.5542662240372138,24.31011854979829,0.0,0.024500416632134224,0.0,0.0,0.00883101851851852,8,30,24,moderate_d60_source_travel_aware_hybrid,moderate,60,source,travel_aware_hybrid,1
12518,12517,8662,10552,10552,7205,168,12349,1,1,1977.970809201316,706.7315744998556,673538.9665650569,1081649.4132910105,1793156.5941431725,37968.21428711574,18451,502208.5983167041,26,0.0,2839.3710272947956,84.22835024515412,0,0,140,0.0,980.0,476,986.7315744998521,12269.278459451301,30626.397601481673,300781.14357088844,1078.073156960766,0,0,0,20261122,347a49a1137b3428,travel_aware_hybrid,2,1.0,0.98,1,0,0.692018854358073,0.6920434574213133,0.6828089461713419,86.41442943924348,143.25769706344752,1271.2392347014602,273623.60352436895,268684.4870881887,4478.074784803145,16.4455262416642,5013.019059514807,17.9678859493461,64.34117143168419,496.0,0.693521949457472,27.218502970934047,0.0,0.03286309059368976,0.0,0.0,0.011342592592592593,8,30,24,moderate_d60_source_travel_aware_hybrid,moderate,60,source,travel_aware_hybrid,2
10389,10387,6346,8735,8733,5235,125,10262,2,2,1575.6469018748226,497.79863952707757,505948.68982053676,806052.7985091723,1338977.2870784253,26975.79874872852,15220,364339.6346189685,21,0.0,2304.8970529334965,66.92253690775284,0,0,112,0.0,784.0,362,721.7986395270766,9450.621934175555,21308.78175640324,224115.7732294888,850.4245124921731,0,0,0,20261123,347a49a1137b3428,travel_aware_hybrid,2,1.0,0.98,2,2,0.6109560026956773,0.6110308980652613,0.5995420721236405,77.6020793789518,128.90895225555263,1077.848262347745,424229.50649508834,419461.66355055757,6991.027725842626,12.029977325451277,3735.262887158147,14.173741874869553,58.864038001113926,496.0,0.5248325420081896,23.93821515236324,0.0,0.026677049223767322,0.0,0.0,0.009074074074074075,8,30,24,moderate_d60_source_travel_aware_hybrid,moderate,60,source,travel_aware_hybrid,3
10405,10401,6373,8736,8733,5241,115,10286,3,3,1446.7767155666158,487.3789116842657,503896.71155277325,858510.7199313354,1390295.8613297069,27888.429845600207,15344,360026.31094917486,21,0.0,2237.712209039377,61.82427812529979,0,0,95,0.0,665.0,325,677.3789116842655,8527.43643459882,22668.246842312743,225128.16650507817,748.9276277707534,0,0,0,20261124,347a49a1137b3428,travel_aware_hybrid,2,1.0,0.98,4,3,0.612729545236035,0.6128784238346948,0.6002747252747253,82.54117103464431,133.66944152770952,959.3978038823502,421945.221884157,417178.2900034687,6952.971500057812,11.289648528071092,3752.1361084179694,12.482127129512556,69.74845182250074,496.0,0.5273911045204335,23.463654258939968,0.0,0.025899446863881678,0.0,0.0,0.007696759259259259,8,30,24,moderate_d60_source_travel_aware_hybrid,moderate,60,source,travel_aware_hybrid,4
11041,11039,6930,9270,9268,5730,136,10903,3,3,1586.9891318977857,563.2167135997098,556289.4930290956,825965.1048646691,1412580.6134635934,30326.015569835025,16238,406257.2505531757,20,0.0,2246.218766430186,67.9161903121113,0,0,112,0.0,784.0,384,787.2167135997088,10572.86583928135,24640.080729693786,248632.3943200437,856.1646890414587,0,0,0,20261125,347a49a1137b3428,travel_aware_hybrid,2,1.0,0.98,2,2,0.6277742549143944,0.6278416810071551,0.6183387270765911,74.82245718495055,127.96273335117252,1023.7724182980759,374106.621623755,369463.3939205327,6157.723232008879,13.120278559995146,4143.8732386673955,14.269411484024312,64.16687690024423,496.0,0.5809737661024249,25.018921699296445,0.0,0.025997902389238263,0.0,0.0,0.009074074074074075,8,30,24,moderate_d60_source_travel_aware_hybrid,moderate,60,source,travel_aware_hybrid,5
11828,11827,8286,10005,10004,6912,147,11680,4,4,1695.8969138793934,664.4247868391648,627580.2313014248,1176783.0474008587,1841101.0317961038,36737.7530938355,17609,465097.7697483856,22,0.0,2414.910143379875,70.11861832340263,0,0,125,0.0,875.0,419,914.4247868391626,11731.026746717562,31130.184332727324,282675.5658908377,872.7362631315395,0,0,0,20261126,347a49a1137b3428,travel_aware_hybrid,2,1.0,0.98,1,1,0.7006003212987233,0.7006256340886033,0.6909545227386307,99.49970807481684,155.6693186603622,1031.4721270402288,314558.2256782777,310348.1575706255,5172.469292843758,15.240413113986044,4711.259431513961,14.545604385525658,74.29638265567381,496.0,0.6476722382635778,26.412503251086694,0.0,0.027950348881711516,0.0,0.0,0.010127314814814815,8,30,24,moderate_d60_source_travel_aware_hybrid,moderate,60,source,travel_aware_hybrid,6
11430,11427,7265,9643,9642,6027,143,11284,3,3,1769.8202935212253,599.540796234189,569969.0209172404,976345.7941391214,1577557.9998430877,31243.18478673431,16779,413083.0554274693,24,0.0,2606.485595436013,73.6179041094177,0,0,124,0.0,868.0,410,847.5407962341872,10011.544182494747,24938.610411464186,253163.39184409907,896.777262848435,0,0,0,20261127,347a49a1137b3428,travel_aware_hybrid,2,1.0,0.98,3,1,0.6357749190513695,0.6358705161854769,0.6251166649382972,85.44200526289677,138.05530759106395,1170.2794972870363,368172.37849663175,363280.201194566,6054.670019909433,14.125679937236452,4219.389864068317,14.946287714140585,60.825879052351674,496.0,0.5876205437985755,24.619050922430976,0.0,0.030167657354583488,0.0,0.0,0.010046296296296296,8,30,24,moderate_d60_source_travel_aware_hybrid,moderate,60,source,travel_aware_hybrid,7
11393,11393,7328,9621,9621,6086,133,11260,4,4,1562.7085164724083,611.9309760238833,572222.0679993024,1024151.8086469491,1629112.4886784256,32738.612032182846,16727,415626.7916826215,19,0.0,2080.8901248455672,64.30900361604847,0,0,112,0.0,784.0,378,835.9309760238822,9774.513685793308,26652.656407562514,254977.99867230342,774.9590650523949,0,0,0,20261128,347a49a1137b3428,travel_aware_hybrid,2,1.0,0.98,0,0,0.643201966119547,0.643201966119547,0.6325745764473547,89.89307545395849,142.9924066249825,950.777540448525,363603.8489030061,358451.23279072065,5974.187213178678,13.93218293373137,4249.633311205057,12.915984417539914,70.50967303587967,496.0,0.5927376244365972,24.847658975466103,0.0,0.02408437644497184,0.0,0.0,0.009074074074074075,8,30,24,moderate_d60_source_travel_aware_hybrid,moderate,60,source,travel_aware_hybrid,8
11998,11995,8305,10141,10139,6912,155,11840,0,0,1737.8774611204897,618.3752185604799,629549.940866532,1177082.5927370617,1843326.2729958335,36693.73939225866,17827,466202.10218756105,22,0.0,2466.8477922465427,74.5604542252408,0,0,136,0.0,952.0,446,890.3752185604774,11972.586413908659,29664.03603172474,282142.4129674206,973.2394043481717,0,0,0,20261129,347a49a1137b3428,travel_aware_hybrid,2,1.0,0.98,3,2,0.6923718215923301,0.6924487414569095,0.6817868060349078,98.13110402143073,153.67455381374185,1119.5022425600098,309353.8014192957,304503.45131774514,5075.057521962419,14.839586976007956,4702.37354945701,16.220656739136196,66.51129155095234,496.0,0.6535015665106454,26.151461389328606,0.0,0.028551479076927577,0.0,0.0,0.011018518518518518,8,30,24,moderate_d60_source_travel_aware_hybrid,moderate,60,source,travel_aware_hybrid,9
10742,10741,6799,9026,9025,5600,126,10615,1,1,1443.116547729599,514.2474856794812,533183.3748693942,937830.4744078664,1500321.5328059325,29307.683528673435,15890,384331.18548208085,19,0.0,2040.4422288280687,61.41422447850115,0,0,109,0.0,763.0,361,732.2474856794802,9575.850808025949,24641.456194262428,236760.71401189748,789.3918835007277,0,0,0,20261130,347a49a1137b3428,travel_aware_hybrid,2,1.0,0.98,1,1,0.6329950656363467,0.6330292310556693,0.6205406603146466,87.3131435069236,139.68173659863444,928.8690620501178,401491.97954544803,396912.93651460385,6615.215608576731,12.20412476132467,3946.011900198291,13.156531391678794,68.25888142454966,496.0,0.550300202122034,24.18698461183643,0.0,0.023616229500324867,0.0,0.0,0.00883101851851852,8,30,24,moderate_d60_source_travel_aware_hybrid,moderate,60,source,travel_aware_hybrid,10
9340,9336,5186,7811,7809,4214,89,9247,2,2,1033.7749091501855,411.28208612471747,431659.755894124,718596.6534193073,1173030.20490303,22773.795589610447,13752,301846.4025146883,14,0.0,1525.6474652711056,44.570735739900684,0,0,77,0.0,539.0,255,565.2820861247176,7531.838448365803,18358.125237084638,190224.5091902135,566.9678798969943,0,0,0,20261131,347a49a1137b3428,travel_aware_hybrid,2,1.0,0.98,4,2,0.555484147386461,0.5556745182012848,0.5397516323134042,76.97050700720943,125.64590883708549,622.492823025468,492264.2882514164,487937.9501378716,8132.299168964527,9.421368102078626,3170.408486503558,9.449464664949906,71.99264798856721,496.0,0.448628709395815,21.949273015902293,0.0,0.01765795677397113,0.0,0.0,0.006238425925925926,8,30,24,moderate_d60_source_travel_aware_hybrid,moderate,60,source,travel_aware_hybrid,11
10130,10130,5903,8463,8463,4846,122,10008,1,1,1419.7575672741775,509.1906344504371,486125.2796500807,774316.7627545,1287096.9236267058,26654.88122213092,14952,346942.7771061131,19,0.0,2094.8992505624324,59.1827386941063,0,0,102,0.0,714.0,346,713.1906344504359,9178.419255451745,21755.1462810246,214396.67046341294,678.6541272128023,0,0,0,20261132,347a49a1137b3428,travel_aware_hybrid,2,1.0,0.98,0,0,0.5827245804540967,0.5827245804540967,0.5726101855134114,76.43798250291215,127.05793915367283,910.5669328237404,444543.09954931505,439743.79086792516,7329.063181132086,11.886510574173933,3573.277841056882,11.310902120213372,62.87614532088035,496.0,0.5020798616159106,23.20377053946717,0.0,0.024246519103731858,0.0,0.0,0.008263888888888888,8,30,24,moderate_d60_source_travel_aware_hybrid,moderate,60,source,travel_aware_hybrid,12
9975,9974,5727,8353,8352,4713,114,9860,0,0,1335.6849831620905,462.3909573646997,461372.3850595481,782867.6648227725,1269371.824165928,25131.77428361676,14690,324169.98434222775,16,0.0,1775.4298896390121,56.779125490126134,0,0,93,0.0,651.0,321,648.390957364699,8541.101670774588,20234.184832562954,203713.2109183231,700.6243073673352,0,0,0,20261133,347a49a1137b3428,travel_aware_hybrid,2,1.0,0.98,1,1,0.5741929015440145,0.5742355889724311,0.5643481383933916,78.49084267322765,127.26807942309284,873.2940257973908,461600.10400693765,456930.5180297659,7615.508633829432,10.806515956078318,3395.2201819720517,11.677071789455587,63.03484371514939,496.0,0.4829747938990394,22.06739171832728,0.0,0.020548957056007084,0.0,0.0,0.007534722222222222,8,30,24,moderate_d60_source_travel_aware_hybrid,moderate,60,source,travel_aware_hybrid,13
11917,11916,8110,10055,10054,6757,149,11767,0,0,1828.9273542794842,602.0913227088074,626006.6901790622,1009642.1285288073,1670292.2424956453,34643.423787784144,17549,465012.1983850553,24,0.0,2702.270426451184,76.1595198215324,0,0,125,0.0,875.0,423,852.0913227088059,11716.039095179205,28183.883284344003,279879.7093304313,944.339586329994,0,0,0,20261134,347a49a1137b3428,travel_aware_hybrid,2,1.0,0.98,1,1,0.680597515944948,0.6806243182008895,0.6721034311287917,84.72995372010803,140.17222578848987,1226.8360315706768,315312.7120106191,310482.3895034392,5174.706491723987,14.201522045146765,4664.661822173855,15.7389931054999,66.62856568402837,496.0,0.6468271594863138,26.497931414043837,0.0,0.03127627808392574,0.0,0.0,0.010127314814814815,8,30,24,moderate_d60_source_travel_aware_hybrid,moderate,60,source,travel_aware_hybrid,14
10733,10731,6487,8993,8991,5324,133,10598,1,1,1525.234921707241,539.3354183702406,531799.3834771863,751699.3761383061,1311588.0880605169,28089.32844502845,15604,386499.5333749006,19,0.0,2153.345159460661,65.09149541517415,0,0,113,0.0,791.0,379,765.3354183702398,10922.218652677784,22801.25292652267,236530.47139448317,792.0508974659552,0,0,0,20261135,347a49a1137b3428,travel_aware_hybrid,2,1.0,0.98,2,2,0.6045102972695928,0.6045839932917171,0.5922384076503947,70.04933148246259,122.22421843821796,985.8995033370004,401574.7454282328,396282.4158192938,6604.706930321564,12.755590306170664,3942.1745232413864,13.200848291099254,60.161617220376435,496.0,0.5502074984002768,24.769260021462483,0.0,0.02492297638264654,0.0,0.0,0.009155092592592593,8,30,24,moderate_d60_source_travel_aware_hybrid,moderate,60,source,travel_aware_hybrid,15
10624,10623,6648,9011,9011,5527,134,10489,3,3,1522.394942568005,578.5007354562505,513333.343267091,955487.6141706022,1497554.1054745684,28733.14803689302,15765,367869.85854028055,19,0.0,2061.8240435683206,63.615296340331746,0,0,123,0.0,861.0,391,824.5007354562483,10155.13363648606,24056.28019991387,227315.9873255381,807.5018273231291,0,0,0,20261136,347a49a1137b3428,travel_aware_hybrid,2,1.0,0.98,1,0,0.6258119175374188,0.6258471385542169,0.6133614471201865,89.94517689641364,140.97280480792324,943.8942071117546,415387.6926949541,410996.38636633113,6849.939772772185,13.741678924270806,3788.5997887589683,13.458363788718819,61.52501329901245,496.0,0.5347360072861177,23.33459299335747,0.0,0.023863704207966675,0.0,0.0,0.009965277777777778,8,30,24,moderate_d60_source_travel_aware_hybrid,moderate,60,source,travel_aware_hybrid,16
11146,11146,7129,9396,9396,5876,135,11011,4,4,1526.1031775623667,574.727775385126,553898.3878444054,1048691.9049106187,1633751.2371171718,31160.944362157832,16448,400301.30236540263,20,0.0,2170.611275581593,68.18019856882093,0,0,117,0.0,819.0,387,808.7277753851248,9971.371687506307,25806.701393120922,246410.1271711527,889.5300214971412,0,0,0,20261137,347a49a1137b3428,travel_aware_hybrid,2,1.0,0.98,0,0,0.6396016508164364,0.6396016508164364,0.6253724989357173,94.08683876822346,146.57735843505938,951.3754021772406,380370.0354621264,375415.0604214969,6256.917673691615,13.478796256418747,4106.835452852545,14.825500358285687,66.68398292796104,496.0,0.5739582936132097,24.337384628246756,0.0,0.02512281568960177,0.0,0.0,0.009479166666666667,8,30,24,moderate_d60_source_travel_aware_hybrid,moderate,60,source,travel_aware_hybrid,17
11582,11581,7777,9757,9756,6447,151,11430,5,5,1845.8441086383268,642.5624979597931,612720.3686351845,945762.3312570917,1592551.7200791552,34069.02018689719,17078,455052.70122060564,24,0.0,2668.0048216669666,78.76074219557198,0,0,131,0.0,917.0,433,904.5624979597907,11775.715613204251,27352.021209610364,274823.1419950609,1014.1036419494924,0,0,0,20261138,347a49a1137b3428,travel_aware_hybrid,2,1.0,0.98,1,1,0.6715309558760038,0.6715593161802798,0.6608588705544737,81.66499708635625,137.51418012944956,1203.2816106785338,326232.3872270562,320959.256386518,5349.3209397753,15.076041632663179,4580.385699917681,16.901727365824872,63.16864020695234,496.0,0.6345963404714872,26.645549901663287,0.0,0.03087968543596026,0.0,0.0,0.010613425925925925,8,30,24,moderate_d60_source_travel_aware_hybrid,moderate,60,source,travel_aware_hybrid,18
10459,10457,6443,8766,8764,5347,124,10333,2,2,1476.1482706079184,497.39411559095674,510221.28117123357,870600.0796816848,1408813.718789537,27992.35793662769,15463,368109.10407180525,19,0.0,2076.7763926040266,63.43414353271982,0,0,110,0.0,770.0,358,717.3941155909562,9687.937154599269,22488.56650492209,226773.42989733588,827.6799438844708,0,0,0,20261139,347a49a1137b3428,travel_aware_hybrid,2,1.0,0.98,2,2,0.6161422970259156,0.616215699397648,0.6101984941820671,83.25524334720139,134.72446387965354,978.7541550169617,419988.0032418568,415345.2058380262,6922.420097300436,11.956568593182602,3779.557164955598,13.794665731407848,62.817224874084054,496.0,0.5295833297022213,23.805801207515053,0.0,0.024036763803287346,0.0,0.0,0.008912037037037038,8,30,24,moderate_d60_source_travel_aware_hybrid,moderate,60,source,travel_aware_hybrid,19
11676,11675,7520,9844,9843,6200,149,11526,1,1,1800.3221317776715,608.9480173788996,600080.9316803408,895604.7754353912,1528385.6709790851,32699.963863362114,17127,441973.4769405335,23,0.0,2505.03908210798,73.69112414817259,0,0,131,0.0,917.0,429,870.948017378898,11635.858616199328,26899.097837837064,266801.54976030986,867.1145949478531,0,0,0,20261140,347a49a1137b3428,travel_aware_hybrid,2,1.0,0.98,1,1,0.6441113490364025,0.644141829393628,0.6299268590004063,76.71132980174657,130.9109782423199,1191.3741143987718,340217.7246686681,334869.4978065244,5581.158296775407,14.5158002896483,4446.692496005165,14.451909915797552,62.70185976185796,496.0,0.618931760003732,25.80565638702245,0.0,0.028993507894768285,0.0,0.0,0.010613425925925925,8,30,24,moderate_d60_source_travel_aware_hybrid,moderate,60,source,travel_aware_hybrid,20
10787,10785,6523,9060,9058,5369,128,10657,3,3,1575.0741828165064,548.2624952050785,519899.40578560886,897688.4468148577,1447241.809313836,29653.956713372303,15758,373833.40561786824,21,0.0,2301.2589616960304,65.98002887712596,0,0,112,0.0,784.0,368,772.2624952050771,9467.896771620353,23516.305679430065,230158.85281272244,822.570383816217,0,0,0,20261141,347a49a1137b3428,travel_aware_hybrid,2,1.0,0.98,2,2,0.6048215113583681,0.604894780754612,0.5928256070640177,83.23490466526265,134.1902465752282,1026.811687611428,411922.7238240131,406837.306751756,6780.621779195933,12.871041586751286,3835.9808802120406,13.70950639693695,63.90300456366865,496.0,0.5386170208064369,23.72340434178628,0.0,0.026634941686296647,0.0,0.0,0.009074074074074075,8,30,24,moderate_d60_source_travel_aware_hybrid,moderate,60,source,travel_aware_hybrid,21
11445,11444,7750,9600,9600,6414,149,11295,1,1,1689.0554039854167,600.790801943914,585849.1826367374,1147994.5177148562,1768376.0719997932,34532.37164820969,17086,428774.7828645935,23,0.0,2503.3460349686206,74.03024149326482,0,0,136,0.0,952.0,434,872.790801943912,11422.729295759962,28360.447630284158,260858.68690974344,1005.3768124432238,0,0,0,20261142,347a49a1137b3428,travel_aware_hybrid,2,1.0,0.98,1,0,0.6772107654666201,0.6772389689820882,0.668125,100.3140962700853,154.52429849701093,1088.2646020415027,353593.23865932267,349090.6842433308,5818.17807072218,14.546513365731867,4347.644781829057,16.756280207387064,65.34665352600037,496.0,0.6039502255159916,25.095094396850843,0.0,0.028973912441766444,0.0,0.0,0.011018518518518518,8,30,24,moderate_d60_source_travel_aware_hybrid,moderate,60,source,travel_aware_hybrid,22
10468,10467,6290,8859,8859,5230,127,10340,0,0,1468.4010724019386,508.6106808467145,504510.918866972,808097.934949274,1340815.0322489194,28206.178432683228,15392,361363.5700747012,19,0.0,2053.1821201107923,61.29168895975658,0,0,113,0.0,791.0,367,734.6106808467139,9956.588198597812,23319.246724069046,224402.38588394705,766.1410064479004,0,0,0,20261143,347a49a1137b3428,travel_aware_hybrid,2,1.0,0.98,1,0,0.6009362759147798,0.6009743981658388,0.5903600857884637,77.2043503343149,128.09926743564722,959.790391555224,425560.77517981734,420556.6185893768,7009.276976489613,12.243511347445232,3740.0397647324507,12.769016774131673,63.54018180945244,496.0,0.5233414256498461,23.477362920653665,0.0,0.023763681945726763,0.0,0.0,0.009155092592592593,8,30,24,moderate_d60_source_travel_aware_hybrid,moderate,60,source,travel_aware_hybrid,23
11959,11958,8319,10031,10030,6913,162,11796,2,2,1956.1310751036442,658.8148168039031,638917.9243363771,1119776.8492256666,1795431.5978199178,36736.824257874956,17679,477668.9526280849,25,0.0,2699.5602921316517,84.40089887283051,0,0,145,0.0,1015.0,469,948.8148168039006,12748.053739923784,29670.131180026376,287247.3043422504,1048.0766621111384,0,0,0,20261144,347a49a1137b3428,travel_aware_hybrid,2,1.0,0.98,1,1,0.6956848971399899,0.6957103436742202,0.6892632838201576,93.64248613695155,150.144806641572,1297.316258299741,304411.3892495114,299898.35568869655,4998.305928144942,15.81358028006501,4787.45507237084,17.467944368518975,63.262539829480545,496.0,0.659037422435583,27.019002920305727,0.0,0.031244910788560783,0.0,0.0,0.011747685185185186,8,30,24,moderate_d60_source_travel_aware_hybrid,moderate,60,source,travel_aware_hybrid,24
10658,10656,6925,8952,8950,5719,126,10530,1,1,1384.3953700800694,509.29550057767403,529332.2862021052,1098758.8852162857,1659236.0659625034,31144.89454412313,15994,382167.37767921534,18,0.0,1957.668872539004,58.756187139614866,0,0,109,0.0,763.0,361,727.2955005776732,9835.687479293469,26263.83390653741,236920.9620050142,765.6544453785526,0,0,0,20261145,347a49a1137b3428,travel_aware_hybrid,2,1.0,0.98,2,2,0.6498686186186187,0.6499343216363295,0.6390750670241286,103.11175724627306,155.70909027425895,875.0998695023953,404773.22945892497,400644.5468058883,6677.409113431471,12.121591676294553,3948.68270008357,12.760907422975878,72.75300251118396,496.0,0.5466249670038923,23.89442151301834,0.0,0.02265820454327551,0.0,0.0,0.00883101851851852,8,30,24,moderate_d60_source_travel_aware_hybrid,moderate,60,source,travel_aware_hybrid,25
11411,11411,7704,9622,9622,6421,143,11268,2,2,1634.2690761780607,590.2196036734646,582762.0098512982,1130056.0063274165,1747111.4204300202,34293.40425131747,16835,425525.7314503593,20,0.0,2166.4320056066003,68.2449611023118,0,0,120,0.0,840.0,406,830.2196036734633,10492.504267649636,28496.444191338305,260569.58752020448,868.3194698729227,0,0,0,20261146,347a49a1137b3428,travel_aware_hybrid,2,1.0,0.98,0,0,0.6751380247129962,0.6751380247129962,0.6673248804822283,99.03216250349807,153.1076523030427,1044.049472504596,355220.7769127698,350685.1501273512,5844.75250212252,13.836993394557721,4342.826458670074,14.471991164548712,70.18828618556233,496.0,0.6021272660027219,25.276253724405066,0.0,0.02507444450933565,0.0,0.0,0.009722222222222222,8,30,24,moderate_d60_source_travel_aware_hybrid,moderate,60,source,travel_aware_hybrid,26
11731,11729,7942,9831,9830,6559,149,11580,4,4,1789.9352536570761,682.5945720298395,614155.6668090129,1041337.4364822783,1689587.5617277764,34094.45843650203,17270,454203.3386406145,23,0.0,2543.7956080620256,74.99108072279176,0,0,126,0.0,882.0,424,934.5945720298374,11667.731989154136,27793.290683908086,274902.5169955839,953.6118567288404,0,0,0,20261147,347a49a1137b3428,travel_aware_hybrid,2,1.0,0.98,2,1,0.6771250746014152,0.677180121046799,0.6672769809785373,88.78313892763904,144.05214099478016,1107.3406816272368,325752.1990908522,321012.0748124476,5350.201246874127,15.576576200497291,4581.708616593065,15.893530945480673,65.55021387714172,496.0,0.6351341856061243,26.300135416364473,0.0,0.029442078797014184,0.0,0.0,0.010208333333333333,8,30,24,moderate_d60_source_travel_aware_hybrid,moderate,60,source,travel_aware_hybrid,27
11047,11045,7380,9294,9293,6089,135,10910,3,3,1576.3459134289103,556.9738428181455,573518.0369875045,1009407.6036109811,1615321.0639071204,32395.423308652087,16283,422189.41091806,21,0.0,2245.374698665537,68.22381409538782,0,0,117,0.0,819.0,387,790.9738428181447,10347.459972854018,26045.95653750282,256641.27532742493,881.2192142682052,0,0,0,20261148,347a49a1137b3428,travel_aware_hybrid,2,1.0,0.98,2,1,0.6681756450882752,0.6682357201050059,0.6552614590058102,91.3904575473953,146.24907776433864,1019.3720706107648,363686.8256065047,359399.49139540526,5989.991523256755,13.182897380302412,4277.354588790416,14.686986904470086,67.30221327520108,496.0,0.5926446845805279,25.928232568817783,0.0,0.025988133086406677,0.0,0.0,0.009479166666666667,8,30,24,moderate_d60_source_travel_aware_hybrid,moderate,60,source,travel_aware_hybrid,28
10180,10180,6060,8580,8580,5002,111,10069,1,1,1306.1382602387694,442.03053813888505,491703.31845895736,869124.30677862,1386423.6253448166,25596.000107249223,15088,350631.59702484624,16,0.0,1798.2370966303704,54.756141087704194,0,0,100,0.0,700.0,322,642.030538138885,8708.25668824776,21201.801463636108,216796.0296462212,722.5346114589345,0,0,0,20261149,347a49a1137b3428,travel_aware_hybrid,2,1.0,0.98,0,0,0.5952848722986247,0.5952848722986247,0.582983682983683,85.3756686423006,136.1909258688425,864.1077220998843,438644.1175419787,433560.37357968854,7226.0062263281425,10.700508968981417,3613.2671607703533,12.042243524315575,65.84410392433574,496.0,0.508687144330221,23.239103726461178,0.0,0.020812929359147806,0.0,0.0,0.008101851851851851,8,30,24,moderate_d60_source_travel_aware_hybrid,moderate,60,source,travel_aware_hybrid,29
10920,10918,6681,4402,4401,2412,0,10918,0,0,0.0,0.0,560340.307389778,942723.9059953823,1503064.2133851466,0.0,15836,387950.5829074686,0,0.0,0.0,0.0,0,0,0,0.0,0.0,0,0.0,0.0,0.0,236583.97944267077,0.0,0,0,0,20261120,c9b39fa7d4efb08c,human_only,0,1.0,0.98,2,1,0.6119252610368199,0.611996336996337,0.5481599273057701,86.3458422783827,137.66845698709898,0.0,381275.43641512014,376603.063393882,6276.717723231367,0.0,3943.066324044513,0.0,0.0,496.0,0.5729441796425625,24.498016096708046,0.0,0.0,0.0,0.0,0.0,8,30,24,moderate_d60_balanced_human_only,moderate,60,balanced,human_only,0
10819,10819,6313,4312,4312,2277,0,10819,0,0,0.0,0.0,543613.9958580992,913131.3293497667,1456745.3252078556,0.0,15780,372238.3948285949,0,0.0,0.0,0.0,0,0,0,0.0,0.0,0,0.0,0.0,0.0,230019.1541722693,0.0,0,0,0,20261121,c9b39fa7d4efb08c,human_only,0,1.0,0.98,0,0,0.5835104908032166,0.5835104908032166,0.5280612244897959,84.40071442367748,134.64694751898102,0.0,400977.7620999166,396024.2780736393,6600.404634560656,0.0,3833.652569537822,0.0,0.0,496.0,0.5508761625224949,23.589251890278508,0.0,0.0,0.0,0.0,0.0,8,30,24,moderate_d60_balanced_human_only,moderate,60,balanced,human_only,1
12518,12517,8234,4892,4891,2847,0,12517,0,0,0.0,0.0,683217.6766300215,1055790.0701780694,1739007.7468080807,0.0,18220,483953.5156698342,0,0.0,0.0,0.0,0,0,0,0.0,0.0,0,0.0,0.0,0.0,290922.953035916,0.0,0,0,0,20261122,c9b39fa7d4efb08c,human_only,0,1.0,0.98,1,1,0.6578253575137812,0.6578526921233424,0.5821749795584628,84.34849166558037,138.9316726698155,0.0,275981.7248476986,270877.4157796707,4514.623596327845,0.0,4848.715883931934,0.0,0.0,496.0,0.6908806845343878,26.56166386771867,0.0,0.0,0.0,0.0,0.0,8,30,24,moderate_d60_balanced_human_only,moderate,60,balanced,human_only,2
10389,10387,5987,4215,4214,2143,0,10387,0,0,0.0,0.0,514309.6001377534,790013.0759652765,1304322.6761030213,0.0,15036,350736.56251339545,0,0.0,0.0,0.0,0,0,0,0.0,0.0,0,0.0,0.0,0.0,216759.44797875357,0.0,0,0,0,20261123,c9b39fa7d4efb08c,human_only,0,1.0,0.98,2,1,0.5763935688841821,0.5764751179131774,0.5086595492289443,76.05786810101824,125.57260769259857,0.0,424776.7493192832,420364.71446664556,7006.078574444093,0.0,3612.6574663125593,0.0,0.0,496.0,0.524219590816215,23.32645401126599,0.0,0.0,0.0,0.0,0.0,8,30,24,moderate_d60_balanced_human_only,moderate,60,balanced,human_only,3
10405,10401,6008,4163,4162,2141,0,10401,0,0,0.0,0.0,518045.5170463122,865384.8377203334,1383430.3547666373,0.0,15132,353729.9707000803,0,0.0,0.0,0.0,0,0,0,0.0,0.0,0,0.0,0.0,0.0,218958.12641865938,0.0,0,0,0,20261124,c9b39fa7d4efb08c,human_only,0,1.0,0.98,4,1,0.5776367656956062,0.577799135031235,0.5145327888541917,83.2020803499984,133.0093601352406,0.0,421653.10289924295,417279.7485414596,6954.662475690993,0.0,3649.3021069776564,0.0,0.0,496.0,0.5277182987239663,23.376286723505174,0.0,0.0,0.0,0.0,0.0,8,30,24,moderate_d60_balanced_human_only,moderate,60,balanced,human_only,4
11041,11039,6506,4345,4343,2216,0,11039,0,0,0.0,0.0,568126.1420465369,794868.5860970863,1362994.728143615,0.0,15985,394185.35896953265,0,0.0,0.0,0.0,0,0,0,0.0,0.0,0,0.0,0.0,0.0,239153.7506467631,0.0,0,0,0,20261125,c9b39fa7d4efb08c,human_only,0,1.0,0.98,2,2,0.5893649787118398,0.5894393623765963,0.5104718066743383,72.0054883682477,123.47085135824032,0.0,376676.1609703577,372094.22343026596,6201.570390504433,0.0,3985.8958441127184,0.0,0.0,496.0,0.578095697837861,24.65970340754036,0.0,0.0,0.0,0.0,0.0,8,30,24,moderate_d60_balanced_human_only,moderate,60,balanced,human_only,5
11828,11828,7788,4715,4715,2714,0,11828,0,0,0.0,0.0,636980.533988181,1135248.3427884998,1772228.8767766752,0.0,17339,449350.9649941899,0,0.0,0.0,0.0,0,0,0,0.0,0.0,0,0.0,0.0,0.0,271880.4151174399,0.0,0,0,0,20261126,c9b39fa7d4efb08c,human_only,0,1.0,0.98,0,0,0.6584376056814338,0.6584376056814338,0.5756097560975609,95.97973814579808,149.83335109711493,0.0,317659.5496912628,313438.1628897181,5223.969381495302,0.0,4531.340251957331,0.0,0.0,496.0,0.644198533051901,25.915621719487277,0.0,0.0,0.0,0.0,0.0,8,30,24,moderate_d60_balanced_human_only,moderate,60,balanced,human_only,6
11430,11427,6945,4570,4567,2459,0,11427,0,0,0.0,0.0,583264.0666477178,981706.4475432109,1564970.5141909216,0.0,16572,402275.5118391407,0,0.0,0.0,0.0,0,0,0,0.0,0.0,0,0.0,0.0,0.0,246467.11269964313,0.0,0,0,0,20261127,c9b39fa7d4efb08c,human_only,0,1.0,0.98,3,3,0.6077710685219218,0.6078740157480315,0.5387308533916849,85.91112693998521,136.95375113248636,0.0,364908.6486953384,360317.25517028227,6005.287586171371,0.0,4107.785211660719,0.0,0.0,496.0,0.5912761551351496,24.27440935548761,0.0,0.0,0.0,0.0,0.0,8,30,24,moderate_d60_balanced_human_only,moderate,60,balanced,human_only,7
11393,11393,6907,4407,4407,2312,0,11393,0,0,0.0,0.0,587194.4712349719,992600.7723680844,1579795.2436030426,0.0,16498,407211.5181546853,0,0.0,0.0,0.0,0,0,0,0.0,0.0,0,0.0,0.0,0.0,248483.04211037146,0.0,0,0,0,20261128,c9b39fa7d4efb08c,human_only,0,1.0,0.98,0,0,0.606249451417537,0.606249451417537,0.5246199228500114,87.12374022365351,138.66367450215418,0.0,361838.4785425723,357048.877271062,5950.814621184367,0.0,4141.384035172858,0.0,0.0,496.0,0.5947149657901296,24.682477764255385,0.0,0.0,0.0,0.0,0.0,8,30,24,moderate_d60_balanced_human_only,moderate,60,balanced,human_only,8
11998,11996,7811,4782,4781,2739,0,11996,0,0,0.0,0.0,642665.0493456495,1161466.915076935,1804131.9644225754,0.0,17569,451685.7645954121,0,0.0,0.0,0.0,0,0,0,0.0,0.0,0,0.0,0.0,0.0,273847.8993071805,0.0,0,0,0,20261129,c9b39fa7d4efb08c,human_only,0,1.0,0.98,2,1,0.651133711237079,0.6511918653108851,0.5729820158929319,96.82118331751708,150.39446185583324,0.0,309673.5264392757,304686.40552745777,5078.106758790963,0.0,4564.131655119675,0.0,0.0,496.0,0.6531434515689116,25.70924723065696,0.0,0.0,0.0,0.0,0.0,8,30,24,moderate_d60_balanced_human_only,moderate,60,balanced,human_only,9
10742,10741,6482,4260,4260,2269,0,10741,0,0,0.0,0.0,545340.7824958371,954865.8411585914,1500206.6236544277,0.0,15730,374454.07367981074,0,0.0,0.0,0.0,0,0,0,0.0,0.0,0,0.0,0.0,0.0,230863.76629909204,0.0,0,0,0,20261130,c9b39fa7d4efb08c,human_only,0,1.0,0.98,1,0,0.6034819849176054,0.6035188977843977,0.5326291079812207,88.89915661098514,139.67103841862283,0.0,400353.7261885384,396011.24784778204,6600.187464129701,0.0,3847.7294383182007,0.0,0.0,496.0,0.5515751274769956,23.80509050729884,0.0,0.0,0.0,0.0,0.0,8,30,24,moderate_d60_balanced_human_only,moderate,60,balanced,human_only,10
9340,9334,4962,3731,3728,1800,0,9334,0,0,0.0,0.0,438709.04067980254,700221.141682084,1138930.182361873,0.0,13615,290501.4899166242,0,0.0,0.0,0.0,0,0,0,0.0,0.0,0,0.0,0.0,0.0,184226.72349226061,0.0,0,0,0,20261131,c9b39fa7d4efb08c,human_only,0,1.0,0.98,6,3,0.531604885365331,0.5319057815845825,0.48324845885821494,75.01833529913048,122.01951814461893,0.0,492241.2872996501,488060.1370744447,8134.335617907412,0.0,3070.445391537677,0.0,0.0,496.0,0.44865447211060694,21.336870357445775,0.0,0.0,0.0,0.0,0.0,8,30,24,moderate_d60_balanced_human_only,moderate,60,balanced,human_only,11
10130,10129,5658,4100,4099,2018,0,10129,0,0,0.0,0.0,499673.23694297444,787390.1206374137,1287063.3575803791,0.0,14847,339236.68439378694,0,0.0,0.0,0.0,0,0,0,0.0,0.0,0,0.0,0.0,0.0,210375.9427311009,0.0,0,0,0,20261132,c9b39fa7d4efb08c,human_only,0,1.0,0.98,1,1,0.5585941356501135,0.5586377097729516,0.4924390243902439,77.73621489163922,127.06716927439818,0.0,441417.0879586676,436513.5659599367,7275.226099332279,0.0,3506.2657121850148,0.0,0.0,496.0,0.5055812186842881,22.848837097985246,0.0,0.0,0.0,0.0,0.0,8,30,24,moderate_d60_balanced_human_only,moderate,60,balanced,human_only,12
9975,9974,5423,3996,3996,1878,0,9974,0,0,0.0,0.0,472929.75723908003,753075.7147349374,1226005.4719740083,0.0,14476,315270.2813043654,0,0.0,0.0,0.0,0,0,0,0.0,0.0,0,0.0,0.0,0.0,197429.7788996188,0.0,0,0,0,20261133,c9b39fa7d4efb08c,human_only,0,1.0,0.98,1,0,0.5437136555043112,0.5437593984962406,0.46996996996997,75.50388156556421,122.9201395602575,0.0,459443.5316515356,454781.7718361715,7579.696197269525,0.0,3290.4963149936466,0.0,0.0,496.0,0.4853903095300901,21.778825732548036,0.0,0.0,0.0,0.0,0.0,8,30,24,moderate_d60_balanced_human_only,moderate,60,balanced,human_only,13
11917,11916,7561,4640,4640,2508,0,11916,0,0,0.0,0.0,633191.1209091196,1010715.7501770931,1643906.8710861953,0.0,17335,445047.1140439794,0,0.0,0.0,0.0,0,0,0,0.0,0.0,0,0.0,0.0,0.0,269921.07437120576,0.0,0,0,0,20261134,c9b39fa7d4efb08c,human_only,0,1.0,0.98,1,0,0.6345250083920779,0.6345556767642863,0.5405172413793103,84.82005288495242,137.9579448712819,0.0,315863.41118188424,311098.95630604605,5184.982605100768,0.0,4498.684572853429,0.0,0.0,496.0,0.6462103369378537,25.673326451916896,0.0,0.0,0.0,0.0,0.0,8,30,24,moderate_d60_balanced_human_only,moderate,60,balanced,human_only,14
10733,10731,6079,4241,4241,2119,0,10731,0,0,0.0,0.0,540413.8106231876,755992.9291839589,1296406.739807137,0.0,15452,370464.5050732665,0,0.0,0.0,0.0,0,0,0,0.0,0.0,0,0.0,0.0,0.0,228242.37147868026,0.0,0,0,0,20261135,c9b39fa7d4efb08c,human_only,0,1.0,0.98,2,0,0.5664896095424471,0.5665703903847945,0.4996463098325867,70.4494389324349,120.80949956268168,0.0,400353.614987907,395246.1417273367,6587.4356954556115,0.0,3804.039524644671,0.0,0.0,496.0,0.5515752520296741,23.975181534640598,0.0,0.0,0.0,0.0,0.0,8,30,24,moderate_d60_balanced_human_only,moderate,60,balanced,human_only,15
10624,10623,6245,4117,4116,2119,0,10623,0,0,0.0,0.0,525101.9878249775,942688.5874033838,1467790.5752283577,0.0,15543,357184.91273149644,0,0.0,0.0,0.0,0,0,0,0.0,0.0,0,0.0,0.0,0.0,220613.0416101694,0.0,0,0,0,20261136,c9b39fa7d4efb08c,human_only,0,1.0,0.98,1,1,0.5878753647745458,0.587914156626506,0.5149380616954092,88.74033581882554,138.17100397518195,0.0,416107.7232689701,411575.07467499544,6859.584577916591,0.0,3676.884026836157,0.0,0.0,496.0,0.5339295214281249,22.980435741587623,0.0,0.0,0.0,0.0,0.0,8,30,24,moderate_d60_balanced_human_only,moderate,60,balanced,human_only,16
11146,11146,6766,4462,4462,2444,0,11146,0,0,0.0,0.0,563782.3001167893,1041149.7059348027,1604932.0060515732,0.0,16221,387171.8723366121,0,0.0,0.0,0.0,0,0,0,0.0,0.0,0,0.0,0.0,0.0,238516.01096083267,0.0,0,0,0,20261137,c9b39fa7d4efb08c,human_only,0,1.0,0.98,0,0,0.6070339135115737,0.6070339135115737,0.5477364410578216,93.41016561410395,143.99174646075483,0.0,380372.15359326656,375408.97273763973,6256.816212293996,0.0,3975.266849347211,0.0,0.0,496.0,0.5739559211544953,23.868557569608043,0.0,0.0,0.0,0.0,0.0,8,30,24,moderate_d60_balanced_human_only,moderate,60,balanced,human_only,17
11582,11581,7287,4675,4674,2595,0,11581,0,0,0.0,0.0,618653.037908936,925666.9035528128,1544319.941461729,0.0,16883,434731.70640911063,0,0.0,0.0,0.0,0,0,0,0.0,0.0,0,0.0,0.0,0.0,264484.7759800722,0.0,0,0,0,20261138,c9b39fa7d4efb08c,human_only,0,1.0,0.98,1,1,0.6292202745876867,0.6292522880331549,0.5552941176470588,79.92979048033959,133.34944663342793,0.0,329470.76661429834,324847.2209901012,5414.1203498350205,0.0,4408.07959966787,0.0,0.0,496.0,0.6309691234158845,25.749671646574107,0.0,0.0,0.0,0.0,0.0,8,30,24,moderate_d60_balanced_human_only,moderate,60,balanced,human_only,18
10459,10458,6130,4179,4179,2159,0,10458,0,0,0.0,0.0,520585.3797342591,844906.3888726735,1365491.7686069314,0.0,15245,355542.27174260956,0,0.0,0.0,0.0,0,0,0,0.0,0.0,0,0.0,0.0,0.0,218671.95268813713,0.0,0,0,0,20261139,c9b39fa7d4efb08c,human_only,0,1.0,0.98,1,0,0.5861541403710079,0.5861937087675686,0.51663077291218,80.79043687824378,130.56911155162857,0.0,419431.7980229738,414860.55386449327,6914.342564408221,0.0,3644.5325448022854,0.0,0.0,496.0,0.5302063194187121,23.32189384995799,0.0,0.0,0.0,0.0,0.0,8,30,24,moderate_d60_balanced_human_only,moderate,60,balanced,human_only,19
11676,11676,7108,4600,4600,2450,0,11676,0,0,0.0,0.0,612512.9893419844,881146.3143536972,1493659.3036956724,0.0,16908,428406.80822515587,0,0.0,0.0,0.0,0,0,0,0.0,0.0,0,0.0,0.0,0.0,259183.4349704875,0.0,0,0,0,20261140,c9b39fa7d4efb08c,human_only,0,1.0,0.98,0,0,0.6087701267557383,0.6087701267557383,0.532608695652174,75.46645378157736,127.9255998369024,0.0,337958.42356743664,333072.1282848363,5551.202138080605,0.0,4319.723916174791,0.0,0.0,496.0,0.6214623391941794,25.337521186725567,0.0,0.0,0.0,0.0,0.0,8,30,24,moderate_d60_balanced_human_only,moderate,60,balanced,human_only,20
10787,10785,6217,4266,4265,2140,0,10785,0,0,0.0,0.0,532946.2650085457,889427.0296785231,1422373.294687051,0.0,15598,363857.17615584494,0,0.0,0.0,0.0,0,0,0,0.0,0.0,0,0.0,0.0,0.0,225667.7995242961,0.0,0,0,0,20261141,c9b39fa7d4efb08c,human_only,0,1.0,0.98,2,1,0.5764487714418174,0.5765273013812923,0.5018752930145335,82.46889473143469,131.8844037725592,0.0,409596.2109995426,404594.95633393084,6743.24927223218,0.0,3761.129992071602,0.0,0.0,496.0,0.5412228819449567,23.32716862135177,0.0,0.0,0.0,0.0,0.0,8,30,24,moderate_d60_balanced_human_only,moderate,60,balanced,human_only,21
11445,11443,7277,4662,4660,2662,0,11443,0,0,0.0,0.0,595062.5960302367,1135706.1680150053,1730768.7640452287,0.0,16847,412773.00973774213,0,0.0,0.0,0.0,0,0,0,0.0,0.0,0,0.0,0.0,0.0,251617.9277836209,0.0,0,0,0,20261142,c9b39fa7d4efb08c,human_only,0,1.0,0.98,2,2,0.6359346325264353,0.635998252512014,0.5714285714285714,99.2489878541471,151.25131207246602,0.0,355062.9193596632,350838.7878589412,5847.313130982353,0.0,4193.632129727015,0.0,0.0,496.0,0.602304077778155,24.50127676961727,0.0,0.0,0.0,0.0,0.0,8,30,24,moderate_d60_balanced_human_only,moderate,60,balanced,human_only,22
10468,10468,5879,4240,4240,2091,0,10468,0,0,0.0,0.0,508811.9411273348,774102.6089975386,1282914.5501248634,0.0,15160,343839.0917140515,0,0.0,0.0,0.0,0,0,0,0.0,0.0,0,0.0,0.0,0.0,213861.43090783132,0.0,0,0,0,20261143,c9b39fa7d4efb08c,human_only,0,1.0,0.98,0,0,0.561616354604509,0.561616354604509,0.49316037735849055,73.94942768413628,122.55584162446154,0.0,428795.2316064343,423694.266026105,7061.571100435083,0.0,3564.357181797189,0.0,0.0,496.0,0.5197186025913594,22.68067887295854,0.0,0.0,0.0,0.0,0.0,8,30,24,moderate_d60_balanced_human_only,moderate,60,balanced,human_only,23
11959,11958,7806,4865,4865,2831,0,11958,0,0,0.0,0.0,644363.2785545177,1094890.095253168,1739253.3738076703,0.0,17379,455467.1005057979,0,0.0,0.0,0.0,0,0,0,0.0,0.0,0,0.0,0.0,0.0,274556.678496939,0.0,0,0,0,20261144,c9b39fa7d4efb08c,human_only,0,1.0,0.98,1,0,0.652784746613146,0.6528137804164228,0.5819116135662898,91.56130584154272,145.446845108519,0.0,310101.388270821,305456.94521798147,5090.949086966358,0.0,4575.944641615651,0.0,0.0,496.0,0.6526642156464819,26.20790036859416,0.0,0.0,0.0,0.0,0.0,8,30,24,moderate_d60_balanced_human_only,moderate,60,balanced,human_only,24
10658,10657,6577,4335,4335,2438,0,10657,0,0,0.0,0.0,536588.3005680002,1088552.3799109475,1625140.6804789407,0.0,15761,366990.5436279274,0,0.0,0.0,0.0,0,0,0,0.0,0.0,0,0.0,0.0,0.0,227712.07083870796,0.0,0,0,0,20261145,c9b39fa7d4efb08c,human_only,0,1.0,0.98,1,0,0.6171530449469832,0.6171889660349034,0.56239907727797,102.1443539374071,152.49513751327208,0.0,405590.2371530372,401563.8884780831,6692.731474634719,0.0,3795.201180645133,0.0,0.0,496.0,0.5457098598196268,23.28472454970671,0.0,0.0,0.0,0.0,0.0,8,30,24,moderate_d60_balanced_human_only,moderate,60,balanced,human_only,25
11411,11410,7224,4515,4514,2517,0,11410,0,0,0.0,0.0,592818.09205435,1134052.4776467518,1726870.569701082,0.0,16690,410952.78848294215,0,0.0,0.0,0.0,0,0,0,0.0,0.0,0,0.0,0.0,0.0,253712.926842762,0.0,0,0,0,20261146,c9b39fa7d4efb08c,human_only,0,1.0,0.98,1,1,0.6331288343558282,0.6331609850144597,0.5576965669988926,99.39110233538578,151.3471139089467,0.0,356848.46144605434,352419.2523329762,5873.654205549604,0.0,4228.5487807127,0.0,0.0,496.0,0.6003041426455484,24.622695535227212,0.0,0.0,0.0,0.0,0.0,8,30,24,moderate_d60_balanced_human_only,moderate,60,balanced,human_only,26
11731,11728,7529,4692,4692,2691,0,11728,0,0,0.0,0.0,627679.7781729221,1040004.9676801154,1667684.7458530196,0.0,17013,441679.4946501646,0,0.0,0.0,0.0,0,0,0,0.0,0.0,0,0.0,0.0,0.0,267257.4950272638,0.0,0,0,0,20261147,c9b39fa7d4efb08c,human_only,0,1.0,0.98,3,0,0.6419679399727148,0.6420595004688432,0.5735294117647058,88.67709478855008,142.19685759319745,0.0,326200.6291712641,321558.1714572257,5359.302857620428,0.0,4454.291583787731,0.0,0.0,496.0,0.6346319117705375,25.96129398989976,0.0,0.0,0.0,0.0,0.0,8,30,24,moderate_d60_balanced_human_only,moderate,60,balanced,human_only,27
11047,11046,6934,4371,4370,2477,0,11046,0,0,0.0,0.0,581687.0560547897,969928.8886615734,1551615.9447163567,0.0,16068,407156.65536322724,0,0.0,0.0,0.0,0,0,0,0.0,0.0,0,0.0,0.0,0.0,246771.9329143335,0.0,0,0,0,20261148,c9b39fa7d4efb08c,human_only,0,1.0,0.98,1,1,0.6277385478906391,0.6277722458586041,0.5669183253260124,87.80815577236768,140.46858090859646,0.0,368250.2108857277,364062.6567975874,6067.7109466264565,0.0,4112.865548572225,0.0,0.0,496.0,0.5875333659434053,25.33959767010376,0.0,0.0,0.0,0.0,0.0,8,30,24,moderate_d60_balanced_human_only,moderate,60,balanced,human_only,28
10180,10180,5827,3980,3980,2034,0,10180,0,0,0.0,0.0,499790.4759079148,864434.5094847596,1364224.985392653,0.0,14893,338068.4883354411,0,0.0,0.0,0.0,0,0,0,0.0,0.0,0,0.0,0.0,0.0,209187.55932387628,0.0,0,0,0,20261149,c9b39fa7d4efb08c,human_only,0,1.0,0.98,0,0,0.5723968565815324,0.5723968565815324,0.5110552763819095,84.91498128533985,134.01031290694036,0.0,437396.95427702554,432637.89297618484,7210.631549603081,0.0,3486.4593220646047,0.0,0.0,496.0,0.5100840565893532,22.699824638114624,0.0,0.0,0.0,0.0,0.0,8,30,24,moderate_d60_balanced_human_only,moderate,60,balanced,human_only,29
10920,10917,6810,4402,4401,2520,192,10725,3,3,1601.2788502202593,790.3279324155077,552946.6173899189,1020225.4194520467,1599867.113738142,26695.076896178354,16254,404757.3762907785,25,0.0,2716.4937303389133,81.44774634181731,0,0,188,0.0,1316.0,572,1166.3279324155026,15937.995422872324,19931.04160512428,246990.47794248062,1376.480245112292,0,0,0,20261120,041ee14e68026d31,adaptive_hybrid,2,1.0,0.98,3,1,0.6237977466336906,0.6239010989010989,0.572694229895502,93.45291008995574,146.54823795348008,810.9509178047516,374172.0371358562,369479.9590720755,6157.999317867925,19.43879887359171,4116.5079657080105,22.9413374185382,34.84447833063685,496.0,0.5809004960395876,24.902016506138704,0.0,0.03144089965670038,0.0,0.0,0.015231481481481481,8,30,24,moderate_d60_balanced_adaptive_hybrid,moderate,60,balanced,adaptive_hybrid,0
10819,10819,6495,4312,4312,2384,176,10643,2,2,1492.0083354536018,709.336512244941,536616.2356565362,995970.3920695154,1559300.5961645683,26713.96843852238,16133,387004.6390784674,23,0.0,2467.4939417065307,72.41118442218553,0,0,171,0.0,1197.0,523,1051.3365122449377,14890.126969084142,20704.877307633542,240437.13920133625,1162.8751140417764,0,0,0,20261121,041ee14e68026d31,adaptive_hybrid,2,1.0,0.98,0,0,0.6003327479434328,0.6003327479434328,0.5528756957328386,92.0575276892056,144.12612960204902,782.6718232086608,392670.4392192478,387824.4084923071,6463.740141538452,17.522275204082295,4007.285653355604,19.381251900696274,39.5886755404083,496.0,0.5601809596558605,23.98838647979095,0.0,0.028558957658640402,0.0,0.0,0.013854166666666667,8,30,24,moderate_d60_balanced_adaptive_hybrid,moderate,60,balanced,adaptive_hybrid,1
12518,12517,8445,4892,4891,2974,243,12274,9,9,1896.6051847159729,1022.9401916534974,673246.8816844166,1184056.8746759288,1892317.0516269642,35013.295266624955,18731,502375.0817720862,30,0.0,3283.632126050012,98.75641622007625,0,0,233,0.0,1631.0,719,1488.9401916534925,19291.032860796357,26895.199279503224,304339.4366516726,1744.890362816677,0,0,0,20261122,041ee14e68026d31,adaptive_hybrid,2,1.0,0.98,1,1,0.674682431892626,0.6747084198753794,0.6081357318070318,94.59589955068537,151.1797596570236,873.6649930624754,266527.1708794232,261639.58722630126,4360.659787105021,24.815669860891543,5072.323944194543,29.081506046944618,37.40639677260532,496.0,0.7014704627246604,26.820515817206033,0.0,0.038005001458912176,0.0,0.0,0.018877314814814816,8,30,24,moderate_d60_balanced_adaptive_hybrid,moderate,60,balanced,adaptive_hybrid,2
10389,10386,6074,4215,4214,2239,176,10210,0,0,1491.8447436836368,673.7252302933002,504171.9158149519,863658.5910542174,1392192.1853109177,24361.678441759377,15373,361803.83808918373,23,0.0,2451.7393988139734,73.13320200991623,0,0,171,0.0,1197.0,523,1015.7252302932966,14122.280554134439,18720.717014038168,224469.108161816,1215.779022336074,0,0,0,20261123,041ee14e68026d31,adaptive_hybrid,2,1.0,0.98,3,1,0.5848257269401117,0.5849456155549139,0.531435349940688,83.15603611151718,134.0450785009549,818.1195133903366,419341.2137413995,414815.38635286695,6913.589772547783,16.92875383822161,3741.1518026969334,20.262983705601233,35.794870007721165,496.0,0.5303077803075722,23.53501841470004,0.0,0.028376613412198767,0.0,0.0,0.013854166666666667,8,30,24,moderate_d60_balanced_adaptive_hybrid,moderate,60,balanced,adaptive_hybrid,3
10405,10402,6084,4163,4163,2198,175,10227,0,0,1369.442854133955,697.6667028490477,509043.82173654914,904190.5036419097,1438874.8325484283,25640.507169976598,15473,365474.9899305915,23,0.0,2499.7780661961597,71.46830569430313,0,0,168,0.0,1176.0,518,1033.666702849044,13658.450477988761,19777.476262306445,227004.14589894091,1256.7563981407447,0,0,0,20261124,041ee14e68026d31,adaptive_hybrid,2,1.0,0.98,3,0,0.5848875216304557,0.5850072080730419,0.5279846264712947,86.92467829666504,138.32674798581314,671.7761512849073,418004.44722235383,413268.1915265477,6887.803192109129,17.2277783808174,3783.4024316490154,20.94593996901241,38.1804561048387,496.0,0.5318050546344604,23.620176431887256,0.0,0.028932616506899995,0.0,0.0,0.01361111111111111,8,30,24,moderate_d60_balanced_adaptive_hybrid,moderate,60,balanced,adaptive_hybrid,4
11041,11038,6687,4345,4343,2356,190,10848,1,1,1581.5732846415108,761.9709778439845,561611.5417140563,865499.1698659414,1454422.6099068176,27311.89832683184,16398,411214.02377820265,24,0.0,2596.9157145865856,78.74815383845785,0,0,181,0.0,1267.0,561,1123.97097784398,15355.78698153511,20598.33468190847,250655.51672939662,1333.3937443970885,0,0,0,20261125,041ee14e68026d31,adaptive_hybrid,2,1.0,0.98,3,2,0.6058162710635985,0.6059233765057513,0.542692750287687,78.41086880466945,131.76504891346417,819.6023067975262,367760.6807351274,363024.96428778354,6050.416071463059,18.732849630733003,4177.591945489944,22.22322907328481,36.71717412104896,496.0,0.5880816748038447,25.077084021112494,0.0,0.030056894844752147,0.0,0.0,0.014664351851851852,8,30,24,moderate_d60_balanced_adaptive_hybrid,moderate,60,balanced,adaptive_hybrid,5
11828,11828,7962,4715,4715,2862,218,11610,1,1,1802.2290306817067,891.9266918836022,626086.0470534237,1233621.173796059,1891300.3351583409,31593.11430887085,17778,465991.475466326,27,0.0,2928.2967867051093,88.82817056924651,0,0,211,0.0,1477.0,647,1313.9266918835972,18016.310070758256,24522.496559307605,282652.84764597885,1487.8349987682907,0,0,0,20261126,041ee14e68026d31,adaptive_hybrid,2,1.0,0.98,0,0,0.6731484612783226,0.6731484612783226,0.6069989395546129,104.29668361481731,159.90026506242313,910.3023387981045,310391.1734731997,306144.040144169,5102.400669069483,21.898778198059954,4710.880794099648,24.797249979471513,37.90184939614777,496.0,0.6523396354466848,26.211692848820228,0.0,0.033892323920198024,0.0,0.0,0.017094907407407406,8,30,24,moderate_d60_balanced_adaptive_hybrid,moderate,60,balanced,adaptive_hybrid,6
11430,11427,7129,4570,4567,2587,212,11215,5,5,1825.119159492573,905.969650273618,571278.2703429314,1078333.0124714132,1678067.9829897825,28456.700175439095,17026,415506.3776759142,29,0.0,3181.8277116924323,92.68168805642115,0,0,209,0.0,1463.0,633,1323.9696502736133,16713.765861703167,21603.757690757528,256631.93646256975,1609.6739820598712,0,0,0,20261127,041ee14e68026d31,adaptive_hybrid,2,1.0,0.98,3,3,0.6238732825763542,0.6239720034995625,0.5667396061269147,94.3671140694332,146.8511405434307,919.1495092189551,358195.4760999399,353285.013795717,5888.08356326195,22.066160837893555,4277.19894104283,26.827899700997854,34.12915906912722,496.0,0.5987953896730064,24.404227515324457,0.0,0.03682670962606982,0.0,0.0,0.01693287037037037,8,30,24,moderate_d60_balanced_adaptive_hybrid,moderate,60,balanced,adaptive_hybrid,7
11393,11393,7105,4407,4407,2488,194,11199,5,5,1589.2068999438256,848.9984689980063,575882.4961693446,1101411.7271810349,1705475.6181786135,28181.394828246477,16952,419610.92445490585,26,0.0,2785.9091737749022,81.38538604102875,0,0,184,0.0,1288.0,572,1216.9984689980033,16050.509780914259,21917.044200434284,259073.5810849298,1425.9881733391235,0,0,0,20261128,041ee14e68026d31,adaptive_hybrid,2,1.0,0.98,0,0,0.6236285438427104,0.6236285438427104,0.5645563875652371,96.67442527701526,149.6950424101302,740.2084309458194,354936.1896140171,350023.5009362465,5833.725015604108,20.28330781663339,4317.8930180821635,23.76646955565206,38.31651083992008,496.0,0.6024460241778482,24.752886057981705,0.0,0.03224431914091322,0.0,0.0,0.014907407407407407,8,30,24,moderate_d60_balanced_adaptive_hybrid,moderate,60,balanced,adaptive_hybrid,8
11998,11995,8093,4782,4781,2962,228,11767,4,4,1928.277928070046,953.998678408648,632643.7643066195,1273992.4984381427,1938490.5785873253,31854.315842573662,18038,469096.7840433391,30,0.0,3245.3384921886436,96.03910852112884,0,0,218,0.0,1526.0,674,1389.9986784086418,19062.90356778429,25057.12534588934,286263.17037414614,1625.5654872827265,0,0,0,20261129,041ee14e68026d31,adaptive_hybrid,2,1.0,0.98,3,1,0.6746977907461442,0.6747791298549758,0.6196152237557507,106.21029582643958,161.6082183065715,974.2792496613981,299767.2260761144,295022.14680189616,4917.035780031602,23.166644640144032,4771.052839569103,27.092758121378775,37.17674383663107,496.0,0.6642392181047105,26.006030826219042,0.0,0.037561788104035224,0.0,0.0,0.01766203703703704,8,30,24,moderate_d60_balanced_adaptive_hybrid,moderate,60,balanced,adaptive_hybrid,9
10742,10741,6604,4260,4260,2370,179,10562,4,4,1455.5384408865111,705.7666424422931,532782.6354349094,1044606.12809834,1604855.8947189117,27467.131185671267,16119,384310.48879497073,23,0.0,2476.948555739276,75.04380872569337,0,0,172,0.0,1204.0,530,1049.7666424422894,15167.51070995793,21507.9408033056,239329.9007463004,1315.886052065885,0,0,0,20261130,041ee14e68026d31,adaptive_hybrid,2,1.0,0.98,1,0,0.6148403314402756,0.6148761869298083,0.5563380281690141,97.2540851036533,149.41401123907568,749.771798444218,394626.24324596766,389933.03205216746,6498.883867536124,17.49611070737149,3988.831679105007,21.93143420109808,40.58102038359547,496.0,0.5579903189449287,23.842080079097386,0.0,0.028668386061797176,0.0,0.0,0.013935185185185186,8,30,24,moderate_d60_balanced_adaptive_hybrid,moderate,60,balanced,adaptive_hybrid,10
9340,9334,5027,3731,3728,1860,143,9191,1,1,1182.5915244753442,592.8991130285599,430079.2547977002,755378.3142470972,1205191.669113992,19734.100069203865,13873,299368.7123689991,18,0.0,1917.6479568463828,60.21723499229275,0,0,138,0.0,966.0,424,868.8991130285583,11844.735666931037,15493.214712689969,189834.91906183088,1010.9675847734451,0,0,0,20261131,041ee14e68026d31,adaptive_hybrid,2,1.0,0.98,6,3,0.5385686736661667,0.538865096359743,0.4993299383543286,80.92761026859837,129.11845608677865,589.6924114467843,487867.5373227043,483610.94658660283,8060.182443110048,14.481651883809304,3163.9153176971813,16.849459746224085,36.54060073747634,496.0,0.4535533856152506,21.579233934188647,0.0,0.022194999500536838,0.0,0.0,0.011180555555555555,8,30,24,moderate_d60_balanced_adaptive_hybrid,moderate,60,balanced,adaptive_hybrid,11
10130,10130,5768,4100,4100,2108,161,9969,2,2,1297.4591725294808,643.4104681871258,488013.84492648207,844416.0786353131,1355216.1469029374,22786.223341152574,15107,347152.23969676014,21,0.0,2286.94835166041,67.66757596988987,0,0,155,0.0,1085.0,477,953.4104681871228,13597.253768117926,18533.12487999365,215981.79046594052,1214.2848124957407,0,0,0,20261132,041ee14e68026d31,adaptive_hybrid,2,1.0,0.98,0,0,0.5693978282329714,0.5693978282329714,0.5141463414634146,83.3579544556084,133.78244293217546,654.048704342355,436466.24357958237,431668.9150000162,7194.481916666937,15.89017446978538,3599.6965077656755,20.238080208262343,38.85351127881268,496.0,0.5111265192881023,22.979561772473698,0.0,0.02646930962569919,0.0,0.0,0.01255787037037037,8,30,24,moderate_d60_balanced_adaptive_hybrid,moderate,60,balanced,adaptive_hybrid,12
9975,9974,5550,3996,3996,1980,173,9801,4,4,1401.252534073553,712.8729298989266,462625.21073823574,830240.4746426978,1314743.77623422,21878.090853299585,14823,324390.50668854517,21,0.0,2245.3060283232776,69.47837994877285,0,0,168,0.0,1176.0,514,1048.8729298989233,13385.802578672095,16846.102843955334,205209.25344069308,1161.740569088637,0,0,0,20261133,041ee14e68026d31,adaptive_hybrid,2,1.0,0.98,1,0,0.5564467615801083,0.5564912280701755,0.4954954954954955,83.2404726932723,131.817102088853,688.3796041746265,453878.71030698816,449196.2649326702,7486.604415544503,17.48121549831539,3420.1542240115514,19.362342818143947,32.77451915166407,496.0,0.4916233083479076,21.88426814332761,0.0,0.025987338290778674,0.0,0.0,0.01361111111111111,8,30,24,moderate_d60_balanced_adaptive_hybrid,moderate,60,balanced,adaptive_hybrid,13
11917,11915,7755,4640,4640,2660,232,11683,6,6,1874.0774979333485,977.0852010756926,622780.9514800112,1080417.182722983,1734229.7638422716,31031.629639286904,17814,461430.14176587237,30,0.0,3196.4404846432376,96.52833630106487,0,0,227,0.0,1589.0,691,1431.0852010756876,18432.924671054687,24056.807613906945,281676.9866137523,1676.1469258381112,0,0,0,20261134,041ee14e68026d31,adaptive_hybrid,2,1.0,0.98,2,0,0.6508602601762484,0.6509188554166317,0.5732758620689655,90.67706107620504,145.55012705348483,896.9922968576559,307574.4208740839,302693.42839112296,5044.890473185383,23.851420017928127,4694.616443562539,27.935782097301853,34.814482798707594,496.0,0.6554946002754437,25.902668786677467,0.0,0.03699583894263007,0.0,0.0,0.018391203703703705,8,30,24,moderate_d60_balanced_adaptive_hybrid,moderate,60,balanced,adaptive_hybrid,14
10733,10730,6198,4241,4241,2231,176,10554,9,9,1333.6319837196984,807.4856334175573,532131.2359411621,805426.4407224035,1362220.6907563221,24663.01409277621,15748,383669.22688010626,21,0.0,2265.8171783006783,67.99396039072613,0,0,169,0.0,1183.0,521,1145.4856334175543,14837.62372470151,20024.604719345116,236990.98394380187,1144.5065899592255,0,0,0,20261135,041ee14e68026d31,adaptive_hybrid,2,1.0,0.98,3,0,0.5776328052190122,0.5777508618280071,0.5260551756661165,75.06304200581579,126.9543980201605,526.1463503021411,395908.6903348813,390592.44420774333,6509.874070129055,19.091427223625903,3949.8497323966976,19.07510983265376,38.4349418797411,496.0,0.5565538862736544,24.363044632976013,0.0,0.026224735859961556,0.0,0.0,0.01369212962962963,8,30,24,moderate_d60_balanced_adaptive_hybrid,moderate,60,balanced,adaptive_hybrid,15
10624,10623,6436,4117,4116,2272,174,10449,4,4,1440.454571946399,757.6708046507862,515663.21883849386,1029630.6361737221,1570514.5270624803,25220.67205027455,15924,369448.81263045117,23,0.0,2453.168842448275,74.42835423443465,0,0,165,0.0,1155.0,513,1087.6708046507829,14310.905710884299,19089.353621203467,229441.95319655174,1292.584442187538,0,0,0,20261136,041ee14e68026d31,adaptive_hybrid,2,1.0,0.98,1,1,0.6058552198060811,0.6058923192771084,0.5521010444498421,96.92465745775412,147.84096084556907,682.7837672956128,409627.89857699326,405120.051138274,6752.000852304567,18.127846744179713,3824.0325532758625,21.543074036458965,37.211215635874204,496.0,0.5411873895867011,23.200754372673398,0.0,0.028393157898706885,0.0,0.0,0.013368055555555555,8,30,24,moderate_d60_balanced_adaptive_hybrid,moderate,60,balanced,adaptive_hybrid,16
11146,11146,6909,4462,4462,2541,193,10953,5,5,1564.861419608438,778.9206921712314,552382.2473207567,1120402.4221376923,1699159.8689357706,26375.19947733429,16641,397635.9362038585,25,0.0,2740.9033152268353,80.33048041713384,0,0,189,0.0,1323.0,575,1156.9206921712273,15433.363602682848,21376.111036022405,247562.70825305945,1358.9053410907766,0,0,0,20261137,041ee14e68026d31,adaptive_hybrid,2,1.0,0.98,0,0,0.6198636282074287,0.6198636282074287,0.5694755714926042,100.5205833606399,152.4457086789674,785.9407274372065,374801.66177603474,369897.2569172264,6164.954281953774,19.28201153618712,4126.045137550991,22.64842235151294,37.17584528003896,496.0,0.5801952713082048,23.894954402010608,0.0,0.031723418000310595,0.0,0.0,0.0153125,8,30,24,moderate_d60_balanced_adaptive_hybrid,moderate,60,balanced,adaptive_hybrid,17
11582,11580,7510,4675,4674,2750,210,11370,2,2,1669.915767093164,874.9451760359859,608438.9643368116,1029243.2679014412,1668407.1406412804,30724.908403043006,17355,450080.8286714156,26,0.0,2786.2640711349454,84.5997320969249,0,0,197,0.0,1379.0,617,1268.9451760359814,17344.725496708244,24369.66530234309,276019.215887319,1460.4411505348553,0,0,0,20261138,041ee14e68026d31,adaptive_hybrid,2,1.0,0.98,2,1,0.6485319516407599,0.6485926437575549,0.5884491978609626,88.88111121774104,144.0766097272263,794.9705910571781,321351.70443625737,316629.8567549811,5277.164279249685,21.149086267266355,4600.32026478865,24.340685842247588,39.497026421949904,496.0,0.640063055066916,25.933784423590645,0.0,0.03224842674924706,0.0,0.0,0.015960648148148147,8,30,24,moderate_d60_balanced_adaptive_hybrid,moderate,60,balanced,adaptive_hybrid,18
10459,10458,6306,4179,4179,2312,167,10291,3,3,1391.5513769927015,709.6489378397125,511077.1459377648,943812.2504836407,1480676.0338843209,25786.637462924446,15625,366759.0737692701,21,0.0,2273.923120201438,69.04991000245793,0,0,160,0.0,1120.0,494,1029.6489378397093,13876.636036335456,19921.10237273915,228095.70005690717,1146.557062226681,0,0,0,20261139,041ee14e68026d31,adaptive_hybrid,2,1.0,0.98,1,0,0.6029833620195066,0.6030213213500335,0.5532424024886337,90.24787248839556,141.58309752192778,681.902439152989,413827.31706216757,409336.0593825049,6822.267656375082,17.160815630661823,3801.5950009484527,19.109284370444684,40.326118163439574,496.0,0.5364837398497226,23.472580721233285,0.0,0.02631855463196109,0.0,0.0,0.012962962962962963,8,30,24,moderate_d60_balanced_adaptive_hybrid,moderate,60,balanced,adaptive_hybrid,19
11676,11676,7211,4600,4600,2562,208,11468,4,4,1698.8240481512646,853.7857196752534,600290.6576004429,956530.3570284985,1585865.0992545064,29044.08462558083,17320,441806.56099640805,26,0.0,2792.2265801760896,84.93018642848223,0,0,201,0.0,1407.0,617,1255.7857196752489,16876.077712041777,22206.351128458766,268149.112104686,1475.4500551102637,0,0,0,20261140,041ee14e68026d31,adaptive_hybrid,2,1.0,0.98,0,0,0.617591640972936,0.617591640972936,0.5569565217391305,81.92277809425305,135.8226361129245,845.0383284760112,333387.9049866415,328228.6820924415,5470.478034874025,20.92976199458748,4469.151868411433,24.59083425183773,35.99084461662685,496.0,0.6265816476404105,25.508461951293768,0.0,0.032317437270556595,0.0,0.0,0.01628472222222222,8,30,24,moderate_d60_balanced_adaptive_hybrid,moderate,60,balanced,adaptive_hybrid,20
10787,10785,6349,4266,4265,2256,177,10608,1,1,1427.8423417448612,712.8847196321141,523570.3812896885,976678.8145659461,1526876.362131814,26627.1662761888,15936,376285.5829623937,23,0.0,2497.77189108593,72.57606046223174,0,0,170,0.0,1190.0,524,1052.8847196321096,14719.72801958058,20466.331536243037,234080.41404197676,1267.8883569634797,0,0,0,20261141,041ee14e68026d31,adaptive_hybrid,2,1.0,0.98,2,1,0.5886879925822902,0.5887642532678223,0.5290670417252695,90.55899995975393,141.57407159312137,714.9576221127471,402611.00152468315,397728.31884410384,6628.805314068397,17.54807866053516,3901.3402340329462,21.131472616057994,39.05788461115083,496.0,0.5490468172886613,23.612298127660246,0.0,0.028909396887568634,0.0,0.0,0.013773148148148149,8,30,24,moderate_d60_balanced_adaptive_hybrid,moderate,60,balanced,adaptive_hybrid,21
11445,11444,7448,4662,4661,2793,214,11230,3,3,1682.6032148167624,907.8011352472415,582295.7583226094,1246608.6095831797,1859268.3391443747,30363.971238599075,17239,424480.43325145927,27,0.0,2872.7305699552026,85.20501428126245,0,0,206,0.0,1442.0,634,1319.8011352472377,16569.370801125595,23893.419261474693,260827.61340003606,1453.7763734553687,0,0,0,20261142,041ee14e68026d31,adaptive_hybrid,2,1.0,0.98,1,1,0.6508213911219853,0.6508519003931847,0.5993135993135993,108.93119622362633,162.46664969804044,774.8020795695209,348608.37477034226,344200.6021735997,5736.676702893328,21.99668558745396,4347.126890000601,24.229606224256145,37.68678116951845,496.0,0.6095336304095629,24.623263138897805,0.0,0.03324919641151855,0.0,0.0,0.016689814814814814,8,30,24,moderate_d60_balanced_adaptive_hybrid,moderate,60,balanced,adaptive_hybrid,22
10468,10468,6009,4240,4240,2163,172,10296,5,5,1448.0697083753098,690.0482063118535,499031.1118964189,849798.7071251131,1373541.1832871623,24711.364265636897,15458,355066.8953376942,23,0.0,2457.2708391367964,75.04819643684318,0,0,163,0.0,1141.0,507,1016.048206311851,13919.560502479495,19021.6909498335,221582.58652733086,1315.5102069851384,0,0,0,20261143,041ee14e68026d31,adaptive_hybrid,2,1.0,0.98,0,0,0.5740351547573558,0.5740351547573558,0.5101415094339623,81.18061779949495,131.21333428421497,758.0215020634563,423395.7348201087,418347.4815267844,6972.458025446407,16.934136771864182,3693.043108788848,21.925170116418975,37.51812810618048,496.0,0.5257664260527457,22.969782335211168,0.0,0.02844063471223144,0.0,0.0,0.013206018518518518,8,30,24,moderate_d60_balanced_adaptive_hybrid,moderate,60,balanced,adaptive_hybrid,23
11959,11958,7969,4865,4865,2957,220,11738,4,4,1792.7286206585638,891.7444242173132,635053.0573778565,1199766.7899920312,1867300.6517281334,32480.804358260266,17795,473311.42890735087,28,0.0,2981.1133323942754,88.25465914567162,0,0,210,0.0,1470.0,650,1311.7444242173074,18593.03596952737,26166.026723294257,285936.6311859282,1468.7589266757852,0,0,0,20261144,041ee14e68026d31,adaptive_hybrid,2,1.0,0.98,1,0,0.6664157885934102,0.6664436825821557,0.6078108941418294,100.33172687673785,156.1549298986564,900.9841964412507,300913.1989828561,296268.9533155852,4937.815888593087,21.862407070288455,4765.61051976547,24.47931544459642,40.25542572814501,496.0,0.6629556463005644,26.59800106250918,0.0,0.03450362653234115,0.0,0.0,0.017013888888888887,8,30,24,moderate_d60_balanced_adaptive_hybrid,moderate,60,balanced,adaptive_hybrid,24
10658,10657,6695,4335,4335,2560,173,10484,5,5,1448.9635181189017,758.6436902076963,527791.6645515421,1183400.8121355711,1738285.7013123548,27093.22462526319,16122,379842.7131865956,23,0.0,2455.007401477589,74.39004385463467,0,0,167,0.0,1169.0,513,1092.6436902076932,14645.551278103547,21824.95982577388,236354.1570919219,1281.3997621442008,0,0,0,20261145,041ee14e68026d31,adaptive_hybrid,2,1.0,0.98,1,0,0.6282255794313597,0.6282604616250703,0.5905420991926182,111.04446017974769,163.11210484304726,690.3198279112054,399263.2437651985,395225.5535830482,6587.09255971747,18.21072817012822,3939.235951532032,21.356662702403348,42.54378133679119,496.0,0.5527965459619193,23.56052060455251,0.0,0.028414437517101727,0.0,0.0,0.013530092592592592,8,30,24,moderate_d60_balanced_adaptive_hybrid,moderate,60,balanced,adaptive_hybrid,25
11411,11410,7381,4515,4514,2650,211,11199,3,3,1786.0253529216843,857.2333243281975,581492.60727829,1194518.4726331518,1806214.1961518633,30203.11624042597,17046,424591.7547537801,27,0.0,2904.507081034298,87.8926730996326,0,0,204,0.0,1428.0,626,1265.233324328193,16502.599674050012,23822.831902422742,261670.01372232992,1466.4702130191272,0,0,0,20261146,041ee14e68026d31,adaptive_hybrid,2,1.0,0.98,1,1,0.6468886941279579,0.6469196389448777,0.5871539313399778,104.69048839904924,158.300981257832,928.7920285934869,350500.0581318218,345788.79312947555,5763.146552157926,21.08722207213655,4361.1668953721655,24.44117021698545,38.05564201664975,496.0,0.6074148094401637,24.908585870807233,0.0,0.03361698010456363,0.0,0.0,0.016527777777777777,8,30,24,moderate_d60_balanced_adaptive_hybrid,moderate,60,balanced,adaptive_hybrid,26
11731,11728,7672,4692,4692,2803,221,11507,2,2,1773.8366748594303,879.5296191568981,613273.6521262529,1140212.7838713974,1784922.0092997416,31435.573302099474,17524,453759.95755784685,28,0.0,3027.875373460629,90.1850896765741,0,0,213,0.0,1491.0,655,1305.5296191568925,17795.741760021047,24445.78234798075,278162.2508515502,1557.596208419908,0,0,0,20261147,041ee14e68026d31,adaptive_hybrid,2,1.0,0.98,3,0,0.6541609822646658,0.6542494246014833,0.5973998294970162,97.22141745151751,152.19321361696296,894.3070557025322,318633.64227077184,313865.5014907839,5231.091691513065,21.758826985948208,4636.037514192503,25.959936806998467,37.32180511142099,496.0,0.6431074795354258,25.8936291690166,0.0,0.03504485385949802,0.0,0.0,0.017256944444444443,8,30,24,moderate_d60_balanced_adaptive_hybrid,moderate,60,balanced,adaptive_hybrid,27
11047,11046,7077,4371,4370,2549,198,10848,4,4,1605.929747045755,847.2012717289526,570694.8342331679,1068857.760278728,1667350.484707876,27797.890195985623,16461,419610.0821784658,27,0.0,2874.9061893817125,82.39040818679143,0,0,189,0.0,1323.0,585,1225.2012717289497,16026.536150006234,21911.706819899933,257082.49744310323,1435.8557656920577,0,0,0,20261148,041ee14e68026d31,adaptive_hybrid,2,1.0,0.98,1,1,0.6406844106463878,0.6407169367249027,0.5833905284831846,96.76423685304437,150.9460876976169,758.7284753168024,359031.48775943514,354669.922777988,5911.165379633134,20.420021195482494,4284.708290718388,23.93092942820096,37.45590909384604,496.0,0.5978589966852206,25.491165918137767,0.0,0.03327437719191797,0.0,0.0,0.0153125,8,30,24,moderate_d60_balanced_adaptive_hybrid,moderate,60,balanced,adaptive_hybrid,28
10180,10180,5933,3980,3980,2085,159,10021,5,5,1355.4622674971915,739.185365493574,495406.3308221762,941200.5234274202,1460988.1210005784,24381.266750987837,15229,353691.03650665574,20,0.0,2114.5799095577863,66.00341106066098,0,0,153,0.0,1071.0,471,1045.185365493571,13399.495072104917,18627.71968303968,219030.4164771535,1129.7777197894718,0,0,0,20261149,041ee14e68026d31,adaptive_hybrid,2,1.0,0.98,0,0,0.5828094302554028,0.5828094302554028,0.5238693467336684,92.45584709503146,143.5155325147916,616.2769020036176,430419.5348861151,425663.0249041036,7094.383748401727,17.419756091559517,3650.506941285892,18.829628663157862,39.54929869010547,496.0,0.5178992664806059,23.22483659509198,0.0,0.024474304508770674,0.0,0.0,0.012395833333333333,8,30,24,moderate_d60_balanced_adaptive_hybrid,moderate,60,balanced,adaptive_hybrid,29
10920,10918,6706,4402,4401,2409,129,10789,2,2,1617.5114666831296,601.7013486905228,553812.4146284839,981849.3154071642,1566520.9280636173,30859.198027982973,16111,396523.70884145855,20,0.0,2183.409863393294,66.53992589227424,0,0,71,0.0,497.0,329,743.7013486905224,8988.171110093728,24538.91485049016,242809.3348025248,779.4910464215752,0,0,0,20261120,347a49a1137b3428,travel_aware_hybrid,2,1.0,0.98,2,1,0.614215057702876,0.6142857142857143,0.5474784189004998,89.92941155954975,143.48057593548427,1015.8101179926068,378009.4347225826,373292.12680940126,6221.5354468233545,12.395022478175374,4046.8222467087467,12.991517440359587,74.58636732671782,496.0,0.5766023356601897,24.61198614868466,0.0,0.02527094749297794,0.0,0.0,0.005752314814814815,8,30,24,moderate_d60_balanced_travel_aware_hybrid,moderate,60,balanced,travel_aware_hybrid,0
10819,10819,6437,4312,4312,2346,127,10692,1,1,1613.8432994257225,583.6024281097722,540640.222706313,955879.7801012532,1526114.8671947632,29594.864387205016,16020,383906.8329639887,21,0.0,2293.9544333688173,70.29162846374024,0,0,72,0.0,504.0,326,727.6024281097718,8782.323289684025,23266.99981067842,238513.45075796745,908.5586190600377,0,0,0,20261121,347a49a1137b3428,travel_aware_hybrid,2,1.0,0.98,0,0,0.5949718088547925,0.5949718088547925,0.5440630797773655,88.35195305492681,141.0587731948205,1030.2408713159502,395467.6690931827,390640.4445760889,6510.674076268148,12.126707135162864,3975.224179299458,15.142643651000629,71.37116506343074,496.0,0.5570478616787828,23.96422178302052,0.0,0.02655039853436131,0.0,0.0,0.005833333333333334,8,30,24,moderate_d60_balanced_travel_aware_hybrid,moderate,60,balanced,travel_aware_hybrid,1
12518,12517,8307,4892,4891,2853,167,12350,3,3,2107.7268110925493,743.8569099165761,676749.1694621048,1125288.5387493274,1840992.8772953877,38955.169083983485,18482,497285.2606827465,26,0.0,2866.412574456582,84.97144166953578,0,0,87,0.0,609.0,421,917.8569099165751,11660.55562448268,30430.942389737284,299215.5466852356,999.6916240055775,0,0,0,20261122,347a49a1137b3428,travel_aware_hybrid,2,1.0,0.98,1,1,0.6636574259007749,0.6636842946157533,0.5834014717906787,89.90081798748322,147.07940219664357,1363.8699011759732,270532.2541285986,265437.4235445964,4423.957059076607,15.297615165276252,4986.9257780872595,16.661527066759625,72.28252349106243,496.0,0.696984482382842,26.906463623133128,0.0,0.03317607146361785,0.0,0.0,0.007048611111111111,8,30,24,moderate_d60_balanced_travel_aware_hybrid,moderate,60,balanced,travel_aware_hybrid,2
10389,10387,6038,4215,4214,2180,102,10285,3,3,1366.8372072181303,488.631118830441,508763.9288194207,827589.2885615173,1364509.8190596888,28156.601678763553,15177,357808.279974176,17,0.0,1901.361575794842,55.84369689810331,0,0,54,0.0,378.0,258,596.6311188304413,7351.511086236356,22844.402514600675,220215.61449114382,674.3525552323098,0,0,0,20261123,347a49a1137b3428,travel_aware_hybrid,2,1.0,0.98,2,1,0.58130355251757,0.5813841563191837,0.5174377224199288,79.67548749027797,131.36707606235572,878.2060883876893,421678.7724084075,417303.99067670485,6955.0665112784145,9.943851980507356,3670.2602415190636,11.23920925387183,88.54419579302588,496.0,0.5276895470335938,23.575692164075644,0.0,0.022006499719847708,0.0,0.0,0.004375,8,30,24,moderate_d60_balanced_travel_aware_hybrid,moderate,60,balanced,travel_aware_hybrid,3
10405,10402,6012,4163,4163,2154,118,10284,3,3,1454.514327429378,549.0207223388514,509976.52984119975,848568.702712795,1386732.7805624173,28187.548008430524,15272,358593.383631843,18,0.0,1966.5665301980357,62.228712139578,0,0,61,0.0,427.0,297,671.0207223388512,7474.763696554726,22407.518031870626,222288.52413565404,787.8124872747909,0,0,0,20261124,347a49a1137b3428,travel_aware_hybrid,2,1.0,0.98,3,0,0.5779657758123438,0.5780874579529073,0.5174153254864281,81.57745651920736,133.31405312078613,905.4936050905266,421650.4412392665,416914.3924404236,6948.573207340393,11.18367870564752,3704.808735594234,13.130208121246515,75.44618865949705,496.0,0.5277212799739399,23.480446806694804,0.0,0.022761186692106895,0.0,0.0,0.00494212962962963,8,30,24,moderate_d60_balanced_travel_aware_hybrid,moderate,60,balanced,travel_aware_hybrid,4
11041,11038,6589,4345,4342,2270,143,10895,7,7,1744.330780766777,789.2351779588265,560826.1204991073,836347.8300516608,1427674.6113383046,30500.6607875447,16255,403795.6034808064,21,0.0,2292.3367455424627,70.3156734086772,0,0,81,0.0,567.0,367,951.235177958825,10808.707566265011,23692.082898849272,247734.22044581224,792.426072443986,0,0,0,20261125,347a49a1137b3428,travel_aware_hybrid,2,1.0,0.98,3,3,0.5969378510599747,0.5970473688977448,0.5231300345224396,75.7698704522251,129.34178395889697,955.0956028079505,370117.55068602675,365577.56321827223,6092.9593869712035,15.853919632647084,4128.90367409687,13.207101207399766,64.55608419304978,496.0,0.5854418115075866,24.841316732132046,0.0,0.026531675295630355,0.0,0.0,0.0065625,8,30,24,moderate_d60_balanced_travel_aware_hybrid,moderate,60,balanced,travel_aware_hybrid,5
11828,11828,7860,4715,4715,2777,150,11678,3,3,1952.6523288087426,718.7488318812464,631039.1116854296,1181563.310497771,1848923.045395474,36320.62321228357,17591,461754.9304113881,25,0.0,2752.7755567817753,81.34968003318896,0,0,88,0.0,616.0,388,894.748831881245,10990.31292802712,28744.699229821512,279969.1568134635,996.7042566336362,0,0,0,20261126,347a49a1137b3428,travel_aware_hybrid,2,1.0,0.98,0,0,0.6645248562732499,0.6645248562732499,0.5889713679745493,99.89544390410644,156.31747086535964,1233.9034969274962,312719.58816571266,308555.5385013982,5142.592308356636,14.912480531354083,4666.152613557725,16.611737610560603,74.08427636551936,496.0,0.6497316440796229,26.249498630628622,0.0,0.03186082820349277,0.0,0.0,0.00712962962962963,8,30,24,moderate_d60_balanced_travel_aware_hybrid,moderate,60,balanced,travel_aware_hybrid,6
11430,11428,7094,4570,4568,2537,144,11284,5,5,1797.9245103304113,700.6938626047083,577860.4401798457,1028521.6142475522,1640951.1612088385,34569.106781461436,16855,412701.16466039536,22,0.0,2421.9642472668043,72.98393983297845,0,0,85,0.0,595.0,373,870.6938626047075,9768.10909357533,27402.175713533383,254735.27705918916,844.7944788074213,0,0,0,20261127,347a49a1137b3428,travel_aware_hybrid,2,1.0,0.98,2,2,0.6207560378018901,0.6208223972003499,0.5555798687089716,90.00014125372351,143.59040612607967,1097.230647725703,359451.76822395134,354965.22738333157,5916.087123055526,14.511564376745126,4245.587950986486,14.07990798012369,73.46427805236831,496.0,0.5973882524373305,24.4853850287983,0.0,0.02803199360262505,0.0,0.0,0.0068865740740740745,8,30,24,moderate_d60_balanced_travel_aware_hybrid,moderate,60,balanced,travel_aware_hybrid,7
11393,11392,6963,4407,4406,2370,146,11246,6,6,1789.1000031428111,733.5342346617095,575619.438527229,1062081.39058952,1671180.4055257835,33479.576409044836,16776,412525.75112340477,22,0.0,2440.47607757538,74.90197237381047,0,0,78,0.0,546.0,370,889.5342346617089,9953.904971048993,25841.031455190263,254298.13805361782,933.5132694469203,0,0,0,20261128,347a49a1137b3428,travel_aware_hybrid,2,1.0,0.98,1,1,0.6112183988764045,0.6112525234793295,0.5380077149988655,93.23045914584972,146.69771818168746,1055.5657684811017,359051.6334477033,354212.8085621043,5903.546809368405,14.825570577695148,4238.302300893631,15.558554490782004,69.84062555456828,496.0,0.5978364320702247,24.59023313801888,0.0,0.02824625089786319,0.0,0.0,0.006319444444444444,8,30,24,moderate_d60_balanced_travel_aware_hybrid,moderate,60,balanced,travel_aware_hybrid,8
11998,11997,7914,4782,4781,2825,148,11849,3,3,1943.8968807043236,710.3174996440396,638110.4249792757,1212505.6865474798,1889053.3126030914,38437.20107635269,17796,463329.8447703086,24,0.0,2735.6505098093103,81.93212483197406,0,0,63,0.0,441.0,359,836.317499644039,9464.993110792395,30177.572210852435,280695.94526911556,997.224832543285,0,0,0,20261129,347a49a1137b3428,travel_aware_hybrid,2,1.0,0.98,1,1,0.6596649162290573,0.6596932822137023,0.5909661229611042,101.06740739747269,157.4604745022165,1233.579381060284,305563.6192582337,300834.12649185205,5013.902108197534,13.938624994067316,4678.265754485259,16.620413875721415,84.06008972382294,496.0,0.657746842228681,26.035617260637704,0.0,0.031662621641311464,0.0,0.0,0.005104166666666667,8,30,24,moderate_d60_balanced_travel_aware_hybrid,moderate,60,balanced,travel_aware_hybrid,9
10742,10741,6545,4260,4260,2312,135,10606,1,1,1727.1326767999565,606.3256908045936,535350.1543503127,991305.4922762597,1557464.0049918378,30808.358365271095,15917,380141.03097359295,21,0.0,2345.3652709535336,71.50709361143903,0,0,80,0.0,560.0,350,766.3256908045934,9238.10773487457,24782.289940759743,234752.41496516022,884.7448742515211,0,0,0,20261130,347a49a1137b3428,travel_aware_hybrid,2,1.0,0.98,1,0,0.6093473605809515,0.6093837274250605,0.5427230046948357,92.29173189426122,145.0017693875652,1120.806985995363,397667.2986429973,393138.9502857742,6552.315838096237,12.772094846743222,3912.540249419337,14.745747904192019,70.80654268788498,496.0,0.5545841189034528,23.88270597308494,0.0,0.02714543137677701,0.0,0.0,0.006481481481481481,8,30,24,moderate_d60_balanced_travel_aware_hybrid,moderate,60,balanced,travel_aware_hybrid,10
9340,9335,4968,3731,3728,1806,92,9243,1,1,1189.879305673398,441.81756740923373,436833.0123054744,720441.2553489303,1181085.6556943918,23811.388039991893,13750,299235.2823314615,15,0.0,1650.7222177923275,48.51511500154285,0,0,49,0.0,343.0,233,539.8175674092339,6151.36981006089,19237.859213579195,188576.6429565871,578.052720383832,0,0,0,20261131,347a49a1137b3428,travel_aware_hybrid,2,1.0,0.98,5,3,0.5321906802356722,0.532441113490364,0.48485660680782633,77.17635301006216,126.52229841396806,748.0617382641642,489444.0112440394,485160.7528405329,8086.012547342215,8.996959456820566,3142.944049276452,9.6342120063972,82.56591937158453,496.0,0.45178762181447196,21.762565987742654,0.0,0.019105581224448234,0.0,0.0,0.003969907407407407,8,30,24,moderate_d60_balanced_travel_aware_hybrid,moderate,60,balanced,travel_aware_hybrid,11
10130,10129,5668,4100,4099,2030,123,10006,2,2,1531.7083600893711,582.5185613317992,491664.10682314326,811727.736887125,1331606.797637243,28214.953926984017,14993,345070.1313386042,18,0.0,1973.0150736706803,62.417239814801476,0,0,67,0.0,469.0,313,716.518561331799,8102.759512311681,22196.319251683217,213821.1729293625,737.5804452032589,0,0,0,20261132,347a49a1137b3428,travel_aware_hybrid,2,1.0,0.98,1,1,0.5595813999407642,0.5596248766041461,0.4953658536585366,80.138980835929,131.46478404948593,949.1897987575719,439666.36303755466,434800.3001199642,7246.671668666069,11.94197602219665,3563.686215489375,12.293007420054316,70.91475799259814,496.0,0.5075421560959289,23.015415950016955,0.0,0.02283582261192917,0.0,0.0,0.00542824074074074,8,30,24,moderate_d60_balanced_travel_aware_hybrid,moderate,60,balanced,travel_aware_hybrid,12
9975,9974,5482,3996,3996,1911,109,9865,2,2,1355.9624515737128,505.62621362692596,467828.2523734142,785908.0727981742,1277914.8999161567,24178.574744578233,14704,323641.4443101468,17,0.0,1833.2181414906754,57.23344251117619,0,0,66,0.0,462.0,284,637.6262136269257,7894.485340600685,18896.69242112738,203801.46154869403,764.7814846536209,0,0,0,20261133,347a49a1137b3428,travel_aware_hybrid,2,1.0,0.98,1,0,0.5496290354922799,0.5496741854636591,0.47822822822822825,78.79567603751497,128.12461398798442,850.3362379467868,455398.5397603913,451020.8838491343,7517.014730818905,10.627103560448763,3396.691025811567,12.746358077560348,66.53764937016683,496.0,0.4899209904117481,22.010435548840235,0.0,0.021217802563549482,0.0,0.0,0.005347222222222222,8,30,24,moderate_d60_balanced_travel_aware_hybrid,moderate,60,balanced,travel_aware_hybrid,13
11917,11916,7664,4640,4640,2548,138,11778,2,2,1751.328414144211,678.8872203240093,631744.032105046,1037612.5303499795,1705763.6584049358,36407.09594992135,17555,461251.5897745332,22,0.0,2375.151105948802,71.240578989478,0,0,66,0.0,462.0,342,810.8872203240086,9963.63486848453,28825.615862135204,278579.87220857857,832.4036742568813,0,0,0,20261134,347a49a1137b3428,travel_aware_hybrid,2,1.0,0.98,1,0,0.643168848606915,0.6431987916421918,0.5491379310344827,87.07725162386535,143.14901463619805,1072.4411938202015,310502.45441299526,306085.078156736,5101.417969278933,13.514787005400143,4642.997870142976,13.873394570948022,84.28542649747136,496.0,0.6522149928169856,26.27465621045475,0.0,0.027490174837370394,0.0,0.0,0.005347222222222222,8,30,24,moderate_d60_balanced_travel_aware_hybrid,moderate,60,balanced,travel_aware_hybrid,14
10733,10732,6127,4241,4241,2172,124,10608,4,4,1610.599837657661,632.7391677315981,535421.3553170193,758884.0953416179,1322603.0798433116,28297.629184678986,15615,380020.96541479847,20,0.0,2202.4938773135054,64.36462443576295,0,0,63,0.0,441.0,311,758.7391677315973,7845.723323649209,21792.026956196005,233279.22678854494,720.4634229774625,0,0,0,20261135,347a49a1137b3428,travel_aware_hybrid,2,1.0,0.98,1,0,0.5709094297428252,0.5709494083667195,0.5121433624145248,70.71227127670686,123.2391986436183,977.860669926063,398951.5764945719,393833.22025669605,6563.887004278267,12.64565279552662,3887.9871131424156,12.007723716291043,70.07082622571063,496.0,0.5531456356467608,24.336917413691864,0.0,0.025491827283721128,0.0,0.0,0.005104166666666667,8,30,24,moderate_d60_balanced_travel_aware_hybrid,moderate,60,balanced,travel_aware_hybrid,15
10624,10623,6329,4117,4116,2148,113,10510,2,2,1397.0700265464275,541.14828609751,520418.0633306015,979900.0159659489,1531358.3694507084,31040.290154161925,15725,364427.89283466566,18,0.0,1958.6677913831234,58.19609006934808,0,0,48,0.0,336.0,274,637.1482860975101,6639.124203650282,25092.95851926644,225326.00578278746,697.9838784387641,0,0,0,20261136,347a49a1137b3428,travel_aware_hybrid,2,1.0,0.98,1,1,0.595782735573755,0.5958207831325302,0.5219820257469031,92.24324729040279,144.15498159189573,855.9217404489175,412882.64813206147,408491.5747075003,6808.192911791672,10.619138101625168,3755.433429713124,11.633064640646069,91.58014058126439,496.0,0.5375418367696444,23.17506472716475,0.0,0.022669766103971336,0.0,0.0,0.0038888888888888888,8,30,24,moderate_d60_balanced_travel_aware_hybrid,moderate,60,balanced,travel_aware_hybrid,16
11146,11146,6775,4462,4462,2437,131,11015,1,1,1538.6176401021285,582.0566803956312,558342.8152213487,1056162.3146114827,1646890.8989610863,32385.7691282534,16387,395812.2629909385,19,0.0,2098.6096633281204,65.80903969509974,0,0,70,0.0,490.0,332,722.0566803956308,8444.752963121053,26108.83065399126,243368.76682170204,798.8434639982039,0,0,0,20261137,347a49a1137b3428,travel_aware_hybrid,2,1.0,0.98,0,0,0.6078413780728512,0.6078413780728512,0.5461676378305692,94.75707111174256,147.75622635574075,956.5609597064972,378051.06460057443,372881.2179078326,6214.686965130543,12.034278006593846,4056.146113695034,13.314057733303398,78.64105618672066,496.0,0.5765557072126182,24.154040580395343,0.0,0.02428946369592732,0.0,0.0,0.005671296296296297,8,30,24,moderate_d60_balanced_travel_aware_hybrid,moderate,60,balanced,travel_aware_hybrid,17
11582,11581,7423,4675,4675,2677,149,11432,2,2,1839.461257674039,699.7038201805713,613007.2392891855,970183.1849546412,1618102.9093088459,34912.4850650367,17164,446584.79692046344,24,0.0,2638.924611294103,74.83964882389215,0,0,79,0.0,553.0,377,857.70382018057,10217.208969388419,27623.670730871687,272098.5736564186,850.3650519738579,0,0,0,20261138,347a49a1137b3428,travel_aware_hybrid,2,1.0,0.98,1,0,0.6409636473534237,0.6409946468658263,0.572620320855615,83.77369699979631,139.72048262748,1139.7574374934677,323708.9346122877,319173.6711075754,5319.5611851262565,14.295063669676166,4534.976227606977,14.172750866230965,73.27233615615832,496.0,0.6374227882926886,26.018690102567202,0.0,0.030543108927015082,0.0,0.0,0.006400462962962963,8,30,24,moderate_d60_balanced_travel_aware_hybrid,moderate,60,balanced,travel_aware_hybrid,18
10459,10458,6164,4179,4179,2185,128,10330,4,4,1481.7007115303102,622.9206307686165,514297.54393644625,884442.7112241343,1428988.152689157,30247.8975285861,15423,362665.55646843195,18,0.0,1934.2983196523157,61.8495781942002,0,0,58,0.0,406.0,314,738.920630768616,7996.793238224076,24195.795627585307,223864.01402924722,739.9256756870448,0,0,0,20261139,347a49a1137b3428,travel_aware_hybrid,2,1.0,0.98,1,0,0.5894052400076496,0.5894444975619084,0.5228523570232113,84.57092285562577,136.64067246979891,858.7800807616936,416964.7234744885,412371.8992822146,6872.864988036909,12.3153438461436,3731.0669004874535,12.33209459478408,77.05667397320161,496.0,0.5329696197642377,23.514592262752508,0.0,0.022387712033012912,0.0,0.0,0.004699074074074074,8,30,24,moderate_d60_balanced_travel_aware_hybrid,moderate,60,balanced,travel_aware_hybrid,19
11676,11676,7116,4600,4600,2471,136,11540,3,3,1718.228184001213,641.2681996307691,606072.7603449035,909293.6406154595,1549422.9800212448,34056.57906089358,17098,439072.69301710534,22,0.0,2389.392502303807,69.84486102233971,0,0,73,0.0,511.0,345,787.2681996307688,9770.264536610683,27572.947176635513,265109.46103718056,802.997983884608,0,0,0,20261140,347a49a1137b3428,travel_aware_hybrid,2,1.0,0.98,0,0,0.6094552929085303,0.6094552929085303,0.5371739130434783,77.87715318734665,132.7015227835941,1076.959984370444,335996.94851779134,330924.56670378114,5515.409445063019,13.121136660512812,4418.491017286343,13.383299731410132,79.92158601923337,496.0,0.6236593318573125,25.67976915528748,0.0,0.027655005813701467,0.0,0.0,0.005914351851851852,8,30,24,moderate_d60_balanced_travel_aware_hybrid,moderate,60,balanced,travel_aware_hybrid,20
10787,10785,6282,4266,4265,2176,123,10662,1,1,1580.4942400510222,589.6483925017326,526605.4710374823,931882.8970199489,1488759.3107783599,30270.942720944426,15804,370979.16298057884,20,0.0,2205.379365234752,64.01831793639693,0,0,57,0.0,399.0,303,703.6483925017325,8082.096433364068,24139.210200491125,231381.5940878787,769.4430017569499,0,0,0,20261141,347a49a1137b3428,travel_aware_hybrid,2,1.0,0.98,2,1,0.5824756606397775,0.5825530731435987,0.5103141115799343,86.40546101251265,138.03980628450253,990.8458475492896,405138.81185162923,400391.51215061906,6673.191869176984,11.727473208362207,3856.359901464645,12.824050029282498,79.66736039766047,496.0,0.5462154885174404,23.473751137723287,0.0,0.025525224134661482,0.0,0.0,0.004618055555555556,8,30,24,moderate_d60_balanced_travel_aware_hybrid,moderate,60,balanced,travel_aware_hybrid,21
11445,11444,7386,4662,4661,2739,140,11304,1,1,1599.550405321625,685.3041538952951,587758.2576322475,1190456.0875569615,1814238.0613147698,36023.71612556798,17057,421339.10051674873,21,0.0,2252.655166507802,67.53704878941332,0,0,76,0.0,532.0,356,837.3041538952938,9727.392551584153,29682.598736661414,258022.51704454914,848.4848217299864,0,0,0,20261142,347a49a1137b3428,travel_aware_hybrid,2,1.0,0.98,1,1,0.6454037049982524,0.6454346876365225,0.5877305877305877,104.02447462049646,158.5318124182777,914.2462514263299,351642.80719946127,347432.20467696944,5790.536744616157,13.95506923158823,4300.375284075819,14.141413695499773,83.37808633893655,496.0,0.6061348485669117,24.701829191343656,0.0,0.026072397760506967,0.0,0.0,0.0061574074074074074,8,30,24,moderate_d60_balanced_travel_aware_hybrid,moderate,60,balanced,travel_aware_hybrid,22
10468,10468,6005,4240,4240,2144,125,10343,2,2,1636.010608784258,568.1429098423297,506896.6739585086,815069.5052310311,1350937.9689130702,28971.78972354244,15381,356065.0812169289,21,0.0,2345.0615434002184,70.03255672232373,0,0,69,0.0,483.0,319,706.1429098423293,8574.492211688275,22513.54029539322,221195.42195770284,883.1870545892359,0,0,0,20261143,347a49a1137b3428,travel_aware_hybrid,2,1.0,0.98,0,0,0.5736530378295759,0.5736530378295759,0.5056603773584906,77.86296381649132,129.05406657557032,1067.8676989419282,424069.65455738734,419135.40560816653,6985.590093469442,11.769048497372156,3686.590365961714,14.719784243153931,70.57536142756496,496.0,0.5250115876373349,23.14967045165652,0.0,0.027141916011576603,0.0,0.0,0.005590277777777777,8,30,24,moderate_d60_balanced_travel_aware_hybrid,moderate,60,balanced,travel_aware_hybrid,23
11959,11958,7839,4865,4865,2841,158,11800,4,4,1989.8161645635616,776.5119482958529,637647.0369043694,1145296.679331452,1819182.3098725758,36238.59363676258,17595,468218.26829677774,25,0.0,2738.345642195417,83.93111756890274,0,0,85,0.0,595.0,401,946.5119482958514,11010.959794733164,27881.693937287586,281763.37230451993,1057.0792699755568,0,0,0,20261144,347a49a1137b3428,travel_aware_hybrid,2,1.0,0.98,1,0,0.6555444054189664,0.655573208462246,0.583967112024666,95.77660807254155,152.13098426765143,1213.3042162677089,304243.035906891,299492.2447680924,4991.53741280154,15.77519913826419,4696.056205075332,17.617987832925948,69.53040882116605,496.0,0.6592259902476579,26.61087060510246,0.0,0.0316938153031877,0.0,0.0,0.0068865740740740745,8,30,24,moderate_d60_balanced_travel_aware_hybrid,moderate,60,balanced,travel_aware_hybrid,24
10658,10658,6641,4335,4335,2494,118,10540,2,2,1466.3772838598845,567.4192851546478,532135.9245020854,1130811.85906915,1694066.6639030254,31118.88033181066,15934,375835.8402427174,21,0.0,2239.4211389363295,64.00582577360292,0,0,63,0.0,441.0,299,693.4192851546477,7858.5634829672035,25214.23173803787,232139.15578661946,854.8050843332619,0,0,0,20261145,347a49a1137b3428,travel_aware_hybrid,2,1.0,0.98,0,0,0.6231000187652468,0.6231000187652468,0.5753171856978085,106.09981788976825,158.94789490551938,898.9579987052367,402329.405442947,398468.45336979226,6641.140889496538,11.556988085910795,3868.9859297769913,14.246751405554365,84.32853424092933,496.0,0.5493622250863048,23.587036540901057,0.0,0.025919226145096407,0.0,0.0,0.005104166666666667,8,30,24,moderate_d60_balanced_travel_aware_hybrid,moderate,60,balanced,travel_aware_hybrid,25
11411,11410,7311,4515,4514,2550,133,11277,2,2,1628.1707347637528,623.5252525750954,586284.4248572296,1174251.4369554373,1795557.6068584574,35021.74504580573,16881,420590.83873316285,21,0.0,2302.1912099243655,68.61697172580782,0,0,72,0.0,504.0,338,767.5252525750948,9122.96020782906,28742.543989009468,258550.8964610343,888.9783961120272,0,0,0,20261146,347a49a1137b3428,travel_aware_hybrid,2,1.0,0.98,1,1,0.6407537248028046,0.6407852072561563,0.5650055370985604,102.91423636769828,157.36701199460626,1004.6454821886574,351888.3474274032,347542.1759854635,5792.369599757725,12.792087542918246,4309.181607683905,14.81630660186712,85.03711239351914,496.0,0.6058598259101666,24.915042872647522,0.0,0.02664573159634682,0.0,0.0,0.005833333333333334,8,30,24,moderate_d60_balanced_travel_aware_hybrid,moderate,60,balanced,travel_aware_hybrid,26
11731,11729,7565,4692,4692,2714,157,11572,2,2,1976.6097137681422,733.1391871492597,615144.3065317515,1081880.1931378962,1732631.5260459897,35607.026376357135,17309,447154.4999407667,26,0.0,2901.813536455783,82.10064152900222,0,0,94,0.0,658.0,408,921.1391871492581,10775.150882843065,27968.349892227758,273328.20653445565,1038.6543301101835,0,0,0,20261147,347a49a1137b3428,travel_aware_hybrid,2,1.0,0.98,2,0,0.6449825219541307,0.6450430483334754,0.5784313725490197,92.239764100767,147.72201603256798,1243.4705266188826,322009.4993687239,317302.177438926,5288.3696239821,15.352319785820969,4555.470108907594,17.31090550183639,68.54987718683275,496.0,0.6393262775887949,25.833641454778828,0.0,0.03358580482009008,0.0,0.0,0.007615740740740741,8,30,24,moderate_d60_balanced_travel_aware_hybrid,moderate,60,balanced,travel_aware_hybrid,27
11047,11046,6976,4371,4370,2474,129,10917,1,1,1626.7281400295788,587.2035446932376,574187.2757335515,1010864.8156376899,1617699.32307022,32647.23169898948,16266,414446.8944117686,21,0.0,2310.2930805500823,68.08457755080948,0,0,70,0.0,490.0,328,727.2035446932375,9177.600073298452,26106.35891273154,252678.00066399676,882.3836972861751,0,0,0,20261148,347a49a1137b3428,travel_aware_hybrid,2,1.0,0.98,1,1,0.6315408292594604,0.6315741830361185,0.5662319835277968,91.51410606895618,146.4511427729694,1039.524595336341,362270.16328588553,358160.26667260606,5969.337777876767,12.120059078220626,4211.300011066613,14.706394954769586,79.59255766076689,496.0,0.594231447932476,25.47933692436792,0.0,0.026739503247107433,0.0,0.0,0.005671296296296297,8,30,24,moderate_d60_balanced_travel_aware_hybrid,moderate,60,balanced,travel_aware_hybrid,28
10180,10179,5857,3980,3979,2019,121,10058,4,4,1505.6444190100844,559.1644813044753,497479.8561747971,892793.6221583823,1417966.9321905682,27693.453857397686,15067,349530.4055957704,19,0.0,2068.8838206182063,62.26668586773984,0,0,56,0.0,392.0,298,671.1644813044754,8288.114580600113,21527.176624289954,215795.30857950993,760.1375578104912,0,0,0,20261149,347a49a1137b3428,travel_aware_hybrid,2,1.0,0.98,1,1,0.5754003340210236,0.5754420432220039,0.507537688442211,87.7093645896829,139.30316653802615,946.4799377056091,433893.5212398949,429131.497693585,7152.1916282264165,11.186074688407924,3596.5884763251656,12.66895929684152,72.23884773251662,496.0,0.5140081527330926,23.19840748627931,0.0,0.0239454145904885,0.0,0.0,0.004537037037037037,8,30,24,moderate_d60_balanced_travel_aware_hybrid,moderate,60,balanced,travel_aware_hybrid,29
10920,10908,5874,9159,9148,5041,0,10908,0,0,0.0,0.0,658509.5159437318,80601.32289061486,739110.838834341,0.0,13632,516190.05614254833,0,0.0,0.0,0.0,0,0,0,0.0,0.0,0,0.0,0.0,0.0,241363.76445424854,0.0,0,0,0,20261120,9318427c6666d8aa,human_only,0,1.0,0.98,12,11,0.5385038503850385,0.539010989010989,0.551588601375696,7.389193517658128,67.75860275342328,0.0,1229295.5761621916,1219332.363688203,20322.20606147005,0.0,4022.729407570809,0.0,0.0,1000.0,0.3170580132432269,37.86605458792168,0.0,0.0,0.0,0.0,0.0,15,60,50,high_d25_source_human_only,high,25,source,human_only,0
10819,10813,5727,9148,9142,4970,0,10813,0,0,0.0,0.0,607052.8561231457,100578.19395198522,707631.05007512,0.0,13490,466567.9536361872,0,0.0,0.0,0.0,0,0,0,0.0,0.0,0,0.0,0.0,0.0,221345.60854849272,0.0,0,0,0,20261121,9318427c6666d8aa,human_only,0,1.0,0.98,6,6,0.5296402478498105,0.529901099916813,0.5439440314822912,9.301599366686878,65.44262000139831,0.0,1272710.0948460517,1263284.617068195,21054.74361780325,0.0,3689.093475808212,0.0,0.0,1000.0,0.29293883619663796,34.58620857199312,0.0,0.0,0.0,0.0,0.0,15,60,50,high_d25_source_human_only,high,25,source,human_only,1
12518,12509,7037,10552,10545,6132,0,12509,0,0,0.0,0.0,718180.8755224817,80926.23501786275,799107.1105403303,0.0,15447,557615.7553683019,0,0.0,0.0,0.0,0,0,0,0.0,0.0,0,0.0,0.0,0.0,259247.0059344984,0.0,0,0,0,20261122,9318427c6666d8aa,human_only,0,1.0,0.98,9,7,0.5625549604284915,0.5628694679661288,0.5817854435178166,6.469440804050104,63.882573390385346,0.0,1167437.1174705164,1155335.4127290128,19255.59021215021,0.0,4320.78343224164,0.0,0.0,1000.0,0.3514238236274909,36.09864409712578,0.0,0.0,0.0,0.0,0.0,15,60,50,high_d25_source_human_only,high,25,source,human_only,2
10389,10384,5571,8735,8730,4824,0,10384,0,0,0.0,0.0,561391.1829420163,51823.810360036725,613214.9933020406,0.0,12933,427200.4464918385,0,0.0,0.0,0.0,0,0,0,0.0,0.0,0,0.0,0.0,0.0,200489.49632793074,0.0,0,0,0,20261123,9318427c6666d8aa,human_only,0,1.0,0.98,5,5,0.5364984591679507,0.536721532390028,0.5528334287349742,4.990736744995832,59.05383217469574,0.0,1306112.6518357953,1296041.273829714,21600.687897161897,0.0,3341.4916054655123,0.0,0.0,1000.0,0.2743818600912249,33.03181369302084,0.0,0.0,0.0,0.0,0.0,15,60,50,high_d25_source_human_only,high,25,source,human_only,3
10405,10397,5568,8736,8728,4805,0,10397,0,0,0.0,0.0,593049.4252382636,81026.33006143586,674075.7552996913,0.0,13047,457859.59698295017,0,0.0,0.0,0.0,0,0,0,0.0,0.0,0,0.0,0.0,0.0,216255.47647169346,0.0,0,0,0,20261124,9318427c6666d8aa,human_only,0,1.0,0.98,8,8,0.5355390978166779,0.535896203748198,0.5509386446886447,7.793241325520425,64.8336784937666,0.0,1276241.7136801807,1266441.6871997614,21107.361453329355,0.0,3604.257941194891,0.0,0.0,1000.0,0.2909768257332329,35.09309396665518,0.0,0.0,0.0,0.0,0.0,15,60,50,high_d25_source_human_only,high,25,source,human_only,4
11041,11030,5463,9270,9262,4720,0,11030,0,0,0.0,0.0,561157.7054514039,44974.92213003958,606132.6275814347,0.0,13628,420603.036183402,0,0.0,0.0,0.0,0,0,0,0.0,0.0,0,0.0,0.0,0.0,199660.64088527774,0.0,0,0,0,20261125,9318427c6666d8aa,human_only,0,1.0,0.98,11,8,0.49528558476881235,0.4957884249615071,0.510032362459547,4.07750880598727,54.953094069033064,0.0,1304446.7177754485,1294050.0123348958,21567.500205581597,0.0,3327.6773480879624,0.0,0.0,1000.0,0.2753073790136398,30.86315205337555,0.0,0.0,0.0,0.0,0.0,15,60,50,high_d25_source_human_only,high,25,source,human_only,5
11828,11822,7523,10005,10000,6458,0,11822,0,0,0.0,0.0,821601.1634458987,105535.48145747173,927136.6449033612,0.0,15117,666309.94710329,0,0.0,0.0,0.0,0,0,0,0.0,0.0,0,0.0,0.0,0.0,306946.67829186004,0.0,0,0,0,20261126,9318427c6666d8aa,human_only,0,1.0,0.98,6,5,0.6363559465403485,0.6365404125803179,0.6459770114942529,8.927041233079997,78.42468659307741,0.0,1087591.174489715,1077424.3986736997,17957.073311228327,0.0,5115.777971531001,0.0,0.0,1000.0,0.39578268083904733,44.076863604107295,0.0,0.0,0.0,0.0,0.0,15,60,50,high_d25_source_human_only,high,25,source,human_only,6
11430,11426,6518,9643,9640,5622,0,11426,0,0,0.0,0.0,703594.3853581961,86346.4239123727,789940.8092705596,0.0,14375,553683.1019714571,0,0.0,0.0,0.0,0,0,0,0.0,0.0,0,0.0,0.0,0.0,260701.21250924765,0.0,0,0,0,20261127,9318427c6666d8aa,human_only,0,1.0,0.98,4,3,0.570453352004201,0.5706036745406824,0.583324691486052,7.5570124201271405,69.1353762708349,0.0,1187174.7164718045,1176496.0460112954,19608.26743352159,0.0,4345.020208487461,0.0,0.0,1000.0,0.3404584908489975,38.51708535453615,0.0,0.0,0.0,0.0,0.0,15,60,50,high_d25_source_human_only,high,25,source,human_only,7
11393,11389,6389,9621,9619,5539,0,11389,0,0,0.0,0.0,654122.617979014,117324.4997201284,771447.1176991321,0.0,14208,507155.3243412571,0,0.0,0.0,0.0,0,0,0,0.0,0.0,0,0.0,0.0,0.0,237997.2997074377,0.0,0,0,0,20261128,9318427c6666d8aa,human_only,0,1.0,0.98,4,2,0.5609798928790939,0.5611340296673396,0.5759276582475834,10.3015628870075,67.73615925007745,0.0,1219909.4129563475,1208940.262883889,20149.00438139815,0.0,3966.621661790628,0.0,0.0,1000.0,0.3222725483575848,35.69505379654118,0.0,0.0,0.0,0.0,0.0,15,60,50,high_d25_source_human_only,high,25,source,human_only,8
11998,11993,7212,10141,10138,6224,0,11993,0,0,0.0,0.0,779305.1271638372,151689.1645534942,930994.2917173207,0.0,15145,622609.7362750364,0,0.0,0.0,0.0,0,0,0,0.0,0.0,0,0.0,0.0,0.0,290155.87068620976,0.0,0,0,0,20261129,9318427c6666d8aa,human_only,0,1.0,0.98,5,3,0.6013507879596431,0.6015169194865811,0.6140420076915492,12.648141795505227,77.62814072519976,0.0,1121261.433361856,1110222.0036636463,18503.700061060772,0.0,4835.931178103496,0.0,0.0,1000.0,0.3770769814656355,41.10991985969207,0.0,0.0,0.0,0.0,0.0,15,60,50,high_d25_source_human_only,high,25,source,human_only,9
10742,10734,5962,9026,9019,5114,0,10734,0,0,0.0,0.0,621665.6349054736,88581.1063205117,710246.7412259784,0.0,13496,481586.54608269164,0,0.0,0.0,0.0,0,0,0,0.0,0.0,0,0.0,0.0,0.0,226464.31360682746,0.0,0,0,0,20261130,9318427c6666d8aa,human_only,0,1.0,0.98,8,7,0.5554313396683436,0.5557624278532861,0.5673609572346554,8.252385533865446,66.16794682559888,0.0,1251992.8647830084,1241905.1187221927,20698.41864536988,0.0,3774.4052267804577,0.0,0.0,1000.0,0.3044484084538842,35.68365042106488,0.0,0.0,0.0,0.0,0.0,15,60,50,high_d25_source_human_only,high,25,source,human_only,10
9340,9334,4602,7811,7806,3951,0,9334,0,0,0.0,0.0,510060.58406903554,48718.32485636603,558778.9089253942,0.0,11723,387238.1295024563,0,0.0,0.0,0.0,0,0,0,0.0,0.0,0,0.0,0.0,0.0,184256.54924578607,0.0,0,0,0,20261131,9318427c6666d8aa,human_only,0,1.0,0.98,6,5,0.49303621169916434,0.49336188436830836,0.5064652413263346,5.219447702631887,59.864892749667256,0.0,1352459.573640415,1344433.889956776,22407.231499279602,0.0,3070.942487429768,0.0,0.0,1000.0,0.2486335701997695,33.032340655331936,0.0,0.0,0.0,0.0,0.0,15,60,50,high_d25_source_human_only,high,25,source,human_only,11
10130,10120,5040,8463,8454,4343,0,10120,0,0,0.0,0.0,535397.26306532,86344.83177261279,621742.094837924,0.0,12614,403947.20608154737,0,0.0,0.0,0.0,0,0,0,0.0,0.0,0,0.0,0.0,0.0,191684.99751507104,0.0,0,0,0,20261132,9318427c6666d8aa,human_only,0,1.0,0.98,10,9,0.4980237154150198,0.49851924975320827,0.5142384497223207,8.532098001246323,61.436965893075495,0.0,1332854.6056835488,1323875.005632461,22064.583427207683,0.0,3194.749958584517,0.0,0.0,1000.0,0.25952521906469506,32.02372015867666,0.0,0.0,0.0,0.0,0.0,15,60,50,high_d25_source_human_only,high,25,source,human_only,12
9975,9970,4946,8353,8348,4270,0,9970,0,0,0.0,0.0,567835.819546388,70088.75037435602,637924.5699207411,0.0,12543,436488.66872858885,0,0.0,0.0,0.0,0,0,0,0.0,0.0,0,0.0,0.0,0.0,209102.71110606665,0.0,0,0,0,20261133,9318427c6666d8aa,human_only,0,1.0,0.98,5,5,0.49608826479438317,0.4963408521303258,0.5117921704776727,7.029964932232299,63.98441022274234,0.0,1306540.56803899,1298466.2333556486,21641.10388926081,0.0,3485.0451851011107,0.0,0.0,1000.0,0.2741441288672277,34.79938361863899,0.0,0.0,0.0,0.0,0.0,15,60,50,high_d25_source_human_only,high,25,source,human_only,13
11917,11911,6729,10055,10050,5868,0,11911,0,0,0.0,0.0,705718.7544818715,63352.53334403058,769071.2878258899,0.0,14764,553027.0052347075,0,0.0,0.0,0.0,0,0,0,0.0,0.0,0,0.0,0.0,0.0,256360.73201823086,0.0,0,0,0,20261134,9318427c6666d8aa,human_only,0,1.0,0.98,6,5,0.5649399714549576,0.5651590165310061,0.5840875186474391,5.318825736212793,64.56815446443538,0.0,1186975.6762175895,1175338.2734371952,19588.971223953253,0.0,4272.678866970515,0.0,0.0,1000.0,0.34056906876800586,37.457803118037624,0.0,0.0,0.0,0.0,0.0,15,60,50,high_d25_source_human_only,high,25,source,human_only,14
10733,10728,5069,8993,8988,4363,0,10728,0,0,0.0,0.0,543522.2474845526,64727.743630484554,608249.9911150277,0.0,13074,405819.3350755788,0,0.0,0.0,0.0,0,0,0,0.0,0.0,0,0.0,0.0,0.0,193102.9946486596,0.0,0,0,0,20261135,9318427c6666d8aa,human_only,0,1.0,0.98,5,5,0.47250186428038776,0.4727476008571695,0.4857111086400534,6.033533149746883,56.6974264648609,0.0,1326934.4216650988,1317514.8995290606,21958.581658817675,0.0,3218.383244144327,0.0,0.0,1000.0,0.2628142101860562,31.04018166403387,0.0,0.0,0.0,0.0,0.0,15,60,50,high_d25_source_human_only,high,25,source,human_only,15
10624,10617,5804,9011,9009,5018,0,10617,0,0,0.0,0.0,649092.924470536,107287.7734139571,756380.6978844843,0.0,13467,509553.9504926291,0,0.0,0.0,0.0,0,0,0,0.0,0.0,0,0.0,0.0,0.0,240049.20823081073,0.0,0,0,0,20261136,9318427c6666d8aa,human_only,0,1.0,0.98,7,2,0.546670434209287,0.5469691265060241,0.5570968815891688,10.105281474423764,71.24241291179094,0.0,1239769.1486634596,1230544.1840451423,20509.069734085704,0.0,4000.820137180179,0.0,0.0,1000.0,0.31123936185363354,37.83722807549039,0.0,0.0,0.0,0.0,0.0,15,60,50,high_d25_source_human_only,high,25,source,human_only,16
11146,11144,6275,9396,9394,5390,0,11144,0,0,0.0,0.0,734218.0988058913,114136.85891225273,848354.9577181318,0.0,14075,587221.1938846965,0,0.0,0.0,0.0,0,0,0,0.0,0.0,0,0.0,0.0,0.0,275751.1371054106,0.0,0,0,0,20261137,9318427c6666d8aa,human_only,0,1.0,0.98,2,2,0.5630832735104092,0.5631616723488246,0.5738612175393785,10.2420009792043,76.12661142481441,0.0,1173692.1422461916,1163720.8695369351,19395.347825615587,0.0,4595.852285090177,0.0,0.0,1000.0,0.34794880986322685,41.720866350600105,0.0,0.0,0.0,0.0,0.0,15,60,50,high_d25_source_human_only,high,25,source,human_only,17
11582,11567,6359,9757,9746,5501,0,11567,0,0,0.0,0.0,630508.7938642116,45228.26765767949,675737.061521878,0.0,14310,482645.06844246865,0,0.0,0.0,0.0,0,0,0,0.0,0.0,0,0.0,0.0,0.0,224150.32308472108,0.0,0,0,0,20261138,9318427c6666d8aa,human_only,0,1.0,0.98,15,11,0.549753609406069,0.5503367294077016,0.564927744183663,3.9101121861917085,58.41938804546365,0.0,1240106.0682103804,1228512.0559403307,20475.200932338845,0.0,3735.8387180786845,0.0,0.0,1000.0,0.31105218432756643,33.72781750122073,0.0,0.0,0.0,0.0,0.0,15,60,50,high_d25_source_human_only,high,25,source,human_only,18
10459,10453,5492,8766,8762,4755,0,10453,0,0,0.0,0.0,571802.9835867092,76690.87488572582,648493.858472427,0.0,13055,436768.5894558642,0,0.0,0.0,0.0,0,0,0,0.0,0.0,0,0.0,0.0,0.0,205826.51927493516,0.0,0,0,0,20261139,9318427c6666d8aa,human_only,0,1.0,0.98,6,4,0.5253994068688415,0.5256716703317716,0.5428929956650695,7.33673346271174,62.03901831746169,0.0,1297536.8249382898,1287504.9483398357,21458.415805663928,0.0,3430.4419879155857,0.0,0.0,1000.0,0.2791462083676167,33.45603902381189,0.0,0.0,0.0,0.0,0.0,15,60,50,high_d25_source_human_only,high,25,source,human_only,19
11676,11668,6178,9844,9836,5374,0,11668,0,0,0.0,0.0,596927.7816079664,35145.26032124594,632073.041929198,0.0,14233,449891.56500660384,0,0.0,0.0,0.0,0,0,0,0.0,0.0,0,0.0,0.0,0.0,208751.9860419033,0.0,0,0,0,20261140,9318427c6666d8aa,human_only,0,1.0,0.98,8,8,0.5294823448748714,0.5298047276464543,0.5467289719626168,3.012106643918919,54.171498279842126,0.0,1261853.5435501053,1250192.442389094,20836.540706484902,0.0,3479.199767365055,0.0,0.0,1000.0,0.2989702535832748,31.609046933647427,0.0,0.0,0.0,0.0,0.0,15,60,50,high_d25_source_human_only,high,25,source,human_only,20
10787,10777,5644,9060,9051,4855,0,10777,0,0,0.0,0.0,629210.1476689373,105707.16902101893,734917.3166899496,0.0,13470,489181.7341941405,0,0.0,0.0,0.0,0,0,0,0.0,0.0,0,0.0,0.0,0.0,232471.6300471387,0.0,0,0,0,20261141,9318427c6666d8aa,human_only,0,1.0,0.98,10,9,0.5237078964461352,0.5241494391397052,0.5368653421633555,9.808589498099558,68.1931257947434,0.0,1254583.660343942,1245436.26429175,20757.27107152917,0.0,3874.5271674523115,0.0,0.0,1000.0,0.3030090775866989,36.31638709681815,0.0,0.0,0.0,0.0,0.0,15,60,50,high_d25_source_human_only,high,25,source,human_only,21
11445,11439,6944,9600,9595,5945,0,11439,0,0,0.0,0.0,817153.4607841263,115840.30138008666,932993.7621642051,0.0,14733,664459.4099145259,0,0.0,0.0,0.0,0,0,0,0.0,0.0,0,0.0,0.0,0.0,308063.32135911763,0.0,0,0,0,20261142,9318427c6666d8aa,human_only,0,1.0,0.98,6,5,0.6070460704607046,0.6072520751419834,0.6197916666666666,10.126785678825655,81.56252838221917,0.0,1104016.5399138147,1094246.631459296,18237.443857654933,0.0,5134.388689318627,0.0,0.0,1000.0,0.3866574778256585,45.10007533526952,0.0,0.0,0.0,0.0,0.0,15,60,50,high_d25_source_human_only,high,25,source,human_only,22
10468,10461,5280,8859,8853,4629,0,10461,0,0,0.0,0.0,519457.5634414998,67385.72165718811,586843.2850986774,0.0,12934,385102.677915562,0,0.0,0.0,0.0,0,0,0,0.0,0.0,0,0.0,0.0,0.0,183033.69822006515,0.0,0,0,0,20261143,9318427c6666d8aa,human_only,0,1.0,0.98,7,6,0.5047318611987381,0.5050630492930837,0.5231967490687437,6.4416137708811885,56.09820142421158,0.0,1338779.6615403143,1328782.3276340384,22146.37212723397,0.0,3050.5616370010857,0.0,0.0,1000.0,0.256233521366492,29.774445485972013,0.0,0.0,0.0,0.0,0.0,15,60,50,high_d25_source_human_only,high,25,source,human_only,23
11959,11948,7355,10031,10023,6311,0,11948,0,0,0.0,0.0,797895.060449584,92124.16617419157,890019.2266237659,0.0,15043,642831.6648180223,0,0.0,0.0,0.0,0,0,0,0.0,0.0,0,0.0,0.0,0.0,296680.0377135302,0.0,0,0,0,20261144,9318427c6666d8aa,human_only,0,1.0,0.98,11,8,0.615584198192166,0.6159377874404215,0.629947163792244,7.710425692516871,74.4910634937869,0.0,1102805.5232422196,1092033.6465647237,18200.560776078728,0.0,4944.667295225503,0.0,0.0,1000.0,0.38733026486543354,42.732943217311856,0.0,0.0,0.0,0.0,0.0,15,60,50,high_d25_source_human_only,high,25,source,human_only,24
10658,10652,6376,8952,8946,5455,0,10652,0,0,0.0,0.0,713725.145818345,165453.98092614376,879179.1267444774,0.0,13740,572000.3400859244,0,0.0,0.0,0.0,0,0,0,0.0,0.0,0,0.0,0.0,0.0,269246.66633771436,0.0,0,0,0,20261145,9318427c6666d8aa,human_only,0,1.0,0.98,6,6,0.5985730379271498,0.5987990242071684,0.6100312779267203,15.532668130505423,82.53653086223032,0.0,1182824.2138397424,1173580.202455167,19559.67004091945,0.0,4487.444438961906,0.0,0.0,1000.0,0.34287543675569865,41.63030131629726,0.0,0.0,0.0,0.0,0.0,15,60,50,high_d25_source_human_only,high,25,source,human_only,25
11411,11401,6963,9622,9613,5990,0,11401,0,0,0.0,0.0,759919.8975391781,161971.7901962625,921891.6877354307,0.0,14497,609092.3104458908,0,0.0,0.0,0.0,0,0,0,0.0,0.0,0,0.0,0.0,0.0,285899.23397731193,0.0,0,0,0,20261146,9318427c6666d8aa,human_only,0,1.0,0.98,10,9,0.6107359003596176,0.6110770309350626,0.6234670546663895,14.206805560587888,80.86059887162799,0.0,1145104.186149231,1135323.0560218925,18922.050933698207,0.0,4764.987232955199,0.0,0.0,1000.0,0.36383100769487176,42.01505900847698,0.0,0.0,0.0,0.0,0.0,15,60,50,high_d25_source_human_only,high,25,source,human_only,26
11731,11721,6838,9831,9823,5879,0,11721,0,0,0.0,0.0,713425.267153588,78161.91461853517,791587.1817721152,0.0,14599,562173.174169424,0,0.0,0.0,0.0,0,0,0,0.0,0.0,0,0.0,0.0,0.0,259885.6709225699,0.0,0,0,0,20261147,9318427c6666d8aa,human_only,0,1.0,0.98,10,8,0.5833973210476922,0.5837524507714602,0.5988200589970502,6.668536355134815,67.53580596980763,0.0,1179843.828110735,1169106.5915533078,19485.109859221797,0.0,4331.427848709498,0.0,0.0,1000.0,0.34453120660514724,38.5076494396482,0.0,0.0,0.0,0.0,0.0,15,60,50,high_d25_source_human_only,high,25,source,human_only,27
11047,11039,6428,9294,9287,5517,0,11039,0,0,0.0,0.0,707559.5622450056,72222.13876197141,779781.7010069672,0.0,13838,563649.9197244591,0,0.0,0.0,0.0,0,0,0,0.0,0.0,0,0.0,0.0,0.0,259936.22116122345,0.0,0,0,0,20261148,9318427c6666d8aa,human_only,0,1.0,0.98,8,7,0.582299121297219,0.5826016112971848,0.5943619539487842,6.542453008603262,70.63879889545858,0.0,1191189.8318862948,1181072.1211453078,19684.535352421797,0.0,4332.270352687057,0.0,0.0,1000.0,0.33822787117428066,40.732036401536284,0.0,0.0,0.0,0.0,0.0,15,60,50,high_d25_source_human_only,high,25,source,human_only,28
10180,10175,5446,8580,8575,4695,0,10175,0,0,0.0,0.0,612431.1236898901,130341.51487115158,742772.6385610271,0.0,12980,477561.04407616117,0,0.0,0.0,0.0,0,0,0,0.0,0.0,0,0.0,0.0,0.0,227704.2903474518,0.0,0,0,0,20261149,9318427c6666d8aa,human_only,0,1.0,0.98,5,5,0.5352334152334153,0.5354616895874263,0.5477855477855478,12.809976891513669,72.99976791754567,0.0,1266680.678548305,1257818.2645528915,20963.63774254819,0.0,3795.0715057908633,0.0,0.0,1000.0,0.2962885119176083,36.79206811064416,0.0,0.0,0.0,0.0,0.0,15,60,50,high_d25_source_human_only,high,25,source,human_only,29
10920,10909,5864,9159,9149,5028,14,10895,0,0,71.58478662666445,60.98375901251978,656161.2414888792,76197.04002458396,734244.5504726926,1886.2689592406477,13616,515099.62232810166,0,0.0,0.0,2.898970169715098,0,0,11,0.0,77.0,39,82.9837590125198,503.045518811968,1370.814701723737,240276.73148047877,34.15120234617101,0,0,0,20261120,188b0a82e2661cc7,adaptive_hybrid,2,1.0,0.98,11,10,0.5375378128151068,0.538003663003663,0.5500600502238235,6.984786875477492,67.3063113459247,10.60102761414467,1230219.817596039,1220179.9048199498,20336.331746999163,1.3830626502086634,4004.612191341313,0.5691867057695169,35.14909491599326,1000.0,0.31654454577997826,37.83046579965494,0.0,0.0,0.0,0.0,0.0008912037037037037,15,60,50,high_d25_source_adaptive_hybrid,high,25,source,adaptive_hybrid,0
10819,10814,5747,9148,9144,4988,15,10799,2,2,71.03652090354691,96.96400897726124,605515.9570056305,100714.51199249773,708972.939089057,2742.470090939829,13483,466919.1275932068,0,0.0,0.0,2.541546837523626,0,0,11,0.0,77.0,41,118.96400897726123,1532.2216586007,2454.231377734346,220490.48818958845,22.36706695101241,0,0,0,20261121,188b0a82e2661cc7,adaptive_hybrid,2,1.0,0.98,5,4,0.531440724986129,0.5316572696182642,0.5456930476606908,9.313344922553886,65.5606564720785,-25.92748807371433,1272518.2010033482,1262779.5160568715,21046.325267614524,1.982733482954354,3674.841469826474,0.3727844491835402,59.85930189595966,1000.0,0.2930454438870288,34.630210457109456,0.0,0.0,0.0,0.0,0.0008912037037037037,15,60,50,high_d25_source_adaptive_hybrid,high,25,source,adaptive_hybrid,1
12518,12506,7032,10552,10541,6127,65,12441,0,0,433.2706647529791,257.30622437206677,715383.3763646054,85799.4923163587,804243.8995089695,3061.030828017185,15499,556706.4772616501,6,0.0,643.7562966273276,20.962136543840845,0,0,63,0.0,441.0,193,383.3062243720673,1782.3403032416554,2256.9933912403794,261068.49149844798,329.7971731021943,0,0,0,20261122,188b0a82e2661cc7,adaptive_hybrid,2,1.0,0.98,12,11,0.5622901007516392,0.5627096980348298,0.5816906747536013,6.860666265501255,64.30864381168794,175.96444038091232,1168461.3578079776,1156411.49607949,19273.524934658166,6.388437072867788,4351.141524974133,5.496619551703238,11.694266275856888,1000.0,0.3508548012177902,35.91886426618815,0.0,0.007450883062816292,0.0,0.0,0.005104166666666667,15,60,50,high_d25_source_adaptive_hybrid,high,25,source,adaptive_hybrid,2
10389,10383,5539,8735,8729,4794,11,10372,0,0,45.599241831576755,43.83814693646051,560807.8938401076,52572.18107449969,615004.9869950198,1624.9120804209924,12936,427646.08777459606,0,0.0,0.0,1.776137141598956,0,0,9,0.0,63.0,31,61.838146936460504,1183.2639948505525,1480.4822249941171,200791.1895723168,13.020821563116844,0,0,0,20261123,188b0a82e2661cc7,adaptive_hybrid,2,1.0,0.98,6,6,0.5334681691226043,0.5337376070844162,0.5495134516313681,5.063293949195771,59.23191630501973,1.7610948951162442,1303304.008935855,1293547.3974665806,21559.123291109678,1.0306357822743417,3346.51982620528,0.21701369271861407,47.75749112884249,1000.0,0.2759422172578583,33.05860295103557,0.0,0.0,0.0,0.0,0.0007291666666666667,15,60,50,high_d25_source_adaptive_hybrid,high,25,source,adaptive_hybrid,3
10405,10401,5552,8736,8733,4777,6,10395,0,0,40.7837198780355,26.660645035047093,592313.2695996625,86187.68319800308,680571.9796515915,2071.0268539335975,13081,458431.9410636002,0,0.0,0.0,1.4589599079344455,0,0,3,0.0,21.0,15,32.6606450350471,907.1137666739172,1837.0503592484165,217936.1302361107,13.652049336290112,0,0,0,20261124,188b0a82e2661cc7,adaptive_hybrid,2,1.0,0.98,4,3,0.5337948274204404,0.5339740509370495,0.5471611721611722,8.286480453610526,65.43332176248356,14.123074842988405,1276632.691897603,1267073.2788517764,21117.88798086294,0.5443440839174516,3632.268837268512,0.2275341556048352,122.47002394989444,1000.0,0.2907596156124428,35.04563420714014,0.0,0.0,0.0,0.0,0.00024305555555555555,15,60,50,high_d25_source_adaptive_hybrid,high,25,source,adaptive_hybrid,4
11041,11030,5427,9270,9261,4703,17,11013,0,0,111.25241954710053,69.59563332042276,554549.8876312107,45198.90804639286,600900.4553533016,1151.6596757075422,13602,415483.39544349303,1,0.0,110.89112089986826,5.157217486543095,0,0,17,0.0,119.0,51,103.59563332042273,909.8768107541389,972.4407577128295,197005.941452475,76.39647421190037,0,0,0,20261125,188b0a82e2661cc7,adaptive_hybrid,2,1.0,0.98,11,9,0.49202175883952853,0.4925278507381578,0.5083063646170443,4.09781577936472,54.47873575279253,41.65678622667777,1305772.3986412638,1295418.9616675226,21590.316027792043,1.7265938886737122,3283.43235754125,1.2732745701983395,19.06746583750646,1000.0,0.2745708896437423,30.54575764178011,0.0,0.0012834620474521789,0.0,0.0,0.0013773148148148147,15,60,50,high_d25_source_adaptive_hybrid,high,25,source,adaptive_hybrid,5
11828,11821,7497,10005,9999,6446,20,11801,1,1,115.7124884895002,90.21854208179589,820740.5523588047,110962.78117679866,935266.0050146076,3562.671479017563,15147,667470.307854548,0,0.0,0.0,4.355020335868467,0,0,15,0.0,105.0,55,120.21854208179585,1976.1714124149728,3182.2931372479798,308858.8826711451,45.86064144069394,0,0,0,20261126,188b0a82e2661cc7,adaptive_hybrid,2,1.0,0.98,7,6,0.6342103036968108,0.634426783902604,0.6448775612193903,9.386919987885852,79.11902588737057,25.493946407704314,1086011.8571021468,1075669.3714589411,17927.82285764902,2.0036423680299307,5147.648044519085,0.7643440240115656,57.85987522269054,1000.0,0.3966600793876962,44.06617203766739,0.0,0.0,0.0,0.0,0.0012152777777777778,15,60,50,high_d25_source_adaptive_hybrid,high,25,source,adaptive_hybrid,6
11430,11425,6516,9643,9640,5614,10,11415,0,0,91.52864448170403,50.38703879930448,702661.026284123,85201.72755712956,790333.1708089125,2470.416967673673,14376,554665.2711467464,1,0.0,103.75864476686486,3.8201246575111836,0,0,4,0.0,28.0,24,58.38703879930448,755.0041676302166,1558.6308481084307,260798.65922679068,55.63576592814451,0,0,0,20261127,188b0a82e2661cc7,adaptive_hybrid,2,1.0,0.98,5,3,0.570328227571116,0.5705161854768154,0.5824950741470497,7.457481624256417,69.17576987386542,41.14160568239956,1188295.5156771496,1177770.9596161242,19629.51599360207,0.9731173133217413,4346.644320446511,0.9272627654690752,64.94295200451795,1000.0,0.3398358246238058,38.582726150997935,0.0,0.0012009102403572323,0.0,0.0,0.00032407407407407406,15,60,50,high_d25_source_adaptive_hybrid,high,25,source,adaptive_hybrid,7
11393,11385,6385,9621,9616,5535,19,11366,0,0,87.86801451535146,78.70366160301303,651177.1334819265,112177.86791338638,766048.4126391215,2693.411243816883,14196,505839.50560937036,0,0.0,0.0,3.3826705341521177,0,0,17,0.0,119.0,55,112.70366160301299,1388.1459290320954,2591.9076770461124,237478.94782025757,35.24315450938889,0,0,0,20261128,188b0a82e2661cc7,adaptive_hybrid,2,1.0,0.98,8,5,0.5608256477821695,0.5611340296673396,0.5758237189481343,9.853128494807763,67.2857630776567,9.16435291233843,1221416.7235680083,1210408.2336098098,20173.470560163496,1.8783943600502164,3957.9824636709595,0.5873859084898148,47.12559412811113,1000.0,0.32143515357332875,35.6325377295978,0.0,0.0,0.0,0.0,0.0013773148148148147,15,60,50,high_d25_source_adaptive_hybrid,high,25,source,adaptive_hybrid,8
11998,11990,7197,10141,10136,6215,14,11976,0,0,82.57744799719688,65.33927195470278,777189.1491983657,148451.95506328813,928487.3663241152,2846.2620624701376,15134,622102.47807826,0,0.0,0.0,3.334655666960284,0,0,9,0.0,63.0,37,83.33927195470277,1077.6380227570703,2481.2468998022778,289006.9719469993,38.99111501864843,0,0,0,20261129,188b0a82e2661cc7,adaptive_hybrid,2,1.0,0.98,8,5,0.6002502085070892,0.600516752792132,0.6133517404595208,12.381314016954807,77.43847925972604,17.238176042494104,1123785.216421265,1112699.6490499177,18544.99415083196,1.3889878659117127,4816.7828657833215,0.6498519169774738,67.06072702168318,1000.0,0.3756748797659639,41.10628241563764,0.0,0.0,0.0,0.0,0.0007291666666666667,15,60,50,high_d25_source_adaptive_hybrid,high,25,source,adaptive_hybrid,9
10742,10733,6051,9026,9017,5186,9,10724,0,0,60.1334133457425,38.06246645436957,624680.1588838785,91186.01226859272,716684.3231151095,818.1519626452027,13522,485034.4325403178,0,0.0,0.0,2.5486287435760233,0,0,7,0.0,49.0,25,52.062466454369556,434.7434881697518,809.8513735849046,228162.55577725923,36.286705305263794,0,0,0,20261130,188b0a82e2661cc7,adaptive_hybrid,2,1.0,0.98,9,9,0.5637752725239914,0.5641407559113759,0.5755594947928208,8.495855051578562,66.77390506988814,22.070946891372927,1248096.5563249914,1237898.2314413826,20631.637190689707,0.8677077742394926,3802.7092629543204,0.6047784217543966,32.394054943396185,1000.0,0.3066130242638937,35.87002163439712,0.0,0.0,0.0,0.0,0.0005671296296296297,15,60,50,high_d25_source_adaptive_hybrid,high,25,source,adaptive_hybrid,10
9340,9334,4671,7811,7805,4017,14,9320,1,1,48.43100246097484,55.028461485233166,514686.2509757353,49574.00609576015,565946.811149727,1686.5540782398202,11746,392808.78815053916,0,0.0,0.0,1.4327340749026036,0,0,13,0.0,91.0,41,81.02846148523315,1650.1180860477548,1917.3101068352116,187276.9195657459,4.434846634947138,0,0,0,20261131,188b0a82e2661cc7,adaptive_hybrid,2,1.0,0.98,6,6,0.500428540818513,0.5007494646680942,0.515042888234541,5.311121287310923,60.632827421226374,-6.5974590242583275,1347324.713981134,1339254.7809266436,22320.91301544406,1.3504743580872192,3121.2819927624314,0.0739141105824523,46.763661142322235,1000.0,0.2514862700104812,33.441919645031426,0.0,0.0,0.0,0.0,0.0010532407407407407,15,60,50,high_d25_source_adaptive_hybrid,high,25,source,adaptive_hybrid,11
10130,10119,5021,8463,8452,4331,10,10109,0,0,70.93444995928449,43.72743747612829,533591.1502389576,85813.75917485505,621534.0448073556,2129.1353935500483,12607,403364.2522090129,1,0.0,101.94630612803131,3.88114200644446,0,0,5,0.0,35.0,25,53.72743747612828,482.6172145105801,1372.6848848357731,192104.9414299009,72.40353795049,0,0,0,20261132,188b0a82e2661cc7,adaptive_hybrid,2,1.0,0.98,11,11,0.49619527621306453,0.49674234945705825,0.5130568356374808,8.480458461790201,61.4224770043834,27.207012483156205,1332594.8874185442,1323930.624036959,22065.51040061598,0.8954572912688047,3201.749023831682,1.2067256325081668,54.907395393430924,1000.0,0.2596695069896977,31.99526074474601,0.0,0.001179934098704066,0.0,0.0,0.0004050925925925926,15,60,50,high_d25_source_adaptive_hybrid,high,25,source,adaptive_hybrid,12
9975,9971,4918,8353,8349,4227,10,9961,0,0,59.75053482121683,48.07483570940926,571400.6212770966,70431.89235785216,644694.1166858785,2861.603050932201,12550,442247.78543434973,0,0.0,0.0,2.469168599912698,0,0,6,0.0,42.0,26,60.07483570940926,1599.2884940203523,2437.630002940794,211871.29462829093,28.572673209899833,0,0,0,20261133,188b0a82e2661cc7,adaptive_hybrid,2,1.0,0.98,4,4,0.49323036806739545,0.4934335839598997,0.506524601939423,7.063673890066409,64.65691672709643,11.675699111807575,1303062.9139534666,1294749.178320158,21579.152972002634,1.0012472618234876,3531.1882438048488,0.47621122016499723,93.75500011310746,1000.0,0.2760761589147408,35.23886736528683,0.0,0.0,0.0,0.0,0.0004861111111111111,15,60,50,high_d25_source_adaptive_hybrid,high,25,source,adaptive_hybrid,13
11917,11909,6796,10055,10049,5908,9,11900,0,0,65.64567139986528,44.694363812478734,714927.8990332459,66871.81385139105,783756.9239365839,1957.211051961218,14785,563946.09747606,0,0.0,0.0,2.526406183786738,0,0,5,0.0,35.0,23,54.69436381247872,1043.7798069397563,1540.0975414773293,259443.50190025757,28.33742034539104,0,0,0,20261134,188b0a82e2661cc7,adaptive_hybrid,2,1.0,0.98,8,6,0.5706608447392728,0.570949064361836,0.5881650919940328,5.615233340447649,65.8121524843886,20.951307587386545,1177816.6854628548,1166213.501045858,19436.891684097634,0.9115727302079787,4324.058365004293,0.47229033908985063,66.96076267292736,1000.0,0.3456573969650807,38.14312461792763,0.0,0.0,0.0,0.0,0.0004050925925925926,15,60,50,high_d25_source_adaptive_hybrid,high,25,source,adaptive_hybrid,14
10733,10723,5060,8993,8983,4367,52,10671,2,2,373.4804020634715,246.71640759273976,539896.3078198184,64439.86577833858,607515.1928062721,3179.019208121539,13121,405011.8291792903,4,0.0,421.25736516840857,17.343093658791833,0,0,52,0.0,364.0,156,350.7164075927399,2351.8547261413205,2703.0514772972165,194025.46386437732,267.6092540879324,0,0,0,20261135,188b0a82e2661cc7,adaptive_hybrid,2,1.0,0.98,10,10,0.4718828686002052,0.47237491847572904,0.4867118870232403,6.009499746184704,56.65533832008506,126.76399447073175,1327544.5772132862,1317927.0377467084,21965.450629111805,5.845273459878999,3233.7577310729553,4.460154234798874,17.327253059597542,1000.0,0.2624752348815077,30.867451351214868,0.0,0.004875663948708433,0.0,0.0,0.004212962962962963,15,60,50,high_d25_source_adaptive_hybrid,high,25,source,adaptive_hybrid,15
10624,10618,5796,9011,9009,5005,12,10606,1,1,70.3011547447796,59.22197086904322,649181.6806803653,106277.50029198115,758488.3859136741,3029.2049413377463,13487,511770.96173447336,0,0.0,0.0,2.5647894258349595,0,0,9,0.0,63.0,33,77.22197086904322,1807.513894390023,2794.4244009523627,242610.161196406,22.369142447264604,0,0,0,20261136,188b0a82e2661cc7,adaptive_hybrid,2,1.0,0.98,6,2,0.5458655113957431,0.5461219879518072,0.5556542004217068,10.009182547747331,71.43420473852647,11.079183875736376,1238690.8685375862,1229530.5296637136,20492.17549439523,1.287032847817387,4043.5026866067665,0.3728190407877434,84.67952730158675,1000.0,0.31183840636800764,37.945500239821556,0.0,0.0,0.0,0.0,0.0007291666666666667,15,60,50,high_d25_source_adaptive_hybrid,high,25,source,adaptive_hybrid,16
11146,11142,6280,9396,9392,5383,15,11127,0,0,84.62294967267758,65.3197911019266,740111.5667440093,115444.50806346166,858125.2245743162,2569.149766856899,14103,594892.2283979706,0,0.0,0.0,2.9920881981786014,0,0,8,0.0,56.0,38,81.31979110192658,1161.3964748373041,2021.1452064925252,279240.8687602232,29.81517601529685,0,0,0,20261137,188b0a82e2661cc7,adaptive_hybrid,2,1.0,0.98,4,4,0.5636330999820499,0.5637897003409295,0.5733290762026394,10.361201585304403,77.01716249993862,19.30315857075098,1171698.6989975278,1161983.4578164716,19366.39096360786,1.3553298516987764,4654.014479337054,0.49691960025494747,53.188031749803294,1000.0,0.34905627833470676,42.18196329844505,0.0,0.0,0.0,0.0,0.0006481481481481481,15,60,50,high_d25_source_adaptive_hybrid,high,25,source,adaptive_hybrid,17
11582,11571,6361,9757,9747,5519,19,11552,1,1,138.60346470839144,79.19764575775713,638406.7968519737,46583.96512338775,686280.0668762986,1289.304900947327,14352,491153.99779726146,1,0.0,105.69874122253306,6.526462019872745,0,0,16,0.0,112.0,54,111.1976457577571,491.7774380368446,629.7291332687,228650.2594530263,98.94065100988954,0,0,0,20261138,188b0a82e2661cc7,adaptive_hybrid,2,1.0,0.98,11,10,0.5497364099904934,0.5501640476601624,0.5666700830173209,4.0259238720411155,59.31035060723348,59.40581895063431,1237112.764618793,1225625.2035044993,20427.086725074987,1.8532940959626183,3810.837657550438,1.6490108501648255,11.661650616087037,1000.0,0.31271513076733726,34.22198981307563,0.0,0.0012233650604459845,0.0,0.0,0.0012962962962962963,15,60,50,high_d25_source_adaptive_hybrid,high,25,source,adaptive_hybrid,18
10459,10455,5515,8766,8762,4767,9,10446,0,0,51.112277506685075,40.12844183995469,574511.7926607067,80031.09685594359,656820.1064753738,2277.2169587323897,13072,440580.16563695145,0,0.0,0.0,2.0478206976887643,0,0,6,0.0,42.0,24,52.1284418399547,872.7997027838095,1992.7229306488698,208124.9107830592,23.57583986906545,0,0,0,20261139,188b0a82e2661cc7,adaptive_hybrid,2,1.0,0.98,4,4,0.5274988043998087,0.5276795104694522,0.5442619210586357,7.654815576847785,62.823539595922895,10.983835666730386,1295718.4753832715,1286163.6258520456,21436.060430867426,0.868807363999245,3468.7485130509867,0.3929306644844242,83.03012211036958,1000.0,0.2801564025648492,33.70411303832248,0.0,0.0,0.0,0.0,0.0004861111111111111,15,60,50,high_d25_source_adaptive_hybrid,high,25,source,adaptive_hybrid,19
11676,11664,6180,9844,9833,5370,33,11631,0,0,198.88268438253627,132.92981232499258,596586.4988372277,38960.336023070246,638071.3364261058,2524.501565817929,14251,451443.84266332095,2,0.0,205.0131423498225,8.112645450944463,0,0,30,0.0,210.0,96,192.92981232499267,1479.4767411461405,1939.4517709107968,209737.4227712722,107.60089625378562,0,0,0,20261140,188b0a82e2661cc7,adaptive_hybrid,2,1.0,0.98,12,11,0.529835390946502,0.5303186022610483,0.5466273872409589,3.3402208524580113,54.70433268399398,65.95287205754369,1263173.35263669,1251418.1475033,20856.969125055002,3.2154968720832113,3495.6237128545367,1.793348270896427,20.202622613654132,1000.0,0.29823702631295,31.6780466397671,0.0,0.002372837295715538,0.0,0.0,0.0024305555555555556,15,60,50,high_d25_source_adaptive_hybrid,high,25,source,adaptive_hybrid,20
10787,10776,5657,9060,9051,4878,19,10757,0,0,134.37595960412955,73.48608738778461,625540.6788840846,108252.19359668018,735104.5191473205,1311.6466665655626,13479,486909.04186961515,1,0.0,100.22961037650306,6.010627197567319,0,0,18,0.0,126.0,56,109.48608738778456,767.0142786099968,1112.314045757903,230903.3563288021,87.17480054373662,0,0,0,20261141,188b0a82e2661cc7,adaptive_hybrid,2,1.0,0.98,11,9,0.52496288047513,0.525447297673125,0.5394039735099337,10.045674981132162,68.21682620149596,60.88987221634494,1256628.5703100518,1247011.705421638,20783.528423693966,1.8247681231297428,3848.3892721467014,1.4529133423956104,19.86275081710541,1000.0,0.30187301649441567,36.12352859037133,0.0,0.0011600649349132299,0.0,0.0,0.0014583333333333334,15,60,50,high_d25_source_adaptive_hybrid,high,25,source,adaptive_hybrid,21
11445,11439,6967,9600,9596,5962,8,11431,0,0,69.72268115317102,44.63132279338534,829162.531270168,119407.91787982674,951554.614344986,2984.165194997062,14783,677876.0487481157,0,0.0,0.0,2.880852172681691,0,0,1,0.0,7.0,17,46.63132279338534,851.7567817177087,1870.1296086142538,315694.0837474945,39.535506873326206,0,0,0,20261142,188b0a82e2661cc7,adaptive_hybrid,2,1.0,0.98,6,4,0.6090567357286476,0.6092616863259065,0.6214583333333333,10.438667530363382,83.18512233105919,25.091358359785687,1097338.5038966064,1087927.2200281306,18132.120333802177,0.7771887132230889,5261.568062458242,0.6589251145554368,110.00762403613258,1000.0,0.3903674978352186,45.85510713306606,0.0,0.0,0.0,0.0,8.101851851851852e-05,15,60,50,high_d25_source_adaptive_hybrid,high,25,source,adaptive_hybrid,22
10468,10462,5298,8859,8854,4632,3,10459,1,1,37.76437618367276,22.25803414186977,511040.08972067886,64853.233836534666,576801.4552750345,908.1317178304016,12925,377415.8814320754,0,0.0,0.0,1.4801694179798712,0,0,0,0.0,0.0,6,22.25803414186977,307.5381069952746,529.3401232928372,179004.7823924886,19.956399687471716,0,0,0,20261143,188b0a82e2661cc7,adaptive_hybrid,2,1.0,0.98,6,5,0.5064041292295928,0.5066870462361482,0.5234225081837679,6.198932693226406,55.13300088654507,15.506342041802988,1344052.623569664,1333932.8258586682,22232.21376431114,0.3709672356978295,2983.41303987481,0.33260666145786194,88.22335388213953,1000.0,0.2533040980168533,29.20045504310061,0.0,0.0,0.0,0.0,0.0,15,60,50,high_d25_source_adaptive_hybrid,high,25,source,adaptive_hybrid,23
11959,11951,7308,10031,10024,6292,8,11943,0,0,51.34092626729975,37.19910799276138,788583.6496239203,89045.039767291,878901.8093691164,1273.1199779147573,15006,634500.2745824642,0,0.0,0.0,2.07602335163599,0,0,4,0.0,28.0,20,45.19910799276137,581.6039120362838,870.6997188317291,291840.8195041007,25.956043416875886,0,0,0,20261144,188b0a82e2661cc7,adaptive_hybrid,2,1.0,0.98,8,7,0.611496945862271,0.6117568358558408,0.6279533446316419,7.450844261341395,73.5421144146194,14.141818274538373,1110141.1550003202,1098913.240722638,18315.220678710633,0.7533184665460229,4864.013658401678,0.4326007236145981,43.534985941586456,1000.0,0.383254913888711,42.28310506347223,0.0,0.0,0.0,0.0,0.00032407407407407406,15,60,50,high_d25_source_adaptive_hybrid,high,25,source,adaptive_hybrid,24
10658,10650,6364,8952,8946,5441,17,10633,1,1,103.11934451141073,116.60182335333705,705088.3125849891,155240.84878217755,864433.5296807215,4104.368313569335,13685,566031.8986275027,0,0.0,0.0,3.582855486980205,0,0,11,0.0,77.0,45,138.60182335333707,1486.7146041974552,3472.868014857515,265191.8133682851,33.960966874528395,0,0,0,20261145,188b0a82e2661cc7,adaptive_hybrid,2,1.0,0.98,8,6,0.5975586854460094,0.5978607618690186,0.608467381590706,14.576605519453292,81.1674675756546,-13.482478841926323,1189593.8586241698,1180160.609958512,19669.343499308532,2.3100303892222844,4419.863556138084,0.5660161145754733,77.17484477461144,1000.0,0.3391145229865723,41.36148327566699,0.0,0.0,0.0,0.0,0.0008912037037037037,15,60,50,high_d25_source_adaptive_hybrid,high,25,source,adaptive_hybrid,25
11411,11401,6935,9622,9612,5964,16,11385,0,0,119.45993756761015,71.91140160597261,749068.0484243712,164690.64854911834,916553.5632786537,2794.866305172396,14483,599789.5089300224,1,0.0,113.53257541761943,5.599358883379773,0,0,11,0.0,77.0,43,93.91140160597259,732.1908008771439,2021.698065312914,281997.6455517459,78.20326514733134,0,0,0,20261146,188b0a82e2661cc7,adaptive_hybrid,2,1.0,0.98,10,10,0.6082799754407509,0.6086232582595741,0.6208688422365413,14.445280988432447,80.39238341186332,47.54853596163754,1150695.4848452196,1140698.6954286376,19011.644923810625,1.5651900267662098,4699.960759195765,1.3033877524555222,47.01623407704451,1000.0,0.36072473064154464,41.4133472989037,0.0,0.0013140344377039286,0.0,0.0,0.0008912037037037037,15,60,50,high_d25_source_adaptive_hybrid,high,25,source,adaptive_hybrid,26
11731,11719,6881,9831,9821,5909,9,11710,0,0,59.27461753694343,42.13077088951127,721606.2352670544,79138.47177873756,802864.6211108166,2119.914065038205,14680,571321.4002140553,0,0.0,0.0,2.419938127847683,0,0,5,0.0,35.0,23,52.13077088951127,836.0609474347052,1555.6108564681927,265709.3576140331,25.779444791694488,0,0,0,20261147,188b0a82e2661cc7,adaptive_hybrid,2,1.0,0.98,12,10,0.5871661404556703,0.5875884408831301,0.6020750686603601,6.753005527667681,68.50965279553004,17.143846647432163,1173170.1623029585,1162325.2914687374,19372.088191145624,0.8688461814918544,4428.489293567219,0.42965741319490813,67.63525462905186,1000.0,0.3482387987205786,38.91835151321903,0.0,0.0,0.0,0.0,0.0004050925925925926,15,60,50,high_d25_source_adaptive_hybrid,high,25,source,adaptive_hybrid,27
11047,11037,6462,9294,9285,5529,15,11022,2,2,64.26156873497358,73.64851971645992,710165.1428531462,76895.38275469688,788952.8432852945,1892.3176774594176,13862,567675.0085546594,0,0.0,0.0,2.519467418690353,0,0,13,0.0,91.0,43,99.64851971645987,1286.3947615320885,1770.570777920524,262988.40844452597,26.69524788669105,0,0,0,20261148,188b0a82e2661cc7,adaptive_hybrid,2,1.0,0.98,10,9,0.5854851861918999,0.585860414592197,0.5958683021304068,6.967054702790331,71.48254446727321,-9.386950981486336,1185794.9525121162,1175875.6149837393,19597.926916395656,1.6608086619409979,4383.140140742099,0.44492079811151747,41.17606460280288,1000.0,0.3412250263821577,40.95188346231853,0.0,0.0,0.0,0.0,0.0010532407407407407,15,60,50,high_d25_source_adaptive_hybrid,high,25,source,adaptive_hybrid,28
10180,10173,5434,8580,8574,4691,25,10148,0,0,138.6244305600052,98.42813886671372,604892.2541681502,128849.25488453376,736765.3210692054,3023.8120165320506,12980,473042.54555722786,1,0.0,108.92594394722349,5.379859608509644,0,0,22,0.0,154.0,72,142.42813886671368,2256.7205469748187,3147.6199253652394,226111.0225766649,55.122585197699216,0,0,0,20261149,188b0a82e2661cc7,adaptive_hybrid,2,1.0,0.98,7,6,0.5341590484616141,0.5344793713163065,0.5474358974358975,12.66580702688821,72.4236037618407,40.196291693291485,1267293.3484148076,1258412.18759443,20973.53645990717,2.373802314445228,3768.5170429444147,0.9187097532949869,43.71694340785055,1000.0,0.29594813976955137,36.443955744008306,0.0,0.001260716943833605,0.0,0.0,0.0017824074074074075,15,60,50,high_d25_source_adaptive_hybrid,high,25,source,adaptive_hybrid,29
10920,10908,5950,9159,9148,5114,50,10858,2,2,525.2369273333676,227.31310347965564,660211.0963645838,85287.78779602348,755180.9805222452,9682.09636164692,13700,525738.0309653941,6,0.0,642.4493966969795,18.03071856094055,0,0,42,0.0,294.0,142,311.31310347965604,4743.352127198091,6778.744628704493,247290.95186295916,96.80240409481746,0,0,0,20261120,6cd16bb7fe500dac,travel_aware_hybrid,2,1.0,0.98,12,11,0.5454712137880454,0.5459706959706959,0.5595589038104597,7.8188290975452395,69.23184639917906,297.92382385371195,1223177.0369441395,1213438.1487222302,20223.969145370505,5.188551724660934,4121.515864382653,1.613373401580291,47.73763823031333,1000.0,0.3204572016977003,38.37503875659811,0.0,0.0074357569062150405,0.0,0.0,0.0034027777777777776,15,60,50,high_d25_source_travel_aware_hybrid,high,25,source,travel_aware_hybrid,0
10819,10812,5786,9148,9142,5018,39,10773,0,0,445.76446438248234,157.63333143244128,602927.1568617873,111972.33165058654,722092.1356124822,7192.64710011679,13514,468957.69572223787,5,0.0,536.8576495453048,15.156775182395643,0,0,35,0.0,245.0,113,227.63333143244142,3564.9936005167283,4507.422303339003,220952.54785589076,98.01645777741395,0,0,0,20261121,6cd16bb7fe500dac,travel_aware_hybrid,2,1.0,0.98,7,6,0.5351461339252682,0.5354468989740272,0.5491910800174902,10.356301484515958,66.78617606478748,288.1311329500411,1271283.1674743465,1261735.0358505214,21028.917264175358,3.793888857207357,3682.542464264846,1.6336076296235658,39.888692949902676,1000.0,0.29373157362536306,34.7016202251175,0.0,0.006213630203070657,0.0,0.0,0.0028356481481481483,15,60,50,high_d25_source_travel_aware_hybrid,high,25,source,travel_aware_hybrid,1
12518,12509,7061,10552,10544,6150,47,12462,2,2,481.7095720264988,207.05447870621515,724479.8138699611,83888.30338413254,816754.3160530324,8386.198798953661,15537,571953.0006081824,5,0.0,531.861488314302,15.575701505788192,0,0,44,0.0,308.0,138,295.0544787062153,5660.229796739697,6436.886225617163,268617.0170202483,76.79362481583675,0,0,0,20261122,6cd16bb7fe500dac,travel_aware_hybrid,2,1.0,0.98,9,8,0.5644735790231034,0.564786707141716,0.5835860500379075,6.7062357809683055,65.29333408370233,274.65509332028364,1157281.8374580701,1145341.4735858548,19089.024559764246,4.917574645103588,4476.950283670804,1.2798937469306124,46.64410308418234,1000.0,0.3570656458566277,36.812319019642295,0.0,0.006155804262897015,0.0,0.0,0.003564814814814815,15,60,50,high_d25_source_travel_aware_hybrid,high,25,source,travel_aware_hybrid,2
10389,10385,5612,8735,8732,4863,37,10348,1,1,362.35951296198215,153.44595733540456,560461.599041259,53704.01711800837,620836.303988524,6670.687829265062,12978,432676.5809862654,4,0.0,432.7335108051776,11.863098994690297,0,0,29,0.0,203.0,103,211.4459573354046,4064.0671133473516,4744.807529446507,203836.77661288469,82.79956059700966,0,0,0,20261123,6cd16bb7fe500dac,travel_aware_hybrid,2,1.0,0.98,4,3,0.5403948001925855,0.5405717585908172,0.5570692615912993,5.171306414829886,59.78202253139374,208.9135556265776,1301874.037957869,1291980.3461473412,21533.005769122352,3.5240992889234097,3397.279610214745,1.3799926766168276,46.066092518898124,1000.0,0.2767366455789617,33.33923416445256,0.0,0.0050084897083932595,0.0,0.0,0.002349537037037037,15,60,50,high_d25_source_travel_aware_hybrid,high,25,source,travel_aware_hybrid,3
10405,10399,5557,8736,8730,4781,39,10360,0,0,385.86040393067856,151.71678972623363,587677.0028424173,81755.4206687887,677451.1638101112,8018.7402989161565,13078,460316.74450679787,4,0.0,428.61757398458747,12.970134942748526,0,0,38,0.0,266.0,116,227.71678972623374,4740.481083260372,5490.081990968216,217105.1510269455,88.13306336491753,0,0,0,20261124,6cd16bb7fe500dac,travel_aware_hybrid,2,1.0,0.98,6,6,0.5343783056063083,0.5346468044209515,0.5479624542124543,7.861854088738216,65.14579900087617,234.14361420444493,1279475.1948877268,1269522.4619917653,21158.707699862756,3.7952798287705622,3618.419183782425,1.4688843894152923,47.32829302558807,1000.0,0.28918044728459624,35.19779358516576,0.0,0.00496085155074754,0.0,0.0,0.0030787037037037037,15,60,50,high_d25_source_travel_aware_hybrid,high,25,source,travel_aware_hybrid,4
11041,11030,5524,9270,9262,4771,32,10998,0,0,396.98039402047743,123.17000199620712,559092.7066953029,44677.51899511982,610305.9892690945,6535.763578682045,13648,424516.4342016367,4,0.0,417.99194877047603,12.805475912003818,0,0,30,0.0,210.0,94,183.1700019962072,3701.199725479179,4400.102875269635,200720.43157031693,64.10729255499716,0,0,0,20261125,6cd16bb7fe500dac,travel_aware_hybrid,2,1.0,0.98,11,8,0.5008159564823209,0.5013132868399601,0.5155339805825243,4.050545693120564,55.3314586826015,273.8103920242703,1298678.8812514949,1288076.9692738946,21467.949487898244,3.052833366603453,3345.3405261719486,1.0684548759166193,46.809605056059944,1000.0,0.2785117326380584,31.104662529428246,0.0,0.004837869777436065,0.0,0.0,0.0024305555555555556,15,60,50,high_d25_source_travel_aware_hybrid,high,25,source,travel_aware_hybrid,5
11828,11823,7512,10005,10001,6474,53,11770,2,2,606.3586033425499,247.02401796729976,819196.3124254838,100714.95077175034,931941.605747955,12030.342550731772,15167,673681.8113766422,7,0.0,750.3524456659795,21.257064459722596,0,0,43,0.0,301.0,149,333.0240179673002,5632.702861130785,7375.976662262665,310772.8581857567,142.20019129891242,0,0,0,20261126,6cd16bb7fe500dac,travel_aware_hybrid,2,1.0,0.98,5,4,0.6353717330626745,0.6355258708150152,0.6474762618690655,8.518561344138572,78.82446128291932,359.3345853752502,1084050.0405386463,1073527.6360653378,17892.12726775563,5.550400299455004,5179.547636429279,2.370003188315207,49.503199075588356,1000.0,0.3977499774785298,44.417604758794894,0.0,0.00868463478780069,0.0,0.0,0.0034837962962962965,15,60,50,high_d25_source_travel_aware_hybrid,high,25,source,travel_aware_hybrid,6
11430,11424,6573,9643,9639,5658,53,11371,2,2,536.4638018255454,252.47605359117182,701995.4687155231,91487.11966594687,804009.4847388323,10526.896357372507,14439,562215.9156421333,6,0.0,636.9949049185054,18.651857255164717,0,0,45,0.0,315.0,151,342.4760535911722,6366.640623300219,7242.848465488254,265556.72640095727,133.82537116060638,0,0,0,20261127,6cd16bb7fe500dac,travel_aware_hybrid,2,1.0,0.98,6,4,0.5753676470588235,0.5755905511811024,0.5871616716789381,8.008326301290868,70.37898150725073,283.98774823437356,1181752.9888906186,1171175.2136530592,19519.586894217653,5.707934226519537,4425.945440015955,2.230422852676773,47.96588387740566,1000.0,0.3434705617274342,38.93731668689891,0.0,0.007372626214334554,0.0,0.0,0.0036458333333333334,15,60,50,high_d25_source_travel_aware_hybrid,high,25,source,travel_aware_hybrid,7
11393,11386,6349,9621,9616,5509,54,11332,0,0,520.4360790704853,220.1161202305783,645469.4373313154,118804.81894492777,774809.9239057829,10535.667629546033,14234,507531.7631859546,5,0.0,529.7767247103833,18.225957800367453,0,0,46,0.0,322.0,154,312.11612023057853,5616.512813870242,7355.507254312526,238377.08942274502,109.87530539007277,0,0,0,20261128,6cd16bb7fe500dac,travel_aware_hybrid,2,1.0,0.98,7,5,0.5576146144387845,0.557886421486878,0.5731212971624571,10.4342893856427,68.04935217862136,300.31995883990703,1223046.1569956178,1211992.6069745326,20199.876782908876,5.201935337176309,3972.9514903790837,1.831255089834546,47.76303411891251,1000.0,0.32052991278021237,35.65629922621572,0.0,0.006131675054518325,0.0,0.0,0.003726851851851852,15,60,50,high_d25_source_travel_aware_hybrid,high,25,source,travel_aware_hybrid,8
11998,11992,7211,10141,10138,6213,60,11932,1,1,580.8667248241721,238.13209944164524,784446.4869589785,144452.69959899146,942245.9484677883,13346.761909828336,15217,639104.1917380078,8,0.0,852.3930810314577,21.72806516987332,0,0,51,0.0,357.0,171,340.13209944164544,6929.876540275403,9231.267127154328,298750.89162672265,198.0066899473058,0,0,0,20261129,6cd16bb7fe500dac,travel_aware_hybrid,2,1.0,0.98,6,3,0.60131754503002,0.6015169194865811,0.6129573020412188,12.045755470229441,78.57287762406507,342.73462538252693,1115919.7985886866,1104908.0571563256,18415.13428593876,5.668868324027424,4979.181527112044,3.3001114991217633,53.98401828745221,1000.0,0.38004455633961853,41.999355440494696,0.0,0.009865660660086316,0.0,0.0,0.004131944444444444,15,60,50,high_d25_source_travel_aware_hybrid,high,25,source,travel_aware_hybrid,9
10742,10735,6012,9026,9019,5154,38,10697,0,0,442.54349840659455,158.5757003618293,613591.1191339177,92136.21572910195,713328.1485141787,7600.813651163731,13522,480170.69768256304,5,0.0,543.8003195856844,15.660188894044667,0,0,30,0.0,210.0,106,218.5757003618294,3574.463865316833,4655.61115905967,226055.50616343084,124.23983834904055,0,0,0,20261130,6cd16bb7fe500dac,travel_aware_hybrid,2,1.0,0.98,7,7,0.56003726129483,0.5603239620182462,0.5717925991579881,8.582786747005306,66.4488261308038,283.96779804476523,1253345.9503031003,1243290.7319927437,20721.51219987906,3.642928339363823,3767.591769390514,2.070663972484009,43.920859991128964,1000.0,0.3036966942760554,35.5103311405534,0.0,0.006293985180389866,0.0,0.0,0.0024305555555555556,15,60,50,high_d25_source_travel_aware_hybrid,high,25,source,travel_aware_hybrid,10
9340,9334,4604,7811,7806,3949,37,9297,1,1,432.0725512801669,147.15467338449085,515893.8351979409,50616.442705225,572757.0358218802,6246.757918722131,11766,398581.0121359698,5,0.0,535.5028624928964,14.695060655887863,0,0,31,0.0,217.0,105,209.15467338449105,3962.840518810272,4752.668121243272,190645.94444832092,76.73056411501568,0,0,0,20261131,6cd16bb7fe500dac,travel_aware_hybrid,2,1.0,0.98,6,5,0.4932504821084208,0.493576017130621,0.5062091921648957,5.422802946777909,61.362442235041804,284.91787789567604,1344978.6204052211,1336936.9989637036,22282.283316061727,3.485911223074851,3177.4324074720153,1.2788427352502614,45.26350591660259,1000.0,0.25278965533043274,33.875659708989446,0.0,0.006197949797371486,0.0,0.0,0.002511574074074074,15,60,50,high_d25_source_travel_aware_hybrid,high,25,source,travel_aware_hybrid,11
10130,10123,5028,8463,8457,4339,34,10089,1,1,362.2862337729738,150.5272419153171,534598.9325175133,85886.74356880909,628627.5938510149,8141.91776469955,12665,409999.6210891229,5,0.0,521.3928116536363,13.11989481491421,0,0,28,0.0,196.0,96,206.52724191531715,3815.596681925071,5087.421774129305,195913.86071253405,101.37656799402265,0,0,0,20261132,6cd16bb7fe500dac,travel_aware_hybrid,2,1.0,0.98,7,6,0.4966907043366591,0.4970384995064166,0.5134113198629328,8.48431725464873,62.09894239365948,211.7589918576567,1328740.6279980445,1320106.2569759472,22001.77094959912,3.442120698588619,3265.2310118755677,1.6896094665670442,52.99397681384693,1000.0,0.26181076222330857,32.37265069791732,0.0,0.006034639023768939,0.0,0.0,0.0022685185185185187,15,60,50,high_d25_source_travel_aware_hybrid,high,25,source,travel_aware_hybrid,12
9975,9970,4941,8353,8349,4256,48,9922,1,1,510.00957026806196,211.30436744781338,562047.2674529459,68391.2110400898,639194.5130505381,8756.034557510768,12569,439681.02472664294,5,0.0,539.3080946107445,17.945033197767383,0,0,44,0.0,308.0,140,299.3043674478136,5444.471746737541,6140.9164800689905,210124.10440809157,124.36788993657382,0,0,0,20261133,6cd16bb7fe500dac,travel_aware_hybrid,2,1.0,0.98,5,4,0.49558676028084253,0.49583959899749375,0.5099964084759967,6.859700204622848,64.11178666504897,298.7052028202486,1306231.663737287,1297841.6527368927,21630.694212281545,4.988406124130226,3502.068406801526,2.0727981656095635,43.86368914334993,1000.0,0.2743157423681739,34.98138473439756,0.0,0.0062419918357725064,0.0,0.0,0.003564814814814815,15,60,50,high_d25_source_travel_aware_hybrid,high,25,source,travel_aware_hybrid,13
11917,11913,6788,10055,10052,5910,48,11865,0,0,577.0095237738706,183.94032464484718,715390.3562611677,72940.64581866686,798021.6970713891,9690.694991567372,14890,571965.4920732542,6,0.0,666.2307282392337,19.669547055638137,0,0,45,0.0,315.0,141,273.94032464484735,5654.42275364852,6258.803590704107,266172.9910733791,99.59193209890913,0,0,0,20261134,6cd16bb7fe500dac,travel_aware_hybrid,2,1.0,0.98,4,3,0.5697976999916058,0.5699420995216917,0.5880656389855793,6.1227772868854915,66.98746722667582,393.0691991290234,1176425.9319781614,1165086.8598687672,19418.11433114612,4.565672077414122,4436.216517889652,1.6598655349818188,44.388677948256074,1000.0,0.34643003778991033,38.41272612983574,0.0,0.007711003799065205,0.0,0.0,0.0036458333333333334,15,60,50,high_d25_source_travel_aware_hybrid,high,25,source,travel_aware_hybrid,14
10733,10724,5073,8993,8984,4381,33,10691,0,0,345.98755988951905,133.3803949272153,536954.7770854764,63357.85184950524,606704.5168071601,6391.8878721863275,13096,405576.7936715662,4,0.0,432.017114906723,12.163784523623095,0,0,31,0.0,217.0,97,195.38039492721535,3401.4596744556166,4123.431755509246,193360.00821713603,93.7699489892905,0,0,0,20261135,6cd16bb7fe500dac,travel_aware_hybrid,2,1.0,0.98,9,9,0.47305110033569564,0.47349296562005033,0.48815745579895475,5.908042880408918,56.57446072427827,212.60716496230376,1327799.6040133287,1318404.759928328,21973.412665472133,3.256339915453589,3222.666803618934,1.5628324831548417,42.50960572689944,1000.0,0.26233355332592856,30.96951692666205,0.0,0.005000198089198183,0.0,0.0,0.002511574074074074,15,60,50,high_d25_source_travel_aware_hybrid,high,25,source,travel_aware_hybrid,15
10624,10616,5831,9011,9008,5037,47,10569,0,0,504.0806773464252,179.15790270592674,652658.4380732573,112634.74121382549,775449.3806402861,10156.201353209826,13542,522443.8002525757,5,0.0,521.949613566415,17.20916011841087,0,0,41,0.0,287.0,135,261.157902705927,6031.712142344293,6863.359970909236,247682.5370852687,105.60695156683767,0,0,0,20261136,6cd16bb7fe500dac,travel_aware_hybrid,2,1.0,0.98,8,3,0.5492652599849284,0.5496046686746988,0.5593163910775718,10.609904032952665,73.04534482293577,324.92277464049846,1233787.0041414779,1224783.7895534667,20413.063159224446,4.35263171176545,4128.042284754479,1.7601158594472943,50.839703488216564,1000.0,0.31456277547695677,38.579515599806214,0.0,0.0060410834903520255,0.0,0.0,0.003321759259259259,15,60,50,high_d25_source_travel_aware_hybrid,high,25,source,travel_aware_hybrid,16
11146,11144,6228,9396,9394,5351,49,11095,1,1,576.3363227976968,195.05266461949537,720754.6343893043,117707.51354268607,849017.2061539295,10555.05822194862,14081,584188.685920255,6,0.0,640.8853942323979,18.989312834387384,0,0,38,0.0,266.0,136,271.0526646194956,5886.737308185986,7182.00181247933,274308.5391550683,82.57865151456723,0,0,0,20261137,6cd16bb7fe500dac,travel_aware_hybrid,2,1.0,0.98,2,2,0.5588657573582196,0.558944912973264,0.569710515112814,10.562411480858405,76.18603788172375,381.2836581782014,1181237.2405980548,1171529.3327273221,19525.488878788703,4.517544410324927,4571.808985917804,1.3763108585761203,52.80883685646566,1000.0,0.3437570885566362,41.48772714439706,0.0,0.007417655025837938,0.0,0.0,0.0030787037037037037,15,60,50,high_d25_source_travel_aware_hybrid,high,25,source,travel_aware_hybrid,17
11582,11571,6305,9757,9750,5457,45,11526,1,1,468.70285389038366,180.69670892400802,624912.0036924289,42731.02782039309,675081.3406244143,7438.30911160442,14327,484135.94026879274,4,0.0,421.4565539819178,14.79502272752241,0,0,42,0.0,294.0,132,264.6967089240082,4336.839981577035,4730.471330557291,225052.3774191862,67.1774850449704,0,0,0,20261138,6cd16bb7fe500dac,travel_aware_hybrid,2,1.0,0.98,11,7,0.5448967245700458,0.5453289587290623,0.5600081992415702,3.6929416489839326,58.34252360421868,288.00614496637564,1242471.8371863053,1230903.5106760059,20515.058511266765,4.4116118154001365,3750.8729569864367,1.1196247507495065,35.83690401937342,1000.0,0.3097378682298304,33.791857351070895,0.0,0.004877969374790715,0.0,0.0,0.0034027777777777776,15,60,50,high_d25_source_travel_aware_hybrid,high,25,source,travel_aware_hybrid,18
10459,10452,5566,8766,8760,4810,39,10413,0,0,429.6868824155971,151.56813710192222,570369.0835632308,75871.98169033733,654198.19955809,7957.13430453219,13099,442316.50460516347,4,0.0,442.6065069898088,15.163770878563108,0,0,32,0.0,224.0,110,215.5681371019224,4132.185926308934,5378.610004778164,207140.85305747943,99.44198304615988,0,0,0,20261139,6cd16bb7fe500dac,travel_aware_hybrid,2,1.0,0.98,7,6,0.532529659395331,0.5328425279663448,0.5493953912845083,7.2590874177513705,62.5907194372455,278.1187453136749,1294860.9573353678,1284992.1753639858,21416.53625606643,3.59280228503204,3452.3475509579903,1.6573663841026647,48.8964545888924,1000.0,0.2806328014803512,33.76719632072398,0.0,0.005122760497567231,0.0,0.0,0.0025925925925925925,15,60,50,high_d25_source_travel_aware_hybrid,high,25,source,travel_aware_hybrid,19
11676,11663,6224,9844,9833,5412,42,11621,2,2,439.32808075966807,184.63932068773627,595915.4147476706,38236.55151165712,641216.241061314,7064.27480199817,14302,455774.94011972257,5,0.0,555.9550116931376,15.096554744435965,0,0,39,0.0,273.0,123,262.6393206877364,3967.3449396038604,4233.65272512286,211987.3162718006,92.21768245216353,0,0,0,20261140,6cd16bb7fe500dac,travel_aware_hybrid,2,1.0,0.98,13,11,0.53365343393638,0.5341726618705036,0.5508939455505892,3.278449070707118,54.97867110188751,254.6887600719318,1260177.47449745,1248388.926394193,20806.48210656988,4.377322011462273,3533.1219378633436,1.5369613742027255,34.4199408546574,1000.0,0.2999014030569722,31.867916383703157,0.0,0.006434664487189093,0.0,0.0,0.003159722222222222,15,60,50,high_d25_source_travel_aware_hybrid,high,25,source,travel_aware_hybrid,20
10787,10776,5693,9060,9051,4902,59,10717,2,2,588.1272141196403,247.5119104927481,629615.6307924978,118028.6806364547,758419.3819861395,10775.070557198771,13557,499287.12762093596,7,0.0,768.3221326775208,21.043730850715544,0,0,52,0.0,364.0,170,351.51191049274854,5852.870134797089,7093.373188098698,239241.81586674115,148.15277654275806,0,0,0,20261141,6cd16bb7fe500dac,travel_aware_hybrid,2,1.0,0.98,11,9,0.5283036377134372,0.5287846481876333,0.5420529801324503,10.952921365669514,70.38041777896618,340.61530362689217,1246837.777433537,1237421.1136001046,20623.68522666841,5.858531841545809,3987.363597779019,2.469212942379301,41.72572463587469,1000.0,0.30731234587025724,36.82873258249878,0.0,0.008892617276360195,0.0,0.0,0.004212962962962963,15,60,50,high_d25_source_travel_aware_hybrid,high,25,source,travel_aware_hybrid,21
11445,11442,6951,9600,9599,5952,56,11386,2,2,714.9068117362108,270.84175742254297,807214.477658464,117594.00734315706,937312.2243479895,12503.739346375976,14789,665894.8161568276,8,0.0,878.7222176828177,23.314884050416424,0,0,46,0.0,322.0,158,362.84175742254325,6603.1499337371015,8287.490982468142,310429.93201023346,125.429935710284,0,0,0,20261142,6cd16bb7fe500dac,travel_aware_hybrid,2,1.0,0.98,3,1,0.6074986890403775,0.6076015727391875,0.6201041666666667,10.277399697881233,81.91856531620255,444.0650543136678,1105570.3302021634,1095469.280848976,18257.82134748293,6.047362623709054,5173.832200170557,2.0904989285047333,52.45247457258318,1000.0,0.3857942609987981,45.0263585203075,0.0,0.010170396037995575,0.0,0.0,0.003726851851851852,15,60,50,high_d25_source_travel_aware_hybrid,high,25,source,travel_aware_hybrid,22
10468,10460,5338,8859,8853,4666,35,10425,3,3,373.5181441737295,156.56095635413274,521228.60136554076,68728.35322894446,596585.5279898542,6628.573395378809,12985,392173.4867275137,4,0.0,426.81488698088094,12.938752643665829,0,0,32,0.0,224.0,102,220.56095635413286,3515.0161080260887,4659.329584729598,186121.65725991077,85.25184385436339,0,0,0,20261143,6cd16bb7fe500dac,travel_aware_hybrid,2,1.0,0.98,8,6,0.5103250478011472,0.5106992739778372,0.5273732926966926,6.570588262805397,57.034945314517614,216.95718781959678,1333809.7880802583,1323550.7945430642,22059.17990905107,3.6760159392355476,3102.0276209985127,1.4208640642393897,45.67970181107449,1000.0,0.2589945621776343,30.202039794186657,0.0,0.00493998711783427,0.0,0.0,0.0025925925925925925,15,60,50,high_d25_source_travel_aware_hybrid,high,25,source,travel_aware_hybrid,23
11959,11948,7406,10031,10022,6373,53,11895,1,1,602.5835200843909,209.8292586362759,789774.8197810332,98920.57717904117,898801.0274934431,10105.630533379888,15099,644173.3701492379,6,0.0,638.6698183295098,21.133673905860135,0,0,48,0.0,336.0,154,305.82925863627617,5623.289801325044,6645.651629142065,299143.5732566466,139.79242543049918,0,0,0,20261144,6cd16bb7fe500dac,travel_aware_hybrid,2,1.0,0.98,11,9,0.6198526950117175,0.6202023580566937,0.6362276941481407,8.279258217194608,75.22606524049574,392.754261448115,1101575.1911694284,1090445.7102045852,18174.09517007642,5.097154310604603,4985.72622094411,2.3298737571749863,43.153582007416006,1000.0,0.38801378268365083,42.6633134743518,0.0,0.007392011786221178,0.0,0.0,0.0038888888888888888,15,60,50,high_d25_source_travel_aware_hybrid,high,25,source,travel_aware_hybrid,24
10658,10655,6424,8952,8949,5493,47,10608,0,0,576.2347411042276,191.4809501589662,707695.2919157066,170725.05548943006,888635.8542969865,10215.506891865607,13767,574250.7160152101,7,0.0,758.0326481674886,18.797455596624577,0,0,40,0.0,280.0,134,271.48095015896627,5057.538691496458,7014.918322062809,270396.40610335255,99.05451481701937,0,0,0,20261145,6cd16bb7fe500dac,travel_aware_hybrid,2,1.0,0.98,3,3,0.6029094321914594,0.6030212047288421,0.613941018766756,16.022999107407795,83.40083099924792,384.7537909452614,1180057.0889532377,1170913.21319992,19515.220219998668,4.524682502649438,4506.606768389209,1.650908580283656,52.35013673181201,1000.0,0.34441272835931236,41.71211709270067,0.0,0.008773526020457044,0.0,0.0,0.0032407407407407406,15,60,50,high_d25_source_travel_aware_hybrid,high,25,source,travel_aware_hybrid,25
11411,11401,6940,9622,9612,5968,62,11339,1,1,638.8152006540145,246.1115727673718,756678.7987949318,171877.51248839224,941528.4408189382,12972.129535624197,14574,617431.303904813,6,0.0,640.5719103131904,21.841820176820402,0,0,51,0.0,357.0,175,348.1115727673722,7072.456771601065,9049.289163932488,290368.34801442013,147.63170298704287,0,0,0,20261146,6cd16bb7fe500dac,travel_aware_hybrid,2,1.0,0.98,10,10,0.608718533461977,0.6090614319516257,0.621284556225317,15.07565235403844,82.58296998675013,392.70362788664266,1141023.7143365552,1130936.0503993595,18848.934173322657,5.80185954612287,4839.472466907002,2.460528383117381,51.71022379389993,1000.0,0.3660979364796916,42.365260320077745,0.0,0.0074140267397360005,0.0,0.0,0.004131944444444444,15,60,50,high_d25_source_travel_aware_hybrid,high,25,source,travel_aware_hybrid,26
11731,11719,6865,9831,9821,5896,53,11666,2,2,663.5932422690299,273.5987222490383,717848.8425436376,77238.78396705471,805430.2383782279,10342.611867547164,14668,575230.7151373028,6,0.0,644.1116362729479,21.802911249217637,0,0,40,0.0,280.0,146,353.5987222490386,5184.4020666242795,6377.376162185068,265883.00923302415,112.21699694312905,0,0,0,20261147,6cd16bb7fe500dac,travel_aware_hybrid,2,1.0,0.98,12,10,0.5858008362488267,0.5862245332878697,0.6007527209846404,6.590902292606426,68.72858079855175,389.9945200199916,1173102.1238321634,1162078.9146289378,19367.981910482296,5.893312037483977,4431.383487217069,1.870283282385484,43.68065864510321,1000.0,0.3482765978710204,39.21671087655459,0.0,0.007454995790196156,0.0,0.0,0.0032407407407407406,15,60,50,high_d25_source_travel_aware_hybrid,high,25,source,travel_aware_hybrid,27
11047,11041,6538,9294,9289,5580,45,10996,1,1,452.0175088825878,189.98518764239967,718878.5837354971,80125.75900522384,808969.9855635199,9965.642822802321,13975,583360.8470736105,6,0.0,649.9927111977559,16.02087160508462,0,0,36,0.0,252.0,126,261.98518764239986,5515.363123196276,6923.245676962981,272070.97369586467,118.11397678418346,0,0,0,20261148,6cd16bb7fe500dac,travel_aware_hybrid,2,1.0,0.98,6,5,0.5921565075627208,0.5923780211822214,0.600925328168711,7.257110678853712,73.269630066436,262.03232124018814,1175097.810052667,1165303.5433295902,19421.725722159837,4.366419794039998,4534.516228264411,1.968566279736391,54.946394261610955,1000.0,0.3471678833040739,41.74317331474852,0.0,0.007523063787011063,0.0,0.0,0.002916666666666667,15,60,50,high_d25_source_travel_aware_hybrid,high,25,source,travel_aware_hybrid,28
10180,10175,5508,8580,8576,4750,46,10129,0,0,543.3665398240477,185.4997494654961,614934.3619720641,139549.14969576453,765211.0101487158,10727.498480898585,13059,488741.10964942817,5,0.0,543.1269832741493,17.897653566019773,0,0,38,0.0,266.0,130,261.4997494654963,5355.00465381201,7524.084602274903,233994.78354071395,102.01517069307683,0,0,0,20261149,6cd16bb7fe500dac,travel_aware_hybrid,2,1.0,0.98,5,4,0.5413267813267814,0.5415520628683693,0.5540792540792541,13.714904147003885,75.20501328242908,357.86679035855155,1257148.4910309194,1248259.0797834066,20804.31799639011,4.358329157758272,3899.9130590118993,1.7002528448846137,57.8775738636531,1000.0,0.30158417164948925,37.42561525763291,0.0,0.006286191936043395,0.0,0.0,0.0030787037037037037,15,60,50,high_d25_source_travel_aware_hybrid,high,25,source,travel_aware_hybrid,29
10920,10910,5005,4402,4398,2445,0,10910,0,0,0.0,0.0,673323.8788575513,86501.74480527523,759825.6236628194,0.0,13659,523935.7228898313,0,0.0,0.0,0.0,0,0,0,0.0,0.0,0,0.0,0.0,0.0,245889.09981188554,0.0,0,0,0,20261120,9318427c6666d8aa,human_only,0,1.0,0.98,10,4,0.45875343721356554,0.4592490842490842,0.5563380281690141,7.928665884993147,69.64487842922267,0.0,1215981.529297401,1206057.3843157715,20100.95640526286,0.0,4098.151663531426,0.0,0.0,1000.0,0.3244547059458883,38.35827826999277,0.0,0.0,0.0,0.0,0.0,15,60,50,high_d25_balanced_human_only,high,25,balanced,human_only,0
10819,10812,4727,4312,4309,2381,0,10812,0,0,0.0,0.0,620324.9481713256,106370.20854538126,726695.156716701,0.0,13504,472683.5232627821,0,0.0,0.0,0.0,0,0,0,0.0,0.0,0,0.0,0.0,0.0,223640.53195718475,0.0,0,0,0,20261121,9318427c6666d8aa,human_only,0,1.0,0.98,7,3,0.4371994080651128,0.43756354561419725,0.5528756957328386,9.838162092617578,67.21190868633934,0.0,1260234.6275509766,1250728.625497685,20845.477091628083,0.0,3727.3421992864123,0.0,0.0,1000.0,0.29986965136056853,35.00322299043114,0.0,0.0,0.0,0.0,0.0,15,60,50,high_d25_balanced_human_only,high,25,balanced,human_only,1
12518,12507,5718,4892,4887,2762,0,12507,0,0,0.0,0.0,735800.7654919042,92166.55928817496,827967.3247800674,0.0,15492,566367.5959059787,0,0.0,0.0,0.0,0,0,0,0.0,0.0,0,0.0,0.0,0.0,265030.83440864965,0.0,0,0,0,20261122,9318427c6666d8aa,human_only,0,1.0,0.98,11,5,0.4571839769728952,0.45766096820578367,0.5656173344235487,7.3691979921783775,66.20031380667366,0.0,1155142.9730321148,1143198.9160496995,19053.315267494992,0.0,4417.180573477494,0.0,0.0,1000.0,0.3582539038710474,36.55871391079129,0.0,0.0,0.0,0.0,0.0,15,60,50,high_d25_balanced_human_only,high,25,balanced,human_only,2
10389,10385,4587,4215,4213,2301,0,10385,0,0,0.0,0.0,572334.03218848,52591.402061079534,624925.4342495498,0.0,12955,431437.7495959236,0,0.0,0.0,0.0,0,0,0,0.0,0.0,0,0.0,0.0,0.0,202317.79860895046,0.0,0,0,0,20261123,9318427c6666d8aa,human_only,0,1.0,0.98,4,2,0.4416947520462205,0.4419097121955915,0.5463819691577698,5.064169673671597,60.17577604714008,0.0,1293192.6438675104,1283763.4343017298,21396.057238362162,0.0,3371.963310149174,0.0,0.0,1000.0,0.28155964229582753,33.302798116242656,0.0,0.0,0.0,0.0,0.0,15,60,50,high_d25_balanced_human_only,high,25,balanced,human_only,3
10405,10400,4642,4163,4162,2270,0,10400,0,0,0.0,0.0,602701.8680436113,89723.58085419927,692425.4488978051,0.0,13064,460762.2327629937,0,0.0,0.0,0.0,0,0,0,0.0,0.0,0,0.0,0.0,0.0,217386.70459640122,0.0,0,0,0,20261124,9318427c6666d8aa,human_only,0,1.0,0.98,5,1,0.44634615384615384,0.4466122056703508,0.5455200576507326,8.627267389826853,66.57937008632742,0.0,1270886.7863304175,1260898.0285798374,21014.96714299729,0.0,3623.1117432733536,0.0,0.0,1000.0,0.2939517853719903,35.26961365301544,0.0,0.0,0.0,0.0,0.0,15,60,50,high_d25_balanced_human_only,high,25,balanced,human_only,4
11041,11031,4447,4345,4340,2214,0,11031,0,0,0.0,0.0,569201.2143464346,48134.845985318316,617336.0603317413,0.0,13635,421339.9755241938,0,0.0,0.0,0.0,0,0,0,0.0,0.0,0,0.0,0.0,0.0,200333.98136326054,0.0,0,0,0,20261125,9318427c6666d8aa,human_only,0,1.0,0.98,10,5,0.4031366149941075,0.40367720315188843,0.5107019562715766,4.363597677936571,55.96374402427172,0.0,1293045.268609741,1282566.85310299,21376.114218383165,0.0,3338.8996893876756,0.0,0.0,1000.0,0.28164151743903276,30.901355007274937,0.0,0.0,0.0,0.0,0.0,15,60,50,high_d25_balanced_human_only,high,25,balanced,human_only,5
11828,11822,6434,4715,4713,3010,0,11822,0,0,0.0,0.0,843615.5123416149,116488.09982036726,960103.6121619658,0.0,15189,680058.7827986522,0,0.0,0.0,0.0,0,0,0,0.0,0.0,0,0.0,0.0,0.0,314478.7367113906,0.0,0,0,0,20261126,9318427c6666d8aa,human_only,0,1.0,0.98,6,2,0.5442395533750635,0.5444707473791004,0.6388123011664899,9.853501930330507,81.21329827118642,0.0,1071106.4244950467,1060877.3825952332,17681.28970992055,0.0,5241.312278523177,0.0,0.0,1000.0,0.4049408752805296,44.77311098812642,0.0,0.0,0.0,0.0,0.0,15,60,50,high_d25_balanced_human_only,high,25,balanced,human_only,6
11430,11423,5518,4570,4565,2685,0,11423,0,0,0.0,0.0,722078.5644040448,98486.1314854474,820564.6958894806,0.0,14417,564542.8538083185,0,0.0,0.0,0.0,0,0,0,0.0,0.0,0,0.0,0.0,0.0,266213.94670567865,0.0,0,0,0,20261127,9318427c6666d8aa,human_only,0,1.0,0.98,7,5,0.4830604919898451,0.48337707786526685,0.5886214442013129,8.621739603033127,71.83443017503988,0.0,1174823.952771942,1164715.5721289814,19411.92620214969,0.0,4436.89911176131,0.0,0.0,1000.0,0.3473200262378101,39.1581364922188,0.0,0.0,0.0,0.0,0.0,15,60,50,high_d25_balanced_human_only,high,25,balanced,human_only,7
11393,11384,5254,4407,4403,2493,0,11384,0,0,0.0,0.0,669247.5029330653,125670.65390511477,794918.1568381714,0.0,14234,514434.6958468924,0,0.0,0.0,0.0,0,0,0,0.0,0.0,0,0.0,0.0,0.0,242431.35343127523,0.0,0,0,0,20261128,9318427c6666d8aa,human_only,0,1.0,0.98,9,4,0.4615249472944484,0.46195032037215833,0.5665985931472657,11.039235234110574,69.82766662317036,0.0,1208676.8671834625,1197727.417233124,19962.123620552065,0.0,4040.5225571879205,0.0,0.0,1000.0,0.3285128515647431,36.14126007073855,0.0,0.0,0.0,0.0,0.0,15,60,50,high_d25_balanced_human_only,high,25,balanced,human_only,8
11998,11991,6097,4782,4779,2902,0,11991,0,0,0.0,0.0,796380.3952138497,162552.66503861823,958933.0602524563,0.0,15157,631822.1859139876,0,0.0,0.0,0.0,0,0,0,0.0,0.0,0,0.0,0.0,0.0,292695.40530985716,0.0,0,0,0,20261129,9318427c6666d8aa,human_only,0,1.0,0.98,7,3,0.5084646818447168,0.5087514585764294,0.6074864073609368,13.55622258682497,79.97106665436213,0.0,1110691.8259033253,1099593.3545537712,18326.55590922952,0.0,4878.256755164286,0.0,0.0,1000.0,0.3829489856092637,41.68517423724929,0.0,0.0,0.0,0.0,0.0,15,60,50,high_d25_balanced_human_only,high,25,balanced,human_only,9
10742,10733,4911,4260,4258,2362,0,10733,0,0,0.0,0.0,628982.8703047882,92810.8765766455,721793.7468814289,0.0,13504,481785.5002497899,0,0.0,0.0,0.0,0,0,0,0.0,0.0,0,0.0,0.0,0.0,226382.08907381492,0.0,0,0,0,20261130,9318427c6666d8aa,human_only,0,1.0,0.98,9,2,0.4575607938134725,0.4580152671755725,0.5549295774647888,8.647244626539225,67.24995312414319,0.0,1243002.7868391217,1232688.229736429,20544.803828940483,0.0,3773.0348178969152,0.0,0.0,1000.0,0.3094428962004879,35.677243798118326,0.0,0.0,0.0,0.0,0.0,15,60,50,high_d25_balanced_human_only,high,25,balanced,human_only,10
9340,9333,3900,3731,3730,1942,0,9333,0,0,0.0,0.0,535532.1116964213,56654.556765454116,592186.6684618642,0.0,11789,405873.8805990446,0,0.0,0.0,0.0,0,0,0,0.0,0.0,0,0.0,0.0,0.0,194037.07364740476,0.0,0,0,0,20261131,9318427c6666d8aa,human_only,0,1.0,0.98,7,1,0.4178720668595307,0.4183083511777302,0.5207719110158134,6.070347880151518,63.45083772226125,0.0,1333044.7165261284,1325115.1090916428,22085.251818194047,0.0,3233.951227456746,0.0,0.0,1000.0,0.25941960192992874,34.42818564755659,0.0,0.0,0.0,0.0,0.0,15,60,50,high_d25_balanced_human_only,high,25,balanced,human_only,11
10130,10122,4160,4100,4097,2088,0,10122,0,0,0.0,0.0,543359.9556638218,95995.40791621486,639355.3635800297,0.0,12634,405273.8078121441,0,0.0,0.0,0.0,0,0,0,0.0,0.0,0,0.0,0.0,0.0,193221.79560813846,0.0,0,0,0,20261132,9318427c6666d8aa,human_only,0,1.0,0.98,8,3,0.41098597115194624,0.4114511352418559,0.51,9.48383796840692,63.16492428176543,0.0,1324926.1810646583,1316300.4672609707,21938.34112101618,0.0,3220.363260135641,0.0,0.0,1000.0,0.2639298994085232,32.078028163063486,0.0,0.0,0.0,0.0,0.0,15,60,50,high_d25_balanced_human_only,high,25,balanced,human_only,12
9975,9970,4142,3996,3995,1983,0,9970,0,0,0.0,0.0,577996.4718221165,73322.97917842734,651319.4510005385,0.0,12544,440183.39302983216,0,0.0,0.0,0.0,0,0,0,0.0,0.0,0,0.0,0.0,0.0,212034.93484992048,0.0,0,0,0,20261133,9318427c6666d8aa,human_only,0,1.0,0.98,5,1,0.41544633901705114,0.4157393483709273,0.4964964964964965,7.35436100084527,65.32792888671399,0.0,1298537.491128566,1290237.0729236368,21503.951215393947,0.0,3533.915580832008,0.0,0.0,1000.0,0.2785902827063522,35.09115059230167,0.0,0.0,0.0,0.0,0.0,15,60,50,high_d25_balanced_human_only,high,25,balanced,human_only,13
11917,11913,5679,4640,4639,2664,0,11913,0,0,0.0,0.0,732532.9333831032,69773.11819477624,802306.0515778692,0.0,14832,571721.655257607,0,0.0,0.0,0.0,0,0,0,0.0,0.0,0,0.0,0.0,0.0,264924.3231697592,0.0,0,0,0,20261134,9318427c6666d8aa,human_only,0,1.0,0.98,4,1,0.47670611936539914,0.4768817655450197,0.5743534482758621,5.856888961200053,67.34710413647858,0.0,1166504.7353423133,1155020.4666043117,19250.341110071862,0.0,4415.4053861626535,0.0,0.0,1000.0,0.3519418136987148,38.54649779244923,0.0,0.0,0.0,0.0,0.0,15,60,50,high_d25_balanced_human_only,high,25,balanced,human_only,14
10733,10729,4200,4241,4239,2097,0,10729,0,0,0.0,0.0,559638.2776622416,70698.2908158467,630336.5684780807,0.0,13156,414582.0261972806,0,0.0,0.0,0.0,0,0,0,0.0,0.0,0,0.0,0.0,0.0,199487.9128492986,0.0,0,0,0,20261135,9318427c6666d8aa,human_only,0,1.0,0.98,4,2,0.3914623916488023,0.3916891828938787,0.49493044093374206,6.589457621012834,58.750728723840126,0.0,1312286.0239688358,1303035.5196497394,21717.25866082899,0.0,3324.79854748831,0.0,0.0,1000.0,0.2709522089062023,31.512771830136867,0.0,0.0,0.0,0.0,0.0,15,60,50,high_d25_balanced_human_only,high,25,balanced,human_only,15
10624,10617,4839,4117,4112,2263,0,10617,0,0,0.0,0.0,658160.2089677616,108173.98166507838,766334.1906328287,0.0,13439,511747.4884273839,0,0.0,0.0,0.0,0,0,0,0.0,0.0,0,0.0,0.0,0.0,241759.6130477608,0.0,0,0,0,20261136,9318427c6666d8aa,human_only,0,1.0,0.98,7,5,0.45577846849392484,0.45613704819277107,0.5508865678892397,10.18875215833836,72.17991811555324,0.0,1234166.242411063,1225440.8690884039,20424.014484806732,0.0,4029.3268841293466,0.0,0.0,1000.0,0.31435208754940946,38.079283311807714,0.0,0.0,0.0,0.0,0.0,15,60,50,high_d25_balanced_human_only,high,25,balanced,human_only,16
11146,11142,5467,4462,4460,2587,0,11142,0,0,0.0,0.0,752660.7198126606,126859.5075634215,879520.2273760712,0.0,14137,598039.0704365658,0,0.0,0.0,0.0,0,0,0,0.0,0.0,0,0.0,0.0,0.0,282015.72114908695,0.0,0,0,0,20261137,9318427c6666d8aa,human_only,0,1.0,0.98,4,2,0.4906659486627176,0.49084873497218734,0.5802330793366204,11.385703425185918,78.93737456256248,0.0,1157892.219893929,1148563.3847787282,19142.72307964547,0.0,4700.262019151449,0.0,0.0,1000.0,0.3567265445033727,42.30311030887499,0.0,0.0,0.0,0.0,0.0,15,60,50,high_d25_balanced_human_only,high,25,balanced,human_only,17
11582,11572,5236,4675,4673,2634,0,11572,0,0,0.0,0.0,657314.9691965848,51620.67006576323,708935.6392623343,0.0,14387,501288.1123414798,0,0.0,0.0,0.0,0,0,0,0.0,0.0,0,0.0,0.0,0.0,234068.04381401784,0.0,0,0,0,20261138,9318427c6666d8aa,human_only,0,1.0,0.98,10,2,0.4524714828897338,0.45294422379554483,0.5638502673796791,4.4608252735709675,61.263017565013335,0.0,1221222.9226049895,1210062.379022429,20167.706317040484,0.0,3901.134063566964,0.0,0.0,1000.0,0.32154282077500584,34.84313007169526,0.0,0.0,0.0,0.0,0.0,15,60,50,high_d25_balanced_human_only,high,25,balanced,human_only,18
10459,10452,4523,4179,4176,2222,0,10452,0,0,0.0,0.0,584188.7989276783,76508.56857128741,660697.3674989525,0.0,13077,442409.5107607626,0,0.0,0.0,0.0,0,0,0,0.0,0.0,0,0.0,0.0,0.0,208570.21796113267,0.0,0,0,0,20261139,9318427c6666d8aa,human_only,0,1.0,0.98,7,3,0.4327401454267126,0.4331198011282149,0.5324240248863364,7.319993166024436,63.21253037686113,0.0,1287724.8020968554,1278161.9977336898,21302.699962228166,0.0,3476.1702993522113,0.0,0.0,1000.0,0.28459733216841365,33.831116522196425,0.0,0.0,0.0,0.0,0.0,15,60,50,high_d25_balanced_human_only,high,25,balanced,human_only,19
11676,11668,5092,4600,4596,2501,0,11668,0,0,0.0,0.0,613222.3022690614,41149.65126053255,654371.9535295847,0.0,14303,458214.9942944925,0,0.0,0.0,0.0,0,0,0,0.0,0.0,0,0.0,0.0,0.0,213409.60090889703,0.0,0,0,0,20261140,9318427c6666d8aa,human_only,0,1.0,0.98,8,4,0.4364072677408296,0.4367934224049332,0.5445652173913044,3.526709912627061,56.08261514651908,0.0,1248152.9643099178,1236391.8783788076,20606.53130631346,0.0,3556.8266818149505,0.0,0.0,1000.0,0.30658168649449014,32.03628569492362,0.0,0.0,0.0,0.0,0.0,15,60,50,high_d25_balanced_human_only,high,25,balanced,human_only,20
10787,10779,4821,4266,4262,2276,0,10779,0,0,0.0,0.0,651138.7121576412,123610.07569953868,774748.78785717,0.0,13555,503778.90481941414,0,0.0,0.0,0.0,0,0,0,0.0,0.0,0,0.0,0.0,0.0,240830.17547651284,0.0,0,0,0,20261141,9318427c6666d8aa,human_only,0,1.0,0.98,8,4,0.44725855830782074,0.4476684898488922,0.5344585091420534,11.46767563777147,71.87575729262176,0.0,1233804.3355569234,1224458.2339576867,20407.637232628113,0.0,4013.836257941881,0.0,0.0,1000.0,0.3145531469128203,37.16554074654476,0.0,0.0,0.0,0.0,0.0,15,60,50,high_d25_balanced_human_only,high,25,balanced,human_only,21
11445,11440,6049,4662,4659,2885,0,11440,0,0,0.0,0.0,835413.3878806643,131451.19816120627,966864.5860418619,0.0,14789,675101.1455487423,0,0.0,0.0,0.0,0,0,0,0.0,0.0,0,0.0,0.0,0.0,315007.8851255689,0.0,0,0,0,20261142,9318427c6666d8aa,human_only,0,1.0,0.98,5,3,0.5287587412587412,0.528964613368283,0.6194766194766195,11.490489349755793,84.51613514351939,0.0,1088858.6090250758,1079320.6241807449,17988.67706967908,0.0,5250.131418759482,0.0,0.0,1000.0,0.39507855054162455,45.64887048135386,0.0,0.0,0.0,0.0,0.0,15,60,50,high_d25_balanced_human_only,high,25,balanced,human_only,22
10468,10457,4374,4240,4237,2217,0,10457,0,0,0.0,0.0,527865.7252135357,68059.46624776843,595925.1914612872,0.0,12958,386794.823242845,0,0.0,0.0,0.0,0,0,0,0.0,0.0,0,0.0,0.0,0.0,183864.96436057094,0.0,0,0,0,20261143,9318427c6666d8aa,human_only,0,1.0,0.98,11,3,0.4182844027923879,0.4188956820787161,0.5235849056603774,6.508507817516346,56.98816022389664,0.0,1331501.0123882892,1321620.822278445,22027.013704640747,0.0,3064.4160726761825,0.0,0.0,1000.0,0.2602772153398393,29.849886035101484,0.0,0.0,0.0,0.0,0.0,15,60,50,high_d25_balanced_human_only,high,25,balanced,human_only,23
11959,11951,6266,4865,4860,3028,0,11951,0,0,0.0,0.0,811262.2550251131,98423.22603063792,909685.4810557422,0.0,15067,648273.7949160518,0,0.0,0.0,0.0,0,0,0,0.0,0.0,0,0.0,0.0,0.0,301559.35171431187,0.0,0,0,0,20261144,9318427c6666d8aa,human_only,0,1.0,0.98,8,5,0.5243075893230692,0.52462580483318,0.6234326824254882,8.235564055780932,76.11793833618461,0.0,1093087.3157964917,1082012.8384308254,18033.547307180423,0.0,5025.9891952385315,0.0,0.0,1000.0,0.39272926900194904,43.02606988226268,0.0,0.0,0.0,0.0,0.0,15,60,50,high_d25_balanced_human_only,high,25,balanced,human_only,24
10658,10653,5429,4335,4334,2643,0,10653,0,0,0.0,0.0,710827.5461923887,169086.58712924377,879914.1333216212,0.0,13682,562749.3442095326,0,0.0,0.0,0.0,0,0,0,0.0,0.0,0,0.0,0.0,0.0,263485.08967810514,0.0,0,0,0,20261145,9318427c6666d8aa,human_only,0,1.0,0.98,5,1,0.5096217028067211,0.5098517545505723,0.609919261822376,15.872203804491107,82.59777840248017,0.0,1183360.1579798684,1174148.266208842,19569.137770147365,0.0,4391.418161301753,0.0,0.0,1000.0,0.3425776900111842,41.13063471784334,0.0,0.0,0.0,0.0,0.0,15,60,50,high_d25_balanced_human_only,high,25,balanced,human_only,25
11411,11402,5895,4515,4512,2769,0,11402,0,0,0.0,0.0,773156.7592976332,177970.42762298379,951127.186920606,0.0,14546,614845.290097357,0,0.0,0.0,0.0,0,0,0,0.0,0.0,0,0.0,0.0,0.0,289614.8525880948,0.0,0,0,0,20261146,9318427c6666d8aa,human_only,0,1.0,0.98,9,3,0.5170145588493247,0.5173954955744458,0.6139534883720931,15.608702650673898,83.41757471676951,0.0,1133064.222211526,1123107.3869085393,18718.456448475656,0.0,4826.914209801579,0.0,0.0,1000.0,0.3705198765491522,42.26902860562058,0.0,0.0,0.0,0.0,0.0,15,60,50,high_d25_balanced_human_only,high,25,balanced,human_only,26
11731,11722,5757,4692,4690,2833,0,11722,0,0,0.0,0.0,740580.3728189198,83759.04506710471,824339.4178860129,0.0,14714,581103.1246994943,0,0.0,0.0,0.0,0,0,0,0.0,0.0,0,0.0,0.0,0.0,270448.4791702831,0.0,0,0,0,20261147,9318427c6666d8aa,human_only,0,1.0,0.98,9,2,0.4911277938918273,0.49151819964197424,0.6042199488491049,7.1454568390295785,70.32412710169024,0.0,1158366.9125252261,1147540.3952550024,19125.67325425004,0.0,4507.474652838052,0.0,0.0,1000.0,0.35646282637487436,39.49321222641663,0.0,0.0,0.0,0.0,0.0,15,60,50,high_d25_balanced_human_only,high,25,balanced,human_only,27
11047,11039,5487,4371,4368,2613,0,11039,0,0,0.0,0.0,721279.5397567309,83320.4532898897,804599.9930466108,0.0,13879,570265.129755171,0,0.0,0.0,0.0,0,0,0,0.0,0.0,0,0.0,0.0,0.0,264243.8203628568,0.0,0,0,0,20261148,9318427c6666d8aa,human_only,0,1.0,0.98,8,3,0.497055892743908,0.4974201140581153,0.5984900480439259,7.547826188050521,72.8870362393886,0.0,1176638.2648653213,1167093.0882117224,19451.551470195373,0.0,4404.06367271428,0.0,0.0,1000.0,0.3463120750748214,41.088344243473664,0.0,0.0,0.0,0.0,0.0,15,60,50,high_d25_balanced_human_only,high,25,balanced,human_only,28
10180,10172,4638,3980,3977,2173,0,10172,0,0,0.0,0.0,624647.6963043985,135153.75905146886,759801.4553558568,0.0,13002,483123.3188621471,0,0.0,0.0,0.0,0,0,0,0.0,0.0,0,0.0,0.0,0.0,230646.14122139357,0.0,0,0,0,20261149,9318427c6666d8aa,human_only,0,1.0,0.98,8,3,0.45595753047581594,0.45638506876227897,0.5467336683417086,13.286842218980423,74.69538491504687,0.0,1256863.2294510105,1248273.7666926945,20804.562778211573,0.0,3844.102353689893,0.0,0.0,1000.0,0.30174265030499414,37.157615663909176,0.0,0.0,0.0,0.0,0.0,15,60,50,high_d25_balanced_human_only,high,25,balanced,human_only,29
10920,10911,5075,4402,4400,2471,14,10897,1,1,128.70563556703277,77.52330328945847,678175.9419953622,90896.1319675094,773174.9126597495,4102.838696887024,13714,531470.4693618859,1,0.0,112.9242427646234,5.810271546969321,0,0,2,0.0,14.0,30,81.52330328945847,1366.7809812862592,2571.1305397784363,249839.45951545806,86.99215751042527,0,0,0,20261120,188b0a82e2661cc7,adaptive_hybrid,2,1.0,0.98,9,2,0.46512693611951245,0.4655677655677656,0.5617900954111767,8.330687560032022,70.86196614973417,51.182332277574304,1212472.284244236,1202888.952650304,20048.1492108384,1.3587217214909744,4163.990991924301,1.4498692918404212,85.70435132594788,1000.0,0.32640428653097997,38.753862429771466,0.0,0.0013069935505164746,0.0,0.0,0.00016203703703703703,15,60,50,high_d25_balanced_adaptive_hybrid,high,25,balanced,adaptive_hybrid,0
10819,10809,4704,4312,4307,2358,10,10799,1,1,93.25264553488381,65.69123826936547,616643.5210641201,106915.58826704766,727611.8031033941,4052.693772233397,13495,471174.63115345396,1,0.0,114.70956689892272,4.2191451141793745,0,0,0,0.0,0.0,20,65.69123826936547,798.6465645207709,2635.5717849739685,222141.86303017905,65.53050897154436,0,0,0,20261121,188b0a82e2661cc7,adaptive_hybrid,2,1.0,0.98,10,5,0.43519289480988066,0.4357149459284592,0.5480055658627088,9.891348715611773,67.31536711105505,27.56140726551834,1263779.8201398377,1254238.1065263618,20903.96844210603,1.0948539711560912,3702.3643838363178,1.0921751495257395,131.77858924869844,1000.0,0.29790009992231237,34.914755920967316,0.0,0.001327657024293087,0.0,0.0,0.0,15,60,50,high_d25_balanced_adaptive_hybrid,high,25,balanced,adaptive_hybrid,1
12518,12505,5702,4892,4885,2761,51,12454,1,1,437.66090389265435,265.5946966480354,726637.6473095505,84351.21643734067,816828.0612501892,5839.197503311068,15507,561846.4451587454,5,0.0,531.2860899724405,20.064120250542413,0,0,37,0.0,259.0,139,339.5946966480358,1561.4049792987569,2820.6177059475885,262432.56901943893,302.2926331117781,0,0,0,20261122,188b0a82e2661cc7,adaptive_hybrid,2,1.0,0.98,13,7,0.4559776089564174,0.4565425786866912,0.5658217497955846,6.745399155325123,65.32011685327383,172.06620724461897,1160397.315728355,1148501.1656920807,19141.68609486801,5.659911610800596,4373.876150323982,5.038210551862969,20.292213711853154,1000.0,0.35533482459535837,36.23179500604536,0.0,0.00614914455986621,0.0,0.0,0.0029976851851851853,15,60,50,high_d25_balanced_adaptive_hybrid,high,25,balanced,adaptive_hybrid,2
10389,10384,4533,4215,4212,2293,9,10375,1,1,82.14319340588497,95.91709891844765,564132.305440587,50411.96090344012,617419.0977059609,2874.8313619443397,12952,425275.2668137178,1,0.0,101.96227609981736,4.04106189034731,0,0,2,0.0,14.0,20,99.91709891844765,967.4148280826881,1631.789213720138,200348.86874568454,68.41306059923048,0,0,0,20261123,188b0a82e2661cc7,adaptive_hybrid,2,1.0,0.98,5,3,0.43653697996918334,0.4368081624795457,0.5447212336892052,4.854772814275821,59.45869584995771,-13.773905512562678,1301637.518984589,1291811.2103351578,21530.186838919297,1.6652849819741276,3339.1478124280757,1.1402176766538412,81.5894606860069,1000.0,0.27686804500856166,32.83471794423392,0.0,0.0011801189363404786,0.0,0.0,0.00016203703703703703,15,60,50,high_d25_balanced_adaptive_hybrid,high,25,balanced,adaptive_hybrid,3
10405,10401,4646,4163,4163,2284,7,10394,1,1,61.65365251303628,69.5251191136615,599561.2240248306,85697.41121609937,687894.7969123847,2636.161671461099,13074,459259.9505173651,1,0.0,116.90478560896788,2.9818238263010928,0,0,0,0.0,0.0,14,69.5251191136615,564.7381469784715,1568.1916920947697,216089.3511774585,46.09313116039173,0,0,0,20261124,188b0a82e2661cc7,adaptive_hybrid,2,1.0,0.98,4,0,0.4466878184789924,0.44690052859202306,0.5486428056689887,8.239343449293276,66.13737110973797,-7.871466600625226,1271608.139533402,1261704.4331113962,21028.40721852327,1.1587519852276917,3601.489186290975,0.7682188526731955,112.01369229248355,1000.0,0.2935510335925545,35.12773064994379,0.0,0.0013530646482519432,0.0,0.0,0.0,15,60,50,high_d25_balanced_adaptive_hybrid,high,25,balanced,adaptive_hybrid,4
11041,11034,4413,4345,4341,2196,14,11020,1,1,108.53849498635914,84.40087494507964,563837.2638633499,47931.25680513719,615470.7119762646,3702.1913077883873,13629,418820.42966484226,1,0.0,119.4378592038155,4.836487912988344,0,0,2,0.0,14.0,30,88.40087494507961,1379.0198017786358,2204.3123606175577,198724.15299863194,78.64501370443324,0,0,0,20261125,188b0a82e2661cc7,adaptive_hybrid,2,1.0,0.98,7,4,0.39994562262098965,0.40032605742233496,0.5063291139240507,4.343960196224143,55.77947362482006,24.137620041279504,1298003.994680487,1287577.121285029,21459.618688083818,1.4733479157513267,3312.0692166438657,1.3107502284072206,73.47707868725192,1000.0,0.27888666962195163,30.730092425331446,0.0,0.0013823826296737907,0.0,0.0,0.00016203703703703703,15,60,50,high_d25_balanced_adaptive_hybrid,high,25,balanced,adaptive_hybrid,5
11828,11821,6401,4715,4712,3003,17,11804,1,1,164.2928102885214,111.17021011036596,832506.8914972498,114800.35757840285,952622.9780803949,5315.72900475094,15183,672418.2239538049,2,0.0,215.18679200527583,7.1540473709969605,0,0,1,0.0,7.0,35,113.17021011036596,1403.2411662249888,3174.162732531995,311250.361316233,101.762829879121,0,0,0,20261126,188b0a82e2661cc7,adaptive_hybrid,2,1.0,0.98,7,3,0.5414939514423484,0.5417653026716267,0.6375397667020148,9.711560576804233,80.58734270200448,53.12260017815544,1077245.909319293,1066999.7220357107,17783.32870059518,1.8861701685060992,5187.506021937216,1.6960471646520168,90.69036378662842,1000.0,0.4015300503781706,44.28757320383356,0.0,0.0024905878704314334,0.0,0.0,8.101851851851852e-05,15,60,50,high_d25_balanced_adaptive_hybrid,high,25,balanced,adaptive_hybrid,6
11430,11425,5462,4570,4567,2678,14,11411,1,1,119.05183398904197,79.99543604299808,708001.0009028496,90426.3795037028,802884.1424983264,4456.762091782872,14389,553946.8574511234,1,0.0,104.85974049680685,5.301153344551688,0,0,2,0.0,14.0,30,83.99543604299808,1342.2135593945188,2816.0888495394174,260942.89365047467,79.9185867922796,0,0,0,20261127,188b0a82e2661cc7,adaptive_hybrid,2,1.0,0.98,5,3,0.47807439824945297,0.47830271216097986,0.5866520787746171,7.914781575816438,70.27432319460188,39.05639794604389,1182239.7586780465,1171715.5649186217,19528.592748643696,1.399923934049968,4349.048227507911,1.3319764465379933,93.86962831798058,1000.0,0.34320013406775196,38.49793991598606,0.0,0.0012136544038982274,0.0,0.0,0.00016203703703703703,15,60,50,high_d25_balanced_adaptive_hybrid,high,25,balanced,adaptive_hybrid,7
11393,11386,5197,4407,4404,2480,12,11374,1,1,107.6244134433332,61.82221350355369,654327.9284655346,122073.27934282893,780175.1520279805,3773.9442196264226,14202,501708.2122176462,0,0.0,0.0,4.359296812535965,0,0,5,0.0,35.0,29,71.82221350355368,1170.5360348946604,2862.259343070453,236138.8617927668,54.11711185923375,0,0,0,20261128,188b0a82e2661cc7,adaptive_hybrid,2,1.0,0.98,7,3,0.4564377305462849,0.45677170192223293,0.5634218289085545,10.7213489674011,68.52056490672585,45.802199939779506,1218367.809583467,1207720.132516566,20128.6688752761,1.1970368917258947,3935.6476965461134,0.9019518643205625,98.69859803691216,1000.0,0.32312899467585166,35.32658866481103,0.0,0.0,0.0,0.0,0.0004050925925925926,15,60,50,high_d25_balanced_adaptive_hybrid,high,25,balanced,adaptive_hybrid,8
11998,11990,6091,4782,4778,2899,16,11974,0,0,152.31434821889735,86.50618908852316,790242.8376183489,152543.42846710753,948403.28628133,5617.020195885043,15131,629222.1953409747,2,0.0,221.56192905941623,6.62427567172693,0,0,1,0.0,7.0,33,88.50618908852316,1286.237284353046,3237.5555923721513,290513.0039146653,91.89388189202543,0,0,0,20261129,188b0a82e2661cc7,adaptive_hybrid,2,1.0,0.98,8,4,0.5080066722268557,0.5083347224537423,0.6070681723128398,12.722554501009803,79.09952345966056,65.8081591303742,1112449.426339648,1101048.4885246423,18350.80814207737,1.475103151475386,4841.8833985777555,1.5315646982004238,98.10774522339852,1000.0,0.38197254092241784,41.58497094316137,0.0,0.0025643741789284284,0.0,0.0,8.101851851851852e-05,15,60,50,high_d25_balanced_adaptive_hybrid,high,25,balanced,adaptive_hybrid,9
10742,10732,4936,4260,4259,2395,16,10716,0,0,161.32925803914912,77.39056929297743,627325.7145424552,96405.40600429114,727744.7132583554,4013.592711613992,13496,482367.0171587634,1,0.0,115.60414158108527,7.052329607785757,0,0,6,0.0,42.0,38,89.39056929297743,867.0940974213365,2436.5116945459977,225536.9967925348,100.0878881442305,0,0,0,20261130,188b0a82e2661cc7,adaptive_hybrid,2,1.0,0.98,10,1,0.4599329109206113,0.46043567305902067,0.5624413145539906,8.982986023508307,67.81072617017847,83.93868874617169,1244341.9426892817,1233851.2665333233,20564.18777555539,1.4898428215496238,3758.949946542247,1.6681314690705085,64.11872880384205,1000.0,0.30869892072817684,35.74148022812414,0.0,0.0013380108979292277,0.0,0.0,0.0004861111111111111,15,60,50,high_d25_balanced_adaptive_hybrid,high,25,balanced,adaptive_hybrid,10
9340,9328,3768,3731,3729,1902,11,9317,0,0,105.0754398848417,58.12886482252906,514891.8457463699,49265.598407867474,566851.6942825359,2694.2501283054917,11721,387881.70630572794,1,0.0,101.40748620797261,4.284173065501292,0,0,2,0.0,14.0,24,62.12886482252906,652.4555203255314,1337.4425135596812,184497.5788778403,55.395775786814404,0,0,0,20261131,188b0a82e2661cc7,adaptive_hybrid,2,1.0,0.98,12,2,0.4039451114922813,0.40471092077087795,0.5103189493433395,5.281474957961779,60.768835150357624,46.94657506231264,1349190.0028904171,1340997.2093848668,22349.95348974778,1.0354810803754844,3074.959647964005,0.92326292978024,55.72677139832005,1000.0,0.25044999839421267,33.092885104148785,0.0,0.00117369775703672,0.0,0.0,0.00016203703703703703,15,60,50,high_d25_balanced_adaptive_hybrid,high,25,balanced,adaptive_hybrid,11
10130,10123,4168,4100,4099,2079,11,10112,0,0,105.21085721948849,63.60258553715761,549911.5900753143,89452.50156227872,643033.3772772535,3669.285639669157,12676,413557.62675419694,1,0.0,106.59899016933853,4.605293291067496,0,0,0,0.0,0.0,22,63.60258553715761,615.48189174959,2337.4898698655707,196994.33557932102,65.01258810258443,0,0,0,20261132,188b0a82e2661cc7,adaptive_hybrid,2,1.0,0.98,7,1,0.4117356514867134,0.412142152023692,0.5073170731707317,8.836560462538646,63.5220169196141,41.60827168233088,1319478.4992643138,1310597.821066155,21843.29701776925,1.06004309228596,3283.238926322017,1.0835431350430738,106.24953953934413,1000.0,0.26695638929760346,32.625246667260726,0.0,0.0012337846084414183,0.0,0.0,0.0,15,60,50,high_d25_balanced_adaptive_hybrid,high,25,balanced,adaptive_hybrid,12
9975,9971,4107,3996,3996,1959,12,9959,0,0,95.7462425144048,64.59906791269228,572865.8377695209,73614.02579617719,650303.9649317255,3824.1013660332064,12523,437604.51564653526,0,0.0,0.0,4.238214965447136,0,0,1,0.0,7.0,25,66.59906791269228,1413.5403904459658,2569.172603323901,208874.2417471339,66.27991697881156,0,0,0,20261133,188b0a82e2661cc7,adaptive_hybrid,2,1.0,0.98,4,0,0.4118944940326948,0.41213032581453635,0.49024024024024027,7.382812736553724,65.21953313927645,31.14717460171252,1301972.1826751805,1293545.299948786,21559.088332479765,1.109984465211538,3481.2373624522315,1.1046652829801926,102.76690413295604,1000.0,0.27668212073601084,34.94406417364332,0.0,0.0,0.0,0.0,8.101851851851852e-05,15,60,50,high_d25_balanced_adaptive_hybrid,high,25,balanced,adaptive_hybrid,13
11917,11913,5755,4640,4638,2699,11,11902,0,0,96.72805613748059,66.81286585038589,728768.5746734652,72442.98158445572,805262.5826532257,4051.0263953166814,14852,570942.275057649,1,0.0,100.73315136945935,4.35862449368234,0,0,0,0.0,0.0,22,66.81286585038589,896.3086014721622,2065.106959758252,264202.61031838943,70.21318339002845,0,0,0,20261134,188b0a82e2661cc7,adaptive_hybrid,2,1.0,0.98,4,2,0.4830857046923529,0.4832592095326005,0.5821120689655173,6.0810023994338716,67.59528100841314,29.915190287094703,1166757.4367127996,1155089.1178021876,19251.485296703126,1.1135477641730982,4403.376838639824,1.1702197231671407,93.86849817082962,1000.0,0.3518014240484447,38.4421138606012,0.0,0.0011658929556650388,0.0,0.0,0.0,15,60,50,high_d25_balanced_adaptive_hybrid,high,25,balanced,adaptive_hybrid,14
10733,10727,4127,4241,4238,2071,10,10717,0,0,88.97690873048995,53.66175096197831,554618.9927064178,69830.3059430522,627672.2989120041,3223.000262540463,13128,411986.4172376165,0,0.0,0.0,3.7278854787298243,0,0,2,0.0,14.0,22,57.66175096197831,1089.1877309150177,2114.097265245633,198365.65104701836,48.84836890025845,0,0,0,20261135,188b0a82e2661cc7,adaptive_hybrid,2,1.0,0.98,6,3,0.3847301202572947,0.3850740706233113,0.48903560481018626,6.509770293936068,58.51331210142669,35.31515776851164,1316655.5056647256,1307338.531144267,21788.975519071115,0.9610291826996386,3306.0941841169724,0.8141394816709742,96.09533023843787,1000.0,0.2685247190751525,31.38226822346256,0.0,0.0,0.0,0.0,0.00016203703703703703,15,60,50,high_d25_balanced_adaptive_hybrid,high,25,balanced,adaptive_hybrid,15
10624,10619,4872,4117,4114,2283,12,10607,0,0,96.10091714729646,66.09012410851989,661651.216363816,114329.68622357308,780531.1135511798,4550.210963797572,13522,517596.38447494636,1,0.0,108.49026729191553,4.422585883303792,0,0,2,0.0,14.0,26,70.09012410851989,1416.9787036048463,3140.432733711801,245294.4728769458,64.89465639487088,0,0,0,20261136,188b0a82e2661cc7,adaptive_hybrid,2,1.0,0.98,5,3,0.45880026367831245,0.45905496987951805,0.5552586835074083,10.76652097406282,73.50325958670118,30.01079303877657,1228227.6014276014,1219631.702629473,20327.19504382455,1.168168735141998,4088.2412146157635,1.0815776065811813,120.78587437353082,1000.0,0.3176513325402215,38.27809380823446,0.0,0.001255674389952726,0.0,0.0,0.00016203703703703703,15,60,50,high_d25_balanced_adaptive_hybrid,high,25,balanced,adaptive_hybrid,16
11146,11142,5407,4462,4460,2569,16,11126,0,0,132.3898984547085,84.95573045637819,745009.0098892689,121863.07210286913,872304.4486847196,5432.36669259006,14119,593931.192160522,2,0.0,225.23410840170004,5.289687801160755,0,0,3,0.0,21.0,35,90.95573045637819,1961.2311383465678,3804.06754722965,279550.8510446569,62.57596945476437,0,0,0,20261137,188b0a82e2661cc7,adaptive_hybrid,2,1.0,0.98,4,2,0.48528091904505477,0.4854656378970034,0.5761990138951143,10.937270876222325,78.28975486310533,47.434167998330295,1162257.2400883143,1152655.3106002007,19210.921843336677,1.5159288409396365,4659.180850744281,1.042932824246073,108.68764420656142,1000.0,0.35430153328426983,42.06609477728748,0.0,0.002606876254649306,0.0,0.0,0.00024305555555555555,15,60,50,high_d25_balanced_adaptive_hybrid,high,25,balanced,adaptive_hybrid,17
11582,11574,5227,4675,4673,2645,13,11561,1,1,132.2582775307467,81.2250283302417,646127.6213517786,48457.801035674274,697597.6815516794,3012.259164235438,14347,492782.973391947,1,0.0,102.35445716769821,5.3631249543883746,0,0,5,0.0,35.0,31,91.2250283302417,987.0595607465007,1638.5644337002323,227523.92931108247,68.90695773535062,0,0,0,20261138,188b0a82e2661cc7,adaptive_hybrid,2,1.0,0.98,8,2,0.45161569034041815,0.45199447418407873,0.5662032085561497,4.186780804879408,60.27282543214786,51.03324920050501,1229684.660015294,1218456.3249924271,20307.605416540453,1.5204171388373617,3792.065488518041,1.148449295589177,52.85691721613652,1000.0,0.3168418555470588,34.347457544570084,0.0,0.0011846580690705812,0.0,0.0,0.0004050925925925926,15,60,50,high_d25_balanced_adaptive_hybrid,high,25,balanced,adaptive_hybrid,18
10459,10453,4589,4179,4178,2251,10,10443,0,0,89.67545480006805,55.918218175168114,591712.7922624432,76148.23082123784,671153.5694835123,3292.546399839841,13118,451750.54992304865,1,0.0,109.43860276664593,4.003008362399625,0,0,1,0.0,7.0,21,57.918218175168114,765.7537581360849,1884.203841759434,212209.81121591848,56.737043126604505,0,0,0,20261139,188b0a82e2661cc7,adaptive_hybrid,2,1.0,0.98,6,1,0.43901272362001337,0.4393345444115116,0.5388849006939459,7.284820704222505,64.20678938902824,33.75723662489994,1280462.18829871,1270732.4204956288,21178.87367492715,0.9653036362528019,3536.830186931975,0.9456173854434085,89.72399246473495,1000.0,0.28863211761182783,34.437456161232554,0.0,0.0012666504949843279,0.0,0.0,8.101851851851852e-05,15,60,50,high_d25_balanced_adaptive_hybrid,high,25,balanced,adaptive_hybrid,19
11676,11665,4981,4600,4596,2474,22,11643,1,1,188.57663985871457,106.63593569055843,600540.8892718696,37569.4537411292,640410.9277179458,2300.584704953013,14262,447340.9439560085,2,0.0,208.25441331028196,8.54654033746622,0,0,17,0.0,119.0,61,140.6359356905584,554.434732417517,1209.246209651783,207396.20359508033,120.79146229920923,0,0,0,20261140,188b0a82e2661cc7,adaptive_hybrid,2,1.0,0.98,11,4,0.42700385769395627,0.42754367934224047,0.538695652173913,3.2206989919527818,54.90020811984105,81.94070416815615,1258501.6353677018,1246464.8375124792,20774.413958541318,2.343932261509307,3456.6033932513387,2.0131910383201537,19.82370835494726,1000.0,0.30083242479572125,31.365933526574707,0.0,0.0024103520059060414,0.0,0.0,0.0013773148148148147,15,60,50,high_d25_balanced_adaptive_hybrid,high,25,balanced,adaptive_hybrid,20
10787,10778,4789,4266,4260,2280,16,10762,1,1,146.33965003317513,82.06131523970076,643626.5564833295,122073.25841831684,770554.7513340312,4854.936432394852,13563,499679.35318138584,2,0.0,208.95814398580563,6.695480452571313,0,0,5,0.0,35.0,37,92.06131523970076,1635.4732951799924,3378.614990048338,238682.0944242136,92.69153045253807,0,0,0,20261141,188b0a82e2661cc7,adaptive_hybrid,2,1.0,0.98,9,6,0.44433104472072743,0.4447946602391768,0.5358649789029536,11.326151272807277,71.493296653742,64.27833479347437,1236228.7097873506,1226863.7408277935,20447.729013796557,1.5343552539950127,3978.034907070227,1.5448588408756345,91.31391864995507,1000.0,0.3132062723403608,36.84135907847717,0.0,0.0024184970368727504,0.0,0.0,0.0004050925925925926,15,60,50,high_d25_balanced_adaptive_hybrid,high,25,balanced,adaptive_hybrid,21
11445,11440,6015,4662,4658,2877,22,11418,0,0,225.94654998913984,119.19005388375336,831916.1040414845,130352.37617189134,969353.1376817618,7084.657468396383,14847,676527.4125687733,2,0.0,214.65656293878322,9.580664051060461,0,0,0,0.0,0.0,44,119.19005388375334,1926.71816546461,3883.8664557532647,317608.8466829927,132.69682675767493,0,0,0,20261142,188b0a82e2661cc7,adaptive_hybrid,2,1.0,0.98,5,4,0.5257867132867133,0.5259938837920489,0.617975117975118,11.394438476563929,84.73366588127288,106.75649610538647,1090918.3952530064,1081165.3203493014,18019.422005821692,1.9865008980625556,5293.480778049879,2.211613779294582,88.26969217621057,1000.0,0.39393422485944085,45.566606894912994,0.0,0.0024844509599396204,0.0,0.0,0.0,15,60,50,high_d25_balanced_adaptive_hybrid,high,25,balanced,adaptive_hybrid,22
10468,10457,4365,4240,4238,2187,11,10446,0,0,100.74357115313131,56.5672437460152,528598.0500017642,79994.61290703563,611431.5388760993,2838.8759673084005,13004,388517.37377190986,1,0.0,112.29395493019932,4.384144231803063,0,0,3,0.0,21.0,25,62.567243746015194,708.9359342717187,2052.210155698718,186157.0775072734,56.699896406191755,0,0,0,20261143,188b0a82e2661cc7,adaptive_hybrid,2,1.0,0.98,11,2,0.4174237352969303,0.4180359189912113,0.5162735849056603,7.649862571199734,58.47102791203015,44.17632740711611,1328395.1132051772,1318747.8591372296,21979.130985620493,1.0427873957669198,3102.6179584545566,0.9449982734365292,82.08840622794872,1000.0,0.2620027148860127,29.876758979691623,0.0,0.0012996985524328624,0.0,0.0,0.00024305555555555555,15,60,50,high_d25_balanced_adaptive_hybrid,high,25,balanced,adaptive_hybrid,23
11959,11951,6307,4865,4860,3044,16,11935,0,0,165.44996422157408,87.62830007627281,813125.5496091745,103732.57928908749,921641.9842904831,4783.855392230493,15085,653077.9085141213,1,0.0,112.08653037379405,6.48256519555944,0,0,1,0.0,7.0,33,89.62830007627281,1313.7882116510157,2964.389158820977,302817.2639165304,77.06725743059131,0,0,0,20261144,188b0a82e2661cc7,adaptive_hybrid,2,1.0,0.98,8,5,0.5277382645803699,0.5280541851325362,0.62672147995889,8.679824223001212,77.11839881938609,77.82166414530127,1090627.2048154534,1079959.012203771,17999.31687006285,1.4938050012712134,5046.95439860884,1.2844542905098553,89.82997450972658,1000.0,0.3940959973247481,43.29319910600738,0.0,0.001297297805252246,0.0,0.0,8.101851851851852e-05,15,60,50,high_d25_balanced_adaptive_hybrid,high,25,balanced,adaptive_hybrid,24
10658,10653,5424,4335,4334,2641,19,10634,1,1,146.05304233353655,102.02697988273957,711495.7391627838,165194.2544681722,881423.9830040022,4733.989373056498,13717,566391.0446027853,2,0.0,203.86491445423485,6.46723179596146,0,0,6,0.0,42.0,44,114.02697988273954,1594.298863661865,3207.806193245913,265643.0765019078,96.55682775165933,0,0,0,20261145,188b0a82e2661cc7,adaptive_hybrid,2,1.0,0.98,5,1,0.5091523514502957,0.5093826233814974,0.6094579008073818,15.506829481664527,82.73950840176498,44.026062450796985,1180521.8542137176,1171330.2957702137,19522.17159617023,1.9004496647123257,4427.38460836513,1.6092804625276556,72.90468621013439,1000.0,0.34415452543682357,41.29117479060912,0.0,0.0023595476209980885,0.0,0.0,0.0004861111111111111,15,60,50,high_d25_balanced_adaptive_hybrid,high,25,balanced,adaptive_hybrid,25
11411,11401,5823,4515,4512,2744,19,11382,0,0,167.01317912765487,96.477135816888,760989.9148774064,166315.9330648429,932811.0102114175,5505.162269180317,14504,606377.0145889481,2,0.0,215.77274778039657,7.69795564014942,0,0,4,0.0,28.0,42,104.477135816888,1312.500980692189,3468.5946591286774,284270.38166229834,111.62715688955215,0,0,0,20261146,188b0a82e2661cc7,adaptive_hybrid,2,1.0,0.98,10,3,0.5107446715200421,0.511173429147314,0.6084163898117386,14.5878373006616,81.81835016326791,70.53604331076687,1143577.5298158836,1133771.562345648,18896.1927057608,1.7412855969481333,4737.839694371639,1.8604526148258693,82.58558712211136,1000.0,0.3646791501022869,41.80757133128434,0.0,0.002497369765976812,0.0,0.0,0.00032407407407407406,15,60,50,high_d25_balanced_adaptive_hybrid,high,25,balanced,adaptive_hybrid,26
11731,11716,5710,4692,4685,2813,22,11694,0,0,177.66919404815604,104.69795814670766,728881.1738794261,79130.93258877998,812169.79663337,4157.690165177199,14678,572557.0119929756,2,0.0,215.96221835393632,8.909322894162552,0,0,11,0.0,77.0,55,126.69795814670762,1268.408857783773,2507.3442419665535,264881.7292312701,149.91025384566308,0,0,0,20261147,188b0a82e2661cc7,adaptive_hybrid,2,1.0,0.98,15,7,0.4873677022874701,0.4880231864291194,0.6010230179028133,6.754091207645953,69.32142340674035,72.97123590144838,1167673.469762311,1157033.2952884296,19283.88825480716,2.1116326357784603,4414.695487187835,2.498504230761051,45.58807712666461,1000.0,0.3512925167987161,39.00783567195637,0.0,0.0024995627124298186,0.0,0.0,0.0008912037037037037,15,60,50,high_d25_balanced_adaptive_hybrid,high,25,balanced,adaptive_hybrid,27
11047,11042,5508,4371,4369,2637,12,11030,0,0,108.19023360085966,61.0757437772379,729813.4556381374,84209.31808755969,818393.1827261151,4370.409000428363,13932,581140.7475695858,1,0.0,110.75902660758632,4.783789153853603,0,0,1,0.0,7.0,25,63.07574377723792,1501.1611354060826,2759.4477317221535,271067.7815702024,66.85140295374927,0,0,0,20261148,188b0a82e2661cc7,adaptive_hybrid,2,1.0,0.98,5,2,0.4988226770512588,0.49904951570562145,0.6037520018302448,7.62627405248684,74.11639039359854,47.11448982362175,1173442.8668453153,1164021.1977504794,19400.353295841323,1.0512623962872987,4517.796359503373,1.1141900492291545,110.37790926888614,1000.0,0.34808729619704704,41.712657735399496,0.0,0.0012819331783285454,0.0,0.0,8.101851851851852e-05,15,60,50,high_d25_balanced_adaptive_hybrid,high,25,balanced,adaptive_hybrid,28
10180,10176,4656,3980,3978,2165,15,10161,0,0,115.19930537913692,75.11043757670777,626285.4477982715,143448.0745777505,774595.4806100046,4861.958233992,13010,487293.3291698968,1,0.0,103.4753733479403,4.892132545462086,0,0,3,0.0,21.0,33,81.11043757670777,1698.16755866004,3819.4344654605156,231054.3950056474,70.84114929716655,0,0,0,20261149,188b0a82e2661cc7,adaptive_hybrid,2,1.0,0.98,4,2,0.45754716981132076,0.4577603143418468,0.5444723618090452,14.09670544199592,76.11983889642342,40.08886780242915,1253247.9235753485,1244387.8520504115,20739.797534173525,1.3518406262784628,3850.906583427457,1.1806858216194425,115.74043834728835,1000.0,0.30375115356925086,37.45529048192904,0.0,0.0011976316359715313,0.0,0.0,0.00024305555555555555,15,60,50,high_d25_balanced_adaptive_hybrid,high,25,balanced,adaptive_hybrid,29
10920,10908,5050,4402,4398,2464,52,10856,1,1,641.7956567875564,249.66817011684748,673051.4842029103,92866.96027291084,775769.0834304556,9850.638954641865,13744,532298.1232615252,6,0.0,627.6834640231903,20.640186293814423,0,0,31,0.0,217.0,135,311.6681701168477,5009.384487590003,6218.44117612393,251535.9919308248,90.65691567906678,0,0,0,20261120,6cd16bb7fe500dac,travel_aware_hybrid,2,1.0,0.98,12,4,0.46296296296296297,0.46355311355311357,0.5606542480690595,8.513656057289223,71.11927790891599,392.1274866707089,1214162.5079475075,1204512.0223096365,20075.200371827275,5.194469501947462,4192.266532180413,1.510948594651113,46.06252723054763,1000.0,0.32546527336249576,38.729490924150554,0.0,0.007264854907675813,0.0,0.0,0.002511574074074074,15,60,50,high_d25_balanced_travel_aware_hybrid,high,25,balanced,travel_aware_hybrid,0
10819,10815,4770,4312,4309,2390,40,10775,2,2,429.97401353905866,238.19897895602637,623643.1622667402,119547.50969713533,753038.0042644313,9847.332300564338,13596,484239.69533973717,4,0.0,418.3674895574669,15.21087283857011,0,0,28,0.0,196.0,108,294.19897895602645,4998.376372565326,6566.0558949707465,230798.18271597347,121.45597116860277,0,0,0,20261121,6cd16bb7fe500dac,travel_aware_hybrid,2,1.0,0.98,4,3,0.44105409153952846,0.44126074498567336,0.5549628942486086,11.053861275740669,69.6290341437292,191.7750345830323,1254085.4586929793,1244754.446292425,20745.907438207083,4.9033163159337745,3846.6363785995577,2.0242661861433797,60.796813842321725,1000.0,0.30328585628167815,35.616335344199555,0.0,0.004842216314322534,0.0,0.0,0.0022685185185185187,15,60,50,high_d25_balanced_travel_aware_hybrid,high,25,balanced,travel_aware_hybrid,1
12518,12505,5755,4892,4884,2777,47,12458,1,1,558.5212683656921,266.32473823621706,729941.4738796027,86104.81966900994,825706.6216147555,9660.32806615499,15505,569218.9077810915,6,0.0,636.5158092915829,17.86061559538422,0,0,27,0.0,189.0,121,320.32473823621734,4991.051316564554,6407.547363478538,265389.3076673193,74.59064406666589,0,0,0,20261122,6cd16bb7fe500dac,travel_aware_hybrid,2,1.0,0.98,13,8,0.46021591363454617,0.4607764818661128,0.5692968111201963,6.885631320992398,66.0301176821076,292.19653012947504,1154575.3879189359,1142061.460278901,19034.357671315018,5.338745637270289,4423.155127788656,1.243177401111098,52.95493688825238,1000.0,0.3585692289339245,36.71195793493012,0.0,0.007367081126059986,0.0,0.0,0.0021875,15,60,50,high_d25_balanced_travel_aware_hybrid,high,25,balanced,travel_aware_hybrid,2
10389,10385,4549,4215,4213,2287,34,10351,0,0,396.0762339016341,144.2846957169131,563827.6412575155,52518.85347924763,622266.8960297124,5920.4012929613455,12959,428179.42874054133,4,0.0,412.88395461758176,13.478427266332464,0,0,23,0.0,161.0,91,190.28469571691312,2993.86689616247,3443.3395357668105,201593.26005810607,89.36767294622967,0,0,0,20261123,6cd16bb7fe500dac,travel_aware_hybrid,2,1.0,0.98,4,2,0.4380356283100626,0.43825199730484166,0.5430604982206406,5.0571837726767095,59.9197781444114,251.79153818472102,1299229.4099058039,1289554.3159451913,21492.571932419854,3.1714115952818855,3359.887667635101,1.4894612157704945,37.838895997437476,1000.0,0.27820588338566454,33.04108563473581,0.0,0.0047787494747405295,0.0,0.0,0.001863425925925926,15,60,50,high_d25_balanced_travel_aware_hybrid,high,25,balanced,travel_aware_hybrid,3
10405,10399,4664,4163,4163,2275,43,10356,1,1,476.0854027246248,224.76198694273532,608165.3654025039,87805.79339122097,704242.0609237048,8270.902129984359,13111,473214.3060832406,6,0.0,625.2526185369334,16.116075553790235,0,0,21,0.0,147.0,107,266.76198694273535,3962.130619920457,4969.577622430426,223495.03152290903,115.66655484296174,0,0,0,20261124,6cd16bb7fe500dac,travel_aware_hybrid,2,1.0,0.98,6,0,0.44850466390999133,0.44882268140317155,0.5464809031948115,8.443676641140588,67.72209452098325,251.3234157818895,1264936.51595612,1255153.1850532112,20919.219750886852,4.446033115712256,3724.9171920484837,1.9277759140493624,46.44465067691987,1000.0,0.2972574911354888,36.09292243789494,0.0,0.007236720121955247,0.0,0.0,0.0017013888888888888,15,60,50,high_d25_balanced_travel_aware_hybrid,high,25,balanced,travel_aware_hybrid,4
11041,11032,4487,4345,4340,2229,40,10992,1,1,447.59952869393027,183.1564493962487,568635.5392375331,47005.11378067828,622865.6995869735,7225.046568775102,13672,427109.0229593789,4,0.0,428.64131611058247,14.231551838006629,0,0,27,0.0,189.0,107,237.15644939624883,3830.3969445532452,4607.2444640404265,203359.26083223723,63.15991547942635,0,0,0,20261125,6cd16bb7fe500dac,travel_aware_hybrid,2,1.0,0.98,9,5,0.4067258883248731,0.4072094918938502,0.5141542002301496,4.2607971157250075,56.459907504257934,264.4430792976816,1293104.650937989,1282745.2533874006,21379.087556456678,3.9526074899374803,3389.3210138706204,1.0526652579904392,43.05835947701333,1000.0,0.28160852725667285,31.239688630732804,0.0,0.004961126343872482,0.0,0.0,0.0021875,15,60,50,high_d25_balanced_travel_aware_hybrid,high,25,balanced,travel_aware_hybrid,5
11828,11821,6403,4715,4712,3012,58,11763,3,3,727.6334367103868,295.3739777514387,830135.5413344613,112538.43664043222,954802.3657060377,12128.387731156323,15203,677831.7703993764,8,0.0,854.8311219875808,25.287292670004906,0,0,35,0.0,245.0,151,365.3739777514389,6167.451114190497,7392.141833019554,313570.7459289178,174.11203372136805,0,0,0,20261126,6cd16bb7fe500dac,travel_aware_hybrid,2,1.0,0.98,7,3,0.5416631418661704,0.5419343929658438,0.6394485683987274,9.520212895730667,80.77170846003196,432.25945895894813,1076305.0721780944,1065641.1947068714,17760.686578447858,6.089566295857314,5226.179098815296,2.9018672286894676,48.95458167562619,1000.0,0.4020527376788364,44.58539567186584,0.0,0.00989387872670811,0.0,0.0,0.0028356481481481483,15,60,50,high_d25_balanced_travel_aware_hybrid,high,25,balanced,travel_aware_hybrid,6
11430,11426,5491,4570,4567,2682,43,11383,1,1,527.7864459315751,181.50593022780143,713455.6702178584,91232.49488506594,814454.1755420554,9766.010439142457,14433,564409.9028821752,6,0.0,632.496541091563,18.663467004821868,0,0,29,0.0,203.0,115,239.5059302278016,4791.368435200847,6098.396588393494,267155.39206181903,125.43089921371197,0,0,0,20261127,6cd16bb7fe500dac,travel_aware_hybrid,2,1.0,0.98,4,3,0.4805706283913881,0.48075240594925633,0.587527352297593,7.984639846408712,71.28077853510024,346.28051570377374,1176741.6606968965,1166136.1807113888,19435.60301185648,3.9917655037966933,4452.589867696984,2.0905149868951995,53.029535551247776,1000.0,0.34625463294616865,39.105515338611184,0.0,0.007320561818189387,0.0,0.0,0.002349537037037037,15,60,50,high_d25_balanced_travel_aware_hybrid,high,25,balanced,travel_aware_hybrid,7
11393,11386,5255,4407,4404,2490,35,11351,0,0,393.41727851028526,152.62440780996997,661361.1814779872,129717.33805742298,799569.2930432977,8490.773507898037,14287,513937.08634232654,4,0.0,430.0094760376823,14.359911102420398,0,0,17,0.0,119.0,87,186.62440780997008,3987.5536649551736,5533.818157509519,243264.52467813532,125.62082443448055,0,0,0,20261128,6cd16bb7fe500dac,travel_aware_hybrid,2,1.0,0.98,7,3,0.4615317056033726,0.46186254717809183,0.5656909462219196,11.392704905798611,70.22389715820286,240.7928707003153,1209336.2270384117,1198459.5522395934,19974.32587065989,3.1104067968328346,4054.408744635589,2.0936804072413424,63.6071052587301,1000.0,0.32814654053421577,35.97235853169501,0.0,0.0049769615282139155,0.0,0.0,0.0013773148148148147,15,60,50,high_d25_balanced_travel_aware_hybrid,high,25,balanced,travel_aware_hybrid,8
11998,11990,6053,4782,4778,2886,45,11945,2,2,548.3290221171085,223.61290138469806,779090.9344990487,164718.02283041997,954947.0801406386,11138.122811180101,15148,623696.1189182111,5,0.0,546.7035953091163,19.246655359943816,0,0,24,0.0,168.0,114,271.6129013846981,4864.137899118257,7063.491680430083,288485.33180000115,138.25905899578044,0,0,0,20261129,6cd16bb7fe500dac,travel_aware_hybrid,2,1.0,0.98,8,4,0.504837364470392,0.5051675279213202,0.6043496445002091,13.737950194363634,79.64529442373967,324.71612073241045,1118724.0669957404,1107650.918719383,18460.84864532305,4.526881689744968,4808.0888633333525,2.304317649929674,61.96045333710599,1000.0,0.3784866294468109,41.17349609969706,0.0,0.006327587908670327,0.0,0.0,0.0019444444444444444,15,60,50,high_d25_balanced_travel_aware_hybrid,high,25,balanced,travel_aware_hybrid,9
10742,10735,4990,4260,4259,2406,40,10695,2,2,495.337055840243,199.81089226606986,629341.3720037248,92075.25979382801,729276.1698566478,7859.538059106211,13556,488461.3032363018,5,0.0,549.129944783015,16.54929137237488,0,0,23,0.0,161.0,103,245.81089226607003,3179.302910832859,4897.028160399392,229359.79459709534,101.16442286594311,0,0,0,20261130,6cd16bb7fe500dac,travel_aware_hybrid,2,1.0,0.98,7,1,0.4648346530041919,0.46518339229193817,0.5650234741784037,8.577108504315603,67.93443594379579,295.52616357417315,1240732.0040326896,1230243.8164309817,20504.06360718303,4.0968482044345,3822.6632432849224,1.6860737144323852,47.54396272232419,1000.0,0.31070444220406135,36.03284916172188,0.0,0.006355670657210822,0.0,0.0,0.001863425925925926,15,60,50,high_d25_balanced_travel_aware_hybrid,high,25,balanced,travel_aware_hybrid,10
9340,9331,3916,3731,3729,1955,31,9300,0,0,326.00347078866076,127.47319641898133,529532.7508432857,51567.915381041144,586563.6499732964,5462.983748974013,11795,404286.60750154575,3,0.0,329.96200355122096,10.133516991196121,0,0,18,0.0,126.0,80,163.4731964189814,2660.730876141111,3688.6234253045895,192809.41098774763,34.27010818756761,0,0,0,20261131,6cd16bb7fe500dac,travel_aware_hybrid,2,1.0,0.98,9,2,0.41967634765834316,0.4202355460385439,0.5245242562315733,5.526515419680757,62.861820809484136,198.53027436967943,1335832.9532719865,1327628.1249972866,22127.135416621444,2.72455327364969,3213.490183129127,0.5711684697927935,46.10779281630737,1000.0,0.2578705815155631,34.27610067838455,0.0,0.003819004670731724,0.0,0.0,0.0014583333333333334,15,60,50,high_d25_balanced_travel_aware_hybrid,high,25,balanced,travel_aware_hybrid,11
10130,10118,4140,4100,4097,2073,38,10080,0,0,444.9286591971787,168.01338217742395,538036.4947060898,92943.9845887419,638878.0376605892,7897.558365763314,12658,407266.4287502484,5,0.0,523.6397206687861,14.942853149570754,0,0,20,0.0,140.0,96,208.0133821774241,4069.1150053681968,4889.373052349749,194223.88907598695,86.92882074937461,0,0,0,20261132,6cd16bb7fe500dac,travel_aware_hybrid,2,1.0,0.98,12,3,0.4091717730776833,0.4098716683119447,0.5063414634146342,9.186003616202996,63.14271967390682,276.91527701975474,1325722.2265123518,1316659.74861931,21944.32914365517,3.466889702957068,3237.064817933116,1.4488136791562434,50.930969295309886,1000.0,0.2634876519375824,32.17462701455589,0.0,0.006060644915147987,0.0,0.0,0.0016203703703703703,15,60,50,high_d25_balanced_travel_aware_hybrid,high,25,balanced,travel_aware_hybrid,12
9975,9972,4111,3996,3996,1968,35,9937,2,2,365.7859514581439,174.03496590362826,570321.5742971876,72214.93159450352,650867.1545346432,8330.648642951091,12577,440798.94047201297,4,0.0,420.24221846271087,12.300180963451048,0,0,24,0.0,168.0,94,222.03496590362826,4729.067892561992,5417.415248399049,211360.55746614526,77.18845291572747,0,0,0,20261133,6cd16bb7fe500dac,travel_aware_hybrid,2,1.0,0.98,3,0,0.41225431207380664,0.4124310776942356,0.4924924924924925,7.2417701157745205,65.26946996937858,191.75098555451567,1300950.1705604417,1292577.6441153167,21542.960735255278,3.7005827650604712,3522.6759577690877,1.2864742152621245,57.63207711062818,1000.0,0.277249905244199,35.04801943802282,0.0,0.004863914565540635,0.0,0.0,0.0019444444444444444,15,60,50,high_d25_balanced_travel_aware_hybrid,high,25,balanced,travel_aware_hybrid,13
11917,11910,5672,4640,4638,2661,43,11867,1,1,512.4625499796973,209.63971031032654,725701.535512144,70812.58275117737,804933.379921445,8419.261658131774,14851,572372.5796960326,6,0.0,628.3106634188723,17.02175150759246,0,0,18,0.0,126.0,104,245.6397103103266,4051.494877508926,5067.878665842751,265925.02407283575,93.99501970598179,0,0,0,20261134,6cd16bb7fe500dac,travel_aware_hybrid,2,1.0,0.98,7,2,0.4762384550797649,0.47654611059830493,0.5739224137931035,5.945640869116487,67.58466666007095,302.82283966937075,1167615.3188054138,1156218.5564003543,19270.309273339237,4.093995171838777,4432.083734547263,1.566583661766363,48.729602556180296,1000.0,0.3513248228858812,38.54101270594792,0.0,0.0072721141599406515,0.0,0.0,0.0014583333333333334,15,60,50,high_d25_balanced_travel_aware_hybrid,high,25,balanced,travel_aware_hybrid,14
10733,10726,4179,4241,4238,2086,40,10686,0,0,478.22344954811996,173.047593443205,553132.2686863288,72495.46411101609,633754.7221280634,8126.989330728133,13139,415584.8437484715,5,0.0,530.6805901936475,15.954011605859579,0,0,28,0.0,196.0,108,229.04759344320507,4096.443301754201,4968.9886921320685,198786.72646735059,98.45397383682601,0,0,0,20261135,6cd16bb7fe500dac,travel_aware_hybrid,2,1.0,0.98,7,3,0.38961402200261047,0.3900121121773968,0.4925725064843197,6.758853637051659,59.08584021331936,305.17585610491494,1314047.7335136577,1304755.9507707402,21745.93251284567,3.8174598907200847,3313.112107789176,1.6408995639471002,46.00915455677841,1000.0,0.2699734813813013,31.629868616216722,0.0,0.006142136460574624,0.0,0.0,0.0022685185185185187,15,60,50,high_d25_balanced_travel_aware_hybrid,high,25,balanced,travel_aware_hybrid,15
10624,10617,4893,4117,4113,2288,52,10565,2,2,608.7877444252907,227.03055911007857,659110.2857494749,113811.85250685211,783439.9664470252,10517.828190708684,13561,522374.7080372465,6,0.0,645.5048444027839,20.022779973365978,0,0,32,0.0,224.0,136,291.03055911007885,5923.679054809852,6666.311741272268,248262.9810653657,112.66128374668594,0,0,0,20261136,6cd16bb7fe500dac,travel_aware_hybrid,2,1.0,0.98,7,4,0.4608646510313648,0.4612198795180723,0.5567160553801311,10.71977512544524,73.79108660139636,381.75718531521215,1226863.250519592,1217853.335749538,20297.555595825634,4.850509318501314,4137.716351089428,1.8776880624447656,49.0169980975902,1000.0,0.31840930526689326,38.52036782222893,0.0,0.00747112088429148,0.0,0.0,0.0025925925925925925,15,60,50,high_d25_balanced_travel_aware_hybrid,high,25,balanced,travel_aware_hybrid,16
11146,11143,5506,4462,4461,2605,50,11093,2,2,658.8546192170901,241.6368928178851,751746.0673448117,124521.6136827502,888210.4478546766,11942.766827127323,14186,607649.0335999455,7,0.0,743.6814918373582,21.853228031147328,0,0,25,0.0,175.0,125,291.63689281788527,5642.139995745507,7015.364964253782,285374.16879471304,123.1262684046545,0,0,0,20261137,6cd16bb7fe500dac,travel_aware_hybrid,2,1.0,0.98,3,1,0.4941218702324329,0.4942580297864705,0.584043030031376,11.17487334494752,79.71017211295671,417.217726399205,1153102.584976881,1143113.8482494077,19051.897470823464,4.860614880298088,4756.236146578551,2.052104473410908,56.12291971403026,1000.0,0.3593874527906217,42.83441657972265,0.0,0.008607424674043497,0.0,0.0,0.002025462962962963,15,60,50,high_d25_balanced_travel_aware_hybrid,high,25,balanced,travel_aware_hybrid,17
11582,11566,5213,4675,4667,2627,33,11533,1,1,397.6826830056692,146.12821127677202,641164.9833197116,48039.716545896736,695968.2942692786,6763.594403680963,14360,491827.0766665931,5,0.0,530.2879766183004,13.244907703655239,0,0,14,0.0,98.0,80,174.128211276772,3369.1850551418192,4022.606863834364,228176.95032194396,89.73472736830763,0,0,0,20261138,6cd16bb7fe500dac,travel_aware_hybrid,2,1.0,0.98,16,8,0.45071762061213905,0.4514764289414609,0.5636363636363636,4.153529011403833,60.17363775456326,251.5544717288972,1228248.2949098458,1216877.9647947089,20281.29941324515,2.9021368546128667,3802.9491720323995,1.4955787894717938,50.28258579792955,1000.0,0.31763983616119673,34.24979642525022,0.0,0.0061375923219710695,0.0,0.0,0.0011342592592592593,15,60,50,high_d25_balanced_travel_aware_hybrid,high,25,balanced,travel_aware_hybrid,18
10459,10453,4527,4179,4176,2226,43,10410,0,0,439.19769805942167,179.9025259758099,575199.8027034715,74945.9528759365,658317.6114269707,8171.8558475738755,13118,440865.278691271,5,0.0,532.1020706825296,14.144613437107106,0,0,25,0.0,175.0,111,229.90252597580997,4449.82276257696,5451.590276984154,208315.87033229496,77.02712120153592,0,0,0,20261139,6cd16bb7fe500dac,travel_aware_hybrid,2,1.0,0.98,6,3,0.43308141203482253,0.43340663543359786,0.533381191672649,7.169803202519517,62.9788205708381,259.29517208361176,1287622.027556604,1277716.8126693217,21295.28021115536,3.831708766263499,3471.931172204916,1.283785353358932,49.113425918776166,1000.0,0.28465442913522,33.60765960445731,0.0,0.006158588781047797,0.0,0.0,0.002025462962962963,15,60,50,high_d25_balanced_travel_aware_hybrid,high,25,balanced,travel_aware_hybrid,19
11676,11665,5007,4600,4595,2489,43,11622,1,1,481.401916620251,212.95251782898964,606021.7543137901,41388.36567305705,655596.0009196206,8185.880932785982,14338,458119.55223659205,5,0.0,542.553060982346,16.59514107060659,0,0,23,0.0,161.0,109,258.95251782898976,3895.143482680926,4827.0240453169135,214420.0467516989,100.67929168858625,0,0,0,20261140,6cd16bb7fe500dac,travel_aware_hybrid,2,1.0,0.98,11,5,0.42923274753536217,0.4297704693388147,0.5421739130434783,3.548081069271929,56.201971789080204,268.44939879126133,1251583.0637357961,1239776.9212659986,20662.948687766642,4.315875297149829,3573.667445861648,1.6779881948097708,44.28462426896251,1000.0,0.30467607570233546,31.951426435806393,0.0,0.006279549316925301,0.0,0.0,0.001863425925925926,15,60,50,high_d25_balanced_travel_aware_hybrid,high,25,balanced,travel_aware_hybrid,20
10787,10775,4721,4266,4259,2246,50,10725,2,2,452.92538690459907,222.6559707271298,632625.3129679798,123757.21279021598,767244.8488902734,10862.323132088837,13558,495079.49587093695,6,0.0,631.8766286883604,15.297474625777193,0,0,35,0.0,245.0,135,292.65597072712995,5740.122394668413,7638.260420397215,238642.6269591132,93.73991939313984,0,0,0,20261141,6cd16bb7fe500dac,travel_aware_hybrid,2,1.0,0.98,12,7,0.43814385150812063,0.4387688884768703,0.5281293952180028,11.485588193987562,71.20601845849404,230.26941617746925,1244220.9347010578,1234583.6536739182,20576.394227898636,4.877599512118833,3977.37711598522,1.562331989885664,56.57970681775715,1000.0,0.3087661473883012,36.515673098608715,0.0,0.0073133869061152825,0.0,0.0,0.0028356481481481483,15,60,50,high_d25_balanced_travel_aware_hybrid,high,25,balanced,travel_aware_hybrid,21
11445,11440,6126,4662,4660,2917,61,11379,1,1,756.0996005899119,263.45125350326765,837568.1961322216,136700.8156802259,988926.000754935,14656.98894249825,14888,688985.1645591629,8,0.0,845.6027823629017,25.078652819013012,0,0,34,0.0,238.0,156,331.45125350326805,7683.200233836545,10409.741768652948,324005.7636712976,123.3674460310877,0,0,0,20261142,6cd16bb7fe500dac,travel_aware_hybrid,2,1.0,0.98,5,2,0.5354895104895104,0.5356924421144604,0.6261261261261262,11.949372000019746,86.44458048557124,492.64834708664426,1080210.0993153679,1070678.817137555,17844.646952292584,5.5241875583878,5400.096061188293,2.056124100518128,66.72911390162146,1000.0,0.39988327815812896,46.27788585163641,0.0,0.009787069240311363,0.0,0.0,0.0027546296296296294,15,60,50,high_d25_balanced_travel_aware_hybrid,high,25,balanced,travel_aware_hybrid,22
10468,10460,4387,4240,4237,2210,42,10418,0,0,460.7050228591059,185.37005858845558,527080.8284046652,73817.6726887585,608483.8935709054,7585.392477491483,12997,391962.38153408736,4,0.0,426.79940046094634,15.213887180351405,0,0,24,0.0,168.0,108,233.3700585884558,3235.2826524785464,4475.404551266374,186170.06839758772,88.33063210908361,0,0,0,20261143,6cd16bb7fe500dac,travel_aware_hybrid,2,1.0,0.98,8,3,0.4194072657743786,0.4198509743981658,0.5219339622641509,7.057138880378441,58.1724563643313,275.3349642706503,1327986.9657702663,1317922.037474273,21965.367291237882,3.8895009764742636,3102.8344732931287,1.47217720181806,41.438931030244206,1000.0,0.2622294634609632,30.157911943839913,0.0,0.004939807875705397,0.0,0.0,0.0019444444444444444,15,60,50,high_d25_balanced_travel_aware_hybrid,high,25,balanced,travel_aware_hybrid,23
11959,11949,6303,4865,4861,3055,53,11896,2,2,634.6741430695881,249.77235467855644,810627.292675075,102260.70129300696,923552.0611356597,10664.067167589226,15143,656468.2308401207,7,0.0,764.0472965078457,21.961784828521637,0,0,34,0.0,238.0,140,317.7723546785568,4959.727063275536,6470.201515207551,306038.764945889,128.44851705540074,0,0,0,20261144,6cd16bb7fe500dac,travel_aware_hybrid,2,1.0,0.98,10,4,0.5274918403213658,0.527886947069153,0.6287769784172662,8.558097020085945,77.29115918785335,384.9017883910317,1088661.9255560145,1077448.1163256455,17957.468605427424,5.29620591130928,5100.646082431484,2.1408086175900123,46.215725108625364,1000.0,0.39518781913554746,43.35126664730375,0.0,0.008843140005877843,0.0,0.0,0.0027546296296296294,15,60,50,high_d25_balanced_travel_aware_hybrid,high,25,balanced,travel_aware_hybrid,24
10658,10653,5401,4335,4332,2643,50,10603,0,0,529.5777346029786,219.75812069395624,698058.3238914604,171017.03284690465,879532.8766521793,10457.519913827591,13692,558924.5235612355,5,0.0,541.0241221366166,17.843934554056535,0,0,34,0.0,238.0,134,287.7581206939564,5131.909099762629,7091.659357609695,261571.7144833714,94.25307452150257,0,0,0,20261145,6cd16bb7fe500dac,travel_aware_hybrid,2,1.0,0.98,5,3,0.5069933352107387,0.507224620003753,0.6103806228373703,16.053415267709063,82.5619897354904,309.81961390902234,1190175.2245121168,1180880.8973303854,19681.348288839756,4.795968678232607,4359.528574722857,1.5708845753583762,52.92283102693802,1000.0,0.3387915419377129,40.82124770385886,0.0,0.006261853265470099,0.0,0.0,0.0027546296296296294,15,60,50,high_d25_balanced_travel_aware_hybrid,high,25,balanced,travel_aware_hybrid,25
11411,11401,5874,4515,4512,2762,45,11356,2,2,483.66155263087643,237.308357156132,766841.8822036341,180000.9312683111,958068.3523488758,11225.538876940427,14608,617885.4162051926,4,0.0,453.07624359011027,17.32281079965745,0,0,23,0.0,161.0,113,283.30835715613216,5555.6776400878025,7541.45301212612,292389.3326881156,128.80479768337867,0,0,0,20261146,6cd16bb7fe500dac,travel_aware_hybrid,2,1.0,0.98,10,3,0.5152179633365495,0.5156428008062396,0.6124031007751938,15.788170447181047,84.03371216111533,246.35319547474444,1133195.3942042026,1123283.9137802073,18721.398563003455,4.721805952602202,4873.155544801926,2.1467466280563112,66.7385222312046,1000.0,0.37044700321988744,42.29774207319226,0.0,0.005243938004515165,0.0,0.0,0.001863425925925926,15,60,50,high_d25_balanced_travel_aware_hybrid,high,25,balanced,travel_aware_hybrid,26
11731,11721,5705,4692,4689,2811,46,11675,0,0,604.6608333911539,201.58095111652645,727108.0754073104,86379.03898845855,824828.446541534,11341.332145776438,14727,577945.7888012893,6,0.0,640.7309540988724,20.47725160225615,0,0,27,0.0,189.0,119,255.58095111652656,5809.494880409891,7098.898168780963,269583.1553782669,126.91222907123544,0,0,0,20261147,6cd16bb7fe500dac,travel_aware_hybrid,2,1.0,0.98,10,3,0.48673321388959984,0.48717074418208167,0.5997442455242967,7.369596364513143,70.37184937646396,403.0798822746275,1164957.2523551611,1154283.9974727952,19238.066624546587,4.259682518608776,4493.052589637781,2.115203817853924,59.654606460344226,1000.0,0.3528015264693549,39.24395931291433,0.0,0.007415867524292505,0.0,0.0,0.0021875,15,60,50,high_d25_balanced_travel_aware_hybrid,high,25,balanced,travel_aware_hybrid,27
11047,11041,5535,4371,4368,2658,51,10990,2,2,519.8153911134002,224.0126421452384,722749.2033357221,78986.28247875604,812319.6019779275,10584.116163458673,13937,580999.8520876126,6,0.0,634.5488633284997,17.19666138838172,0,0,37,0.0,259.0,139,298.0126421452386,6089.198535987487,7227.050326156434,270918.8928938733,92.26986687574895,0,0,0,20261148,6cd16bb7fe500dac,travel_aware_hybrid,2,1.0,0.98,6,3,0.5013132868399601,0.5015841404906309,0.6087851750171586,7.1539065735672525,73.57300987029504,295.80274896816184,1171172.4614697841,1161381.3871791186,19356.35645298531,4.96687736908731,4515.3148815645545,1.5378311145958157,51.993167814075065,1000.0,0.3493486325167866,41.68758356085331,0.0,0.007344315547783561,0.0,0.0,0.0029976851851851853,15,60,50,high_d25_balanced_travel_aware_hybrid,high,25,balanced,travel_aware_hybrid,28
10180,10175,4635,3980,3978,2166,38,10137,3,3,487.88473209681865,198.18573076555577,617663.1229284984,144740.99264994232,772020.2194648212,9616.103886393643,13052,483689.671641747,5,0.0,528.8656870048827,17.22590467333105,0,0,11,0.0,77.0,87,220.18573076555575,4031.6527056572704,5997.617835052108,230710.1334956625,133.88353104764323,0,0,0,20261149,6cd16bb7fe500dac,travel_aware_hybrid,2,1.0,0.98,5,2,0.45552825552825554,0.45579567779960706,0.5447236180904522,14.225158982795314,75.87422304322567,289.6990013312629,1255848.2798387764,1247245.5275517427,20787.42545919571,3.669762179425929,3845.168891594375,2.231392184127387,68.9381360350817,1000.0,0.30230651120067975,37.058663165932195,0.0,0.006121130636630587,0.0,0.0,0.0008912037037037037,15,60,50,high_d25_balanced_travel_aware_hybrid,high,25,balanced,travel_aware_hybrid,29
10920,10908,4653,9159,9148,3820,0,10908,0,0,0.0,0.0,658509.5159437318,80601.32289061486,739110.838834341,0.0,13632,516190.05614254833,0,0.0,0.0,0.0,0,0,0,0.0,0.0,0,0.0,0.0,0.0,241363.76445424854,0.0,0,0,0,20261120,2b368a57d4de1997,human_only,0,1.0,0.98,12,11,0.4265676567656766,0.4271978021978022,0.4182771044873895,7.389193517658128,67.75860275342328,0.0,1229295.5761621916,1219332.363688203,20322.20606147005,0.0,4022.729407570809,0.0,0.0,1000.0,0.3170580132432269,37.86605458792168,0.0,0.0,0.0,0.0,0.0,15,60,50,high_d45_source_human_only,high,45,source,human_only,0
10819,10813,4446,9148,9142,3689,0,10813,0,0,0.0,0.0,607052.8561231457,100578.19395198522,707631.05007512,0.0,13490,466567.9536361872,0,0.0,0.0,0.0,0,0,0,0.0,0.0,0,0.0,0.0,0.0,221345.60854849272,0.0,0,0,0,20261121,2b368a57d4de1997,human_only,0,1.0,0.98,6,6,0.41117173772311105,0.4114982900452907,0.4039134236991692,9.301599366686878,65.44262000139831,0.0,1272710.0948460517,1263284.617068195,21054.74361780325,0.0,3689.093475808212,0.0,0.0,1000.0,0.29293883619663796,34.58620857199312,0.0,0.0,0.0,0.0,0.0,15,60,50,high_d45_source_human_only,high,45,source,human_only,1
12518,12509,5255,10552,10545,4350,0,12509,0,0,0.0,0.0,718180.8755224817,80926.23501786275,799107.1105403303,0.0,15447,557615.7553683019,0,0.0,0.0,0.0,0,0,0,0.0,0.0,0,0.0,0.0,0.0,259247.0059344984,0.0,0,0,0,20261122,2b368a57d4de1997,human_only,0,1.0,0.98,9,7,0.42009752977855946,0.42051445917878255,0.41290750568612583,6.469440804050104,63.882573390385346,0.0,1167437.1174705164,1155335.4127290128,19255.59021215021,0.0,4320.78343224164,0.0,0.0,1000.0,0.3514238236274909,36.09864409712578,0.0,0.0,0.0,0.0,0.0,15,60,50,high_d45_source_human_only,high,45,source,human_only,2
10389,10384,4396,8735,8730,3649,0,10384,0,0,0.0,0.0,561391.1829420163,51823.810360036725,613214.9933020406,0.0,12933,427200.4464918385,0,0.0,0.0,0.0,0,0,0,0.0,0.0,0,0.0,0.0,0.0,200489.49632793074,0.0,0,0,0,20261123,2b368a57d4de1997,human_only,0,1.0,0.98,5,5,0.4233436055469954,0.42362113774184235,0.41831711505437896,4.990736744995832,59.05383217469574,0.0,1306112.6518357953,1296041.273829714,21600.687897161897,0.0,3341.4916054655123,0.0,0.0,1000.0,0.2743818600912249,33.03181369302084,0.0,0.0,0.0,0.0,0.0,15,60,50,high_d45_source_human_only,high,45,source,human_only,3
10405,10397,4515,8736,8728,3752,0,10397,0,0,0.0,0.0,593049.4252382636,81026.33006143586,674075.7552996913,0.0,13047,457859.59698295017,0,0.0,0.0,0.0,0,0,0,0.0,0.0,0,0.0,0.0,0.0,216255.47647169346,0.0,0,0,0,20261124,2b368a57d4de1997,human_only,0,1.0,0.98,8,8,0.43425988265845916,0.43469485824123016,0.43040293040293043,7.793241325520425,64.8336784937666,0.0,1276241.7136801807,1266441.6871997614,21107.361453329355,0.0,3604.257941194891,0.0,0.0,1000.0,0.2909768257332329,35.09309396665518,0.0,0.0,0.0,0.0,0.0,15,60,50,high_d45_source_human_only,high,45,source,human_only,4
11041,11030,4090,9270,9262,3347,0,11030,0,0,0.0,0.0,561157.7054514039,44974.92213003958,606132.6275814347,0.0,13628,420603.036183402,0,0.0,0.0,0.0,0,0,0,0.0,0.0,0,0.0,0.0,0.0,199660.64088527774,0.0,0,0,0,20261125,2b368a57d4de1997,human_only,0,1.0,0.98,11,8,0.37080689029918407,0.3714337469432117,0.36192017259978426,4.07750880598727,54.953094069033064,0.0,1304446.7177754485,1294050.0123348958,21567.500205581597,0.0,3327.6773480879624,0.0,0.0,1000.0,0.2753073790136398,30.86315205337555,0.0,0.0,0.0,0.0,0.0,15,60,50,high_d45_source_human_only,high,45,source,human_only,5
11828,11822,6297,10005,10000,5232,0,11822,0,0,0.0,0.0,821601.1634458987,105535.48145747173,927136.6449033612,0.0,15117,666309.94710329,0,0.0,0.0,0.0,0,0,0,0.0,0.0,0,0.0,0.0,0.0,306946.67829186004,0.0,0,0,0,20261126,2b368a57d4de1997,human_only,0,1.0,0.98,6,5,0.5326509896802571,0.5328880622252282,0.5234382808595702,8.927041233079997,78.42468659307741,0.0,1087591.174489715,1077424.3986736997,17957.073311228327,0.0,5115.777971531001,0.0,0.0,1000.0,0.39578268083904733,44.076863604107295,0.0,0.0,0.0,0.0,0.0,15,60,50,high_d45_source_human_only,high,45,source,human_only,6
11430,11426,5238,9643,9640,4342,0,11426,0,0,0.0,0.0,703594.3853581961,86346.4239123727,789940.8092705596,0.0,14375,553683.1019714571,0,0.0,0.0,0.0,0,0,0,0.0,0.0,0,0.0,0.0,0.0,260701.21250924765,0.0,0,0,0,20261127,2b368a57d4de1997,human_only,0,1.0,0.98,4,3,0.4584281463329249,0.45861767279090115,0.45058591724567043,7.5570124201271405,69.1353762708349,0.0,1187174.7164718045,1176496.0460112954,19608.26743352159,0.0,4345.020208487461,0.0,0.0,1000.0,0.3404584908489975,38.51708535453615,0.0,0.0,0.0,0.0,0.0,15,60,50,high_d45_source_human_only,high,45,source,human_only,7
11393,11389,5105,9621,9619,4255,0,11389,0,0,0.0,0.0,654122.617979014,117324.4997201284,771447.1176991321,0.0,14208,507155.3243412571,0,0.0,0.0,0.0,0,0,0,0.0,0.0,0,0.0,0.0,0.0,237997.2997074377,0.0,0,0,0,20261128,2b368a57d4de1997,human_only,0,1.0,0.98,4,2,0.44823952937044514,0.44843324848591243,0.4424695977549111,10.3015628870075,67.73615925007745,0.0,1219909.4129563475,1208940.262883889,20149.00438139815,0.0,3966.621661790628,0.0,0.0,1000.0,0.3222725483575848,35.69505379654118,0.0,0.0,0.0,0.0,0.0,15,60,50,high_d45_source_human_only,high,45,source,human_only,8
11998,11993,5912,10141,10138,4924,0,11993,0,0,0.0,0.0,779305.1271638372,151689.1645534942,930994.2917173207,0.0,15145,622609.7362750364,0,0.0,0.0,0.0,0,0,0,0.0,0.0,0,0.0,0.0,0.0,290155.87068620976,0.0,0,0,0,20261129,2b368a57d4de1997,human_only,0,1.0,0.98,5,3,0.49295422329692323,0.4931655275879313,0.48584952174341783,12.648141795505227,77.62814072519976,0.0,1121261.433361856,1110222.0036636463,18503.700061060772,0.0,4835.931178103496,0.0,0.0,1000.0,0.3770769814656355,41.10991985969207,0.0,0.0,0.0,0.0,0.0,15,60,50,high_d45_source_human_only,high,45,source,human_only,9
10742,10734,4750,9026,9019,3902,0,10734,0,0,0.0,0.0,621665.6349054736,88581.1063205117,710246.7412259784,0.0,13496,481586.54608269164,0,0.0,0.0,0.0,0,0,0,0.0,0.0,0,0.0,0.0,0.0,226464.31360682746,0.0,0,0,0,20261130,2b368a57d4de1997,human_only,0,1.0,0.98,8,7,0.44251909819265883,0.442934276671011,0.4330822069576778,8.252385533865446,66.16794682559888,0.0,1251992.8647830084,1241905.1187221927,20698.41864536988,0.0,3774.4052267804577,0.0,0.0,1000.0,0.3044484084538842,35.68365042106488,0.0,0.0,0.0,0.0,0.0,15,60,50,high_d45_source_human_only,high,45,source,human_only,10
9340,9334,3551,7811,7806,2900,0,9334,0,0,0.0,0.0,510060.58406903554,48718.32485636603,558778.9089253942,0.0,11723,387238.1295024563,0,0.0,0.0,0.0,0,0,0,0.0,0.0,0,0.0,0.0,0.0,184256.54924578607,0.0,0,0,0,20261131,2b368a57d4de1997,human_only,0,1.0,0.98,6,5,0.3804371116348832,0.38083511777301926,0.37191140699014213,5.219447702631887,59.864892749667256,0.0,1352459.573640415,1344433.889956776,22407.231499279602,0.0,3070.942487429768,0.0,0.0,1000.0,0.2486335701997695,33.032340655331936,0.0,0.0,0.0,0.0,0.0,15,60,50,high_d45_source_human_only,high,45,source,human_only,11
10130,10120,3727,8463,8454,3030,0,10120,0,0,0.0,0.0,535397.26306532,86344.83177261279,621742.094837924,0.0,12614,403947.20608154737,0,0.0,0.0,0.0,0,0,0,0.0,0.0,0,0.0,0.0,0.0,191684.99751507104,0.0,0,0,0,20261132,2b368a57d4de1997,human_only,0,1.0,0.98,10,9,0.3682806324110672,0.36890424481737416,0.35909252038284295,8.532098001246323,61.436965893075495,0.0,1332854.6056835488,1323875.005632461,22064.583427207683,0.0,3194.749958584517,0.0,0.0,1000.0,0.25952521906469506,32.02372015867666,0.0,0.0,0.0,0.0,0.0,15,60,50,high_d45_source_human_only,high,45,source,human_only,12
9975,9970,3930,8353,8348,3254,0,9970,0,0,0.0,0.0,567835.819546388,70088.75037435602,637924.5699207411,0.0,12543,436488.66872858885,0,0.0,0.0,0.0,0,0,0,0.0,0.0,0,0.0,0.0,0.0,209102.71110606665,0.0,0,0,0,20261133,2b368a57d4de1997,human_only,0,1.0,0.98,5,5,0.39418254764292876,0.3944862155388471,0.3901592242308153,7.029964932232299,63.98441022274234,0.0,1306540.56803899,1298466.2333556486,21641.10388926081,0.0,3485.0451851011107,0.0,0.0,1000.0,0.2741441288672277,34.79938361863899,0.0,0.0,0.0,0.0,0.0,15,60,50,high_d45_source_human_only,high,45,source,human_only,13
11917,11911,5379,10055,10050,4518,0,11911,0,0,0.0,0.0,705718.7544818715,63352.53334403058,769071.2878258899,0.0,14764,553027.0052347075,0,0.0,0.0,0.0,0,0,0,0.0,0.0,0,0.0,0.0,0.0,256360.73201823086,0.0,0,0,0,20261134,2b368a57d4de1997,human_only,0,1.0,0.98,6,5,0.4515993619343464,0.4518754720147688,0.44982595723520635,5.318825736212793,64.56815446443538,0.0,1186975.6762175895,1175338.2734371952,19588.971223953253,0.0,4272.678866970515,0.0,0.0,1000.0,0.34056906876800586,37.457803118037624,0.0,0.0,0.0,0.0,0.0,15,60,50,high_d45_source_human_only,high,45,source,human_only,14
10733,10728,3791,8993,8988,3085,0,10728,0,0,0.0,0.0,543522.2474845526,64727.743630484554,608249.9911150277,0.0,13074,405819.3350755788,0,0.0,0.0,0.0,0,0,0,0.0,0.0,0,0.0,0.0,0.0,193102.9946486596,0.0,0,0,0,20261135,2b368a57d4de1997,human_only,0,1.0,0.98,5,5,0.3533743475018643,0.3536755799869561,0.3436005782275103,6.033533149746883,56.6974264648609,0.0,1326934.4216650988,1317514.8995290606,21958.581658817675,0.0,3218.383244144327,0.0,0.0,1000.0,0.2628142101860562,31.04018166403387,0.0,0.0,0.0,0.0,0.0,15,60,50,high_d45_source_human_only,high,45,source,human_only,15
10624,10617,4683,9011,9009,3897,0,10617,0,0,0.0,0.0,649092.924470536,107287.7734139571,756380.6978844843,0.0,13467,509553.9504926291,0,0.0,0.0,0.0,0,0,0,0.0,0.0,0,0.0,0.0,0.0,240049.20823081073,0.0,0,0,0,20261136,2b368a57d4de1997,human_only,0,1.0,0.98,7,2,0.44108505227465383,0.44145331325301207,0.43269337476417713,10.105281474423764,71.24241291179094,0.0,1239769.1486634596,1230544.1840451423,20509.069734085704,0.0,4000.820137180179,0.0,0.0,1000.0,0.31123936185363354,37.83722807549039,0.0,0.0,0.0,0.0,0.0,15,60,50,high_d45_source_human_only,high,45,source,human_only,16
11146,11144,5176,9396,9394,4291,0,11144,0,0,0.0,0.0,734218.0988058913,114136.85891225273,848354.9577181318,0.0,14075,587221.1938846965,0,0.0,0.0,0.0,0,0,0,0.0,0.0,0,0.0,0.0,0.0,275751.1371054106,0.0,0,0,0,20261137,2b368a57d4de1997,human_only,0,1.0,0.98,2,2,0.4644651830581479,0.4645612775883725,0.45689655172413796,10.2420009792043,76.12661142481441,0.0,1173692.1422461916,1163720.8695369351,19395.347825615587,0.0,4595.852285090177,0.0,0.0,1000.0,0.34794880986322685,41.720866350600105,0.0,0.0,0.0,0.0,0.0,15,60,50,high_d45_source_human_only,high,45,source,human_only,17
11582,11567,4889,9757,9746,4031,0,11567,0,0,0.0,0.0,630508.7938642116,45228.26765767949,675737.061521878,0.0,14310,482645.06844246865,0,0.0,0.0,0.0,0,0,0,0.0,0.0,0,0.0,0.0,0.0,224150.32308472108,0.0,0,0,0,20261138,2b368a57d4de1997,human_only,0,1.0,0.98,15,11,0.422667934641653,0.42341564496632705,0.41426668033206926,3.9101121861917085,58.41938804546365,0.0,1240106.0682103804,1228512.0559403307,20475.200932338845,0.0,3735.8387180786845,0.0,0.0,1000.0,0.31105218432756643,33.72781750122073,0.0,0.0,0.0,0.0,0.0,15,60,50,high_d45_source_human_only,high,45,source,human_only,18
10459,10453,4228,8766,8762,3491,0,10453,0,0,0.0,0.0,571802.9835867092,76690.87488572582,648493.858472427,0.0,13055,436768.5894558642,0,0.0,0.0,0.0,0,0,0,0.0,0.0,0,0.0,0.0,0.0,205826.51927493516,0.0,0,0,0,20261139,2b368a57d4de1997,human_only,0,1.0,0.98,6,4,0.4044771835836602,0.4048188163304331,0.39869952087611227,7.33673346271174,62.03901831746169,0.0,1297536.8249382898,1287504.9483398357,21458.415805663928,0.0,3430.4419879155857,0.0,0.0,1000.0,0.2791462083676167,33.45603902381189,0.0,0.0,0.0,0.0,0.0,15,60,50,high_d45_source_human_only,high,45,source,human_only,19
11676,11668,4656,9844,9836,3852,0,11668,0,0,0.0,0.0,596927.7816079664,35145.26032124594,632073.041929198,0.0,14233,449891.56500660384,0,0.0,0.0,0.0,0,0,0,0.0,0.0,0,0.0,0.0,0.0,208751.9860419033,0.0,0,0,0,20261140,2b368a57d4de1997,human_only,0,1.0,0.98,8,8,0.39904010970174836,0.39945186707776636,0.39211702559934986,3.012106643918919,54.171498279842126,0.0,1261853.5435501053,1250192.442389094,20836.540706484902,0.0,3479.199767365055,0.0,0.0,1000.0,0.2989702535832748,31.609046933647427,0.0,0.0,0.0,0.0,0.0,15,60,50,high_d45_source_human_only,high,45,source,human_only,20
10787,10777,4549,9060,9051,3760,0,10777,0,0,0.0,0.0,629210.1476689373,105707.16902101893,734917.3166899496,0.0,13470,489181.7341941405,0,0.0,0.0,0.0,0,0,0,0.0,0.0,0,0.0,0.0,0.0,232471.6300471387,0.0,0,0,0,20261141,2b368a57d4de1997,human_only,0,1.0,0.98,10,9,0.4221026259626983,0.4226383609900807,0.4160044150110375,9.808589498099558,68.1931257947434,0.0,1254583.660343942,1245436.26429175,20757.27107152917,0.0,3874.5271674523115,0.0,0.0,1000.0,0.3030090775866989,36.31638709681815,0.0,0.0,0.0,0.0,0.0,15,60,50,high_d45_source_human_only,high,45,source,human_only,21
11445,11439,5838,9600,9595,4839,0,11439,0,0,0.0,0.0,817153.4607841263,115840.30138008666,932993.7621642051,0.0,14733,664459.4099145259,0,0.0,0.0,0.0,0,0,0,0.0,0.0,0,0.0,0.0,0.0,308063.32135911763,0.0,0,0,0,20261142,2b368a57d4de1997,human_only,0,1.0,0.98,6,5,0.5103592971413585,0.510615989515072,0.5045833333333334,10.126785678825655,81.56252838221917,0.0,1104016.5399138147,1094246.631459296,18237.443857654933,0.0,5134.388689318627,0.0,0.0,1000.0,0.3866574778256585,45.10007533526952,0.0,0.0,0.0,0.0,0.0,15,60,50,high_d45_source_human_only,high,45,source,human_only,22
10468,10461,3957,8859,8853,3306,0,10461,0,0,0.0,0.0,519457.5634414998,67385.72165718811,586843.2850986774,0.0,12934,385102.677915562,0,0.0,0.0,0.0,0,0,0,0.0,0.0,0,0.0,0.0,0.0,183033.69822006515,0.0,0,0,0,20261143,2b368a57d4de1997,human_only,0,1.0,0.98,7,6,0.37826211643246344,0.3786778754298815,0.3738570944801896,6.4416137708811885,56.09820142421158,0.0,1338779.6615403143,1328782.3276340384,22146.37212723397,0.0,3050.5616370010857,0.0,0.0,1000.0,0.256233521366492,29.774445485972013,0.0,0.0,0.0,0.0,0.0,15,60,50,high_d45_source_human_only,high,45,source,human_only,23
11959,11948,6104,10031,10023,5060,0,11948,0,0,0.0,0.0,797895.060449584,92124.16617419157,890019.2266237659,0.0,15043,642831.6648180223,0,0.0,0.0,0.0,0,0,0,0.0,0.0,0,0.0,0.0,0.0,296680.0377135302,0.0,0,0,0,20261144,2b368a57d4de1997,human_only,0,1.0,0.98,11,8,0.5108804820890526,0.5113303787942136,0.5052337752965806,7.710425692516871,74.4910634937869,0.0,1102805.5232422196,1092033.6465647237,18200.560776078728,0.0,4944.667295225503,0.0,0.0,1000.0,0.38733026486543354,42.732943217311856,0.0,0.0,0.0,0.0,0.0,15,60,50,high_d45_source_human_only,high,45,source,human_only,24
10658,10652,5375,8952,8946,4454,0,10652,0,0,0.0,0.0,713725.145818345,165453.98092614376,879179.1267444774,0.0,13740,572000.3400859244,0,0.0,0.0,0.0,0,0,0,0.0,0.0,0,0.0,0.0,0.0,269246.66633771436,0.0,0,0,0,20261145,2b368a57d4de1997,human_only,0,1.0,0.98,6,6,0.504600075103267,0.5048789641583786,0.4982126899016979,15.532668130505423,82.53653086223032,0.0,1182824.2138397424,1173580.202455167,19559.67004091945,0.0,4487.444438961906,0.0,0.0,1000.0,0.34287543675569865,41.63030131629726,0.0,0.0,0.0,0.0,0.0,15,60,50,high_d45_source_human_only,high,45,source,human_only,25
11411,11401,5649,9622,9613,4676,0,11401,0,0,0.0,0.0,759919.8975391781,161971.7901962625,921891.6877354307,0.0,14497,609092.3104458908,0,0.0,0.0,0.0,0,0,0,0.0,0.0,0,0.0,0.0,0.0,285899.23397731193,0.0,0,0,0,20261146,2b368a57d4de1997,human_only,0,1.0,0.98,10,9,0.4954828523813701,0.49592498466392076,0.48690500935356473,14.206805560587888,80.86059887162799,0.0,1145104.186149231,1135323.0560218925,18922.050933698207,0.0,4764.987232955199,0.0,0.0,1000.0,0.36383100769487176,42.01505900847698,0.0,0.0,0.0,0.0,0.0,15,60,50,high_d45_source_human_only,high,45,source,human_only,26
11731,11721,5419,9831,9823,4460,0,11721,0,0,0.0,0.0,713425.267153588,78161.91461853517,791587.1817721152,0.0,14599,562173.174169424,0,0.0,0.0,0.0,0,0,0,0.0,0.0,0,0.0,0.0,0.0,259885.6709225699,0.0,0,0,0,20261147,2b368a57d4de1997,human_only,0,1.0,0.98,10,8,0.462332565480761,0.4627908959168016,0.4544807242396501,6.668536355134815,67.53580596980763,0.0,1179843.828110735,1169106.5915533078,19485.109859221797,0.0,4331.427848709498,0.0,0.0,1000.0,0.34453120660514724,38.5076494396482,0.0,0.0,0.0,0.0,0.0,15,60,50,high_d45_source_human_only,high,45,source,human_only,27
11047,11039,5222,9294,9287,4311,0,11039,0,0,0.0,0.0,707559.5622450056,72222.13876197141,779781.7010069672,0.0,13838,563649.9197244591,0,0.0,0.0,0.0,0,0,0,0.0,0.0,0,0.0,0.0,0.0,259936.22116122345,0.0,0,0,0,20261148,2b368a57d4de1997,human_only,0,1.0,0.98,8,7,0.47305009511731133,0.4734317009142754,0.46460081773187,6.542453008603262,70.63879889545858,0.0,1191189.8318862948,1181072.1211453078,19684.535352421797,0.0,4332.270352687057,0.0,0.0,1000.0,0.33822787117428066,40.732036401536284,0.0,0.0,0.0,0.0,0.0,15,60,50,high_d45_source_human_only,high,45,source,human_only,28
10180,10175,4438,8580,8575,3687,0,10175,0,0,0.0,0.0,612431.1236898901,130341.51487115158,742772.6385610271,0.0,12980,477561.04407616117,0,0.0,0.0,0.0,0,0,0,0.0,0.0,0,0.0,0.0,0.0,227704.2903474518,0.0,0,0,0,20261149,2b368a57d4de1997,human_only,0,1.0,0.98,5,5,0.4361670761670762,0.43644400785854615,0.4303030303030303,12.809976891513669,72.99976791754567,0.0,1266680.678548305,1257818.2645528915,20963.63774254819,0.0,3795.0715057908633,0.0,0.0,1000.0,0.2962885119176083,36.79206811064416,0.0,0.0,0.0,0.0,0.0,15,60,50,high_d45_source_human_only,high,45,source,human_only,29
10920,10907,4640,9159,9147,3817,36,10871,0,0,211.787749588983,145.21308659808926,648972.1703746498,78479.24998752384,733217.2190461409,5765.798683976112,13641,512231.6776981732,2,0.0,204.39752489531693,9.309774379496554,0,0,36,0.0,252.0,108,217.21308659808938,3673.224154856824,4519.060741339485,240414.74810842128,125.85524769476525,0,0,0,20261120,256bb190b3eaa1fb,adaptive_hybrid,2,1.0,0.98,13,12,0.4254148711836435,0.4260989010989011,0.41805874003712196,7.19531035000677,67.224463101324,66.57466299089373,1231738.2292667206,1221895.1333800382,20364.918889667304,3.6202181099681563,4006.912468473688,2.0975874615794208,41.84315501240263,1000.0,0.31570098374071076,37.550889062251535,0.0,0.002365712093695798,0.0,0.0,0.002916666666666667,15,60,50,high_d45_source_adaptive_hybrid,high,45,source,adaptive_hybrid,0
10819,10812,4491,9148,9142,3726,29,10783,1,1,147.18443579453245,121.40531571041605,615106.3647510733,104618.22199576095,725849.2408943969,6124.654147571167,13540,479430.6606256202,2,0.0,210.38304515112645,5.9153585999799985,0,0,28,0.0,196.0,86,177.40531571041612,3872.317804290175,5137.272646271998,227533.26425079518,69.350121596675,0,0,0,20261121,256bb190b3eaa1fb,adaptive_hybrid,2,1.0,0.98,7,6,0.4153718091009989,0.4157500693224882,0.4079580236117184,9.676121161280147,67.13367007902302,25.7791200841164,1264146.7619177836,1254820.751657611,20913.679194293516,2.956755261840269,3792.2210708465864,1.1558353599445832,59.735728445023234,1000.0,0.29769624337900913,35.408468288450536,0.0,0.002434988948508408,0.0,0.0,0.0022685185185185187,15,60,50,high_d45_source_adaptive_hybrid,high,45,source,adaptive_hybrid,1
12518,12507,5345,10552,10542,4435,106,12401,3,3,791.452095378143,463.4896400424926,719905.6092423224,84071.64398764794,812655.2522654322,8677.999035471059,15560,566908.6739098391,12,0.0,1286.7742252906917,37.95486735847696,0,0,106,0.0,742.0,318,675.489640042492,4834.593096373033,5353.30557147613,264483.3747842138,620.8884047546027,0,0,0,20261122,256bb190b3eaa1fb,adaptive_hybrid,2,1.0,0.98,11,10,0.42736067802030864,0.4278638760185333,0.42124715693707354,6.721967217370108,64.97603360241722,327.96245533565036,1161982.7942625235,1149814.824706733,19163.580411778883,11.258160667374868,4408.056246403563,10.348140079243377,16.834294249924938,1000.0,0.3544540031874869,36.43371940294596,0.0,0.014893220200123746,0.0,0.0,0.008587962962962962,15,60,50,high_d45_source_adaptive_hybrid,high,45,source,adaptive_hybrid,2
10389,10385,4363,8735,8732,3615,23,10362,1,1,127.45951049596006,90.73715886867105,558150.5025008225,51976.54344218866,614780.7528186593,4653.706875657237,12943,427951.1024772333,0,0.0,0.0,4.904931698148841,0,0,22,0.0,154.0,68,134.737158868671,2469.60341245572,3237.524590153411,200841.95528202734,55.148584758127356,0,0,0,20261123,256bb190b3eaa1fb,adaptive_hybrid,2,1.0,0.98,4,3,0.42012518054886855,0.42034844547117145,0.41419576416714365,5.004963258756732,59.198916978205034,36.722351627289015,1306680.6565003917,1296713.6541274784,21611.894235457974,2.24561931447785,3347.365921367122,0.9191430793021226,47.61065573755016,1000.0,0.2740663019442269,33.064289768773335,0.0,0.0,0.0,0.0,0.0017824074074074075,15,60,50,high_d45_source_adaptive_hybrid,high,45,source,adaptive_hybrid,3
10405,10400,4413,8736,8732,3653,18,10382,1,1,123.2990755264768,81.90746009954275,576392.6395157602,79903.33680858338,660002.5510455475,3706.5747212131464,13053,444507.2670627917,1,0.0,109.57441527790621,4.790792836526392,0,0,15,0.0,105.0,51,111.90746009954273,1521.9299063760782,2472.0759394188644,209709.09001797411,54.47676091077652,0,0,0,20261124,256bb190b3eaa1fb,adaptive_hybrid,2,1.0,0.98,5,4,0.4243269230769231,0.4246035559827006,0.4186126373626374,7.683013154671479,63.46178375437957,41.39161542693405,1288440.8740884035,1278625.4869268036,21310.424782113394,1.865124334992379,3495.1515002995684,0.9079460151796087,48.472077243507144,1000.0,0.2841995143953314,34.05403103216055,0.0,0.0012682223990498403,0.0,0.0,0.0012152777777777778,15,60,50,high_d45_source_adaptive_hybrid,high,45,source,adaptive_hybrid,4
11041,11032,4049,9270,9262,3315,31,11001,0,0,161.3836723620291,122.47040166303195,557990.8501403823,44349.34975060563,606379.40770807,4039.20781708741,13616,421599.4094300436,2,0.0,219.98155561536174,7.332832493220234,0,0,31,0.0,217.0,93,184.47040166303208,2718.171893251948,2959.454922536761,199893.68358949307,107.46124292999421,0,0,0,20261125,256bb190b3eaa1fb,adaptive_hybrid,2,1.0,0.98,9,8,0.36702320522117476,0.3675391721764333,0.35846817691477884,4.02006433562415,54.96550106128263,38.91327069899715,1301550.407085539,1290790.7309510682,21513.17884918447,3.074506694383868,3331.561393158218,1.7910207154999036,31.822095941255494,1000.0,0.2769164405080339,30.96352889468593,0.0,0.0025460828196222423,0.0,0.0,0.002511574074074074,15,60,50,high_d45_source_adaptive_hybrid,high,45,source,adaptive_hybrid,5
11828,11821,6308,10005,9999,5247,41,11780,0,0,227.8160955019598,164.50140543423734,826948.4297185241,109313.7803037937,943931.1002643289,7668.89024202031,15184,678155.7384927009,3,0.0,321.81835626931223,9.765773934764285,0,0,39,0.0,273.0,121,242.5014054342375,4972.097271157574,6129.97262285049,312922.09095701727,127.98136571636824,0,0,0,20261126,256bb190b3eaa1fb,adaptive_hybrid,2,1.0,0.98,7,6,0.5336265967346249,0.5339026039905309,0.5250374812593703,9.247422409592565,79.8520514562498,63.314690067722466,1079996.237881202,1069686.2413843542,17828.10402307257,4.041690090570625,5215.368182616954,2.1330227619394706,50.66093076735942,1000.0,0.40000209006599885,44.662522292722656,0.0,0.0037247494938577805,0.0,0.0,0.003159722222222222,15,60,50,high_d45_source_adaptive_hybrid,high,45,source,adaptive_hybrid,6
11430,11426,5331,9643,9641,4421,32,11394,0,0,189.72677813556825,131.5621655497966,710548.2899287104,87344.13591769956,803706.1226068311,5813.696760430119,14417,566363.2998079091,1,0.0,105.9074711417054,7.417352635446081,0,0,31,0.0,217.0,95,193.56216554979667,4058.752653557572,4742.3831106487705,266263.51421495655,81.63971616085044,0,0,0,20261127,256bb190b3eaa1fb,adaptive_hybrid,2,1.0,0.98,4,2,0.4665674776824786,0.4667541557305337,0.4586746863009437,7.6443318674688925,70.34011225335473,58.164612585771664,1179628.0139497821,1169035.538746695,19483.92564577825,3.2260360924966114,4437.725236915942,1.360661936014174,49.91982221735548,1000.0,0.34465110336123217,39.28440728361719,0.0,0.0012257809159919605,0.0,0.0,0.002511574074074074,15,60,50,high_d45_source_adaptive_hybrid,high,45,source,adaptive_hybrid,7
11393,11385,5018,9621,9615,4172,33,11352,0,0,181.17026657590696,134.14829018631858,647260.1418260414,123350.21285133735,777199.4346473695,6589.079970002231,14219,505768.2789936431,2,0.0,212.05991063246745,7.648798464335531,0,0,33,0.0,231.0,99,200.1482901863187,3831.5821977272403,5168.3562481040735,238131.90327290163,99.56278172591078,0,0,0,20261128,256bb190b3eaa1fb,adaptive_hybrid,2,1.0,0.98,8,6,0.44075537988581465,0.44114807337839024,0.4342583930984305,10.834449964983518,68.26521165106452,47.02197638958839,1222149.3966990872,1211317.9661477052,20188.63276912842,3.335804836438645,3968.8650545483606,1.6593796954318463,52.205618667717914,1000.0,0.3210281129449516,35.569890920152126,0.0,0.0024543971138017064,0.0,0.0,0.002673611111111111,15,60,50,high_d45_source_adaptive_hybrid,high,45,source,adaptive_hybrid,8
11998,11995,5964,10141,10140,4960,49,11946,0,0,223.71060883721472,195.02929473544296,781425.6645670704,153068.0344737475,943154.0876083347,8660.388567528784,15202,632316.8501385591,3,0.0,304.4672470784752,9.459490891424712,0,0,49,0.0,343.0,147,293.02929473544333,6116.298071502526,8030.232415224866,294575.3677662294,130.344587657977,0,0,0,20261129,256bb190b3eaa1fb,adaptive_hybrid,2,1.0,0.98,3,1,0.4972071696540225,0.4973328888148025,0.48920224829898434,12.76098661723614,78.62893602403791,28.68131410177176,1114882.5636150963,1103746.910043626,18395.781834060435,4.8838215789240556,4909.589462770489,2.172409794299617,54.62743139608752,1000.0,0.3806207979916132,41.59431983545317,0.0,0.0035239264708156856,0.0,0.0,0.003969907407407407,15,60,50,high_d45_source_adaptive_hybrid,high,45,source,adaptive_hybrid,9
10742,10736,4813,9026,9020,3961,25,10711,0,0,125.73500094913742,96.51545695954957,620182.759935399,93430.18433116123,717849.2225172042,4236.278250652984,13536,483984.96755504253,1,0.0,103.57806429481127,5.536558231022632,0,0,24,0.0,168.0,74,144.51545695954954,2878.6141899681984,3448.7166284378945,227665.56325571405,77.41324575939592,0,0,0,20261130,256bb190b3eaa1fb,adaptive_hybrid,2,1.0,0.98,6,6,0.4483047690014903,0.44861292124371627,0.43950808774651007,8.702513443662559,66.86375023446388,29.219543989587848,1249265.9229544105,1239218.0830096186,20653.634716826975,2.4085909493258257,3794.426054261901,1.2902207626565987,46.60427876267425,1000.0,0.30596337613643854,35.75539062906638,0.0,0.0011988201885973528,0.0,0.0,0.0019444444444444444,15,60,50,high_d45_source_adaptive_hybrid,high,45,source,adaptive_hybrid,10
9340,9331,3647,7811,7803,2989,47,9284,1,1,193.4292799657968,188.28043562896082,517307.9305968827,50940.329969903694,574695.1093750596,6446.848808280682,11781,399773.1426321846,2,0.0,208.8563894271607,8.330090885740688,0,0,47,0.0,329.0,141,282.280435628961,5015.997578020604,5824.429887021666,192088.2209974713,109.96002520496467,0,0,0,20261131,256bb190b3eaa1fb,adaptive_hybrid,2,1.0,0.98,9,8,0.390847711927982,0.39143468950749466,0.38368966841633595,5.459257311103172,61.58987347283888,5.148844336835992,1343471.2988326906,1335475.369809509,22257.922830158484,4.70467392714935,3201.470349957855,1.832667086749411,41.30801338313238,1000.0,0.2536270562040608,33.9337189230273,0.0,0.0024173193220736193,0.0,0.0,0.0038078703703703703,15,60,50,high_d45_source_adaptive_hybrid,high,45,source,adaptive_hybrid,11
10130,10123,3762,8463,8456,3065,27,10096,1,1,138.32350058328146,116.88842456807133,533483.278204822,84470.15149817694,623181.0454494971,5227.615746502928,12619,406337.53695618594,2,0.0,204.53688744257488,5.288456637615519,0,0,27,0.0,189.0,81,170.8884245680714,3155.176692483429,4206.934470716929,192414.3480190464,58.681623035787275,0,0,0,20261132,256bb190b3eaa1fb,adaptive_hybrid,2,1.0,0.98,7,7,0.37162896374592513,0.37206317867719646,0.3629918468628146,8.344379284616906,61.560905408426066,21.43507601521013,1331070.1842477457,1322186.4406211635,22036.440677019393,2.848140409467857,3206.90580031744,0.9780270505964546,51.93746260144357,1000.0,0.2605165643068079,32.2004546284322,0.0,0.002367325086140913,0.0,0.0,0.0021875,15,60,50,high_d45_source_adaptive_hybrid,high,45,source,adaptive_hybrid,12
9975,9969,3951,8353,8348,3265,35,9934,1,1,180.23066743939683,191.7936130505867,567499.6528451749,70891.39272339377,645264.6387483188,6873.593179756772,12556,442590.5433061506,2,0.0,205.39119644983577,7.863800471346383,0,0,34,0.0,238.0,104,259.793613050587,3915.5892840539464,4624.971654574374,210800.26234687673,116.20578074240116,0,0,0,20261133,256bb190b3eaa1fb,adaptive_hybrid,2,1.0,0.98,6,5,0.3963286187180259,0.39669172932330826,0.3914761163653777,7.1111839425613175,64.72711794044726,-11.562945611189889,1303777.5179098747,1295221.750677331,21587.029177955515,4.329893550843116,3513.3377057812786,1.9367630123733526,44.47088129398436,1000.0,0.27567915671673626,35.249326481853345,0.0,0.002377212921873099,0.0,0.0,0.0027546296296296294,15,60,50,high_d45_source_adaptive_hybrid,high,45,source,adaptive_hybrid,13
11917,11913,5479,10055,10052,4602,40,11873,0,0,188.01670076771782,156.78423940692488,717008.782296707,71716.9218121605,795640.9243852525,6915.220276396038,14878,570435.8613062477,2,0.0,208.30974193105402,7.53325883558792,0,0,40,0.0,280.0,120,236.78423940692502,4564.401524815699,5324.570038198748,266092.1367125258,90.56871007311707,0,0,0,20261134,256bb190b3eaa1fb,adaptive_hybrid,2,1.0,0.98,4,3,0.45991773692604715,0.46009901820928084,0.4579811039283938,6.020055553778267,66.7876206148957,31.23246136079294,1175040.295628859,1163476.800169631,19391.28000282718,3.946403990115417,4434.868945208763,1.5094785012186178,44.371416984989565,1000.0,0.34719983576174507,38.34089671368784,0.0,0.0024109923834612734,0.0,0.0,0.0032407407407407406,15,60,50,high_d45_source_adaptive_hybrid,high,45,source,adaptive_hybrid,14
10733,10726,3813,8993,8987,3102,27,10699,0,0,147.48848867749484,103.88349052868148,548182.7785601475,63276.491283897136,615834.2306596788,4374.960815645336,13130,414447.4809061602,1,0.0,105.1604763002502,5.8990807251385,0,0,27,0.0,189.0,81,157.88349052868145,3051.138207426037,3710.496297522568,198542.96768818397,73.14381775538571,0,0,0,20261135,256bb190b3eaa1fb,adaptive_hybrid,2,1.0,0.98,7,6,0.3554913294797688,0.3559116742755986,0.34560213499388415,5.899355890723209,57.4150876990191,43.604998148813365,1322874.8131062188,1313552.025737617,21892.533762293617,2.6313915088113573,3309.0494614697327,1.2190636292564285,45.80859626571072,1000.0,0.26506954827432283,31.564926192396054,0.0,0.001217135142364007,0.0,0.0,0.0021875,15,60,50,high_d45_source_adaptive_hybrid,high,45,source,adaptive_hybrid,15
10624,10618,4705,9011,9009,3916,30,10588,0,0,147.8591822960855,117.19754872275814,651009.7372586965,107300.28219955417,764221.9506860446,5911.931227803927,13513,517125.24178927875,2,0.0,205.72932529647642,6.131120401850209,0,0,30,0.0,210.0,90,177.19754872275823,3898.249184831724,4786.866615625788,244706.1656852834,76.54453176647601,0,0,0,20261136,256bb190b3eaa1fb,adaptive_hybrid,2,1.0,0.98,6,2,0.44311546430589566,0.44342996987951805,0.43480190877816005,10.105507835708625,71.9741901192357,30.66163357332735,1234847.1321202475,1225737.9367396873,20428.965612328124,2.9532924787126373,4078.4360947547234,1.2757421961079336,53.18740684028653,1000.0,0.31397381548875136,38.26872210384657,0.0,0.0023811264501906993,0.0,0.0,0.0024305555555555556,15,60,50,high_d45_source_adaptive_hybrid,high,45,source,adaptive_hybrid,16
11146,11142,5168,9396,9392,4279,39,11103,4,4,185.32669408406312,183.91580872740053,730193.8893739544,120718.23094261339,858084.6710441019,7172.550727546954,14100,590084.050752622,2,0.0,208.02221610751644,7.565658390085453,0,0,39,0.0,273.0,117,261.91580872740076,4905.249113202897,5896.296988625672,277690.0345893801,88.75111159641861,0,0,0,20261137,256bb190b3eaa1fb,adaptive_hybrid,2,1.0,0.98,4,4,0.4638305510680309,0.4640229678808541,0.4558322690506599,10.834520816964044,77.01352280058356,1.4108853566625896,1173786.3764960142,1164071.401572932,19401.190026215532,4.365263478790013,4628.167243156335,1.4791851932736435,50.39570075748438,1000.0,0.3478964575022143,41.84993267749092,0.0,0.00240766453828144,0.0,0.0,0.003159722222222222,15,60,50,high_d45_source_adaptive_hybrid,high,45,source,adaptive_hybrid,17
11582,11572,4807,9757,9749,3963,35,11537,1,1,196.3701491524317,140.388169899669,622333.6017850362,42921.84242649711,669763.9030949986,4508.458883476986,14286,478906.84642171196,2,0.0,212.13107857151155,8.673490980132414,0,0,34,0.0,238.0,104,208.38816989966918,2226.303721678928,2476.3620020256585,220812.29416271637,128.42306782492534,0,0,0,20261138,256bb190b3eaa1fb,adaptive_hybrid,2,1.0,0.98,10,8,0.41539923954372626,0.41590398894836816,0.4069898534385569,3.7091118584943925,57.87797296016234,55.9819792527627,1246043.5249111485,1234755.4718049841,20579.257863416402,3.4731361649944863,3680.2049027119397,2.1403844637487555,23.811173096400562,1000.0,0.30775359727158413,33.52280879334397,0.0,0.002455220816799902,0.0,0.0,0.0027546296296296294,15,60,50,high_d45_source_adaptive_hybrid,high,45,source,adaptive_hybrid,18
10459,10449,4325,8766,8758,3567,37,10412,0,0,211.95040593833932,146.5376957004119,575809.4981966604,75619.36372573828,656649.5807846572,5220.718862265399,13101,445756.8902972293,2,0.0,211.35348316842004,8.980560960614282,0,0,35,0.0,245.0,109,216.5376957004121,3671.447170787855,4330.661968024095,210029.69869636247,121.0535554000736,0,0,0,20261139,256bb190b3eaa1fb,adaptive_hybrid,2,1.0,0.98,10,8,0.4139152071968609,0.4144755712783249,0.40782569016655257,7.236995284308382,62.84329417022271,65.41271023792743,1291081.9614956852,1281057.2735932698,21350.95455988783,3.608961595006868,3500.4949782727076,2.0175592566678935,39.730843743340316,1000.0,0.28273224361350824,34.02464623290049,0.0,0.0024462208700048614,0.0,0.0,0.0028356481481481483,15,60,50,high_d45_source_adaptive_hybrid,high,45,source,adaptive_hybrid,19
11676,11667,4690,9844,9835,3877,32,11635,1,1,176.85384392326554,128.31432052743043,600393.1993058645,40408.423758830264,646579.6195831205,5777.996518438353,14302,458378.2268747382,2,0.0,208.56868266517932,7.802125539000147,0,0,31,0.0,217.0,95,190.31432052743054,3140.341759292047,3568.149322511381,213149.33300476227,113.31169229016369,0,0,0,20261140,256bb190b3eaa1fb,adaptive_hybrid,2,1.0,0.98,9,9,0.4019885146138682,0.4024494689962316,0.3947582283624543,3.4634802227505155,55.41952683492933,48.53952339583512,1258470.2149282726,1246570.4902027796,20776.174836712995,3.1719053421238423,3552.4888834127046,1.8885282048360614,37.55946655275138,1000.0,0.3008498805954041,32.04993895082773,0.0,0.002413989382698835,0.0,0.0,0.002511574074074074,15,60,50,high_d45_source_adaptive_hybrid,high,45,source,adaptive_hybrid,20
10787,10781,4573,9060,9055,3777,25,10756,1,1,135.67020954724475,98.45043880382471,631547.5714273895,115691.18857609961,752120.2817594194,4881.5217559396715,13555,495821.6950988137,2,0.0,216.89766539145398,5.853321244926372,0,0,24,0.0,168.0,74,146.45043880382468,2994.322814838372,3755.2086374074424,237381.3467879646,85.13972900716914,0,0,0,20261141,256bb190b3eaa1fb,adaptive_hybrid,2,1.0,0.98,6,5,0.4241721547166311,0.4244924446092519,0.417439293598234,10.731025746785976,69.76349891099335,37.21977074342004,1249695.547669575,1240390.8434798422,20673.180724664035,2.4408406467304116,3956.35577979941,1.418995483452819,50.74606266766814,1000.0,0.305724695739125,36.57850941341304,0.0,0.0025103896457344213,0.0,0.0,0.0019444444444444444,15,60,50,high_d45_source_adaptive_hybrid,high,45,source,adaptive_hybrid,21
11445,11442,5900,9600,9598,4884,61,11381,1,1,259.0262725841322,239.895061013704,819638.1460365413,125330.97665211963,955335.0201770831,10365.897488431092,14800,676956.0981120518,3,0.0,306.2287166156844,10.826047187848523,0,0,61,0.0,427.0,183,361.89506101370444,8794.29085637989,10645.168329242048,315115.14690670493,135.0942725965013,0,0,0,20261142,256bb190b3eaa1fb,adaptive_hybrid,2,1.0,0.98,3,2,0.5156441181611606,0.5157710790738314,0.5089583333333333,10.9535899888236,83.49370915723502,19.131211570428178,1095068.1830823298,1085492.95995982,18091.549332663664,6.031584350228408,5251.919115111749,2.2515712099416882,58.170318739027586,1000.0,0.3916287871764834,45.74027689946296,0.0,0.0035443138497185693,0.0,0.0,0.00494212962962963,15,60,50,high_d45_source_adaptive_hybrid,high,45,source,adaptive_hybrid,22
10468,10459,3973,8859,8852,3308,18,10441,1,1,97.33519630989917,73.2363072250612,521625.9883639931,67818.37941348052,592854.1710908366,3409.8033133726167,12960,390385.92696248845,1,0.0,103.46470215482475,4.325234909656202,0,0,18,0.0,126.0,54,109.23630722506117,2211.263992690543,2563.3368207846615,185677.2585759212,62.218600306431085,0,0,0,20261143,256bb190b3eaa1fb,adaptive_hybrid,2,1.0,0.98,9,7,0.37986423176211875,0.3803974016048911,0.37419573315272603,6.484212583753755,56.683638119403064,24.098889084837978,1336837.245740844,1326836.0064715156,22113.933441191926,1.820605120417686,3094.6209762653534,1.0369766717738513,47.46920038490114,1000.0,0.2573126412550867,30.122370907599418,0.0,0.0011975081267919531,0.0,0.0,0.0014583333333333334,15,60,50,high_d45_source_adaptive_hybrid,high,45,source,adaptive_hybrid,23
11959,11955,6066,10031,10028,5039,28,11927,0,0,155.96850192252103,116.73648343745195,788461.5558977035,95142.09666379087,888376.2007339608,4772.548172478859,15043,637480.582965783,1,0.0,100.47121201542073,6.946406667990232,0,0,26,0.0,182.0,82,168.73648343745194,2586.0980716247113,3151.795558668353,293789.66370117577,103.68598545047581,0,0,0,20261144,256bb190b3eaa1fb,adaptive_hybrid,2,1.0,0.98,4,3,0.5074027603513175,0.507567522368091,0.5026418103877979,7.9583518748465805,74.31001260844508,39.23201848506908,1108112.4604413994,1097198.2269404796,18286.63711567466,2.812274723957532,4896.494395019597,1.7280997575079302,38.436531203272594,1000.0,0.38438196642144484,42.377224155140794,0.0,0.0011628612501784806,0.0,0.0,0.0021064814814814813,15,60,50,high_d45_source_adaptive_hybrid,high,45,source,adaptive_hybrid,24
10658,10652,5389,8952,8946,4459,59,10593,0,0,311.3723611739039,250.320207016693,714501.3180205957,158591.30032257215,883435.7595070793,10343.141163921875,13789,581632.2042562322,4,0.0,424.15311338282504,14.077292459838725,0,0,57,0.0,399.0,175,364.32020701669353,5897.5643660515325,7880.061116089004,273881.87362619716,204.99298293665413,0,0,0,20261145,256bb190b3eaa1fb,adaptive_hybrid,2,1.0,0.98,6,6,0.505914382275629,0.5061925314317883,0.4987712243074173,14.88840596344087,82.93613964580166,61.052154157210936,1179800.1017767435,1170516.345424258,19508.605757070964,6.072003450278226,4564.697893769952,3.4165497156109024,45.02892066336574,1000.0,0.34455549901292026,42.18088362145422,0.0,0.0049091795530419565,0.0,0.0,0.004618055555555556,15,60,50,high_d45_source_adaptive_hybrid,high,45,source,adaptive_hybrid,25
11411,11402,5629,9622,9614,4666,41,11361,0,0,206.15372007275198,161.2270265690293,747440.3880045505,165628.64529546318,919458.806288381,6389.772988374842,14523,603507.7431672849,2,0.0,203.0446217171469,9.573468696280246,0,0,41,0.0,287.0,123,243.22702656902942,4771.332012848403,5671.497425714639,284099.99316549965,150.65923033606015,0,0,0,20261146,256bb190b3eaa1fb,adaptive_hybrid,2,1.0,0.98,9,8,0.4936853183651991,0.4940846551573044,0.4857617958844315,14.526280064502998,80.64013386146124,44.926693503722674,1151643.3323229456,1141665.5506473964,19027.759177456606,4.053783776150491,4734.999886091661,2.510987172267669,46.109735168411696,1000.0,0.36019814870947464,41.555308350016176,0.0,0.0023500534920966078,0.0,0.0,0.003321759259259259,15,60,50,high_d45_source_adaptive_hybrid,high,45,source,adaptive_hybrid,26
11731,11721,5488,9831,9822,4518,34,11687,1,1,179.9312504603019,138.8385950359103,718354.6050651987,81999.61128440208,806182.4806679046,5828.2643183157,14675,571646.0549515496,2,0.0,210.852494444936,7.0150831816349175,0,0,33,0.0,231.0,101,204.83859503591043,3440.222330489238,4274.304997932448,265548.40352091775,87.28264371247863,0,0,0,20261147,256bb190b3eaa1fb,adaptive_hybrid,2,1.0,0.98,10,9,0.4682194352017746,0.4686727474213622,0.4604821483063778,6.995956939203317,68.78103239210857,41.09265542439161,1173895.4296470722,1163272.193215868,19387.869886931134,3.4139765839318406,4425.806725348629,1.4547107285413106,42.319851464677704,1000.0,0.34783587241829317,38.95373457932195,0.0,0.0024404223894089814,0.0,0.0,0.002673611111111111,15,60,50,high_d45_source_adaptive_hybrid,high,45,source,adaptive_hybrid,27
11047,11038,5295,9294,9286,4371,50,10988,0,0,260.80243242260974,197.25551731810685,712348.9708564301,79677.6137787144,799412.8535191852,7386.268884047218,13912,575733.0187207802,3,0.0,318.3256870582457,10.767398398625316,0,0,50,0.0,350.0,150,297.255517318107,5262.29256458072,5847.556504802615,266845.3507527965,132.80150934149927,0,0,0,20261148,256bb190b3eaa1fb,adaptive_hybrid,2,1.0,0.98,9,8,0.47970646856314547,0.4801303521318005,0.4711641919517969,7.218482857285233,72.42370479427298,63.54691510450289,1183283.3968241853,1173356.6097384128,19555.943495640215,4.95425862196845,4447.422512546608,2.213358489024988,38.983710032017434,1000.0,0.34262033509767487,41.383914514144635,0.0,0.0036843250816926587,0.0,0.0,0.004050925925925926,15,60,50,high_d45_source_adaptive_hybrid,high,45,source,adaptive_hybrid,28
10180,10174,4461,8580,8575,3713,35,10139,2,2,194.38937002257705,153.84925818369166,608215.5837567354,131031.04837194394,745618.1246708601,6371.492542192233,12999,479537.2093039383,2,0.0,206.76552797436614,7.8319021690336745,0,0,35,0.0,245.0,105,223.84925818369183,4084.3630904798483,5245.746517246784,228272.5351736479,101.220404876877,0,0,0,20261149,256bb190b3eaa1fb,adaptive_hybrid,2,1.0,0.98,6,5,0.43847061136229604,0.4388015717092338,0.43333333333333335,12.879010062113617,73.28662518880088,40.540111838885394,1267975.6824015216,1259295.8325302952,20988.26387550492,3.7308209697281973,3804.5422528941317,1.68700674794795,49.95949064044556,1000.0,0.29556906533248806,36.89031535533028,0.0,0.0023931195367403488,0.0,0.0,0.0028356481481481483,15,60,50,high_d45_source_adaptive_hybrid,high,45,source,adaptive_hybrid,29
10920,10909,4729,9159,9149,3884,51,10858,2,2,662.1396179774756,244.56799032317224,659462.505439124,87606.97643882022,757040.8661050998,9971.384227165378,13713,526221.298975057,7,0.0,733.7131182925107,22.19295737242064,0,0,44,0.0,308.0,146,332.5679903231726,5257.217867427888,6504.280395733918,247431.25733778434,105.18786495733373,0,0,0,20261120,55471528fecddb81,travel_aware_hybrid,2,1.0,0.98,11,10,0.43349527912732605,0.4340659340659341,0.4251555846708156,8.030706429445432,69.39599102622603,417.57162765430337,1224486.0940462018,1214696.6603415352,20244.944339025587,5.542799838719543,4123.854288963073,1.7531310826222288,44.54986572420492,1000.0,0.31972994775211017,38.373900603446145,0.0,0.008492049980237393,0.0,0.0,0.003564814814814815,15,60,50,high_d45_source_travel_aware_hybrid,high,45,source,travel_aware_hybrid,0
10819,10814,4522,9148,9144,3753,43,10771,1,1,445.2356807959231,184.79001882762793,604835.9896034242,107083.86102900951,720354.0205884279,8434.169956000756,13514,471800.0707492754,5,0.0,523.1847481904697,15.86521172090655,0,0,39,0.0,273.0,125,262.7900188276282,4573.65199303378,5753.72315125893,221952.01777910962,113.71823840383875,0,0,0,20261121,55471528fecddb81,travel_aware_hybrid,2,1.0,0.98,5,4,0.41816164231551695,0.41843053886680837,0.41069086139046784,9.902335956076337,66.61309604109746,260.44566196829516,1268127.4074156992,1258384.9823746425,20973.083039577374,4.379833647127137,3699.2002963184937,1.8953039733973125,46.02978521007144,1000.0,0.2954847736579449,34.91194840530379,0.0,0.006055379029982288,0.0,0.0,0.003159722222222222,15,60,50,high_d45_source_travel_aware_hybrid,high,45,source,travel_aware_hybrid,1
12518,12509,5343,10552,10544,4432,47,12462,2,2,481.7095720264988,207.05447870621515,724479.8138699611,83888.30338413254,816754.3160530324,8386.198798953661,15537,571953.0006081824,5,0.0,531.861488314302,15.575701505788192,0,0,44,0.0,308.0,138,295.0544787062153,5660.229796739697,6436.886225617163,268617.0170202483,76.79362481583675,0,0,0,20261122,55471528fecddb81,travel_aware_hybrid,2,1.0,0.98,9,8,0.42713246462546967,0.42754433615593546,0.42077331311599697,6.7062357809683055,65.29333408370233,274.65509332028364,1157281.8374580701,1145341.4735858548,19089.024559764246,4.917574645103588,4476.950283670804,1.2798937469306124,46.64410308418234,1000.0,0.3570656458566277,36.812319019642295,0.0,0.006155804262897015,0.0,0.0,0.003564814814814815,15,60,50,high_d45_source_travel_aware_hybrid,high,45,source,travel_aware_hybrid,2
10389,10385,4434,8735,8732,3685,37,10348,1,1,362.35951296198215,153.44595733540456,560461.599041259,53704.01711800837,620836.303988524,6670.687829265062,12978,432676.5809862654,4,0.0,432.7335108051776,11.863098994690297,0,0,29,0.0,203.0,103,211.4459573354046,4064.0671133473516,4744.807529446507,203836.77661288469,82.79956059700966,0,0,0,20261123,55471528fecddb81,travel_aware_hybrid,2,1.0,0.98,4,3,0.42696196437168993,0.42718259697757244,0.42220950200343443,5.171306414829886,59.78202253139374,208.9135556265776,1301874.037957869,1291980.3461473412,21533.005769122352,3.5240992889234097,3397.279610214745,1.3799926766168276,46.066092518898124,1000.0,0.2767366455789617,33.33923416445256,0.0,0.0050084897083932595,0.0,0.0,0.002349537037037037,15,60,50,high_d45_source_travel_aware_hybrid,high,45,source,travel_aware_hybrid,3
10405,10399,4543,8736,8730,3764,41,10358,0,0,425.2493152117092,161.0838530493041,590844.6051355673,82051.94396700754,681124.0286339247,8227.47953136314,13091,463814.540108676,5,0.0,535.9624243427619,15.010431292620119,0,0,39,0.0,273.0,121,239.0838530493043,4839.010935750971,5574.985837980907,218974.0701047064,111.48633054848226,0,0,0,20261124,55471528fecddb81,travel_aware_hybrid,2,1.0,0.98,6,6,0.4368689297047793,0.4371936568957232,0.43154761904761907,7.890368686124391,65.49899304105439,264.1654621624051,1276572.055317826,1266657.6500540907,21110.960834234844,3.9847308841550717,3649.5678350784397,1.858105509141371,46.074263123809146,1000.0,0.2907933026012077,35.43003132752853,0.0,0.006203268800263448,0.0,0.0,0.003159722222222222,15,60,50,high_d45_source_travel_aware_hybrid,high,45,source,travel_aware_hybrid,4
11041,11030,4105,9270,9262,3351,32,10998,0,0,400.1846817783035,123.90873415478416,557647.3955430663,44576.94207542145,608464.6723564478,6240.334737969197,13644,423035.51049812924,4,0.0,422.66629009705457,12.984491761299886,0,0,30,0.0,210.0,94,183.90873415478427,3419.305076628667,3991.106086057929,200032.3847765888,69.75199259528567,0,0,0,20261125,55471528fecddb81,travel_aware_hybrid,2,1.0,0.98,11,8,0.37216681776971894,0.3727923195362739,0.3623516720604099,4.041427205387258,55.16452151917024,276.27594762351936,1300292.212291742,1289748.3625707575,21495.806042845958,3.0651455692464045,3333.873079609813,1.1625332099214278,42.45857538359499,1000.0,0.27761543761569896,31.005241168141985,0.0,0.004891970950197391,0.0,0.0,0.0024305555555555556,15,60,50,high_d45_source_travel_aware_hybrid,high,45,source,travel_aware_hybrid,5
11828,11820,6271,10005,9999,5220,58,11762,0,0,603.8123644310083,235.30875061981376,814267.5798509399,103582.88813489946,929950.4963985594,12100.02841272888,15156,669699.0762560003,7,0.0,735.3122967342614,21.872943789662582,0,0,50,0.0,350.0,166,335.30875061981413,6543.2003531073615,7828.987473886542,308098.8666447274,183.05468255487708,0,0,0,20261126,55471528fecddb81,travel_aware_hybrid,2,1.0,0.98,8,6,0.5305414551607445,0.530858978694623,0.5223388305847076,8.76335771022838,78.67601492373599,368.50361381119455,1087753.1901787973,1077364.090239527,17956.068170658782,5.588479176996902,5134.981110745457,3.050911375914618,47.162575143894834,1000.0,0.3956926721228904,44.1870596632357,0.0,0.008510558989979877,0.0,0.0,0.004050925925925926,15,60,50,high_d45_source_travel_aware_hybrid,high,45,source,travel_aware_hybrid,6
11430,11424,5256,9643,9639,4360,49,11375,0,0,608.8822401942041,196.71610147746873,697182.9417217213,86633.62200569455,794138.5026685562,10321.938941153345,14403,557077.2260841859,6,0.0,658.0571962467587,20.49798352743254,0,0,43,0.0,301.0,141,282.716101477469,5382.74745684945,6418.879744952128,261505.7121170147,114.1029400078755,0,0,0,20261127,55471528fecddb81,travel_aware_hybrid,2,1.0,0.98,6,4,0.46008403361344535,0.4603674540682415,0.4525562584258011,7.583475315624523,69.51492495348006,412.16613871673536,1187079.2064501343,1176425.377142997,19607.08961904995,4.711935024624483,4358.428535283578,1.9017156667979251,45.52396982235552,1000.0,0.34051155197214766,38.677860590445455,0.0,0.007616402734337485,0.0,0.0,0.0034837962962962965,15,60,50,high_d45_source_travel_aware_hybrid,high,45,source,travel_aware_hybrid,7
11393,11387,5114,9621,9617,4254,47,11340,0,0,464.6383300641578,187.9595521122276,645983.7821509643,118530.28085634383,774052.5875864641,9538.524579166746,14239,507598.24115324393,4,0.0,433.0290658506413,17.39701243830359,0,0,42,0.0,294.0,136,271.9595521122279,4803.218514939253,5868.224413963302,237953.2975097989,156.9198414258527,0,0,0,20261128,55471528fecddb81,travel_aware_hybrid,2,1.0,0.98,6,4,0.449108632651269,0.44939875362064424,0.44257353705436026,10.409263270074982,67.97686726850479,276.6787779519302,1221707.647627995,1210613.575725566,20176.892928759433,4.532659201870465,3965.8882918299814,2.6153306904308784,43.148708926200754,1000.0,0.3212735290955584,35.64844730340922,0.0,0.005011910484382423,0.0,0.0,0.0034027777777777776,15,60,50,high_d45_source_travel_aware_hybrid,high,45,source,travel_aware_hybrid,8
11998,11991,5915,10141,10137,4915,69,11922,1,1,707.2885500354819,269.33956871398124,780752.8283110559,144860.53110523525,939964.950052853,14351.59063656922,15206,636984.5236907855,9,0.0,971.31532588173,25.74346421516331,0,0,62,0.0,434.0,200,393.33956871398163,7895.006747970009,9841.572676880625,296448.5917960598,199.33690571205204,0,0,0,20261129,55471528fecddb81,travel_aware_hybrid,2,1.0,0.98,7,4,0.493286631640397,0.4935822637106184,0.48506064490681394,12.08077150406432,78.3892044077102,437.94898132150064,1117850.5235137758,1106432.6677778596,18440.544462964328,6.55565947856636,4940.809863267664,3.322281761867534,49.207863384403126,1000.0,0.37897193138123564,41.89034089772363,0.0,0.011242075531038542,0.0,0.0,0.005023148148148148,15,60,50,high_d45_source_travel_aware_hybrid,high,45,source,travel_aware_hybrid,9
10742,10731,4756,9026,9015,3901,37,10694,0,0,445.2734871390733,142.41174621693372,610031.9973586889,87378.20742086362,704662.5434879703,7252.338708424844,13491,476875.0697128652,5,0.0,533.1741656258843,15.140725337137217,0,0,30,0.0,210.0,104,202.41174621693384,3793.5305418014386,4643.329909552545,223069.9411508452,98.13810833166298,0,0,0,20261130,55471528fecddb81,travel_aware_hybrid,2,1.0,0.98,11,11,0.4432019383095704,0.44377210947681994,0.43341458010192774,8.142596908103963,65.66606499748116,302.8617409221396,1256523.0915747955,1246205.4594796812,20770.09099132802,3.373529103615564,3717.832352514087,1.6356351388610497,44.64740297646678,1000.0,0.3019316157917803,35.34764433421282,0.0,0.006170997287336623,0.0,0.0,0.0024305555555555556,15,60,50,high_d45_source_travel_aware_hybrid,high,45,source,travel_aware_hybrid,10
9340,9334,3569,7811,7806,2923,37,9297,0,0,415.08071656705937,142.85661362638072,511545.68070312025,49477.499568287574,567653.0776871918,6629.8974157915545,11752,394783.5374599197,4,0.0,421.2314089651463,14.565097811574661,0,0,33,0.0,231.0,107,208.85661362638083,4021.8559358154735,4743.506875150642,188557.19569672848,78.83342546265044,0,0,0,20261131,55471528fecddb81,travel_aware_hybrid,2,1.0,0.98,6,5,0.38236554531819156,0.382762312633833,0.37485597234669055,5.300782040742187,60.81562863586799,272.2241029406787,1348900.7700253993,1340867.5100927216,22347.79183487869,3.480943560439681,3142.619928278808,1.3138904243775074,44.3318399546789,1000.0,0.25061068331922265,33.592880995568386,0.0,0.004875363529689193,0.0,0.0,0.002673611111111111,15,60,50,high_d45_source_travel_aware_hybrid,high,45,source,travel_aware_hybrid,11
10130,10123,3782,8463,8457,3087,36,10087,1,1,387.98335249631157,157.11843182560324,534445.6284045504,90653.96302171802,633057.8183287195,7958.226902460176,12671,409753.3466269493,4,0.0,417.07420537834815,13.95395219105647,0,0,29,0.0,203.0,101,215.1184318256033,3942.2458691999586,5183.948906531348,196082.5687915004,109.05264616521892,0,0,0,20261132,55471528fecddb81,travel_aware_hybrid,2,1.0,0.98,7,6,0.3736046626494122,0.3740375123395854,0.3654732364409784,8.95524676693846,62.53658187579961,230.86492067070833,1328637.6677444251,1320064.1253628659,22001.068756047764,3.585307197093388,3268.0428131916733,1.8175441027536485,51.326226797340084,1000.0,0.2618679623642083,32.33788545710278,0.0,0.004827247747434585,0.0,0.0,0.002349537037037037,15,60,50,high_d45_source_travel_aware_hybrid,high,45,source,travel_aware_hybrid,12
9975,9970,3925,8353,8349,3240,48,9922,1,1,510.00957026806196,211.30436744781338,562047.2674529459,68391.2110400898,639194.5130505381,8756.034557510768,12569,439681.02472664294,5,0.0,539.3080946107445,17.945033197767383,0,0,44,0.0,308.0,140,299.3043674478136,5444.471746737541,6140.9164800689905,210124.10440809157,124.36788993657382,0,0,0,20261133,55471528fecddb81,travel_aware_hybrid,2,1.0,0.98,5,4,0.3936810431293882,0.39398496240601505,0.38836346222913926,6.859700204622848,64.11178666504897,298.7052028202486,1306231.663737287,1297841.6527368927,21630.694212281545,4.988406124130226,3502.068406801526,2.0727981656095635,43.86368914334993,1000.0,0.2743157423681739,34.98138473439756,0.0,0.0062419918357725064,0.0,0.0,0.003564814814814815,15,60,50,high_d45_source_travel_aware_hybrid,high,45,source,travel_aware_hybrid,13
11917,11912,5461,10055,10051,4583,47,11865,0,0,573.0796075602506,180.22543012683045,714857.6136961915,72922.8741285413,797473.9315020384,9693.443677319457,14881,571465.3261707197,6,0.0,666.2307282392337,19.682706453705233,0,0,44,0.0,308.0,138,268.22543012683064,5589.861742719861,6168.77169961791,265641.2548000198,101.09724617067579,0,0,0,20261134,55471528fecddb81,travel_aware_hybrid,2,1.0,0.98,5,4,0.45844526527871055,0.45867248468574306,0.45619094977623076,6.12179937277882,66.94710640547669,392.8541774334201,1176893.7941123,1165616.1295042904,19426.935491738175,4.4704238354471775,4427.354246666996,1.6849541028445965,44.70124420012978,1000.0,0.3461701143820556,38.40234703116187,0.0,0.007711003799065205,0.0,0.0,0.003564814814814815,15,60,50,high_d45_source_travel_aware_hybrid,high,45,source,travel_aware_hybrid,14
10733,10726,3793,8993,8986,3091,35,10691,0,0,413.0304366057652,133.8973141918907,538306.8095858906,68899.56206952017,613298.0534631605,6091.68180775717,13097,406749.92224568647,4,0.0,430.35300415679717,13.75167370600522,0,0,32,0.0,224.0,102,197.89731419189076,3867.150738907255,4373.72525086267,194393.94833348712,74.9055120321752,0,0,0,20261135,55471528fecddb81,travel_aware_hybrid,2,1.0,0.98,7,7,0.35362670147305614,0.35404826236839654,0.34449015901256536,6.423602654253232,57.17863634748839,279.1331224138745,1325589.6476274014,1316412.7958912835,21940.213264854727,3.298288569864846,3239.899138891452,1.2484252005362533,42.87965932218304,1000.0,0.26356130687366586,31.056724612177327,0.0,0.004980937548111079,0.0,0.0,0.0025925925925925925,15,60,50,high_d45_source_travel_aware_hybrid,high,45,source,travel_aware_hybrid,15
10624,10616,4727,9011,9008,3933,50,10566,0,0,584.4381840954958,189.83978177273346,652551.3766707934,114567.27965889868,777913.5200293148,10794.863699628726,13558,522713.95224726846,6,0.0,613.7550905977973,19.016223986250136,0,0,44,0.0,308.0,144,277.8397817727338,6348.471791111223,7590.848040953564,248526.18180863364,106.00111715221246,0,0,0,20261136,55471528fecddb81,travel_aware_hybrid,2,1.0,0.98,8,3,0.4452712886209495,0.4456890060240964,0.4367994673177228,10.791944202985935,73.27746043983748,394.59840232276235,1231120.432088884,1222029.6465461333,20367.160775768887,4.630663029545563,4142.103030143894,1.7666852858702076,52.71422250662197,1000.0,0.3160442043950644,38.55391298475206,0.0,0.007103646881918951,0.0,0.0,0.003564814814814815,15,60,50,high_d45_source_travel_aware_hybrid,high,45,source,travel_aware_hybrid,16
11146,11144,5172,9396,9394,4283,52,11092,2,2,599.0942063182068,214.81373735430972,729158.5687569095,120029.3182235611,860682.8153154042,11494.92833494518,14126,591860.0861741719,7,0.0,758.5906969147873,21.970609610448193,0,0,42,0.0,294.0,146,298.81373735430986,5632.668220839739,7645.2968754710255,278615.8331135636,136.75392493909692,0,0,0,20261137,55471528fecddb81,travel_aware_hybrid,2,1.0,0.98,2,2,0.46410624551328067,0.4642024044500269,0.4560451255853555,10.770757198812015,77.23284415967375,384.2804689638971,1173618.2194093743,1163920.8046504692,19398.68007750782,4.980228955905164,4643.597218559394,2.279232082318282,52.3650470922673,1000.0,0.3479898781059032,41.89863274629562,0.0,0.008779984917995223,0.0,0.0,0.0034027777777777776,15,60,50,high_d45_source_travel_aware_hybrid,high,45,source,travel_aware_hybrid,17
11582,11571,4806,9757,9750,3958,45,11526,1,1,468.70285389038366,180.69670892400802,624912.0036924289,42731.02782039309,675081.3406244143,7438.30911160442,14327,484135.94026879274,4,0.0,421.4565539819178,14.79502272752241,0,0,42,0.0,294.0,132,264.6967089240082,4336.839981577035,4730.471330557291,225052.3774191862,67.1774850449704,0,0,0,20261138,55471528fecddb81,travel_aware_hybrid,2,1.0,0.98,11,7,0.41534871661913403,0.41590398894836816,0.4063749103207953,3.6929416489839326,58.34252360421868,288.00614496637564,1242471.8371863053,1230903.5106760059,20515.058511266765,4.4116118154001365,3750.8729569864367,1.1196247507495065,35.83690401937342,1000.0,0.3097378682298304,33.791857351070895,0.0,0.004877969374790715,0.0,0.0,0.0034027777777777776,15,60,50,high_d45_source_travel_aware_hybrid,high,45,source,travel_aware_hybrid,18
10459,10452,4289,8766,8760,3526,47,10405,2,2,549.3788515301233,207.16947164886375,568562.0324154441,74637.77614221921,652108.2377031537,8908.429145497046,13068,441914.6589371205,5,0.0,523.2143788249194,17.924901453129184,0,0,38,0.0,266.0,132,283.16947164886403,4634.795603845078,5775.5506447017815,206625.16106038023,94.31481536906097,0,0,0,20261139,55471528fecddb81,travel_aware_hybrid,2,1.0,0.98,7,6,0.41035208572522003,0.4107467253083469,0.4029203741729409,7.141004223327517,62.39076135697989,342.2093798812595,1295729.490283086,1285804.1440079832,21430.06906679972,4.719491194147734,3443.7526843396704,1.5719135894843494,43.75417155077107,1000.0,0.2801502831760634,33.8165487402143,0.0,0.0060557219771402715,0.0,0.0,0.0030787037037037037,15,60,50,high_d45_source_travel_aware_hybrid,high,45,source,travel_aware_hybrid,19
11676,11663,4682,9844,9833,3870,42,11621,2,2,439.32808075966807,184.63932068773627,595915.4147476706,38236.55151165712,641216.241061314,7064.27480199817,14302,455774.94011972257,5,0.0,555.9550116931376,15.096554744435965,0,0,39,0.0,273.0,123,262.6393206877364,3967.3449396038604,4233.65272512286,211987.3162718006,92.21768245216353,0,0,0,20261140,55471528fecddb81,travel_aware_hybrid,2,1.0,0.98,13,11,0.40144045271371004,0.40210688591983557,0.39425030475416495,3.278449070707118,54.97867110188751,254.6887600719318,1260177.47449745,1248388.926394193,20806.48210656988,4.377322011462273,3533.1219378633436,1.5369613742027255,34.4199408546574,1000.0,0.2999014030569722,31.867916383703157,0.0,0.006434664487189093,0.0,0.0,0.003159722222222222,15,60,50,high_d45_source_travel_aware_hybrid,high,45,source,travel_aware_hybrid,20
10787,10780,4607,9060,9053,3805,55,10725,2,2,595.5558996754688,219.58848670650156,631172.3154743495,117092.95383507648,758924.8981442449,10659.628834829713,13580,500777.06858093693,7,0.0,751.3479244025357,21.28043666423422,0,0,46,0.0,322.0,156,311.5884867065019,5584.287605360785,6884.838935812735,239140.3398365735,175.53578405890792,0,0,0,20261141,55471528fecddb81,travel_aware_hybrid,2,1.0,0.98,7,7,0.42736549165120596,0.42773709094280155,0.42075055187637966,10.862055086741789,70.4011964883344,375.96741296896727,1246935.6136761245,1237486.0358028032,20624.767263380054,5.193141445108365,3985.6723306095582,2.9255964009817985,44.13358292187651,1000.0,0.307257992402153,36.876072796828936,0.0,0.008696156532436756,0.0,0.0,0.003726851851851852,15,60,50,high_d45_source_travel_aware_hybrid,high,45,source,travel_aware_hybrid,21
11445,11442,5836,9600,9599,4837,56,11386,2,2,714.9068117362108,270.84175742254297,807214.477658464,117594.00734315706,937312.2243479895,12503.739346375976,14789,665894.8161568276,8,0.0,878.7222176828177,23.314884050416424,0,0,46,0.0,322.0,158,362.84175742254325,6603.1499337371015,8287.490982468142,310429.93201023346,125.429935710284,0,0,0,20261142,55471528fecddb81,travel_aware_hybrid,2,1.0,0.98,3,1,0.5100506904387345,0.510179117518567,0.5039583333333333,10.277399697881233,81.91856531620255,444.0650543136678,1105570.3302021634,1095469.280848976,18257.82134748293,6.047362623709054,5173.832200170557,2.0904989285047333,52.45247457258318,1000.0,0.3857942609987981,45.0263585203075,0.0,0.010170396037995575,0.0,0.0,0.003726851851851852,15,60,50,high_d45_source_travel_aware_hybrid,high,45,source,travel_aware_hybrid,22
10468,10460,3902,8859,8851,3250,38,10422,0,0,407.017171777126,152.21185925331346,511578.4772304988,71463.75538975673,589952.91557333,6910.682953084124,12941,383291.89093412994,4,0.0,427.4165205278916,13.783491055310733,0,0,33,0.0,231.0,109,218.21185925331363,3809.1679349751284,4705.158244516397,182411.92886946964,94.73900793866481,0,0,0,20261143,55471528fecddb81,travel_aware_hybrid,2,1.0,0.98,8,8,0.3730401529636711,0.37351929690485286,0.36776159837453437,6.8320989856363985,56.400852349266735,254.80531252381255,1341037.0555952867,1330978.5305260397,22182.97550876733,3.6368643208885607,3040.1988144911606,1.5789834656444135,43.166589399233,1000.0,0.2549794135581741,29.618413641459696,0.0,0.004946950469072819,0.0,0.0,0.002673611111111111,15,60,50,high_d45_source_travel_aware_hybrid,high,45,source,travel_aware_hybrid,23
11959,11948,6117,10031,10022,5081,59,11889,2,2,689.6491307466468,261.30720318327934,788373.9756594675,94039.50385601912,893632.1265861024,11218.647070624847,15076,643456.2606141485,8,0.0,867.0461442591694,22.875309156992525,0,0,51,0.0,357.0,169,363.30720318327974,6028.996721948852,7403.433282405769,298058.1623692037,120.6452485687623,0,0,0,20261144,55471528fecddb81,travel_aware_hybrid,2,1.0,0.98,11,9,0.5119685302979579,0.5124174262062046,0.507426976373243,7.870731825913887,74.7934488270926,428.3419275633675,1104987.6070061107,1093537.3647269136,18225.62274544856,6.0551200530546625,4967.636039486728,2.010754142812705,43.80729752902822,1000.0,0.38611799610771624,42.68083447958003,0.0,0.010035256299295942,0.0,0.0,0.004131944444444444,15,60,50,high_d45_source_travel_aware_hybrid,high,45,source,travel_aware_hybrid,24
10658,10655,5411,8952,8949,4483,46,10609,1,1,549.1371160593874,184.4075721124205,702965.0760436389,175780.4663887298,888819.3322952025,10073.789862849178,13746,569564.6821543867,7,0.0,752.6379799011587,17.759385747704084,0,0,41,0.0,287.0,133,266.4075721124206,5013.217854268149,6928.625455172403,267956.7186978431,96.47900579117194,0,0,0,20261145,55471528fecddb81,travel_aware_hybrid,2,1.0,0.98,3,3,0.507836696386673,0.5079752298742728,0.5011170688114388,16.497462823907068,83.41805089584257,364.7295439469669,1182581.0237837345,1173434.888301481,19557.248138358016,4.440126201873677,4465.945311630718,1.6079834298528657,52.09492823437897,1000.0,0.3430105423423697,41.43493977552645,0.0,0.008711087730337484,0.0,0.0,0.003321759259259259,15,60,50,high_d45_source_travel_aware_hybrid,high,45,source,travel_aware_hybrid,25
11411,11399,5560,9622,9611,4601,52,11347,1,1,573.6079959799998,226.20170966148595,749198.6371610662,155237.24673392193,915545.0119663856,11109.128071411677,14495,609316.2978221386,6,0.0,645.6940147590572,19.07711987442215,0,0,43,0.0,301.0,147,312.2017096614861,6370.444535114892,7678.570779272664,285556.4723039015,123.19354793733665,0,0,0,20261146,55471528fecddb81,travel_aware_hybrid,2,1.0,0.98,12,11,0.4877620843933678,0.48830076242222414,0.4793182290584078,13.618496950076493,80.31801140156028,347.4062863185139,1151373.3927694121,1141498.1342016356,19024.968903360594,5.2033618276914355,4759.274538398358,2.053225798955611,52.2351753692018,1000.0,0.3603481151281044,42.03630892184468,0.0,0.007473310356007606,0.0,0.0,0.0034837962962962965,15,60,50,high_d45_source_travel_aware_hybrid,high,45,source,travel_aware_hybrid,26
11731,11719,5536,9831,9821,4555,53,11666,2,2,640.0352123750715,230.6166396568372,727615.7259178812,80726.9313301077,820214.8651176444,11872.20786966744,14755,586802.0062862112,7,0.0,752.484722384632,22.355094100128333,0,0,47,0.0,329.0,153,324.6166396568375,6303.774381042363,7230.659847151783,273609.81151118455,153.91788738378983,0,0,0,20261147,55471528fecddb81,travel_aware_hybrid,2,1.0,0.98,12,10,0.4723952555678812,0.472934958656551,0.4643474722815583,6.8885511844105904,69.99017536629785,409.4185727182343,1164999.9483452819,1154115.2031312562,19235.253385520937,5.410277327613958,4560.163525186409,2.565298123063164,47.25921468726656,1000.0,0.35277780647484336,39.769705610722546,0.0,0.008709313916488796,0.0,0.0,0.0038078703703703703,15,60,50,high_d45_source_travel_aware_hybrid,high,45,source,travel_aware_hybrid,27
11047,11040,5299,9294,9288,4363,47,10993,1,1,520.044079494262,197.34406820487507,713778.1402831308,77134.25582448134,801483.0654078623,10570.669300262805,13937,579373.2723540418,6,0.0,640.2579987665779,19.02207823529718,0,0,39,0.0,273.0,133,275.34406820487516,5410.246930325468,6296.91858229344,269359.7799564567,139.12025111122122,0,0,0,20261148,55471528fecddb81,travel_aware_hybrid,2,1.0,0.98,7,6,0.47998188405797104,0.4803113967593012,0.4700882289649236,6.9867985348262085,72.59810375071217,322.7000112893869,1179804.319920152,1169794.9176140106,19496.58196023351,4.5890678034145855,4489.329665940944,2.318670851853687,47.34525249844692,1000.0,0.3445531555999156,41.57087410160306,0.0,0.0074103935042428,0.0,0.0,0.003159722222222222,15,60,50,high_d45_source_travel_aware_hybrid,high,45,source,travel_aware_hybrid,28
10180,10174,4456,8580,8575,3702,44,10130,0,0,534.3526131731466,172.64888356000236,607127.9652297184,136040.94472027593,753297.7238846102,10128.813934629035,13014,481370.98987354536,6,0.0,650.1563544781268,18.511017811063276,0,0,39,0.0,273.0,127,250.64888356000247,5098.226857444536,6789.677483713407,229713.38903170024,140.13857540448333,0,0,0,20261149,55471528fecddb81,travel_aware_hybrid,2,1.0,0.98,6,5,0.43797916257126007,0.43831041257367387,0.43205128205128207,13.371431562834276,74.04145113864854,361.7037296131442,1266009.0082130756,1257058.7617414792,20950.979362357986,4.177481392666708,3828.5564838616706,2.3356429234080553,53.46202743081423,1000.0,0.2966616621038469,36.988703693986885,0.0,0.0075249578064598005,0.0,0.0,0.003159722222222222,15,60,50,high_d45_source_travel_aware_hybrid,high,45,source,travel_aware_hybrid,29
10920,10910,4402,4402,4398,1842,0,10910,0,0,0.0,0.0,673323.8788575513,86501.74480527523,759825.6236628194,0.0,13659,523935.7228898313,0,0.0,0.0,0.0,0,0,0,0.0,0.0,0,0.0,0.0,0.0,245889.09981188554,0.0,0,0,0,20261120,2b368a57d4de1997,human_only,0,1.0,0.98,10,4,0.40348304307974336,0.40402930402930404,0.41935483870967744,7.928665884993147,69.64487842922267,0.0,1215981.529297401,1206057.3843157715,20100.95640526286,0.0,4098.151663531426,0.0,0.0,1000.0,0.3244547059458883,38.35827826999277,0.0,0.0,0.0,0.0,0.0,15,60,50,high_d45_balanced_human_only,high,45,balanced,human_only,0
10819,10812,4104,4312,4309,1758,0,10812,0,0,0.0,0.0,620324.9481713256,106370.20854538126,726695.156716701,0.0,13504,472683.5232627821,0,0.0,0.0,0.0,0,0,0,0.0,0.0,0,0.0,0.0,0.0,223640.53195718475,0.0,0,0,0,20261121,2b368a57d4de1997,human_only,0,1.0,0.98,7,3,0.3795782463928968,0.3799796654034569,0.40839517625231914,9.838162092617578,67.21190868633934,0.0,1260234.6275509766,1250728.625497685,20845.477091628083,0.0,3727.3421992864123,0.0,0.0,1000.0,0.29986965136056853,35.00322299043114,0.0,0.0,0.0,0.0,0.0,15,60,50,high_d45_balanced_human_only,high,45,balanced,human_only,1
12518,12507,4951,4892,4887,1995,0,12507,0,0,0.0,0.0,735800.7654919042,92166.55928817496,827967.3247800674,0.0,15492,566367.5959059787,0,0.0,0.0,0.0,0,0,0,0.0,0.0,0,0.0,0.0,0.0,265030.83440864965,0.0,0,0,0,20261122,2b368a57d4de1997,human_only,0,1.0,0.98,11,5,0.39585831934116894,0.3963891995526442,0.4088307440719542,7.3691979921783775,66.20031380667366,0.0,1155142.9730321148,1143198.9160496995,19053.315267494992,0.0,4417.180573477494,0.0,0.0,1000.0,0.3582539038710474,36.55871391079129,0.0,0.0,0.0,0.0,0.0,15,60,50,high_d45_balanced_human_only,high,45,balanced,human_only,2
10389,10385,4060,4215,4213,1774,0,10385,0,0,0.0,0.0,572334.03218848,52591.402061079534,624925.4342495498,0.0,12955,431437.7495959236,0,0.0,0.0,0.0,0,0,0,0.0,0.0,0,0.0,0.0,0.0,202317.79860895046,0.0,0,0,0,20261123,2b368a57d4de1997,human_only,0,1.0,0.98,4,2,0.3909484833895041,0.3911829820001925,0.4213523131672598,5.064169673671597,60.17577604714008,0.0,1293192.6438675104,1283763.4343017298,21396.057238362162,0.0,3371.963310149174,0.0,0.0,1000.0,0.28155964229582753,33.302798116242656,0.0,0.0,0.0,0.0,0.0,15,60,50,high_d45_balanced_human_only,high,45,balanced,human_only,3
10405,10400,4138,4163,4162,1766,0,10400,0,0,0.0,0.0,602701.8680436113,89723.58085419927,692425.4488978051,0.0,13064,460762.2327629937,0,0.0,0.0,0.0,0,0,0,0.0,0.0,0,0.0,0.0,0.0,217386.70459640122,0.0,0,0,0,20261124,2b368a57d4de1997,human_only,0,1.0,0.98,5,1,0.3978846153846154,0.3981739548294089,0.4244535190968052,8.627267389826853,66.57937008632742,0.0,1270886.7863304175,1260898.0285798374,21014.96714299729,0.0,3623.1117432733536,0.0,0.0,1000.0,0.2939517853719903,35.26961365301544,0.0,0.0,0.0,0.0,0.0,15,60,50,high_d45_balanced_human_only,high,45,balanced,human_only,4
11041,11031,3819,4345,4340,1586,0,11031,0,0,0.0,0.0,569201.2143464346,48134.845985318316,617336.0603317413,0.0,13635,421339.9755241938,0,0.0,0.0,0.0,0,0,0,0.0,0.0,0,0.0,0.0,0.0,200333.98136326054,0.0,0,0,0,20261125,2b368a57d4de1997,human_only,0,1.0,0.98,10,5,0.34620614631493063,0.34679829725568334,0.3661680092059839,4.363597677936571,55.96374402427172,0.0,1293045.268609741,1282566.85310299,21376.114218383165,0.0,3338.8996893876756,0.0,0.0,1000.0,0.28164151743903276,30.901355007274937,0.0,0.0,0.0,0.0,0.0,15,60,50,high_d45_balanced_human_only,high,45,balanced,human_only,5
11828,11822,5843,4715,4713,2419,0,11822,0,0,0.0,0.0,843615.5123416149,116488.09982036726,960103.6121619658,0.0,15189,680058.7827986522,0,0.0,0.0,0.0,0,0,0,0.0,0.0,0,0.0,0.0,0.0,314478.7367113906,0.0,0,0,0,20261126,2b368a57d4de1997,human_only,0,1.0,0.98,6,2,0.4942480121806801,0.49450456543794385,0.5134676564156946,9.853501930330507,81.21329827118642,0.0,1071106.4244950467,1060877.3825952332,17681.28970992055,0.0,5241.312278523177,0.0,0.0,1000.0,0.4049408752805296,44.77311098812642,0.0,0.0,0.0,0.0,0.0,15,60,50,high_d45_balanced_human_only,high,45,balanced,human_only,6
11430,11423,4887,4570,4565,2054,0,11423,0,0,0.0,0.0,722078.5644040448,98486.1314854474,820564.6958894806,0.0,14417,564542.8538083185,0,0.0,0.0,0.0,0,0,0,0.0,0.0,0,0.0,0.0,0.0,266213.94670567865,0.0,0,0,0,20261127,2b368a57d4de1997,human_only,0,1.0,0.98,7,5,0.42782106276809945,0.42817147856517934,0.45054704595185996,8.621739603033127,71.83443017503988,0.0,1174823.952771942,1164715.5721289814,19411.92620214969,0.0,4436.89911176131,0.0,0.0,1000.0,0.3473200262378101,39.1581364922188,0.0,0.0,0.0,0.0,0.0,15,60,50,high_d45_balanced_human_only,high,45,balanced,human_only,7
11393,11384,4663,4407,4403,1902,0,11384,0,0,0.0,0.0,669247.5029330653,125670.65390511477,794918.1568381714,0.0,14234,514434.6958468924,0,0.0,0.0,0.0,0,0,0,0.0,0.0,0,0.0,0.0,0.0,242431.35343127523,0.0,0,0,0,20261128,2b368a57d4de1997,human_only,0,1.0,0.98,9,4,0.40960997891777934,0.4100763626788379,0.43249375992738825,11.039235234110574,69.82766662317036,0.0,1208676.8671834625,1197727.417233124,19962.123620552065,0.0,4040.5225571879205,0.0,0.0,1000.0,0.3285128515647431,36.14126007073855,0.0,0.0,0.0,0.0,0.0,15,60,50,high_d45_balanced_human_only,high,45,balanced,human_only,8
11998,11991,5509,4782,4779,2314,0,11991,0,0,0.0,0.0,796380.3952138497,162552.66503861823,958933.0602524563,0.0,15157,631822.1859139876,0,0.0,0.0,0.0,0,0,0,0.0,0.0,0,0.0,0.0,0.0,292695.40530985716,0.0,0,0,0,20261129,2b368a57d4de1997,human_only,0,1.0,0.98,7,3,0.45942790426152946,0.4597432905484247,0.4845253032204099,13.55622258682497,79.97106665436213,0.0,1110691.8259033253,1099593.3545537712,18326.55590922952,0.0,4878.256755164286,0.0,0.0,1000.0,0.3829489856092637,41.68517423724929,0.0,0.0,0.0,0.0,0.0,15,60,50,high_d45_balanced_human_only,high,45,balanced,human_only,9
10742,10733,4406,4260,4258,1857,0,10733,0,0,0.0,0.0,628982.8703047882,92810.8765766455,721793.7468814289,0.0,13504,481785.5002497899,0,0.0,0.0,0.0,0,0,0,0.0,0.0,0,0.0,0.0,0.0,226382.08907381492,0.0,0,0,0,20261130,2b368a57d4de1997,human_only,0,1.0,0.98,9,2,0.41050964315661975,0.4110035375162912,0.4363849765258216,8.647244626539225,67.24995312414319,0.0,1243002.7868391217,1232688.229736429,20544.803828940483,0.0,3773.0348178969152,0.0,0.0,1000.0,0.3094428962004879,35.677243798118326,0.0,0.0,0.0,0.0,0.0,15,60,50,high_d45_balanced_human_only,high,45,balanced,human_only,10
9340,9333,3424,3731,3730,1466,0,9333,0,0,0.0,0.0,535532.1116964213,56654.556765454116,592186.6684618642,0.0,11789,405873.8805990446,0,0.0,0.0,0.0,0,0,0,0.0,0.0,0,0.0,0.0,0.0,194037.07364740476,0.0,0,0,0,20261131,2b368a57d4de1997,human_only,0,1.0,0.98,7,1,0.3668702453659059,0.36734475374732334,0.39319217367997855,6.070347880151518,63.45083772226125,0.0,1333044.7165261284,1325115.1090916428,22085.251818194047,0.0,3233.951227456746,0.0,0.0,1000.0,0.25941960192992874,34.42818564755659,0.0,0.0,0.0,0.0,0.0,15,60,50,high_d45_balanced_human_only,high,45,balanced,human_only,11
10130,10122,3535,4100,4097,1463,0,10122,0,0,0.0,0.0,543359.9556638218,95995.40791621486,639355.3635800297,0.0,12634,405273.8078121441,0,0.0,0.0,0.0,0,0,0,0.0,0.0,0,0.0,0.0,0.0,193221.79560813846,0.0,0,0,0,20261132,2b368a57d4de1997,human_only,0,1.0,0.98,8,3,0.34923928077455046,0.34975320829220136,0.3575609756097561,9.48383796840692,63.16492428176543,0.0,1324926.1810646583,1316300.4672609707,21938.34112101618,0.0,3220.363260135641,0.0,0.0,1000.0,0.2639298994085232,32.078028163063486,0.0,0.0,0.0,0.0,0.0,15,60,50,high_d45_balanced_human_only,high,45,balanced,human_only,12
9975,9970,3679,3996,3995,1520,0,9970,0,0,0.0,0.0,577996.4718221165,73322.97917842734,651319.4510005385,0.0,12544,440183.39302983216,0,0.0,0.0,0.0,0,0,0,0.0,0.0,0,0.0,0.0,0.0,212034.93484992048,0.0,0,0,0,20261133,2b368a57d4de1997,human_only,0,1.0,0.98,5,1,0.36900702106318956,0.36932330827067666,0.38063063063063063,7.35436100084527,65.32792888671399,0.0,1298537.491128566,1290237.0729236368,21503.951215393947,0.0,3533.915580832008,0.0,0.0,1000.0,0.2785902827063522,35.09115059230167,0.0,0.0,0.0,0.0,0.0,15,60,50,high_d45_balanced_human_only,high,45,balanced,human_only,13
11917,11913,5031,4640,4639,2016,0,11913,0,0,0.0,0.0,732532.9333831032,69773.11819477624,802306.0515778692,0.0,14832,571721.655257607,0,0.0,0.0,0.0,0,0,0,0.0,0.0,0,0.0,0.0,0.0,264924.3231697592,0.0,0,0,0,20261134,2b368a57d4de1997,human_only,0,1.0,0.98,4,1,0.42231176026189876,0.4225056641772258,0.43469827586206894,5.856888961200053,67.34710413647858,0.0,1166504.7353423133,1155020.4666043117,19250.341110071862,0.0,4415.4053861626535,0.0,0.0,1000.0,0.3519418136987148,38.54649779244923,0.0,0.0,0.0,0.0,0.0,15,60,50,high_d45_balanced_human_only,high,45,balanced,human_only,14
10733,10729,3628,4241,4239,1525,0,10729,0,0,0.0,0.0,559638.2776622416,70698.2908158467,630336.5684780807,0.0,13156,414582.0261972806,0,0.0,0.0,0.0,0,0,0,0.0,0.0,0,0.0,0.0,0.0,199487.9128492986,0.0,0,0,0,20261135,2b368a57d4de1997,human_only,0,1.0,0.98,4,2,0.33814894211948926,0.338395602347899,0.3600565904267861,6.589457621012834,58.750728723840126,0.0,1312286.0239688358,1303035.5196497394,21717.25866082899,0.0,3324.79854748831,0.0,0.0,1000.0,0.2709522089062023,31.512771830136867,0.0,0.0,0.0,0.0,0.0,15,60,50,high_d45_balanced_human_only,high,45,balanced,human_only,15
10624,10617,4332,4117,4112,1756,0,10617,0,0,0.0,0.0,658160.2089677616,108173.98166507838,766334.1906328287,0.0,13439,511747.4884273839,0,0.0,0.0,0.0,0,0,0,0.0,0.0,0,0.0,0.0,0.0,241759.6130477608,0.0,0,0,0,20261136,2b368a57d4de1997,human_only,0,1.0,0.98,7,5,0.40802486578129415,0.4084149096385542,0.4277386446441584,10.18875215833836,72.17991811555324,0.0,1234166.242411063,1225440.8690884039,20424.014484806732,0.0,4029.3268841293466,0.0,0.0,1000.0,0.31435208754940946,38.079283311807714,0.0,0.0,0.0,0.0,0.0,15,60,50,high_d45_balanced_human_only,high,45,balanced,human_only,16
11146,11142,4957,4462,4460,2077,0,11142,0,0,0.0,0.0,752660.7198126606,126859.5075634215,879520.2273760712,0.0,14137,598039.0704365658,0,0.0,0.0,0.0,0,0,0,0.0,0.0,0,0.0,0.0,0.0,282015.72114908695,0.0,0,0,0,20261137,2b368a57d4de1997,human_only,0,1.0,0.98,4,2,0.444893196912583,0.445092409833124,0.4659345584939489,11.385703425185918,78.93737456256248,0.0,1157892.219893929,1148563.3847787282,19142.72307964547,0.0,4700.262019151449,0.0,0.0,1000.0,0.3567265445033727,42.30311030887499,0.0,0.0,0.0,0.0,0.0,15,60,50,high_d45_balanced_human_only,high,45,balanced,human_only,17
11582,11572,4553,4675,4673,1951,0,11572,0,0,0.0,0.0,657314.9691965848,51620.67006576323,708935.6392623343,0.0,14387,501288.1123414798,0,0.0,0.0,0.0,0,0,0,0.0,0.0,0,0.0,0.0,0.0,234068.04381401784,0.0,0,0,0,20261138,2b368a57d4de1997,human_only,0,1.0,0.98,10,2,0.39344970618734876,0.39397340701087896,0.41775401069518714,4.4608252735709675,61.263017565013335,0.0,1221222.9226049895,1210062.379022429,20167.706317040484,0.0,3901.134063566964,0.0,0.0,1000.0,0.32154282077500584,34.84313007169526,0.0,0.0,0.0,0.0,0.0,15,60,50,high_d45_balanced_human_only,high,45,balanced,human_only,18
10459,10452,3977,4179,4176,1676,0,10452,0,0,0.0,0.0,584188.7989276783,76508.56857128741,660697.3674989525,0.0,13077,442409.5107607626,0,0.0,0.0,0.0,0,0,0,0.0,0.0,0,0.0,0.0,0.0,208570.21796113267,0.0,0,0,0,20261139,2b368a57d4de1997,human_only,0,1.0,0.98,7,3,0.38050133945656334,0.3809159575485228,0.40177075855467814,7.319993166024436,63.21253037686113,0.0,1287724.8020968554,1278161.9977336898,21302.699962228166,0.0,3476.1702993522113,0.0,0.0,1000.0,0.28459733216841365,33.831116522196425,0.0,0.0,0.0,0.0,0.0,15,60,50,high_d45_balanced_human_only,high,45,balanced,human_only,19
11676,11668,4356,4600,4596,1765,0,11668,0,0,0.0,0.0,613222.3022690614,41149.65126053255,654371.9535295847,0.0,14303,458214.9942944925,0,0.0,0.0,0.0,0,0,0,0.0,0.0,0,0.0,0.0,0.0,213409.60090889703,0.0,0,0,0,20261140,2b368a57d4de1997,human_only,0,1.0,0.98,8,4,0.3733287624271512,0.37375813634806443,0.38456521739130434,3.526709912627061,56.08261514651908,0.0,1248152.9643099178,1236391.8783788076,20606.53130631346,0.0,3556.8266818149505,0.0,0.0,1000.0,0.30658168649449014,32.03628569492362,0.0,0.0,0.0,0.0,0.0,15,60,50,high_d45_balanced_human_only,high,45,balanced,human_only,20
10787,10779,4345,4266,4262,1800,0,10779,0,0,0.0,0.0,651138.7121576412,123610.07569953868,774748.78785717,0.0,13555,503778.90481941414,0,0.0,0.0,0.0,0,0,0,0.0,0.0,0,0.0,0.0,0.0,240830.17547651284,0.0,0,0,0,20261141,2b368a57d4de1997,human_only,0,1.0,0.98,8,4,0.40309861768253086,0.40354129971261704,0.42287857477730895,11.46767563777147,71.87575729262176,0.0,1233804.3355569234,1224458.2339576867,20407.637232628113,0.0,4013.836257941881,0.0,0.0,1000.0,0.3145531469128203,37.16554074654476,0.0,0.0,0.0,0.0,0.0,15,60,50,high_d45_balanced_human_only,high,45,balanced,human_only,21
11445,11440,5527,4662,4659,2363,0,11440,0,0,0.0,0.0,835413.3878806643,131451.19816120627,966864.5860418619,0.0,14789,675101.1455487423,0,0.0,0.0,0.0,0,0,0,0.0,0.0,0,0.0,0.0,0.0,315007.8851255689,0.0,0,0,0,20261142,2b368a57d4de1997,human_only,0,1.0,0.98,5,3,0.4831293706293706,0.4833551769331586,0.5075075075075075,11.490489349755793,84.51613514351939,0.0,1088858.6090250758,1079320.6241807449,17988.67706967908,0.0,5250.131418759482,0.0,0.0,1000.0,0.39507855054162455,45.64887048135386,0.0,0.0,0.0,0.0,0.0,15,60,50,high_d45_balanced_human_only,high,45,balanced,human_only,22
10468,10457,3671,4240,4237,1514,0,10457,0,0,0.0,0.0,527865.7252135357,68059.46624776843,595925.1914612872,0.0,12958,386794.823242845,0,0.0,0.0,0.0,0,0,0,0.0,0.0,0,0.0,0.0,0.0,183864.96436057094,0.0,0,0,0,20261143,2b368a57d4de1997,human_only,0,1.0,0.98,11,3,0.3510567084249785,0.35173863202139855,0.3577830188679245,6.508507817516346,56.98816022389664,0.0,1331501.0123882892,1321620.822278445,22027.013704640747,0.0,3064.4160726761825,0.0,0.0,1000.0,0.2602772153398393,29.849886035101484,0.0,0.0,0.0,0.0,0.0,15,60,50,high_d45_balanced_human_only,high,45,balanced,human_only,23
11959,11951,5681,4865,4860,2443,0,11951,0,0,0.0,0.0,811262.2550251131,98423.22603063792,909685.4810557422,0.0,15067,648273.7949160518,0,0.0,0.0,0.0,0,0,0,0.0,0.0,0,0.0,0.0,0.0,301559.35171431187,0.0,0,0,0,20261144,2b368a57d4de1997,human_only,0,1.0,0.98,8,5,0.4753577106518283,0.4757086712935864,0.5031860226104831,8.235564055780932,76.11793833618461,0.0,1093087.3157964917,1082012.8384308254,18033.547307180423,0.0,5025.9891952385315,0.0,0.0,1000.0,0.39272926900194904,43.02606988226268,0.0,0.0,0.0,0.0,0.0,15,60,50,high_d45_balanced_human_only,high,45,balanced,human_only,24
10658,10653,4963,4335,4334,2177,0,10653,0,0,0.0,0.0,710827.5461923887,169086.58712924377,879914.1333216212,0.0,13682,562749.3442095326,0,0.0,0.0,0.0,0,0,0,0.0,0.0,0,0.0,0.0,0.0,263485.08967810514,0.0,0,0,0,20261145,2b368a57d4de1997,human_only,0,1.0,0.98,5,1,0.46587815638787194,0.46612872959279417,0.5024221453287198,15.872203804491107,82.59777840248017,0.0,1183360.1579798684,1174148.266208842,19569.137770147365,0.0,4391.418161301753,0.0,0.0,1000.0,0.3425776900111842,41.13063471784334,0.0,0.0,0.0,0.0,0.0,15,60,50,high_d45_balanced_human_only,high,45,balanced,human_only,25
11411,11402,5322,4515,4512,2196,0,11402,0,0,0.0,0.0,773156.7592976332,177970.42762298379,951127.186920606,0.0,14546,614845.290097357,0,0.0,0.0,0.0,0,0,0,0.0,0.0,0,0.0,0.0,0.0,289614.8525880948,0.0,0,0,0,20261146,2b368a57d4de1997,human_only,0,1.0,0.98,9,3,0.46676021750570074,0.46718079046534045,0.4870431893687708,15.608702650673898,83.41757471676951,0.0,1133064.222211526,1123107.3869085393,18718.456448475656,0.0,4826.914209801579,0.0,0.0,1000.0,0.3705198765491522,42.26902860562058,0.0,0.0,0.0,0.0,0.0,15,60,50,high_d45_balanced_human_only,high,45,balanced,human_only,26
11731,11722,5119,4692,4690,2195,0,11722,0,0,0.0,0.0,740580.3728189198,83759.04506710471,824339.4178860129,0.0,14714,581103.1246994943,0,0.0,0.0,0.0,0,0,0,0.0,0.0,0,0.0,0.0,0.0,270448.4791702831,0.0,0,0,0,20261147,2b368a57d4de1997,human_only,0,1.0,0.98,9,2,0.4367002218051527,0.43713238428096496,0.46824381926683717,7.1454568390295785,70.32412710169024,0.0,1158366.9125252261,1147540.3952550024,19125.67325425004,0.0,4507.474652838052,0.0,0.0,1000.0,0.35646282637487436,39.49321222641663,0.0,0.0,0.0,0.0,0.0,15,60,50,high_d45_balanced_human_only,high,45,balanced,human_only,27
11047,11039,4932,4371,4368,2058,0,11039,0,0,0.0,0.0,721279.5397567309,83320.4532898897,804599.9930466108,0.0,13879,570265.129755171,0,0.0,0.0,0.0,0,0,0,0.0,0.0,0,0.0,0.0,0.0,264243.8203628568,0.0,0,0,0,20261148,2b368a57d4de1997,human_only,0,1.0,0.98,8,3,0.44677959960141317,0.44718022992667694,0.47151681537405626,7.547826188050521,72.8870362393886,0.0,1176638.2648653213,1167093.0882117224,19451.551470195373,0.0,4404.06367271428,0.0,0.0,1000.0,0.3463120750748214,41.088344243473664,0.0,0.0,0.0,0.0,0.0,15,60,50,high_d45_balanced_human_only,high,45,balanced,human_only,28
10180,10172,4177,3980,3977,1712,0,10172,0,0,0.0,0.0,624647.6963043985,135153.75905146886,759801.4553558568,0.0,13002,483123.3188621471,0,0.0,0.0,0.0,0,0,0,0.0,0.0,0,0.0,0.0,0.0,230646.14122139357,0.0,0,0,0,20261149,2b368a57d4de1997,human_only,0,1.0,0.98,8,3,0.41063704286276054,0.4111001964636542,0.43090452261306533,13.286842218980423,74.69538491504687,0.0,1256863.2294510105,1248273.7666926945,20804.562778211573,0.0,3844.102353689893,0.0,0.0,1000.0,0.30174265030499414,37.157615663909176,0.0,0.0,0.0,0.0,0.0,15,60,50,high_d45_balanced_human_only,high,45,balanced,human_only,29
10920,10911,4408,4402,4399,1841,28,10883,3,3,189.64844586692186,161.79136545148967,664410.6041892179,87209.99178408296,757264.63453844,5644.038565150418,13661,520258.0305406882,2,0.0,205.24083644699363,8.543190732307846,0,0,19,0.0,133.0,75,199.79136545148975,2769.1754463897682,3493.1344172311983,242383.59473848203,117.76121424730937,0,0,0,20261120,256bb190b3eaa1fb,adaptive_hybrid,2,1.0,0.98,9,3,0.4039959673723765,0.4044871794871795,0.41890049977283056,7.9928504980371144,69.40377917133536,27.857080415432193,1221490.804146959,1211742.1085133255,20195.701808555423,3.3298560908581627,4039.7265789747007,1.962686904121823,46.57512556308264,1000.0,0.32139399769613386,38.083451470660144,0.0,0.0023754726440624262,0.0,0.0,0.0015393518518518519,15,60,50,high_d45_balanced_adaptive_hybrid,high,45,balanced,adaptive_hybrid,0
10819,10814,4151,4312,4309,1781,15,10799,0,0,91.99219362760034,70.8689530519956,620000.3960519916,106387.80799053781,730048.728783664,3660.5247411450437,13539,475038.49949571275,1,0.0,113.49869712551057,3.9564493183376586,0,0,10,0.0,70.0,40,90.86895305199559,1812.3798892167706,2898.9875046946163,225050.9446086514,59.4766830702357,0,0,0,20261121,256bb190b3eaa1fb,adaptive_hybrid,2,1.0,0.98,5,3,0.38385426299241726,0.3841390146963675,0.4137291280148423,9.837970037963549,67.50959208282448,21.12324057560474,1258086.6871771365,1248787.0757593287,20813.117929322143,1.5144825508665931,3750.8490768108563,0.991278051170595,72.4746876173654,1000.0,0.30106295156825746,35.086675492703506,0.0,0.0013136423278415576,0.0,0.0,0.0008101851851851852,15,60,50,high_d45_balanced_adaptive_hybrid,high,45,balanced,adaptive_hybrid,1
12518,12507,5044,4892,4888,2028,78,12429,1,1,653.2314278583932,318.88073680623813,735532.2080138077,83478.85623970957,826591.3356448117,7580.271391307375,15605,572790.8598603767,10,0.0,1122.9167262079986,32.37851707280764,0,0,71,0.0,497.0,227,460.880736806239,3200.3188480722933,4109.788902166423,267600.3561397375,545.0193558738732,0,0,0,20261122,256bb190b3eaa1fb,adaptive_hybrid,2,1.0,0.98,11,4,0.4032941552730471,0.4038185013580444,0.4153720359771055,6.67457073956261,66.09029628566496,334.35069105215507,1150691.3755177648,1138815.2201028627,18980.253668381043,7.681345613437316,4460.005935662291,9.08365593123122,18.104796925843274,1000.0,0.3607270136012417,36.70559819675596,0.0,0.012996721368148133,0.0,0.0,0.005752314814814815,15,60,50,high_d45_balanced_adaptive_hybrid,high,45,balanced,adaptive_hybrid,2
10389,10383,4030,4215,4211,1769,23,10360,1,1,132.77812453969162,97.96254591141424,563230.4043062737,55308.230231438494,623110.1932169306,4571.558679227968,12961,426387.1022767622,1,0.0,102.07101344709581,5.37739962231015,0,0,19,0.0,133.0,65,135.9625459114142,2522.7914395859048,3255.896381068331,201540.26541633913,69.01279975361466,0,0,0,20261123,256bb190b3eaa1fb,adaptive_hybrid,2,1.0,0.98,6,4,0.38813445054415874,0.38848782365964,0.4206405693950178,5.326806340309977,60.012539075116116,34.81557862827738,1299908.6009956829,1290338.8166175655,21505.646943626092,2.2660424318569032,3359.004423605652,1.150213329226911,50.0907135548974,1000.0,0.27782855500239845,32.89770097035431,0.0,0.0011813774704524979,0.0,0.0,0.0015393518518518519,15,60,50,high_d45_balanced_adaptive_hybrid,high,45,balanced,adaptive_hybrid,3
10405,10399,4201,4163,4163,1800,16,10383,0,0,93.11010373745891,68.12282536718229,611072.971010687,87858.29165715122,702545.8195302743,3614.5568624430252,13125,471085.93512824044,1,0.0,108.30219912500756,3.953672404897824,0,0,11,0.0,77.0,43,90.12282536718227,1752.8866758177192,2998.6134421389215,223526.485165237,56.341446708518674,0,0,0,20261124,256bb190b3eaa1fb,adaptive_hybrid,2,1.0,0.98,6,0,0.40398115203384943,0.4043248438250841,0.4323804948354552,8.448725036748844,67.55897870278625,24.987278370276627,1264336.453264201,1254460.3557428706,20907.67259571451,1.5020470894530378,3725.441419420617,0.9390241118086445,69.73519632881212,1000.0,0.29759085929766604,35.89226172405642,0.0,0.0012534976750579578,0.0,0.0,0.0008912037037037037,15,60,50,high_d45_balanced_adaptive_hybrid,high,45,balanced,adaptive_hybrid,4
11041,11033,3843,4345,4340,1584,20,11013,2,2,152.18511962060936,124.65119074968183,574280.2324731346,49976.48584746385,628068.81567846,3812.0973578724406,13684,429310.02745410614,2,0.0,217.00532070833827,6.61109718735599,0,0,11,0.0,77.0,51,146.6511907496818,1690.8813820787564,2263.09708000701,204814.27635783772,89.39165871681226,0,0,0,20261125,256bb190b3eaa1fb,adaptive_hybrid,2,1.0,0.98,8,5,0.3483186803226684,0.3487908703921746,0.3657077100115075,4.529727712087723,56.926385903966285,27.533928870927525,1290441.0373155938,1280186.708638,21336.445143966666,2.4441865124946967,3413.5712726306288,1.4898609786135377,44.374452549157056,1000.0,0.28308831260244793,31.373138516084925,0.0,0.002511635656346508,0.0,0.0,0.0008912037037037037,15,60,50,high_d45_balanced_adaptive_hybrid,high,45,balanced,adaptive_hybrid,5
11828,11819,5829,4715,4710,2438,47,11772,0,0,321.93547488609295,204.81751945540074,839321.6898965355,118906.81214535664,966153.9025776434,7925.400535760735,15213,681570.6417553339,5,0.0,512.8721737630188,14.772470554602025,0,0,35,0.0,245.0,129,274.8175194554009,3352.2481921518192,5122.113179782469,315325.96171330346,217.57520634010282,0,0,0,20261126,256bb190b3eaa1fb,adaptive_hybrid,2,1.0,0.98,9,5,0.49318893307386413,0.49357456881974976,0.5181336161187698,10.060649136589952,81.74582473793413,117.1179554306922,1073070.0723363932,1062752.0909669593,17712.53484944932,4.580291990923348,5255.432695221724,3.626253439001714,39.70630371924395,1000.0,0.4038499598131149,44.80185642248957,0.0,0.00593602052966457,0.0,0.0,0.0028356481481481483,15,60,50,high_d45_balanced_adaptive_hybrid,high,45,balanced,adaptive_hybrid,6
11430,11423,4846,4570,4566,2041,22,11401,1,1,173.17000076229243,105.91089152116297,708778.0388737413,91998.84719094893,806138.1709754015,5361.284910720453,14395,555669.2509444808,1,0.0,104.2844652283533,7.913901434711936,0,0,11,0.0,77.0,55,127.91089152116294,1693.7362630735431,2991.8402258042242,261301.47416617963,119.31387857208354,0,0,0,20261127,256bb190b3eaa1fb,adaptive_hybrid,2,1.0,0.98,7,4,0.42423181300884183,0.4245844269466317,0.4474835886214442,8.053825369075456,70.57149356345982,67.25910924112947,1182397.2526760732,1171700.271760903,19528.337862681718,2.1318481920193824,4355.0245694363275,1.988564642868059,54.39709501462226,1000.0,0.34311263740218156,38.601545741193526,0.0,0.001206996125328163,0.0,0.0,0.0008912037037037037,15,60,50,high_d45_balanced_adaptive_hybrid,high,45,balanced,adaptive_hybrid,7
11393,11390,4703,4407,4406,1917,24,11366,1,1,163.49841991476964,125.56807514555848,674674.5730748409,122948.34722463871,803437.2688172159,5814.348517745164,14316,523877.157048209,2,0.0,203.32012420870223,7.439793653482162,0,0,17,0.0,119.0,65,159.56807514555854,2599.5249964690665,4015.1737697831577,248052.29922770898,108.60519717154591,0,0,0,20261128,256bb190b3eaa1fb,adaptive_hybrid,2,1.0,0.98,3,1,0.4129060579455663,0.41306065127709995,0.4352167007034264,10.794411521039395,70.53882957130956,37.93034476921116,1203152.6886981425,1192450.8533888832,19874.18088981472,2.6594679190926422,4134.204987128483,1.8100866195257652,61.77190415051012,1000.0,0.33158183961214305,36.59382209054268,0.0,0.002353242178341461,0.0,0.0,0.0013773148148148147,15,60,50,high_d45_balanced_adaptive_hybrid,high,45,balanced,adaptive_hybrid,8
11998,11991,5483,4782,4778,2316,43,11948,0,0,238.8832161742171,173.64790541194242,786481.2490631719,160559.6861708996,954993.4287525467,7952.4935184845,15188,629354.4267141784,3,0.0,314.2873872783166,10.56842712305327,0,0,37,0.0,259.0,123,247.64790541194256,5261.705909441939,6651.5930718050295,292406.4247445558,154.33492634369136,0,0,0,20261129,256bb190b3eaa1fb,adaptive_hybrid,2,1.0,0.98,7,4,0.45725961137519805,0.45757626271045176,0.4851526557925554,13.39001635984485,79.64251761759208,65.23531076227468,1113260.5069911336,1102248.100141554,18370.8016690259,4.127465090199043,4873.440412409263,2.572248772394856,54.07799245369943,1000.0,0.3815219405604814,41.43761039729908,0.0,0.0036375855009064422,0.0,0.0,0.0029976851851851853,15,60,50,high_d45_balanced_adaptive_hybrid,high,45,balanced,adaptive_hybrid,9
10742,10733,4367,4260,4259,1823,30,10703,1,1,183.0791831521465,140.06469704741934,625486.9117800636,89610.24879807193,721555.9683629521,6458.807784830893,13537,483803.1949128652,2,0.0,206.08867562366237,7.666480649569366,0,0,25,0.0,175.0,85,190.06469704741937,2915.1427185166617,4104.56129347684,227565.10398153967,97.90202511448739,0,0,0,20261130,256bb190b3eaa1fb,adaptive_hybrid,2,1.0,0.98,9,1,0.4068759899375757,0.40737292869111896,0.428169014084507,8.349040230883437,67.22779915801287,43.014486104727155,1244494.2383783848,1234197.9244023238,20569.965406705396,3.167744950790323,3792.751733025661,1.6317004185747899,48.28895639384517,1000.0,0.3086143120120084,35.739321482814894,0.0,0.002385285597496092,0.0,0.0,0.002025462962962963,15,60,50,high_d45_balanced_adaptive_hybrid,high,45,balanced,adaptive_hybrid,10
9340,9333,3379,3731,3730,1455,24,9309,0,0,127.69784636096243,95.46775127165272,522432.143724257,52294.60922869903,578502.748429655,3775.9954767078216,11795,396990.0169199915,1,0.0,109.67579644453919,5.221901287860866,0,0,21,0.0,147.0,69,137.46775127165273,2934.440285769596,3406.6002094028827,190135.94246323386,63.771397161852896,0,0,0,20261131,256bb190b3eaa1fb,adaptive_hybrid,2,1.0,0.98,7,1,0.3620486445944498,0.3625267665952891,0.3902439024390244,5.603193960002039,61.98465106928694,32.230095089309714,1339537.063325553,1331320.5004730632,22188.675007884387,2.291129187860879,3168.932374387231,1.0628566193642148,49.37101752757801,1000.0,0.255812742596915,33.65748341839691,0.0,0.0012693957921821664,0.0,0.0,0.0017013888888888888,15,60,50,high_d45_balanced_adaptive_hybrid,high,45,balanced,adaptive_hybrid,11
10130,10122,3519,4100,4098,1461,26,10096,1,1,153.66182002931427,120.80882721802669,539656.8945420483,96549.7935818957,640798.4308224451,4591.742698510789,12652,405784.97099470923,1,0.0,102.72597506828204,6.541567683057297,0,0,23,0.0,161.0,75,166.8088272180267,3113.48676431071,3881.4153796142127,193747.1815701528,89.67962779319475,0,0,0,20261132,256bb190b3eaa1fb,adaptive_hybrid,2,1.0,0.98,8,2,0.34765856550088914,0.34817374136229023,0.3568292682926829,9.53860833648446,63.307491683703326,32.85299281128758,1323833.6302745384,1315133.112464701,21918.885207745017,2.780147120300445,3229.11969283588,1.4946604632199125,51.75220506152284,1000.0,0.2645368720697009,32.0727925225031,0.0,0.0011889580447717828,0.0,0.0,0.001863425925925926,15,60,50,high_d45_balanced_adaptive_hybrid,high,45,balanced,adaptive_hybrid,12
9975,9970,3697,3996,3995,1527,26,9944,0,0,182.7094019402768,122.97032255870069,578323.3464532838,74424.30870646954,658253.2539688048,5505.598809053801,12569,444658.8576025873,2,0.0,213.83739809388655,8.142522818155319,0,0,17,0.0,119.0,69,156.97032255870073,2376.3140341589537,3603.864062236551,213055.1013477922,117.1705396601527,0,0,0,20261133,256bb190b3eaa1fb,adaptive_hybrid,2,1.0,0.98,5,1,0.3708124373119358,0.3711278195488722,0.38238238238238237,7.464825346687015,66.02339558363138,59.739079381576104,1295479.0182034494,1287174.9285916481,21452.91547652747,2.616172042645012,3550.9183557965366,1.9528423276692117,52.22991394545726,1000.0,0.28028943433141695,35.377425220987135,0.0,0.002474969885345909,0.0,0.0,0.0013773148148148147,15,60,50,high_d45_balanced_adaptive_hybrid,high,45,balanced,adaptive_hybrid,13
11917,11913,5124,4640,4639,2066,25,11888,0,0,165.7198959675861,108.26795682572578,737457.9775229895,74541.81371295587,818338.9811262989,6339.189890364498,14887,581292.0183422978,2,0.0,219.80085679501337,7.243926875385891,0,0,16,0.0,112.0,66,140.26795682572575,2607.6774723056556,3858.504232399813,269518.1898214587,105.96594027824018,0,0,0,20261134,256bb190b3eaa1fb,adaptive_hybrid,2,1.0,0.98,4,1,0.4301183580961974,0.4303096416883444,0.44547413793103446,6.25718238168017,68.69293890088969,57.45193914186032,1160074.3871905159,1148466.9968880692,19141.116614801154,2.3377992804287624,4491.969830357645,1.7660990046373364,58.46218533939111,1000.0,0.35551422933860233,39.04695495011068,0.0,0.0025439913980904324,0.0,0.0,0.0012962962962962963,15,60,50,high_d45_balanced_adaptive_hybrid,high,45,balanced,adaptive_hybrid,14
10733,10728,3594,4241,4237,1498,21,10707,0,0,113.46666034067599,87.35272274764412,556685.7812495773,73881.45752662202,634425.4208445974,3858.182068409167,13156,414697.37902844074,1,0.0,113.86443871800687,4.952966680585289,0,0,16,0.0,112.0,58,119.3527227476441,2191.4389455681726,3130.458841753487,199258.8883583721,68.46753401059162,0,0,0,20261135,256bb190b3eaa1fb,adaptive_hybrid,2,1.0,0.98,5,4,0.33501118568232663,0.3353209727010156,0.3541617543032304,6.886787614338369,59.13734347917575,26.113937593031864,1313814.3652848336,1304536.7944483452,21742.27990747242,1.9892120457940683,3320.981472639535,1.1411255668431937,53.973428306094604,1000.0,0.2701031303973147,31.521539907908235,0.0,0.0013178754481250794,0.0,0.0,0.0012962962962962963,15,60,50,high_d45_balanced_adaptive_hybrid,high,45,balanced,adaptive_hybrid,15
10624,10615,4346,4117,4112,1764,19,10596,1,1,145.04499004479243,89.91403666519905,661097.7383055203,113747.90597990126,780216.5332193348,5370.88893392239,13527,518677.95245145273,1,0.0,105.19345327589615,6.0796962540925135,0,0,10,0.0,70.0,48,109.91403666519905,2536.196212485773,3929.808731928355,246038.33998377054,80.93189597492372,0,0,0,20261136,256bb190b3eaa1fb,adaptive_hybrid,2,1.0,0.98,9,5,0.4094206311822892,0.40992093373493976,0.4296818071411222,10.715770699943596,73.50132201783653,55.13095337959338,1229638.6553865166,1220819.155872009,20346.98593120015,1.831900611086651,4100.638999729509,1.3488649329153952,81.87101524850739,1000.0,0.3168674136741575,38.343901267942094,0.0,0.001217516820322872,0.0,0.0,0.0008101851851851852,15,60,50,high_d45_balanced_adaptive_hybrid,high,45,balanced,adaptive_hybrid,16
11146,11145,4930,4462,4462,2060,25,11120,0,0,159.96263873321422,113.79936751696287,749512.2634794099,117034.57330847162,871921.5238383128,5374.68705044229,14115,599852.9456784669,2,0.0,202.56816119046147,7.6093243631363725,0,0,15,0.0,105.0,65,143.79936751696283,3112.6703766892583,4137.101910262812,280970.3822500787,121.04204087430918,0,0,0,20261137,256bb190b3eaa1fb,adaptive_hybrid,2,1.0,0.98,1,0,0.44235082996859576,0.442400861295532,0.4616763783056925,10.50108329371661,78.23432246193924,46.163271216251346,1158864.4743927298,1148971.3181893341,19149.521969822235,2.3966561252827137,4682.839704167979,2.017367347905153,63.64772169635096,1000.0,0.35618640311515015,42.49755194321409,0.0,0.002344538902667378,0.0,0.0,0.0012152777777777778,15,60,50,high_d45_balanced_adaptive_hybrid,high,45,balanced,adaptive_hybrid,17
11582,11569,4477,4675,4669,1902,50,11519,1,1,433.41260177408526,204.81263186649502,650590.6879828402,52870.86691476287,709107.3208715947,5645.765974006226,14412,499887.6169430589,6,0.0,659.3832169293067,20.321694767503857,0,0,45,0.0,315.0,145,294.8126318664953,3045.901397928804,3484.0068211064336,233452.72401014256,327.4604931057015,0,0,0,20261138,256bb190b3eaa1fb,adaptive_hybrid,2,1.0,0.98,13,6,0.3869824531074423,0.38767052322569506,0.4081283422459893,4.57004640978156,61.2937437005441,228.59996990759024,1226172.9039387836,1215045.348950491,20250.755815841516,4.913543864441588,3890.878733502376,5.457674885095026,24.027633249009888,1000.0,0.31879283114512025,34.685513248893905,0.0,0.00763175019594105,0.0,0.0,0.0036458333333333334,15,60,50,high_d45_balanced_adaptive_hybrid,high,45,balanced,adaptive_hybrid,18
10459,10452,4026,4179,4177,1709,28,10424,0,0,161.72330310552823,116.0228865639364,581048.181395347,77040.48817954079,663370.130654552,5281.46107967518,13119,443935.49087810196,2,0.0,202.94408694360672,6.8547684451110324,0,0,24,0.0,168.0,80,164.02288656393642,2964.838715555151,3775.0456920552588,210289.7736187828,91.23594668586344,0,0,0,20261139,256bb190b3eaa1fb,adaptive_hybrid,2,1.0,0.98,7,2,0.3851894374282434,0.38560091786977724,0.4094280928451783,7.370884823913202,63.468248244790665,45.700416541591835,1287427.7796065654,1277577.9729548073,21292.966215913457,2.733714776065607,3504.829560313047,1.5205991114310573,47.18807115069073,1000.0,0.2847623446630192,33.839125762489665,0.0,0.0023488898951806335,0.0,0.0,0.0019444444444444444,15,60,50,high_d45_balanced_adaptive_hybrid,high,45,balanced,adaptive_hybrid,19
11676,11663,4359,4600,4594,1790,57,11606,2,2,512.9899065337264,273.42968637072653,611846.2361305519,40589.98092529586,657685.6071644457,5249.390108608339,14361,460675.56896455894,8,0.0,884.7839066565274,25.292865857488213,0,0,52,0.0,364.0,166,377.429686370727,2035.200155746477,2617.329089832141,214200.36971297304,433.5117861773415,0,0,0,20261140,256bb190b3eaa1fb,adaptive_hybrid,2,1.0,0.98,13,6,0.37374603446797566,0.37444330250085645,0.39043478260869563,3.480235010314315,56.39077485762203,239.56022016299988,1249790.2630812107,1238111.778370875,20635.19630618125,6.29049477284545,3570.006161882884,7.225196436289025,15.767042709832175,1000.0,0.3056720760659941,32.078237515810805,0.0,0.01024055447519129,0.0,0.0,0.004212962962962963,15,60,50,high_d45_balanced_adaptive_hybrid,high,45,balanced,adaptive_hybrid,20
10787,10780,4334,4266,4262,1800,24,10756,0,0,152.5302757071602,104.65463553597509,646262.5969459766,125868.32609760665,777330.4136179114,5199.490574341335,13568,503324.6124628847,1,0.0,110.1133279769232,6.768779543028678,0,0,17,0.0,119.0,65,138.65463553597505,2745.049416128338,3953.0125116983418,240232.9768616141,100.6181949867916,0,0,0,20261141,256bb190b3eaa1fb,adaptive_hybrid,2,1.0,0.98,7,4,0.4020408163265306,0.4024288495411143,0.42287857477730895,11.676097040594309,72.10857269182851,47.87564017118511,1234096.2869806113,1225174.2005685377,20419.57000947563,2.310910592266251,4003.8829476935684,1.6769699164465266,60.81557710305141,1000.0,0.31439095167743814,37.09644844213478,0.0,0.0012744598145477222,0.0,0.0,0.0013773148148148147,15,60,50,high_d45_balanced_adaptive_hybrid,high,45,balanced,adaptive_hybrid,21
11445,11439,5461,4662,4659,2335,34,11405,2,2,261.3440104558935,195.56784939157313,821819.1329660858,121888.14407112247,951794.7860354325,8087.508998231135,14783,668244.9972197539,3,0.0,314.0280699937721,11.508818104618761,0,0,17,0.0,119.0,85,229.56784939157325,3772.0691579497056,5168.77681921198,311525.37544138345,172.41332443033986,0,0,0,20261142,256bb190b3eaa1fb,adaptive_hybrid,2,1.0,0.98,6,3,0.4774018707929015,0.4776758409785933,0.5015015015015015,10.655489472079942,83.20611819524719,65.77616106432038,1095173.3949990314,1085380.7472056502,18089.67912009417,3.8261308231928877,5192.089590689724,2.873555407172331,60.809139049552705,1000.0,0.39157033611164915,45.20361206925211,0.0,0.003634584143446436,0.0,0.0,0.0013773148148148147,15,60,50,high_d45_balanced_adaptive_hybrid,high,45,balanced,adaptive_hybrid,22
10468,10462,3708,4240,4237,1528,13,10449,0,0,86.76621402041943,55.26703576433038,532373.1923365347,71831.92523416504,607409.8937319296,3204.7761612359536,12997,393659.38008078205,1,0.0,107.06349456933411,3.779405608845531,0,0,10,0.0,70.0,36,75.26703576433037,1864.0344691612875,2648.2109497880956,186863.963760314,54.03802692622851,0,0,0,20261143,256bb190b3eaa1fb,adaptive_hybrid,2,1.0,0.98,6,3,0.35442554004970367,0.35479556744363777,0.3610849056603774,6.865984059851371,58.05867842973902,31.499178256089046,1325522.3833419052,1315569.5023522093,21926.158372536822,1.2544505960721728,3114.3993960052335,0.9006337821038085,73.56141527189155,1000.0,0.2635986759211638,30.288480424773567,0.0,0.0012391608167747004,0.0,0.0,0.0008101851851851852,15,60,50,high_d45_balanced_adaptive_hybrid,high,45,balanced,adaptive_hybrid,23
11959,11948,5677,4865,4860,2449,58,11890,2,2,401.59186575574773,288.0582591665081,807090.8269770779,105646.39733250163,921343.3824556756,8606.158146106447,15115,651490.7925942433,5,0.0,525.7550861306075,18.354665180539044,0,0,49,0.0,343.0,165,386.0582591665084,4405.857001996126,5572.037708161455,303051.13771296525,270.230297883685,0,0,0,20261144,256bb190b3eaa1fb,adaptive_hybrid,2,1.0,0.98,11,5,0.4751422832273184,0.47562505226189483,0.5044193216855087,8.842182568840109,77.11277054366217,113.53360658923964,1091797.7581242844,1080780.784545332,18013.013075755534,6.434304319441806,5050.852295216087,4.5038382980614164,33.76992550400882,1000.0,0.3934456899309531,43.1022687789774,0.0,0.006085128311696847,0.0,0.0,0.003969907407407407,15,60,50,high_d45_balanced_adaptive_hybrid,high,45,balanced,adaptive_hybrid,24
10658,10649,4995,4335,4333,2185,30,10619,0,0,200.29394662169233,136.22636181741998,716344.040165857,174577.32739527835,897502.2414734429,6580.8739123224295,13742,573161.0041587902,2,0.0,216.79939258180627,8.835779762614585,0,0,23,0.0,161.0,83,182.22636181742,3050.7719517347714,4575.176612446143,269423.65422243596,135.18327484589076,0,0,0,20261145,256bb190b3eaa1fb,adaptive_hybrid,2,1.0,0.98,9,2,0.4690581275237111,0.46950647401013323,0.5044982698961937,16.39377663586049,84.28042459136472,64.06758480427234,1175724.91537007,1166672.887282076,19444.548121367934,3.0371060302903334,4490.394237040599,2.253054580764846,55.122609788507745,1000.0,0.34681949146107227,41.70870354815822,0.0,0.002509252228956091,0.0,0.0,0.001863425925925926,15,60,50,high_d45_balanced_adaptive_hybrid,high,45,balanced,adaptive_hybrid,25
11411,11401,5306,4515,4512,2205,45,11356,0,0,256.5408347818657,190.47795994169442,764941.5207018984,171607.85650188173,944707.769749502,8158.392545732622,14550,612832.8592671882,3,0.0,307.00830455542484,11.370305213267972,0,0,36,0.0,252.0,126,262.4779599416946,3834.6577278920513,6273.909088780234,288553.06887382106,151.5546740098528,0,0,0,20261146,256bb190b3eaa1fb,adaptive_hybrid,2,1.0,0.98,10,3,0.4653977721252522,0.46586626938918585,0.48903654485049836,15.05200039486727,82.86183402767318,66.0628748401713,1137395.927468768,1127411.0339706845,18790.18389951141,4.37463266569491,4809.217814563684,2.5259112334975464,49.792929276033604,1000.0,0.3681133736284622,42.11909685685143,0.0,0.00355333685828038,0.0,0.0,0.002916666666666667,15,60,50,high_d45_balanced_adaptive_hybrid,high,45,balanced,adaptive_hybrid,26
11731,11726,5104,4692,4692,2181,28,11698,0,0,190.88935295072378,123.31886849822823,742353.755389906,85988.8333762681,834699.5393262428,6356.950560080479,14756,587246.4457649285,2,0.0,216.033575028613,7.63515870961066,0,0,19,0.0,133.0,75,161.31886849822826,2787.850802941677,4629.67981972841,274736.7839146177,85.02886930964733,0,0,0,20261147,256bb190b3eaa1fb,adaptive_hybrid,2,1.0,0.98,5,0,0.4352720450281426,0.43551274401159323,0.4648337595907928,7.333176989277511,71.18365506790404,67.57048445249555,1155508.0256126653,1144693.9225598583,19078.232042664305,2.6886478083038043,4578.946398576963,1.4171478218274556,61.729064263045466,1000.0,0.35805109688185255,39.797129694017926,0.0,0.002500388599868206,0.0,0.0,0.0015393518518518519,15,60,50,high_d45_balanced_adaptive_hybrid,high,45,balanced,adaptive_hybrid,27
11047,11043,4928,4371,4369,2049,21,11022,0,0,168.93155848824918,99.97641010533802,725357.83579886,79011.45713932687,809730.7361636361,5361.443225457695,13933,578211.8156268778,2,0.0,209.58225005402662,7.016271952827692,0,0,11,0.0,77.0,53,121.97641010533799,2155.1057759410232,2990.7570274462705,267120.6583329323,90.93260807613258,0,0,0,20261148,256bb190b3eaa1fb,adaptive_hybrid,2,1.0,0.98,4,2,0.4462555465000453,0.4464560514166742,0.46922900938000456,7.1548906220526005,73.32525003745685,68.95514838291116,1174395.3233998823,1164600.846792727,19410.014113212117,2.0329401684222996,4452.010972215538,1.515543467935543,56.429377876344724,1000.0,0.34755815366673204,41.499448476772976,0.0,0.002425720486736419,0.0,0.0,0.0008912037037037037,15,60,50,high_d45_balanced_adaptive_hybrid,high,45,balanced,adaptive_hybrid,28
10180,10173,4182,3980,3978,1704,23,10150,0,0,184.10582175917614,104.88479660916914,623525.3294972639,140690.35206524722,770172.6885900336,5957.007027531281,13042,485825.2376524041,2,0.0,217.97992362773783,8.30448791766121,0,0,14,0.0,98.0,60,132.88479660916906,2061.806309493366,3882.1013886563833,231431.38271562778,116.65315399877804,0,0,0,20261149,256bb190b3eaa1fb,adaptive_hybrid,2,1.0,0.98,7,2,0.41108817457977,0.4114931237721022,0.428643216080402,13.82978001231173,75.70752861398148,79.221025150007,1254530.3854295537,1245857.9006529865,20764.29834421644,2.2147466101528175,3857.18971192713,1.9442192333129673,64.70168981093973,1000.0,0.30303867476135904,37.25082331332649,0.0,0.0025229157827284473,0.0,0.0,0.0011342592592592593,15,60,50,high_d45_balanced_adaptive_hybrid,high,45,balanced,adaptive_hybrid,29
10920,10910,4496,4402,4399,1882,50,10860,1,1,581.967692033429,232.13859324406206,676871.9815821106,89150.33278637631,775484.9993860285,9462.685017549102,13745,535297.376917888,6,0.0,620.2954713289853,19.130455487451897,0,0,31,0.0,217.0,131,294.13859324406224,4410.519368912495,5665.005687678347,251841.01942343157,107.906905520929,0,0,0,20261120,55471528fecddb81,travel_aware_hybrid,2,1.0,0.98,10,3,0.4120989917506874,0.4126373626373626,0.42821444797819175,8.171432886010662,71.08020159358648,349.8290987893669,1210189.1774850916,1200682.1872632683,20011.369787721138,4.902309887401037,4197.350323723859,1.7984484253488167,43.244318226552274,1000.0,0.32767267917494913,38.94488009588126,0.0,0.007179345732974367,0.0,0.0,0.002511574074074074,15,60,50,high_d45_balanced_travel_aware_hybrid,high,45,balanced,travel_aware_hybrid,0
10819,10810,4085,4312,4310,1763,47,10763,1,1,524.8477249751949,220.0827684998708,605806.2542318226,113418.13861003499,728503.3861121407,9278.993270291265,13518,466790.47492398834,6,0.0,631.7140273386134,18.510580668362397,0,0,25,0.0,175.0,119,270.0827684998709,4464.241036105848,5592.459262615666,220227.59189359026,148.7076238514074,0,0,0,20261121,55471528fecddb81,travel_aware_hybrid,2,1.0,0.98,9,2,0.377890841813136,0.3784083556705795,0.40932282003710574,10.491964718782146,67.39161758669202,304.7649564753241,1268316.1877573633,1258395.164463838,20973.252741063967,4.501379474997848,3670.459864893171,2.4784603975234565,46.99545598836694,1000.0,0.2953798956903537,34.53103084213555,0.0,0.007311504946048766,0.0,0.0,0.002025462962962963,15,60,50,high_d45_balanced_travel_aware_hybrid,high,45,balanced,travel_aware_hybrid,1
12518,12504,4998,4892,4885,2009,50,12454,1,1,601.3589295745413,277.2547106222796,734504.8488819333,89053.77634529665,833621.4961643205,10062.870937106967,15535,574749.6369069499,7,0.0,744.972743001985,19.44576047624029,0,0,32,0.0,224.0,132,341.2547106222798,5474.84682540221,6341.885913496466,268072.4348703178,94.66609150246626,0,0,0,20261122,55471528fecddb81,travel_aware_hybrid,2,1.0,0.98,14,7,0.3997120921305182,0.4003834478351174,0.41210139002452983,7.122023060244453,66.66838580968654,324.1042189522617,1150923.1443261192,1138455.0186196123,18974.250310326872,5.687578510371329,4467.873914505297,1.577768191707771,48.04459025376111,1000.0,0.360598253152156,36.99707994251367,0.0,0.008622369710671122,0.0,0.0,0.0025925925925925925,15,60,50,high_d45_balanced_travel_aware_hybrid,high,45,balanced,travel_aware_hybrid,2
10389,10385,4035,4215,4213,1773,34,10351,0,0,396.0762339016341,144.2846957169131,563827.6412575155,52518.85347924763,622266.8960297124,5920.4012929613455,12959,428179.42874054133,4,0.0,412.88395461758176,13.478427266332464,0,0,23,0.0,161.0,91,190.28469571691312,2993.86689616247,3443.3395357668105,201593.26005810607,89.36767294622967,0,0,0,20261123,55471528fecddb81,travel_aware_hybrid,2,1.0,0.98,4,2,0.3885411651420318,0.3887765906246992,0.4211150652431791,5.0571837726767095,59.9197781444114,251.79153818472102,1299229.4099058039,1289554.3159451913,21492.571932419854,3.1714115952818855,3359.887667635101,1.4894612157704945,37.838895997437476,1000.0,0.27820588338566454,33.04108563473581,0.0,0.0047787494747405295,0.0,0.0,0.001863425925925926,15,60,50,high_d45_balanced_travel_aware_hybrid,high,45,balanced,travel_aware_hybrid,3
10405,10400,4134,4163,4163,1768,38,10362,0,0,451.5793053188485,158.38136822683603,596188.6330748633,83369.30365630997,686890.1793958291,7332.242664665193,13064,461181.22586970136,6,0.0,648.7050299052945,16.361762541542515,0,0,24,0.0,168.0,100,206.38136822683612,3908.3375923457193,4772.025679050475,216989.63041573126,118.51268397823293,0,0,0,20261124,55471528fecddb81,travel_aware_hybrid,2,1.0,0.98,5,0,0.3975,0.39778952426717923,0.4246937304828249,8.016279197722113,66.04713263421434,293.19793709201247,1272756.6454976618,1263089.1238430897,21051.48539738483,3.4396894704472687,3616.4938402621874,1.9752113996372154,47.720256790504756,1000.0,0.2929129747235212,35.30168599737457,0.0,0.007508160068348316,0.0,0.0,0.0019444444444444444,15,60,50,high_d45_balanced_travel_aware_hybrid,high,45,balanced,travel_aware_hybrid,4
11041,11032,3829,4345,4341,1577,34,10998,0,0,388.8594527231152,150.28732598539668,571044.1475942959,48279.4331716602,625496.8809936737,6173.300227728814,13674,428916.84807361354,3,0.0,325.7075215531479,12.30523073389585,0,0,22,0.0,154.0,90,194.2873259853967,3401.6631390928815,4019.11268199143,203655.43068847354,64.64174531403008,0,0,0,20261125,55471528fecddb81,travel_aware_hybrid,2,1.0,0.98,9,4,0.3470812182741117,0.3476134408115207,0.36386651323360186,4.376308300549329,56.6984119827478,238.57212673771855,1289760.9042041735,1279209.7154144866,21320.161923574775,3.2381220997566116,3394.2571781412257,1.0773624219005014,44.65680757768256,1000.0,0.2834661643310147,31.367328365775453,0.0,0.0037697629809392117,0.0,0.0,0.0017824074074074075,15,60,50,high_d45_balanced_travel_aware_hybrid,high,45,balanced,travel_aware_hybrid,5
11828,11818,5835,4715,4710,2429,49,11769,1,1,575.3502435098364,233.5709048946173,830894.5278085298,111256.51813379728,953020.8394153295,10869.793473013238,15189,677387.8607064266,6,0.0,649.155321610887,19.011190589836737,0,0,27,0.0,189.0,125,287.57090489461734,5684.762123881544,6998.257509077313,312896.24394418445,116.12522184315915,0,0,0,20261126,55471528fecddb81,travel_aware_hybrid,2,1.0,0.98,10,5,0.49373836520561853,0.49416638484950964,0.5162248144220573,9.414157906058325,80.64146551153576,341.7793386152191,1077228.7548997244,1066891.913449376,17781.53189082293,4.7928484149102895,5214.93739906974,1.9354203640526526,55.98606007261851,1000.0,0.40153958061126427,44.59726517258717,0.0,0.007513371777903784,0.0,0.0,0.0021875,15,60,50,high_d45_balanced_travel_aware_hybrid,high,45,balanced,travel_aware_hybrid,6
11430,11426,4869,4570,4567,2060,43,11383,1,1,527.7864459315751,181.50593022780143,713455.6702178584,91232.49488506594,814454.1755420554,9766.010439142457,14433,564409.9028821752,6,0.0,632.496541091563,18.663467004821868,0,0,29,0.0,203.0,115,239.5059302278016,4791.368435200847,6098.396588393494,267155.39206181903,125.43089921371197,0,0,0,20261127,55471528fecddb81,travel_aware_hybrid,2,1.0,0.98,4,3,0.4261333800105024,0.426334208223972,0.4514223194748359,7.984639846408712,71.28077853510024,346.28051570377374,1176741.6606968965,1166136.1807113888,19435.60301185648,3.9917655037966933,4452.589867696984,2.0905149868951995,53.029535551247776,1000.0,0.34625463294616865,39.105515338611184,0.0,0.007320561818189387,0.0,0.0,0.002349537037037037,15,60,50,high_d45_balanced_travel_aware_hybrid,high,45,balanced,travel_aware_hybrid,7
11393,11387,4680,4407,4405,1904,34,11353,0,0,369.88006794064444,145.7339320422352,667146.6987115826,129019.83606674816,804310.3620087771,8143.827230457169,14304,519233.7931849025,4,0.0,425.0525806368989,13.076306772483257,0,0,16,0.0,112.0,84,177.73393204223532,3887.5722173717286,5377.194735226036,245651.5283084815,105.77174139353869,0,0,0,20261128,55471528fecddb81,travel_aware_hybrid,2,1.0,0.98,6,2,0.4109949942917362,0.4113051873957693,0.43249375992738825,11.330450168327756,70.6340881714918,224.14613589840923,1205160.027652718,1194312.8505821566,19905.214176369274,2.962232200703922,4094.1921384746915,1.7628623565589783,64.01422303840519,1000.0,0.3304666513040456,36.29990164883267,0.0,0.004919590053667811,0.0,0.0,0.0012962962962962963,15,60,50,high_d45_balanced_travel_aware_hybrid,high,45,balanced,travel_aware_hybrid,8
11998,11993,5512,4782,4779,2319,58,11935,1,1,692.6454341968096,265.1278503395297,786884.679110211,163099.67823109357,962315.7396078111,12331.382266518374,15206,633476.4886315028,7,0.0,769.3365151482683,24.409870700581433,0,0,38,0.0,266.0,154,341.1278503395298,6327.747616560269,7924.52717060438,294271.5584473876,188.6369945332533,0,0,0,20261129,55471528fecddb81,travel_aware_hybrid,2,1.0,0.98,5,3,0.4596014341699325,0.4598266377729622,0.48557089084065247,13.599572936804266,80.23978484180864,427.5175838572799,1110851.6225732793,1099744.088207258,18329.06813678763,5.685464172325497,4904.525974123127,3.143949908887555,51.457968640288186,1000.0,0.38286020968151147,41.659640183579036,0.0,0.008904357814216068,0.0,0.0,0.0030787037037037037,15,60,50,high_d45_balanced_travel_aware_hybrid,high,45,balanced,travel_aware_hybrid,9
10742,10733,4431,4260,4258,1861,43,10690,1,1,463.017914109068,197.27092909613856,622904.0426733578,89392.50912074436,720084.6323539495,7788.0805598527095,13529,482304.63512275007,5,0.0,564.663393762619,16.481635063226378,0,0,24,0.0,168.0,110,245.27092909613876,3602.812269089432,5228.440680717707,225875.6212875307,120.397043801598,0,0,0,20261130,55471528fecddb81,travel_aware_hybrid,2,1.0,0.98,9,2,0.4128389080406224,0.41333085086576055,0.4373239436619718,8.32875329551331,67.09071390607933,265.74698501292943,1244808.6084721545,1234158.8636430744,20569.314394051242,4.087848818268979,3764.5936881255116,2.0066173966933,47.53127891561552,1000.0,0.30843966195991424,35.6496884561128,0.0,0.006535455946326608,0.0,0.0,0.0019444444444444444,15,60,50,high_d45_balanced_travel_aware_hybrid,high,45,balanced,travel_aware_hybrid,10
9340,9331,3429,3731,3729,1468,31,9300,0,0,326.00347078866076,127.47319641898133,529532.7508432857,51567.915381041144,586563.6499732964,5462.983748974013,11795,404286.60750154575,3,0.0,329.96200355122096,10.133516991196121,0,0,18,0.0,126.0,80,163.4731964189814,2660.730876141111,3688.6234253045895,192809.41098774763,34.27010818756761,0,0,0,20261131,55471528fecddb81,travel_aware_hybrid,2,1.0,0.98,9,2,0.3674847283249384,0.36809421841541756,0.39399624765478425,5.526515419680757,62.861820809484136,198.53027436967943,1335832.9532719865,1327628.1249972866,22127.135416621444,2.72455327364969,3213.490183129127,0.5711684697927935,46.10779281630737,1000.0,0.2578705815155631,34.27610067838455,0.0,0.003819004670731724,0.0,0.0,0.0014583333333333334,15,60,50,high_d45_balanced_travel_aware_hybrid,high,45,balanced,travel_aware_hybrid,11
10130,10118,3534,4100,4097,1467,38,10080,0,0,444.9286591971787,168.01338217742395,538036.4947060898,92943.9845887419,638878.0376605892,7897.558365763314,12658,407266.4287502484,5,0.0,523.6397206687861,14.942853149570754,0,0,20,0.0,140.0,96,208.0133821774241,4069.1150053681968,4889.373052349749,194223.88907598695,86.92882074937461,0,0,0,20261132,55471528fecddb81,travel_aware_hybrid,2,1.0,0.98,12,3,0.3492785135402253,0.3500493583415597,0.35853658536585364,9.186003616202996,63.14271967390682,276.91527701975474,1325722.2265123518,1316659.74861931,21944.32914365517,3.466889702957068,3237.064817933116,1.4488136791562434,50.930969295309886,1000.0,0.2634876519375824,32.17462701455589,0.0,0.006060644915147987,0.0,0.0,0.0016203703703703703,15,60,50,high_d45_balanced_travel_aware_hybrid,high,45,balanced,travel_aware_hybrid,12
9975,9972,3666,3996,3996,1523,35,9937,2,2,365.7859514581439,174.03496590362826,570321.5742971876,72214.93159450352,650867.1545346432,8330.648642951091,12577,440798.94047201297,4,0.0,420.24221846271087,12.300180963451048,0,0,24,0.0,168.0,94,222.03496590362826,4729.067892561992,5417.415248399049,211360.55746614526,77.18845291572747,0,0,0,20261133,55471528fecddb81,travel_aware_hybrid,2,1.0,0.98,3,0,0.3676293622141998,0.36781954887218044,0.3811311311311311,7.2417701157745205,65.26946996937858,191.75098555451567,1300950.1705604417,1292577.6441153167,21542.960735255278,3.7005827650604712,3522.6759577690877,1.2864742152621245,57.63207711062818,1000.0,0.277249905244199,35.04801943802282,0.0,0.004863914565540635,0.0,0.0,0.0019444444444444444,15,60,50,high_d45_balanced_travel_aware_hybrid,high,45,balanced,travel_aware_hybrid,13
11917,11913,5118,4640,4638,2057,38,11875,0,0,408.531466915772,170.71087695110702,734925.6477257882,68420.39991584542,811351.3146434883,8005.267001865708,14904,581330.3003165893,6,0.0,629.1232830904976,14.183787748686667,0,0,23,0.0,161.0,99,216.7108769511072,4294.405837574274,5190.4108987073905,271144.794955805,101.55419524439469,0,0,0,20261134,55471528fecddb81,travel_aware_hybrid,2,1.0,0.98,4,2,0.4296147066230169,0.4298061592682722,0.44375,5.743339202203091,68.10638081452936,237.82058996466498,1159020.540347037,1147679.5478363188,19127.992463938648,3.61184794918512,4519.079915930083,1.6925699207399114,52.42839291623627,1000.0,0.3560996998072017,39.00498526010395,0.0,0.007281519480214093,0.0,0.0,0.001863425925925926,15,60,50,high_d45_balanced_travel_aware_hybrid,high,45,balanced,travel_aware_hybrid,14
10733,10726,3566,4241,4238,1473,40,10686,0,0,474.0604777236788,171.8737707229115,553785.6924909522,71014.30435042985,632930.4111323026,8130.41429093075,13138,416357.2310597399,5,0.0,530.6805901936475,16.152774533458377,0,0,29,0.0,203.0,109,229.8737707229116,4243.420153536806,4988.564946065566,199113.4139096467,100.9014367909477,0,0,0,20261135,55471528fecddb81,travel_aware_hybrid,2,1.0,0.98,7,3,0.33246317359686745,0.33289853722165286,0.34803112473473236,6.620763038451413,59.008988544872516,302.1867070007673,1314047.7335136577,1304755.9507707402,21745.93251284567,3.8312295120485262,3318.556898494112,1.6816906131824616,45.766650881335465,1000.0,0.2699734813813013,31.691066453017193,0.0,0.006142136460574624,0.0,0.0,0.002349537037037037,15,60,50,high_d45_balanced_travel_aware_hybrid,high,45,balanced,travel_aware_hybrid,15
10624,10616,4342,4117,4111,1772,49,10567,1,1,630.9067475178214,217.42544802603317,652072.462668383,114482.15917846255,777298.3105352109,10743.688688370674,13525,515470.8916458369,7,0.0,774.6258657948448,21.0482275267771,0,0,27,0.0,189.0,125,271.42544802603334,5412.5343421618545,6589.418221882992,243380.2137666978,146.47538375447974,0,0,0,20261136,55471528fecddb81,travel_aware_hybrid,2,1.0,0.98,8,6,0.40900527505651846,0.4094503012048193,0.43186786495020646,10.783926071822018,73.2195092817644,413.4812994917882,1233114.192638925,1224112.9584197402,20401.882640329004,4.523757467100555,4056.33689611163,2.441256395907996,52.71534577506394,1000.0,0.31493655964504164,38.11245039895282,0.0,0.008965577150403296,0.0,0.0,0.0021875,15,60,50,high_d45_balanced_travel_aware_hybrid,high,45,balanced,travel_aware_hybrid,16
11146,11144,4913,4462,4461,2046,54,11090,4,4,701.0785509344582,293.7004327746431,744038.8687578042,124679.39855130977,880228.929394951,11510.662085851394,14165,599604.5210089502,8,0.0,858.8040874261753,23.592914313016415,0,0,28,0.0,196.0,136,349.7004327746433,5331.734864929008,6891.038777270329,282886.5174971684,146.13042576592727,0,0,0,20261137,55471528fecddb81,travel_aware_hybrid,2,1.0,0.98,2,1,0.44086503948312994,0.44096536874214964,0.4587628865979381,11.18802930288135,78.98680270952539,407.37811815981513,1160089.1869285381,1150427.9895086426,19173.799825144044,5.828340546244054,4714.775291619473,2.435507096098788,50.66940277404654,1000.0,0.3555060072619233,42.33000501298625,0.0,0.009939862122988141,0.0,0.0,0.0022685185185185187,15,60,50,high_d45_balanced_travel_aware_hybrid,high,45,balanced,travel_aware_hybrid,17
11582,11571,4563,4675,4671,1960,45,11526,1,1,555.6420807572712,188.54832416068913,648135.8969370187,53011.371951149595,708625.3872197516,7478.118331594351,14398,499281.5213845615,6,0.0,638.4141410819205,17.91005612143231,0,0,29,0.0,203.0,119,246.54832416068928,3936.3430865691457,4567.636628336086,231705.00447748892,82.57027689527001,0,0,0,20261138,55471528fecddb81,travel_aware_hybrid,2,1.0,0.98,11,4,0.3943479388125486,0.394923156622345,0.42010695187165775,4.581399356248345,61.24149919797352,367.093756596582,1226422.5020888953,1215123.2174270472,20252.05362378412,4.109138736011488,3861.7500746248156,1.3761712815878335,38.3835010784545,1000.0,0.3186541655061693,34.67714414394787,0.0,0.0073890525588185246,0.0,0.0,0.002349537037037037,15,60,50,high_d45_balanced_travel_aware_hybrid,high,45,balanced,travel_aware_hybrid,18
10459,10452,3993,4179,4176,1695,34,10418,1,1,360.36575506600036,147.41763316103905,575885.4674166418,72187.27932542405,653919.6552725255,5846.90853047097,13095,439894.5342992762,4,0.0,448.0412218008561,12.13609659010605,0,0,23,0.0,161.0,91,193.4176331610391,3015.4520165857894,3491.70569647286,207701.16222808202,88.51184677083485,0,0,0,20261139,55471528fecddb81,travel_aware_hybrid,2,1.0,0.98,7,3,0.3820321469575201,0.38244574051056507,0.4063173007896626,6.906551791563725,62.56406958213983,212.9481219049613,1291069.7978974024,1280924.1814816399,21348.73635802733,3.223627219350652,3461.6860371347,1.4751974461805808,38.37039226893253,1000.0,0.2827390011681098,33.59255702934526,0.0,0.00518566228936176,0.0,0.0,0.001863425925925926,15,60,50,high_d45_balanced_travel_aware_hybrid,high,45,balanced,travel_aware_hybrid,19
11676,11665,4268,4600,4595,1750,43,11622,1,1,481.401916620251,212.95251782898964,606021.7543137901,41388.36567305705,655596.0009196206,8185.880932785982,14338,458119.55223659205,5,0.0,542.553060982346,16.59514107060659,0,0,23,0.0,161.0,109,258.95251782898976,3895.143482680926,4827.0240453169135,214420.0467516989,100.67929168858625,0,0,0,20261140,55471528fecddb81,travel_aware_hybrid,2,1.0,0.98,11,5,0.36588084012001715,0.36647824597464884,0.3815217391304348,3.548081069271929,56.201971789080204,268.44939879126133,1251583.0637357961,1239776.9212659986,20662.948687766642,4.315875297149829,3573.667445861648,1.6779881948097708,44.28462426896251,1000.0,0.30467607570233546,31.951426435806393,0.0,0.006279549316925301,0.0,0.0,0.001863425925925926,15,60,50,high_d45_balanced_travel_aware_hybrid,high,45,balanced,travel_aware_hybrid,20
10787,10775,4215,4266,4259,1740,50,10725,2,2,452.92538690459907,222.6559707271298,632625.3129679798,123757.21279021598,767244.8488902734,10862.323132088837,13558,495079.49587093695,6,0.0,631.8766286883604,15.297474625777193,0,0,35,0.0,245.0,135,292.65597072712995,5740.122394668413,7638.260420397215,238642.6269591132,93.73991939313984,0,0,0,20261141,55471528fecddb81,travel_aware_hybrid,2,1.0,0.98,12,7,0.3911832946635731,0.39186057291183835,0.4095171120487576,11.485588193987562,71.20601845849404,230.26941617746925,1244220.9347010578,1234583.6536739182,20576.394227898636,4.877599512118833,3977.37711598522,1.562331989885664,56.57970681775715,1000.0,0.3087661473883012,36.515673098608715,0.0,0.0073133869061152825,0.0,0.0,0.0028356481481481483,15,60,50,high_d45_balanced_travel_aware_hybrid,high,45,balanced,travel_aware_hybrid,21
11445,11439,5548,4662,4660,2358,59,11380,0,0,733.9233618750086,255.0642209314297,829516.0661799661,134022.48175614377,977452.0224738754,13913.474537775302,14848,680695.3105390423,8,0.0,853.140597997017,24.678177585282253,0,0,34,0.0,238.0,152,323.06422093142993,7142.452571362477,9632.880605977112,318980.3992979083,134.8850181296328,0,0,0,20261142,55471528fecddb81,travel_aware_hybrid,2,1.0,0.98,6,2,0.4850074307194685,0.4852774137177807,0.5062205062205062,11.716276051765345,85.44907968125496,478.8591409435789,1086272.15559913,1076601.4791180172,17943.35798530029,5.384403682190499,5316.339988298471,2.24808363549388,63.37421451300732,1000.0,0.3965154691115944,45.84424235850231,0.0,0.009874312476817327,0.0,0.0,0.0027546296296296294,15,60,50,high_d45_balanced_travel_aware_hybrid,high,45,balanced,travel_aware_hybrid,22
10468,10458,3682,4240,4237,1513,35,10423,1,1,340.62027224305587,194.8266068479292,527745.7382568327,72078.37304567714,606367.2000410404,6543.088738541044,12989,392184.7125691692,4,0.0,446.5195594527529,12.474640505227134,0,0,21,0.0,147.0,91,236.8266068479292,3292.0795271070097,4069.707406830821,185905.38526774448,108.11119843622207,0,0,0,20261143,55471528fecddb81,travel_aware_hybrid,2,1.0,0.98,10,3,0.35207496653279785,0.3526939243408483,0.35754716981132073,6.892175659368631,57.98118187426281,145.79366539512665,1328597.3291802346,1318514.6278367618,21975.243797279363,3.9471101141321534,3098.423087795741,1.8018533072703677,44.72205941572331,1000.0,0.2618903726776475,30.193603246529307,0.0,0.005168050456629085,0.0,0.0,0.0017013888888888888,15,60,50,high_d45_balanced_travel_aware_hybrid,high,45,balanced,travel_aware_hybrid,23
11959,11951,5664,4865,4859,2435,52,11899,1,1,586.6507575029835,234.5909878751902,802813.0266500153,99795.21324161571,914074.165925051,11465.926033426183,15101,649997.2488121109,7,0.0,731.4127609276532,20.72240401995237,0,0,36,0.0,252.0,140,306.5909878751905,6068.909839123149,7552.360683450945,302488.932932372,143.06735837853822,0,0,0,20261144,55471528fecddb81,travel_aware_hybrid,2,1.0,0.98,8,6,0.47393523554514266,0.474287147754829,0.5017471736896197,8.350365094269577,76.48516157016576,352.05976962779334,1093004.3532792435,1081749.4892773135,18029.15815462189,5.109849797919841,5041.482215539533,2.384455972975637,53.945433453221035,1000.0,0.3927753592893092,43.043324866704914,0.0,0.00846542547369969,0.0,0.0,0.002916666666666667,15,60,50,high_d45_balanced_travel_aware_hybrid,high,45,balanced,travel_aware_hybrid,24
10658,10653,4912,4335,4332,2160,49,10604,0,0,504.4334163456117,212.90649268055526,698257.088026364,164392.3285680741,873402.8734343785,10753.456839952012,13687,559295.2038149717,5,0.0,529.6485993837548,17.4286125032672,0,0,33,0.0,231.0,131,278.9064926805554,5180.251485351488,7307.586814284014,261326.22258656862,108.50551497431067,0,0,0,20261145,55471528fecddb81,travel_aware_hybrid,2,1.0,0.98,5,3,0.46109077255233266,0.4613435916682304,0.49896193771626296,15.431552479871781,81.98656467045701,291.5269236650564,1190891.9046290133,1181614.4119459235,19693.57353243206,4.648441544675923,4355.437043109477,1.8084252495718445,55.78310545254972,1000.0,0.33839338631721483,40.86324277160603,0.0,0.006130192122497162,0.0,0.0,0.002673611111111111,15,60,50,high_d45_balanced_travel_aware_hybrid,high,45,balanced,travel_aware_hybrid,25
11411,11399,5293,4515,4511,2200,48,11351,1,1,527.0938147867828,246.19464987440284,764588.5699451407,177427.68320806345,952780.2428576581,10763.989704465828,14578,615928.032563972,5,0.0,555.3314672635432,18.897941049739156,0,0,24,0.0,168.0,120,294.194649874403,5486.845564046337,7151.6880001911195,290552.95912745997,146.77420683331513,0,0,0,20261146,55471528fecddb81,travel_aware_hybrid,2,1.0,0.98,12,4,0.46433897710325467,0.4649022872666725,0.4881506090808416,15.565197228534384,83.58454626350189,280.89916491237994,1135277.4904493096,1125205.8449056034,18753.430748426723,4.903244164573383,4842.549318791,2.4462367805552523,59.59740000159266,1000.0,0.3692902830837169,42.25051670763973,0.0,0.006427447537772491,0.0,0.0,0.0019444444444444444,15,60,50,high_d45_balanced_travel_aware_hybrid,high,45,balanced,travel_aware_hybrid,26
11731,11721,5056,4692,4689,2162,46,11675,0,0,604.6608333911539,201.58095111652645,727108.0754073104,86379.03898845855,824828.446541534,11341.332145776438,14727,577945.7888012893,6,0.0,640.7309540988724,20.47725160225615,0,0,27,0.0,189.0,119,255.58095111652656,5809.494880409891,7098.898168780963,269583.1553782669,126.91222907123544,0,0,0,20261147,55471528fecddb81,travel_aware_hybrid,2,1.0,0.98,10,3,0.431362511731081,0.4318472423493308,0.4614236999147485,7.369596364513143,70.37184937646396,403.0798822746275,1164957.2523551611,1154283.9974727952,19238.066624546587,4.259682518608776,4493.052589637781,2.115203817853924,59.654606460344226,1000.0,0.3528015264693549,39.24395931291433,0.0,0.007415867524292505,0.0,0.0,0.0021875,15,60,50,high_d45_balanced_travel_aware_hybrid,high,45,balanced,travel_aware_hybrid,27
11047,11041,4935,4371,4368,2058,51,10990,2,2,519.8153911134002,224.0126421452384,722749.2033357221,78986.28247875604,812319.6019779275,10584.116163458673,13937,580999.8520876126,6,0.0,634.5488633284997,17.19666138838172,0,0,37,0.0,259.0,139,298.0126421452386,6089.198535987487,7227.050326156434,270918.8928938733,92.26986687574895,0,0,0,20261148,55471528fecddb81,travel_aware_hybrid,2,1.0,0.98,6,3,0.4469703831174712,0.4472707522404273,0.47151681537405626,7.1539065735672525,73.57300987029504,295.80274896816184,1171172.4614697841,1161381.3871791186,19356.35645298531,4.96687736908731,4515.3148815645545,1.5378311145958157,51.993167814075065,1000.0,0.3493486325167866,41.68758356085331,0.0,0.007344315547783561,0.0,0.0,0.0029976851851851853,15,60,50,high_d45_balanced_travel_aware_hybrid,high,45,balanced,travel_aware_hybrid,28
10180,10175,4180,3980,3978,1714,38,10137,0,0,495.3691170201933,178.5645600336952,615749.7909985932,145554.52196468716,770948.3404223348,9644.027459066283,13031,482448.82607304485,5,0.0,523.3093291264095,17.517168019109295,0,0,13,0.0,91.0,89,204.56456003369524,4428.181868689404,5800.22510020202,229080.91017606348,141.98577982701656,0,0,0,20261149,55471528fecddb81,travel_aware_hybrid,2,1.0,0.98,5,2,0.41081081081081083,0.4111001964636542,0.4311557788944724,14.305112723802177,75.76887866558573,316.80455698649814,1258024.1755964519,1249310.162875764,20821.836047929402,3.4094093338949207,3818.015169601058,2.366429663783609,65.17106854159573,1000.0,0.30109768022419336,37.02316215739735,0.0,0.006056820938963072,0.0,0.0,0.0010532407407407407,15,60,50,high_d45_balanced_travel_aware_hybrid,high,45,balanced,travel_aware_hybrid,29
10920,10908,4211,9159,9148,3378,0,10908,0,0,0.0,0.0,658509.5159437318,80601.32289061486,739110.838834341,0.0,13632,516190.05614254833,0,0.0,0.0,0.0,0,0,0,0.0,0.0,0,0.0,0.0,0.0,241363.76445424854,0.0,0,0,0,20261120,0f5ef110409c3a3c,human_only,0,1.0,0.98,12,11,0.386046938027136,0.38672161172161174,0.37001856097827274,7.389193517658128,67.75860275342328,0.0,1229295.5761621916,1219332.363688203,20322.20606147005,0.0,4022.729407570809,0.0,0.0,1000.0,0.3170580132432269,37.86605458792168,0.0,0.0,0.0,0.0,0.0,15,60,50,high_d60_source_human_only,high,60,source,human_only,0
10819,10813,3803,9148,9142,3046,0,10813,0,0,0.0,0.0,607052.8561231457,100578.19395198522,707631.05007512,0.0,13490,466567.9536361872,0,0.0,0.0,0.0,0,0,0,0.0,0.0,0,0.0,0.0,0.0,221345.60854849272,0.0,0,0,0,20261121,0f5ef110409c3a3c,human_only,0,1.0,0.98,6,6,0.3517062794784056,0.3520658101488123,0.33362483602973325,9.301599366686878,65.44262000139831,0.0,1272710.0948460517,1263284.617068195,21054.74361780325,0.0,3689.093475808212,0.0,0.0,1000.0,0.29293883619663796,34.58620857199312,0.0,0.0,0.0,0.0,0.0,15,60,50,high_d60_source_human_only,high,60,source,human_only,1
12518,12509,4475,10552,10545,3570,0,12509,0,0,0.0,0.0,718180.8755224817,80926.23501786275,799107.1105403303,0.0,15447,557615.7553683019,0,0.0,0.0,0.0,0,0,0,0.0,0.0,0,0.0,0.0,0.0,259247.0059344984,0.0,0,0,0,20261122,0f5ef110409c3a3c,human_only,0,1.0,0.98,9,7,0.35774242545367335,0.35820418597220005,0.33898786959818045,6.469440804050104,63.882573390385346,0.0,1167437.1174705164,1155335.4127290128,19255.59021215021,0.0,4320.78343224164,0.0,0.0,1000.0,0.3514238236274909,36.09864409712578,0.0,0.0,0.0,0.0,0.0,15,60,50,high_d60_source_human_only,high,60,source,human_only,2
10389,10384,3641,8735,8730,2894,0,10384,0,0,0.0,0.0,561391.1829420163,51823.810360036725,613214.9933020406,0.0,12933,427200.4464918385,0,0.0,0.0,0.0,0,0,0,0.0,0.0,0,0.0,0.0,0.0,200489.49632793074,0.0,0,0,0,20261123,0f5ef110409c3a3c,human_only,0,1.0,0.98,5,5,0.350635593220339,0.3509481182019444,0.33188322839152834,4.990736744995832,59.05383217469574,0.0,1306112.6518357953,1296041.273829714,21600.687897161897,0.0,3341.4916054655123,0.0,0.0,1000.0,0.2743818600912249,33.03181369302084,0.0,0.0,0.0,0.0,0.0,15,60,50,high_d60_source_human_only,high,60,source,human_only,3
10405,10397,3902,8736,8728,3139,0,10397,0,0,0.0,0.0,593049.4252382636,81026.33006143586,674075.7552996913,0.0,13047,457859.59698295017,0,0.0,0.0,0.0,0,0,0,0.0,0.0,0,0.0,0.0,0.0,216255.47647169346,0.0,0,0,0,20261124,0f5ef110409c3a3c,human_only,0,1.0,0.98,8,8,0.37530056747138596,0.3757808745795291,0.3602335164835165,7.793241325520425,64.8336784937666,0.0,1276241.7136801807,1266441.6871997614,21107.361453329355,0.0,3604.257941194891,0.0,0.0,1000.0,0.2909768257332329,35.09309396665518,0.0,0.0,0.0,0.0,0.0,15,60,50,high_d60_source_human_only,high,60,source,human_only,4
11041,11030,3487,9270,9262,2744,0,11030,0,0,0.0,0.0,561157.7054514039,44974.92213003958,606132.6275814347,0.0,13628,420603.036183402,0,0.0,0.0,0.0,0,0,0,0.0,0.0,0,0.0,0.0,0.0,199660.64088527774,0.0,0,0,0,20261125,0f5ef110409c3a3c,human_only,0,1.0,0.98,11,8,0.31613780598368085,0.3168191287021103,0.29687162891046387,4.07750880598727,54.953094069033064,0.0,1304446.7177754485,1294050.0123348958,21567.500205581597,0.0,3327.6773480879624,0.0,0.0,1000.0,0.2753073790136398,30.86315205337555,0.0,0.0,0.0,0.0,0.0,15,60,50,high_d60_source_human_only,high,60,source,human_only,5
11828,11822,5620,10005,10000,4555,0,11822,0,0,0.0,0.0,821601.1634458987,105535.48145747173,927136.6449033612,0.0,15117,666309.94710329,0,0.0,0.0,0.0,0,0,0,0.0,0.0,0,0.0,0.0,0.0,306946.67829186004,0.0,0,0,0,20261126,0f5ef110409c3a3c,human_only,0,1.0,0.98,6,5,0.4753848756555574,0.4756509976327359,0.45577211394302847,8.927041233079997,78.42468659307741,0.0,1087591.174489715,1077424.3986736997,17957.073311228327,0.0,5115.777971531001,0.0,0.0,1000.0,0.39578268083904733,44.076863604107295,0.0,0.0,0.0,0.0,0.0,15,60,50,high_d60_source_human_only,high,60,source,human_only,6
11430,11426,4603,9643,9640,3707,0,11426,0,0,0.0,0.0,703594.3853581961,86346.4239123727,789940.8092705596,0.0,14375,553683.1019714571,0,0.0,0.0,0.0,0,0,0,0.0,0.0,0,0.0,0.0,0.0,260701.21250924765,0.0,0,0,0,20261127,0f5ef110409c3a3c,human_only,0,1.0,0.98,4,3,0.40285314195694033,0.4030621172353456,0.3847350409623561,7.5570124201271405,69.1353762708349,0.0,1187174.7164718045,1176496.0460112954,19608.26743352159,0.0,4345.020208487461,0.0,0.0,1000.0,0.3404584908489975,38.51708535453615,0.0,0.0,0.0,0.0,0.0,15,60,50,high_d60_source_human_only,high,60,source,human_only,7
11393,11389,4463,9621,9619,3613,0,11389,0,0,0.0,0.0,654122.617979014,117324.4997201284,771447.1176991321,0.0,14208,507155.3243412571,0,0.0,0.0,0.0,0,0,0,0.0,0.0,0,0.0,0.0,0.0,237997.2997074377,0.0,0,0,0,20261128,0f5ef110409c3a3c,human_only,0,1.0,0.98,4,2,0.3918693476161208,0.3920828578951988,0.375740567508575,10.3015628870075,67.73615925007745,0.0,1219909.4129563475,1208940.262883889,20149.00438139815,0.0,3966.621661790628,0.0,0.0,1000.0,0.3222725483575848,35.69505379654118,0.0,0.0,0.0,0.0,0.0,15,60,50,high_d60_source_human_only,high,60,source,human_only,8
11998,11993,5186,10141,10138,4198,0,11993,0,0,0.0,0.0,779305.1271638372,151689.1645534942,930994.2917173207,0.0,15145,622609.7362750364,0,0.0,0.0,0.0,0,0,0,0.0,0.0,0,0.0,0.0,0.0,290155.87068620976,0.0,0,0,0,20261129,0f5ef110409c3a3c,human_only,0,1.0,0.98,5,3,0.432418911031435,0.4326554425737623,0.41425894882161524,12.648141795505227,77.62814072519976,0.0,1121261.433361856,1110222.0036636463,18503.700061060772,0.0,4835.931178103496,0.0,0.0,1000.0,0.3770769814656355,41.10991985969207,0.0,0.0,0.0,0.0,0.0,15,60,50,high_d60_source_human_only,high,60,source,human_only,9
10742,10734,4144,9026,9019,3296,0,10734,0,0,0.0,0.0,621665.6349054736,88581.1063205117,710246.7412259784,0.0,13496,481586.54608269164,0,0.0,0.0,0.0,0,0,0,0.0,0.0,0,0.0,0.0,0.0,226464.31360682746,0.0,0,0,0,20261130,0f5ef110409c3a3c,human_only,0,1.0,0.98,8,7,0.3860629774548165,0.3865202010798734,0.365942831819189,8.252385533865446,66.16794682559888,0.0,1251992.8647830084,1241905.1187221927,20698.41864536988,0.0,3774.4052267804577,0.0,0.0,1000.0,0.3044484084538842,35.68365042106488,0.0,0.0,0.0,0.0,0.0,15,60,50,high_d60_source_human_only,high,60,source,human_only,10
9340,9334,3191,7811,7806,2540,0,9334,0,0,0.0,0.0,510060.58406903554,48718.32485636603,558778.9089253942,0.0,11723,387238.1295024563,0,0.0,0.0,0.0,0,0,0,0.0,0.0,0,0.0,0.0,0.0,184256.54924578607,0.0,0,0,0,20261131,0f5ef110409c3a3c,human_only,0,1.0,0.98,6,5,0.3418684379687165,0.34229122055674516,0.3258225579311228,5.219447702631887,59.864892749667256,0.0,1352459.573640415,1344433.889956776,22407.231499279602,0.0,3070.942487429768,0.0,0.0,1000.0,0.2486335701997695,33.032340655331936,0.0,0.0,0.0,0.0,0.0,15,60,50,high_d60_source_human_only,high,60,source,human_only,11
10130,10120,3171,8463,8454,2474,0,10120,0,0,0.0,0.0,535397.26306532,86344.83177261279,621742.094837924,0.0,12614,403947.20608154737,0,0.0,0.0,0.0,0,0,0,0.0,0.0,0,0.0,0.0,0.0,191684.99751507104,0.0,0,0,0,20261132,0f5ef110409c3a3c,human_only,0,1.0,0.98,10,9,0.3133399209486166,0.3140177690029615,0.29339477726574503,8.532098001246323,61.436965893075495,0.0,1332854.6056835488,1323875.005632461,22064.583427207683,0.0,3194.749958584517,0.0,0.0,1000.0,0.25952521906469506,32.02372015867666,0.0,0.0,0.0,0.0,0.0,15,60,50,high_d60_source_human_only,high,60,source,human_only,12
9975,9970,3494,8353,8348,2818,0,9970,0,0,0.0,0.0,567835.819546388,70088.75037435602,637924.5699207411,0.0,12543,436488.66872858885,0,0.0,0.0,0.0,0,0,0,0.0,0.0,0,0.0,0.0,0.0,209102.71110606665,0.0,0,0,0,20261133,0f5ef110409c3a3c,human_only,0,1.0,0.98,5,5,0.3504513540621866,0.35077694235588974,0.3379624087154316,7.029964932232299,63.98441022274234,0.0,1306540.56803899,1298466.2333556486,21641.10388926081,0.0,3485.0451851011107,0.0,0.0,1000.0,0.2741441288672277,34.79938361863899,0.0,0.0,0.0,0.0,0.0,15,60,50,high_d60_source_human_only,high,60,source,human_only,13
11917,11911,4477,10055,10050,3616,0,11911,0,0,0.0,0.0,705718.7544818715,63352.53334403058,769071.2878258899,0.0,14764,553027.0052347075,0,0.0,0.0,0.0,0,0,0,0.0,0.0,0,0.0,0.0,0.0,256360.73201823086,0.0,0,0,0,20261134,0f5ef110409c3a3c,human_only,0,1.0,0.98,6,5,0.37587104357316764,0.37618528153058656,0.3601193436101442,5.318825736212793,64.56815446443538,0.0,1186975.6762175895,1175338.2734371952,19588.971223953253,0.0,4272.678866970515,0.0,0.0,1000.0,0.34056906876800586,37.457803118037624,0.0,0.0,0.0,0.0,0.0,15,60,50,high_d60_source_human_only,high,60,source,human_only,14
10733,10728,3272,8993,8988,2566,0,10728,0,0,0.0,0.0,543522.2474845526,64727.743630484554,608249.9911150277,0.0,13074,405819.3350755788,0,0.0,0.0,0.0,0,0,0,0.0,0.0,0,0.0,0.0,0.0,193102.9946486596,0.0,0,0,0,20261135,0f5ef110409c3a3c,human_only,0,1.0,0.98,5,5,0.3049962714392245,0.30532004099506194,0.2858890247970644,6.033533149746883,56.6974264648609,0.0,1326934.4216650988,1317514.8995290606,21958.581658817675,0.0,3218.383244144327,0.0,0.0,1000.0,0.2628142101860562,31.04018166403387,0.0,0.0,0.0,0.0,0.0,15,60,50,high_d60_source_human_only,high,60,source,human_only,15
10624,10617,4171,9011,9009,3385,0,10617,0,0,0.0,0.0,649092.924470536,107287.7734139571,756380.6978844843,0.0,13467,509553.9504926291,0,0.0,0.0,0.0,0,0,0,0.0,0.0,0,0.0,0.0,0.0,240049.20823081073,0.0,0,0,0,20261136,0f5ef110409c3a3c,human_only,0,1.0,0.98,7,2,0.3928605067344824,0.3932605421686747,0.3758739318610587,10.105281474423764,71.24241291179094,0.0,1239769.1486634596,1230544.1840451423,20509.069734085704,0.0,4000.820137180179,0.0,0.0,1000.0,0.31123936185363354,37.83722807549039,0.0,0.0,0.0,0.0,0.0,15,60,50,high_d60_source_human_only,high,60,source,human_only,16
11146,11144,4722,9396,9394,3837,0,11144,0,0,0.0,0.0,734218.0988058913,114136.85891225273,848354.9577181318,0.0,14075,587221.1938846965,0,0.0,0.0,0.0,0,0,0,0.0,0.0,0,0.0,0.0,0.0,275751.1371054106,0.0,0,0,0,20261137,0f5ef110409c3a3c,human_only,0,1.0,0.98,2,2,0.42372577171572146,0.4238291763861475,0.40857811834823327,10.2420009792043,76.12661142481441,0.0,1173692.1422461916,1163720.8695369351,19395.347825615587,0.0,4595.852285090177,0.0,0.0,1000.0,0.34794880986322685,41.720866350600105,0.0,0.0,0.0,0.0,0.0,15,60,50,high_d60_source_human_only,high,60,source,human_only,17
11582,11567,4165,9757,9746,3307,0,11567,0,0,0.0,0.0,630508.7938642116,45228.26765767949,675737.061521878,0.0,14310,482645.06844246865,0,0.0,0.0,0.0,0,0,0,0.0,0.0,0,0.0,0.0,0.0,224150.32308472108,0.0,0,0,0,20261138,0f5ef110409c3a3c,human_only,0,1.0,0.98,15,11,0.3600760784991787,0.36090485235710584,0.3400635441221687,3.9101121861917085,58.41938804546365,0.0,1240106.0682103804,1228512.0559403307,20475.200932338845,0.0,3735.8387180786845,0.0,0.0,1000.0,0.31105218432756643,33.72781750122073,0.0,0.0,0.0,0.0,0.0,15,60,50,high_d60_source_human_only,high,60,source,human_only,18
10459,10453,3615,8766,8762,2878,0,10453,0,0,0.0,0.0,571802.9835867092,76690.87488572582,648493.858472427,0.0,13055,436768.5894558642,0,0.0,0.0,0.0,0,0,0,0.0,0.0,0,0.0,0.0,0.0,205826.51927493516,0.0,0,0,0,20261139,0f5ef110409c3a3c,human_only,0,1.0,0.98,6,4,0.3458337319429829,0.346209006597189,0.32877024868811316,7.33673346271174,62.03901831746169,0.0,1297536.8249382898,1287504.9483398357,21458.415805663928,0.0,3430.4419879155857,0.0,0.0,1000.0,0.2791462083676167,33.45603902381189,0.0,0.0,0.0,0.0,0.0,15,60,50,high_d60_source_human_only,high,60,source,human_only,19
11676,11668,3734,9844,9836,2930,0,11668,0,0,0.0,0.0,596927.7816079664,35145.26032124594,632073.041929198,0.0,14233,449891.56500660384,0,0.0,0.0,0.0,0,0,0,0.0,0.0,0,0.0,0.0,0.0,208751.9860419033,0.0,0,0,0,20261140,0f5ef110409c3a3c,human_only,0,1.0,0.98,8,8,0.32002056907781967,0.32048646796848235,0.2984559122308005,3.012106643918919,54.171498279842126,0.0,1261853.5435501053,1250192.442389094,20836.540706484902,0.0,3479.199767365055,0.0,0.0,1000.0,0.2989702535832748,31.609046933647427,0.0,0.0,0.0,0.0,0.0,15,60,50,high_d60_source_human_only,high,60,source,human_only,20
10787,10777,4047,9060,9051,3258,0,10777,0,0,0.0,0.0,629210.1476689373,105707.16902101893,734917.3166899496,0.0,13470,489181.7341941405,0,0.0,0.0,0.0,0,0,0,0.0,0.0,0,0.0,0.0,0.0,232471.6300471387,0.0,0,0,0,20261141,0f5ef110409c3a3c,human_only,0,1.0,0.98,10,9,0.3755219448826204,0.37610086214888294,0.3605960264900662,9.808589498099558,68.1931257947434,0.0,1254583.660343942,1245436.26429175,20757.27107152917,0.0,3874.5271674523115,0.0,0.0,1000.0,0.3030090775866989,36.31638709681815,0.0,0.0,0.0,0.0,0.0,15,60,50,high_d60_source_human_only,high,60,source,human_only,21
11445,11439,5284,9600,9595,4285,0,11439,0,0,0.0,0.0,817153.4607841263,115840.30138008666,932993.7621642051,0.0,14733,664459.4099145259,0,0.0,0.0,0.0,0,0,0,0.0,0.0,0,0.0,0.0,0.0,308063.32135911763,0.0,0,0,0,20261142,0f5ef110409c3a3c,human_only,0,1.0,0.98,6,5,0.4619284902526445,0.46221057230231544,0.446875,10.126785678825655,81.56252838221917,0.0,1104016.5399138147,1094246.631459296,18237.443857654933,0.0,5134.388689318627,0.0,0.0,1000.0,0.3866574778256585,45.10007533526952,0.0,0.0,0.0,0.0,0.0,15,60,50,high_d60_source_human_only,high,60,source,human_only,22
10468,10461,3316,8859,8853,2665,0,10461,0,0,0.0,0.0,519457.5634414998,67385.72165718811,586843.2850986774,0.0,12934,385102.677915562,0,0.0,0.0,0.0,0,0,0,0.0,0.0,0,0.0,0.0,0.0,183033.69822006515,0.0,0,0,0,20261143,0f5ef110409c3a3c,human_only,0,1.0,0.98,7,6,0.3169869037376924,0.3174436377531525,0.3015012981149114,6.4416137708811885,56.09820142421158,0.0,1338779.6615403143,1328782.3276340384,22146.37212723397,0.0,3050.5616370010857,0.0,0.0,1000.0,0.256233521366492,29.774445485972013,0.0,0.0,0.0,0.0,0.0,15,60,50,high_d60_source_human_only,high,60,source,human_only,23
11959,11948,5471,10031,10023,4427,0,11948,0,0,0.0,0.0,797895.060449584,92124.16617419157,890019.2266237659,0.0,15043,642831.6648180223,0,0.0,0.0,0.0,0,0,0,0.0,0.0,0,0.0,0.0,0.0,296680.0377135302,0.0,0,0,0,20261144,0f5ef110409c3a3c,human_only,0,1.0,0.98,11,8,0.4579009039169736,0.4583995317334225,0.4421293988635231,7.710425692516871,74.4910634937869,0.0,1102805.5232422196,1092033.6465647237,18200.560776078728,0.0,4944.667295225503,0.0,0.0,1000.0,0.38733026486543354,42.732943217311856,0.0,0.0,0.0,0.0,0.0,15,60,50,high_d60_source_human_only,high,60,source,human_only,24
10658,10652,4816,8952,8946,3895,0,10652,0,0,0.0,0.0,713725.145818345,165453.98092614376,879179.1267444774,0.0,13740,572000.3400859244,0,0.0,0.0,0.0,0,0,0,0.0,0.0,0,0.0,0.0,0.0,269246.66633771436,0.0,0,0,0,20261145,0f5ef110409c3a3c,human_only,0,1.0,0.98,6,6,0.45212166729252723,0.45243009945580787,0.4357685433422699,15.532668130505423,82.53653086223032,0.0,1182824.2138397424,1173580.202455167,19559.67004091945,0.0,4487.444438961906,0.0,0.0,1000.0,0.34287543675569865,41.63030131629726,0.0,0.0,0.0,0.0,0.0,15,60,50,high_d60_source_human_only,high,60,source,human_only,25
11411,11401,4999,9622,9613,4026,0,11401,0,0,0.0,0.0,759919.8975391781,161971.7901962625,921891.6877354307,0.0,14497,609092.3104458908,0,0.0,0.0,0.0,0,0,0,0.0,0.0,0,0.0,0.0,0.0,285899.23397731193,0.0,0,0,0,20261146,0f5ef110409c3a3c,human_only,0,1.0,0.98,10,9,0.438470309621963,0.438962404697222,0.4193514861775099,14.206805560587888,80.86059887162799,0.0,1145104.186149231,1135323.0560218925,18922.050933698207,0.0,4764.987232955199,0.0,0.0,1000.0,0.36383100769487176,42.01505900847698,0.0,0.0,0.0,0.0,0.0,15,60,50,high_d60_source_human_only,high,60,source,human_only,26
11731,11721,4682,9831,9823,3723,0,11721,0,0,0.0,0.0,713425.267153588,78161.91461853517,791587.1817721152,0.0,14599,562173.174169424,0,0.0,0.0,0.0,0,0,0,0.0,0.0,0,0.0,0.0,0.0,259885.6709225699,0.0,0,0,0,20261147,0f5ef110409c3a3c,human_only,0,1.0,0.98,10,8,0.39945397150413786,0.39996590231011847,0.3795137829315431,6.668536355134815,67.53580596980763,0.0,1179843.828110735,1169106.5915533078,19485.109859221797,0.0,4331.427848709498,0.0,0.0,1000.0,0.34453120660514724,38.5076494396482,0.0,0.0,0.0,0.0,0.0,15,60,50,high_d60_source_human_only,high,60,source,human_only,27
11047,11039,4610,9294,9287,3699,0,11039,0,0,0.0,0.0,707559.5622450056,72222.13876197141,779781.7010069672,0.0,13838,563649.9197244591,0,0.0,0.0,0.0,0,0,0,0.0,0.0,0,0.0,0.0,0.0,259936.22116122345,0.0,0,0,0,20261148,0f5ef110409c3a3c,human_only,0,1.0,0.98,8,7,0.41761029078720896,0.41803204489906765,0.398751882935227,6.542453008603262,70.63879889545858,0.0,1191189.8318862948,1181072.1211453078,19684.535352421797,0.0,4332.270352687057,0.0,0.0,1000.0,0.33822787117428066,40.732036401536284,0.0,0.0,0.0,0.0,0.0,15,60,50,high_d60_source_human_only,high,60,source,human_only,28
10180,10175,3984,8580,8575,3233,0,10175,0,0,0.0,0.0,612431.1236898901,130341.51487115158,742772.6385610271,0.0,12980,477561.04407616117,0,0.0,0.0,0.0,0,0,0,0.0,0.0,0,0.0,0.0,0.0,227704.2903474518,0.0,0,0,0,20261149,0f5ef110409c3a3c,human_only,0,1.0,0.98,5,5,0.3915479115479115,0.3918467583497053,0.3773892773892774,12.809976891513669,72.99976791754567,0.0,1266680.678548305,1257818.2645528915,20963.63774254819,0.0,3795.0715057908633,0.0,0.0,1000.0,0.2962885119176083,36.79206811064416,0.0,0.0,0.0,0.0,0.0,15,60,50,high_d60_source_human_only,high,60,source,human_only,29
10920,10913,4239,9159,9153,3403,56,10857,0,0,312.61870232909666,215.94176276202225,653770.9829008724,82354.40689816805,747339.0016319245,11213.611832891322,13685,522615.77887401695,5,0.0,521.2530429813218,14.86594885913823,0,0,56,0.0,392.0,168,327.94176276202245,6988.054644586716,7867.917448984785,245083.23501933168,233.61034752270353,0,0,0,20261120,0409ef385d40668d,adaptive_hybrid,2,1.0,0.98,7,6,0.38843581050123704,0.38882783882783883,0.3722022054809477,7.54644982114616,68.48153593255059,96.67693956707441,1225752.1781441728,1216117.797673678,20268.629961227965,5.465696046033708,4084.720583655528,3.893505792045059,46.83284195824277,1000.0,0.3190265676976818,38.18894986291684,0.0,0.006033021330802335,0.0,0.0,0.004537037037037037,15,60,50,high_d60_source_adaptive_hybrid,high,60,source,adaptive_hybrid,0
10819,10809,3802,9148,9140,3041,47,10762,1,1,264.70423581474995,193.2260078061697,601124.7523273717,100089.42330854852,710298.1423857854,9083.966749874475,13501,469324.31915619737,4,0.0,409.46732293710164,11.515483694934915,0,0,47,0.0,329.0,141,287.22600780617,5175.030726602725,6275.31291861769,221637.39528127125,168.20717799644774,0,0,0,20261121,0409ef385d40668d,adaptive_hybrid,2,1.0,0.98,10,8,0.3517439171061153,0.35234310010167297,0.33329689549628333,9.259822676339025,65.71358519620551,71.47822800858026,1272623.1364324533,1262960.7934075168,21049.346556791945,4.787100130102833,3693.9565880211876,2.803452966607462,44.505765380267306,1000.0,0.2929871464264149,34.762189404947584,0.0,0.004739205126586824,0.0,0.0,0.0038078703703703703,15,60,50,high_d60_source_adaptive_hybrid,high,60,source,adaptive_hybrid,1
12518,12503,4568,10552,10541,3665,144,12359,5,5,1154.7457020545717,587.0753834371046,717708.9826442827,88188.05252424772,820086.4432206234,14189.408052104269,15612,569987.7625460392,17,0.0,1877.7242489567698,56.28554417815179,0,0,144,0.0,1008.0,432,875.0753834371026,8040.47820498199,9037.52452334499,266473.613626578,909.3588432248964,0,0,0,20261122,0409ef385d40668d,adaptive_hybrid,2,1.0,0.98,15,11,0.36535231544429336,0.36611279757149706,0.34836997725549657,7.053351397604392,65.59117357599163,567.670318617467,1161249.2364509697,1149146.7709580327,19152.446182633877,14.58458972395171,4441.2268937763,15.15598072041494,20.92019565589118,1000.0,0.35486153530501685,36.50959278414292,0.0,0.02173291954811076,0.0,0.0,0.011666666666666667,15,60,50,high_d60_source_adaptive_hybrid,high,60,source,adaptive_hybrid,2
10389,10384,3660,8735,8731,2918,34,10350,3,3,183.1449794918957,149.7715380573119,560933.3917515714,54596.50966376232,622637.087271376,7107.185856050128,13001,433589.24647039233,2,0.0,205.63138886422976,8.887090854202418,0,0,34,0.0,238.0,102,217.77153805731203,4033.59256467313,4599.2063302599745,204343.7351460974,141.4340894472419,0,0,0,20261123,0409ef385d40668d,adaptive_hybrid,2,1.0,0.98,5,4,0.3524653312788906,0.3527769756473193,0.3345163136805953,5.257753241887743,59.96119869716642,33.37344143458381,1301107.5866611553,1291123.5236032628,21518.725393387715,3.629525634288534,3405.7289191016234,2.357234824120698,45.09025813980367,1000.0,0.2771624518549137,33.35045353975789,0.0,0.002379992926669326,0.0,0.0,0.0027546296296296294,15,60,50,high_d60_source_adaptive_hybrid,high,60,source,adaptive_hybrid,3
10405,10398,3881,8736,8729,3101,49,10349,1,1,279.92226088597425,191.02991315057102,586245.1022775236,83116.01469421349,678491.7747944227,9130.65782269473,13093,459926.4584947211,4,0.0,417.6288391531106,13.373668903354906,0,0,49,0.0,343.0,147,289.0299131505713,4800.651959294381,5573.942987023285,216448.664503428,215.92442348383955,0,0,0,20261124,0409ef385d40668d,adaptive_hybrid,2,1.0,0.98,7,7,0.3732448547797653,0.37366650648726574,0.3557692307692308,7.9934616940001435,65.25214221912124,88.89234773540323,1277645.4987625421,1267771.4037801048,21129.52339633508,4.8171652191761885,3607.4777417238,3.598740391397326,37.91797950355976,1000.0,0.29019694513192107,35.12766046702216,0.0,0.004833667119827669,0.0,0.0,0.003969907407407407,15,60,50,high_d60_source_adaptive_hybrid,high,60,source,adaptive_hybrid,4
11041,11029,3419,9270,9260,2684,105,10924,2,2,829.8873286293611,431.35121562027456,546374.9715849535,45802.01614732152,602346.9105929579,10169.922860690273,13708,415484.4128687981,12,0.0,1321.1219178232334,39.87781955047216,0,0,105,0.0,735.0,315,641.3512156202743,5799.705433797577,6326.585771564924,197914.88216923457,640.8740899379401,0,0,0,20261125,0409ef385d40668d,adaptive_hybrid,2,1.0,0.98,12,10,0.31000090670051683,0.31075083778643237,0.2906148867313916,4.15287117121421,54.614825513914035,398.5361130090866,1306791.8006927785,1296048.8182830678,21600.81363805113,10.689186927004572,3298.5813694872427,10.681234832299001,20.084399274809282,1000.0,0.27400455517067857,30.309630352261316,0.0,0.015290762937768905,0.0,0.0,0.008506944444444444,15,60,50,high_d60_source_adaptive_hybrid,high,60,source,adaptive_hybrid,5
11828,11821,5649,10005,9999,4603,81,11740,1,1,475.70634215506465,331.6325831953584,813903.0720109162,108076.84730501517,937066.8586588348,15086.93934291594,15188,672649.688177322,8,0.0,842.9409222360866,22.9579249673594,0,0,79,0.0,553.0,241,489.632583195359,8193.92555620129,9778.371225312037,310290.7537718585,377.2761297727348,0,0,0,20261126,0409ef385d40668d,adaptive_hybrid,2,1.0,0.98,7,6,0.47787835208527196,0.47818735204599255,0.4606696651674163,9.142783800441178,79.27136948302469,144.07375895970625,1084903.1793284537,1074428.7360705694,17907.145601176155,8.160543053255983,5171.512562864309,6.2879354962122465,40.57415446187567,1000.0,0.39727601148419234,44.288233353787334,0.0,0.00975626067402878,0.0,0.0,0.006400462962962963,15,60,50,high_d60_source_adaptive_hybrid,high,60,source,adaptive_hybrid,6
11430,11426,4619,9643,9640,3720,68,11358,2,2,402.52411728942013,287.10668963676784,698605.5139505946,88759.9222153432,799667.9010703722,12302.46490444363,14422,561411.1496611229,6,0.0,636.6316770220928,19.393099799422945,0,0,68,0.0,476.0,204,423.1066896367683,7065.397299867672,7912.704794475898,263351.54127641214,315.1275058647685,0,0,0,20261127,0409ef385d40668d,adaptive_hybrid,2,1.0,0.98,4,3,0.4042534570278313,0.4044619422572178,0.386083169138235,7.768241048078348,69.98668834853599,115.4174276526523,1185239.084887684,1174488.9922517652,19574.81653752942,7.0517781606128045,4389.192354606869,5.252125097746142,38.78776860037205,1000.0,0.3415338417290644,38.92741295667196,0.0,0.0073684221877557046,0.0,0.0,0.005509259259259259,15,60,50,high_d60_source_adaptive_hybrid,high,60,source,adaptive_hybrid,7
11393,11385,4459,9621,9615,3599,57,11328,0,0,334.52122203224286,228.04777598907552,651889.4017944395,124558.94999196583,787195.9586333365,10747.606846939418,14251,513640.0705204264,4,0.0,435.77711827127155,14.738723800447264,0,0,57,0.0,399.0,171,342.0477759890759,5578.0122244581535,7221.294359785086,241973.05750934582,218.66973240089703,0,0,0,20261128,0409ef385d40668d,adaptive_hybrid,2,1.0,0.98,8,6,0.3916556873078612,0.3920828578951988,0.3747011745140838,10.940619235130946,69.14325504025793,106.47344604316734,1216295.1332021984,1205409.1629672751,20090.15271612125,5.700796266484598,4032.8842918224304,3.6444955400149506,42.22979157769056,1000.0,0.3242804815543342,36.042387939121916,0.0,0.005043716646658236,0.0,0.0,0.004618055555555556,15,60,50,high_d60_source_adaptive_hybrid,high,60,source,adaptive_hybrid,8
11998,11994,5308,10141,10139,4310,62,11932,1,1,351.2166784273044,241.57560886535518,783171.1646296855,154384.85462871575,950302.3528805039,12746.333622113563,15227,638381.5123386828,6,0.0,642.12966065678,16.610116638458198,0,0,62,0.0,434.0,186,365.57560886535555,7754.168856658881,9366.864625020378,297015.555684851,258.1175377154032,0,0,0,20261129,0409ef385d40668d,adaptive_hybrid,2,1.0,0.98,4,2,0.44255461063865265,0.44274045674279044,0.42520461492949413,12.871840472629295,79.23147847928163,109.6410695619492,1113107.2920944605,1101786.8862227951,18363.114770379918,6.092926814422593,4950.259261414184,4.301958961923387,50.359487231292356,1000.0,0.381607059947522,41.9243128875473,0.0,0.00743205625760162,0.0,0.0,0.005023148148148148,15,60,50,high_d60_source_adaptive_hybrid,high,60,source,adaptive_hybrid,9
10742,10732,4159,9026,9017,3312,65,10667,2,2,397.4905315951326,275.9010438714828,616011.304750282,90820.81099998663,717063.7747527098,10231.659002451242,13550,486277.0276678198,6,0.0,635.759699493914,18.6545743829585,0,0,65,0.0,455.0,195,405.90104387148335,5465.049475712609,6277.229067195951,227358.57619050652,309.4620114130403,0,0,0,20261130,0409ef385d40668d,adaptive_hybrid,2,1.0,0.98,10,9,0.3875326127469251,0.38810277415751254,0.36793707068468867,8.462617499066962,66.81548404330132,121.58948772364982,1250638.2179719172,1240232.6740918374,20670.54456819729,6.765017397858056,3789.309603175109,5.157700190217338,32.19091829331257,1000.0,0.3052009900156015,35.88760351792028,0.0,0.007358329855253635,0.0,0.0,0.0052662037037037035,15,60,50,high_d60_source_adaptive_hybrid,high,60,source,adaptive_hybrid,10
9340,9333,3239,7811,7804,2580,47,9286,2,2,253.38943399584213,237.87415484562288,511715.045142025,50350.61033423001,570321.8193111471,8256.163834902443,11772,397160.3673810398,3,0.0,321.65598228100856,11.421353290322466,0,0,47,0.0,329.0,141,331.87415484562314,5325.703851325327,5794.3548997966645,189059.29619789033,171.56808064811548,0,0,0,20261131,0409ef385d40668d,adaptive_hybrid,2,1.0,0.98,7,7,0.34704810886103077,0.3475374732334047,0.3311995903213417,5.394900925129113,61.108091643753035,15.515279150219243,1347338.6057025346,1339204.3508012786,22320.072513354644,5.531235914093719,3150.9882699648388,2.859468010801925,41.09471560139478,1000.0,0.25147855238748085,33.7377138448046,0.0,0.003722870165289451,0.0,0.0,0.0038078703703703703,15,60,50,high_d60_source_adaptive_hybrid,high,60,source,adaptive_hybrid,11
10130,10123,3188,8463,8456,2495,38,10085,3,3,233.95873507491604,186.722977567425,531336.5504578436,88641.69114773993,627543.2712389773,7565.029633400649,12674,407647.8074631501,4,0.0,421.16935486574965,10.667638872505492,0,0,38,0.0,266.0,114,262.7229775674252,5169.494664994488,5576.762827090533,194610.46622189786,153.051527682804,0,0,0,20261132,0409ef385d40668d,adaptive_hybrid,2,1.0,0.98,7,7,0.3149264052158451,0.31539980256663375,0.2956398440269408,8.756464600191636,61.99182764387803,47.23575750749103,1329441.5809958768,1320632.2370183424,22010.537283639038,4.378716292790419,3243.5077703649645,2.5508587947134,48.91897216746082,1000.0,0.26142134389117955,32.164100320589405,0.0,0.004874645310946176,0.0,0.0,0.0030787037037037037,15,60,50,high_d60_source_adaptive_hybrid,high,60,source,adaptive_hybrid,12
9975,9969,3500,8353,8347,2815,45,9924,1,1,242.30702603510244,205.70317357615792,565450.3977799182,67711.88601809516,642042.3551765508,8880.071378544339,12579,443458.3175697154,4,0.0,410.8306791819397,11.142818409045791,0,0,45,0.0,315.0,135,295.70317357615806,5956.27111016384,6631.674412162773,212154.1365552337,168.72162723966846,0,0,0,20261133,0409ef385d40668d,adaptive_hybrid,2,1.0,0.98,6,6,0.3510883739592737,0.3514786967418546,0.33772297378187477,6.792244559945346,64.40388756911935,36.603852458944516,1306053.0972890619,1297716.4164104662,21628.606940174435,4.928386226269301,3535.902275920562,2.812027120661141,49.12351416416868,1000.0,0.2744149459505212,35.25386100403175,0.0,0.004754984712753932,0.0,0.0,0.0036458333333333334,15,60,50,high_d60_source_adaptive_hybrid,high,60,source,adaptive_hybrid,13
11917,11910,4671,10055,10048,3789,51,11859,0,0,287.16198117892304,202.19781478095243,720016.4016861182,69230.6540638333,799364.2479534909,10117.192203551298,14900,577406.3356053365,5,0.0,537.1200495103485,13.794622152046148,0,0,51,0.0,357.0,153,304.1978147809527,6535.407302330306,7172.544270837221,269220.7124773219,221.78558553504314,0,0,0,20261134,0409ef385d40668d,adaptive_hybrid,2,1.0,0.98,7,7,0.392191435768262,0.39254846018293194,0.3775236200895077,5.812817301749227,67.11706531935272,84.96416639797062,1170318.2653126162,1158676.924730774,19311.282078846234,5.069963579682545,4487.011874622031,3.696426425584052,46.879374319197524,1000.0,0.34982318593743544,38.75210306076084,0.0,0.0062166672397031076,0.0,0.0,0.004131944444444444,15,60,50,high_d60_source_adaptive_hybrid,high,60,source,adaptive_hybrid,14
10733,10726,3256,8993,8986,2567,42,10684,0,0,237.0035758880055,169.18943146379675,535419.9788760648,60622.062405074095,603332.941219318,7290.8999381865415,13087,405218.6508288119,3,0.0,314.2689089909623,10.658851348932828,0,0,42,0.0,294.0,126,253.1894314637971,4492.225073186968,5200.142401259192,192166.18582374373,155.20101820769926,0,0,0,20261135,0409ef385d40668d,adaptive_hybrid,2,1.0,0.98,7,7,0.30356143949282116,0.3040156526600205,0.28622261759146,5.651879769259192,56.24957497849319,67.81414442420876,1327694.866819723,1318416.4080395577,21973.606800659294,4.219823857729952,3202.769763729062,2.5866836367949877,41.27097143856502,1000.0,0.26239174065570947,30.96344852363505,0.0,0.0036373716318398417,0.0,0.0,0.0034027777777777776,15,60,50,high_d60_source_adaptive_hybrid,high,60,source,adaptive_hybrid,15
10624,10618,4206,9011,9010,3424,47,10571,3,3,257.75958817358014,196.01086732996902,649273.7317327679,108998.17191039059,769284.8819504943,11012.978307343174,13522,519468.8962775509,4,0.0,427.4949372327504,11.929469061347701,0,0,46,0.0,322.0,140,288.0108673299693,6204.908730204631,7533.7525811939995,244896.78348956682,185.528594939393,0,0,0,20261136,0409ef385d40668d,adaptive_hybrid,2,1.0,0.98,6,1,0.3961197965718591,0.39646084337349397,0.3800909998890245,10.265414570577377,72.45101544080752,61.748720843611125,1235738.9156635795,1226449.1820453424,20440.819700755706,4.800181122166155,4081.613058159447,3.0921432489898835,53.812518437099996,1000.0,0.31347838018690033,38.41657271687257,0.0,0.0049478580698235,0.0,0.0,0.003726851851851852,15,60,50,high_d60_source_adaptive_hybrid,high,60,source,adaptive_hybrid,16
11146,11142,4715,9396,9392,3822,57,11085,0,0,306.8296660001111,224.68448735989867,727445.9914084695,117878.40436582745,857413.3711490992,12088.975374812093,14098,591644.1752915153,5,0.0,525.778675827443,14.877970467526078,0,0,57,0.0,399.0,171,338.684487359899,7013.3992825438245,8523.662023650046,277002.01946189493,231.69743712038135,0,0,0,20261137,0409ef385d40668d,adaptive_hybrid,2,1.0,0.98,4,4,0.423173577454676,0.4233805849632155,0.4071945508727118,10.579644979880403,76.95327330363482,82.14517864021244,1173607.116656208,1164024.752229663,19400.41253716105,5.644741455998316,4616.700324364915,3.8616239520063558,49.845976746491495,1000.0,0.3479960463021067,41.96653250755535,0.0,0.006085401340595404,0.0,0.0,0.004618055555555556,15,60,50,high_d60_source_adaptive_hybrid,high,60,source,adaptive_hybrid,17
11582,11572,4165,9757,9749,3310,51,11521,0,0,311.2646933053327,198.14380120068952,636768.1444308569,48289.13706457063,693432.8262308396,8375.54473542301,14394,496715.89248992,4,0.0,417.3005896512701,14.021055035165778,0,0,51,0.0,357.0,153,300.1438012006899,5093.775260489329,5633.941454924299,230907.9676635096,206.14530105205822,0,0,0,20261138,0409ef385d40668d,adaptive_hybrid,2,1.0,0.98,10,8,0.3599204977531974,0.36047314798825764,0.3400635441221687,4.17292923129715,59.9233344478776,113.12089210464316,1234226.784362836,1222961.7695510408,20382.696159184015,5.002396686678165,3848.46612772516,3.4357550175343037,36.8231467642111,1000.0,0.31431845313175777,34.508537758088096,0.0,0.004829867935778589,0.0,0.0,0.004131944444444444,15,60,50,high_d60_source_adaptive_hybrid,high,60,source,adaptive_hybrid,18
10459,10450,3797,8766,8758,3023,51,10399,2,2,297.19464901101003,220.71137032121774,577936.7520021856,78933.48656212809,666025.8874670941,9155.64890278844,13159,451670.44390723965,5,0.0,539.600738060825,14.19540358769265,0,0,51,0.0,357.0,153,322.7113703212181,5449.618325674849,6333.308540449181,213254.7048590053,223.63636887391954,0,0,0,20261139,0409ef385d40668d,adaptive_hybrid,2,1.0,0.98,9,8,0.3633492822966507,0.36389712209580266,0.34576773899155827,7.553443690155798,63.73453468584633,76.48327868979229,1286404.6213877746,1276487.377209895,21274.789620164916,5.378522838686968,3554.2450809834213,3.7272728145653256,41.394173466988114,1000.0,0.28533076589568074,34.32407051502695,0.0,0.0062453789127410305,0.0,0.0,0.004131944444444444,15,60,50,high_d60_source_adaptive_hybrid,high,60,source,adaptive_hybrid,19
11676,11661,3833,9844,9830,3018,197,11464,6,6,1747.1871113086083,857.9782648100708,599461.6063826683,41978.34979966113,654572.8213299264,13132.865147610937,14492,463518.6333755138,27,0.0,2960.5917542918864,86.93074264861635,0,0,197,0.0,1379.0,591,1251.9782648100652,6311.594151866024,6698.560543217038,215828.30590794297,1489.06893148584,0,0,0,20261140,0409ef385d40668d,adaptive_hybrid,2,1.0,0.98,15,14,0.32870251264900097,0.32956491949297706,0.30800487606663957,3.599892787896504,56.13350667437839,889.2088464985376,1254896.4368914515,1243115.6663084405,20718.594438474007,20.866304413501087,3597.1384317990496,24.817815524764,11.334281799013601,1000.0,0.3028353128380825,31.984448894252953,0.0,0.034266108267267205,0.0,0.0,0.015960648148148147,15,60,50,high_d60_source_adaptive_hybrid,high,60,source,adaptive_hybrid,20
10787,10777,4098,9060,9051,3307,55,10722,0,0,322.92150153985006,215.5897394107793,635416.8890354806,114295.75173785436,760166.0903305952,10453.449557272359,13556,505111.43301464006,4,0.0,411.5370085879954,14.430541200025022,0,0,55,0.0,385.0,165,325.5897394107797,6314.37441927102,7565.316237593874,240794.47607654333,193.30027877940677,0,0,0,20261141,0409ef385d40668d,adaptive_hybrid,2,1.0,0.98,10,9,0.38025424515171197,0.38082877537776955,0.36600441501103753,10.60552581774653,70.53596458481907,107.33176212907077,1245358.807360837,1236220.5821403891,20603.676369006487,5.4264956568463285,4013.2412679423887,3.2216713129901127,45.85040143996287,1000.0,0.30813399591064616,37.26109715363234,0.0,0.004763159821620317,0.0,0.0,0.004456018518518519,15,60,50,high_d60_source_adaptive_hybrid,high,60,source,adaptive_hybrid,21
11445,11438,5232,9600,9596,4231,66,11372,1,1,374.29498525987293,266.01022146927005,809470.1004870809,114048.05265894413,938245.3092885396,14727.156142524258,14799,670763.9052127477,6,0.0,629.0552674923769,17.074346321731298,0,0,66,0.0,462.0,198,398.0102214692706,9058.463800759426,10590.272744487587,312925.3466322426,258.40148246818296,0,0,0,20261142,0409ef385d40668d,adaptive_hybrid,2,1.0,0.98,7,4,0.4574226263332751,0.4577544779379642,0.44114583333333335,9.97097855035357,82.02879081032869,108.28476379060288,1105462.1308756925,1095714.2093852493,18261.903489754153,6.633503691154511,5215.422443870711,4.306691374469716,53.48622598226054,1000.0,0.38585437173572645,45.32494798383321,0.0,0.007280732262643251,0.0,0.0,0.005347222222222222,15,60,50,high_d60_source_adaptive_hybrid,high,60,source,adaptive_hybrid,22
10468,10462,3330,8859,8855,2664,27,10435,0,0,168.171085088454,103.96695502064429,519735.2195187282,70425.48961950498,596581.4095835403,6420.7004453186855,12989,390885.4209890075,2,0.0,211.2920572028434,7.359862251086906,0,0,27,0.0,189.0,81,157.9669550206443,3239.1946399609196,3977.533639937261,185276.74723982177,102.9690474079915,0,0,0,20261143,0409ef385d40668d,adaptive_hybrid,2,1.0,0.98,6,4,0.31829478111259796,0.3186855177684371,0.30116265944237497,6.7315512922486125,57.023648402173606,64.2041300678097,1335729.5602389993,1325821.5222161985,22097.025370269974,2.632782583677405,3087.9457873303627,1.7161507901331916,49.10535357947236,1000.0,0.2579280220894449,30.09357309946936,0.0,0.0024455099213292063,0.0,0.0,0.0021875,15,60,50,high_d60_source_adaptive_hybrid,high,60,source,adaptive_hybrid,23
11959,11952,5503,10031,10026,4471,64,11888,4,4,380.90538916220595,258.7144645800296,798318.116456835,99038.27260639326,911077.1201543084,13720.731091090356,15149,655985.2137734387,6,0.0,621.5682200379968,17.94957862293498,0,0,64,0.0,448.0,192,386.7144645800302,7925.4527866460385,9208.29009951937,304122.7101153725,284.14475350624895,0,0,0,20261144,0409ef385d40668d,adaptive_hybrid,2,1.0,0.98,7,5,0.46042503346720215,0.46074086462078767,0.4462167281427575,8.286334722757134,76.22800536766302,122.19092458217636,1095638.2718521827,1084537.016584306,18075.616943071767,6.445241076333837,5068.711835256208,4.735745891770816,47.95984426833005,1000.0,0.39131207119323186,43.30221227628482,0.0,0.007194076620810148,0.0,0.0,0.005185185185185185,15,60,50,high_d60_source_adaptive_hybrid,high,60,source,adaptive_hybrid,24
10658,10654,4829,8952,8948,3892,59,10595,1,1,328.47659169476515,243.40728173851562,707880.6473659098,166586.16421411143,885772.5824205981,11305.770840589073,13788,576673.8086745074,6,0.0,620.8867955956243,16.627661445994462,0,0,58,0.0,406.0,176,359.40728173851596,7108.653158006074,8669.031229724702,271824.9123099507,278.6698848526894,0,0,0,20261145,0409ef385d40668d,adaptive_hybrid,2,1.0,0.98,4,4,0.4532569926788061,0.45346218802777255,0.4352100089365505,15.636020669618118,83.1399082429696,85.06930995624953,1181500.5238051394,1172118.8419481912,19535.314032469854,5.990121362308599,4530.415205165845,4.644498080878156,49.25585925979944,1000.0,0.34361082010825594,41.82432612956973,0.0,0.007186189763838244,0.0,0.0,0.004699074074074074,15,60,50,high_d60_source_adaptive_hybrid,high,60,source,adaptive_hybrid,25
11411,11399,4959,9622,9610,4004,94,11305,3,3,631.3462325038726,403.01079161483597,745640.0528151544,168738.7365724325,928086.6500568265,13707.860669248694,14576,607964.4770851971,10,0.0,1072.660830605344,30.423159354852245,0,0,93,0.0,651.0,281,589.0107916148359,8139.5908759591985,9858.679578242025,285822.2599670326,501.1033342144518,0,0,0,20261146,0409ef385d40668d,adaptive_hybrid,2,1.0,0.98,12,12,0.4350381612422142,0.4356322846376304,0.4173768447308252,14.802942062675015,81.41825160600285,228.3354408890366,1148981.2193773729,1138676.0230255802,18977.933717093005,9.816846526913931,4763.704332783876,8.35172223690753,35.08426896171539,1000.0,0.36167710034590395,41.70996686918202,0.0,0.012415055909784074,0.0,0.0,0.007534722222222222,15,60,50,high_d60_source_adaptive_hybrid,high,60,source,adaptive_hybrid,26
11731,11720,4783,9831,9821,3799,59,11661,1,1,325.19607952254455,249.92793357542203,717900.4073424962,83608.01111033765,812983.9556720244,11475.537219204525,14710,577141.0258258916,5,0.0,523.0907133587237,16.306579218287585,0,0,59,0.0,413.0,177,367.92793357542246,6276.451879655029,7200.499811944479,267932.1916035669,268.13785481213137,0,0,0,20261147,0409ef385d40668d,adaptive_hybrid,2,1.0,0.98,11,10,0.4081058020477816,0.40866081322990366,0.38744786898586103,7.133789343885465,69.36723171263007,75.26814594712252,1171286.1916459692,1160107.5052496446,19335.125087494078,6.132132226257041,4465.536526726116,4.468964246868856,40.68078989799141,1000.0,0.3492854490855727,39.23460406702186,0.0,0.0060542906638741175,0.0,0.0,0.004780092592592593,15,60,50,high_d60_source_adaptive_hybrid,high,60,source,adaptive_hybrid,27
11047,11038,4724,9294,9286,3784,76,10962,2,2,436.45202460963293,309.05403851345915,712534.18358426,80023.3333219158,805135.4677516418,12577.95084547407,13987,580726.1511786701,6,0.0,621.4549644754455,20.99425655983295,0,0,76,0.0,532.0,228,461.0540385134597,7090.665963084615,7828.450805087905,270540.62719856907,343.14320076964424,0,0,0,20261148,0409ef385d40668d,adaptive_hybrid,2,1.0,0.98,9,8,0.4279760826236637,0.42844211098035667,0.408005164622337,7.249803707366896,72.9421514542165,127.39798609617378,1178508.8066158474,1168648.6241252376,19477.47706875396,7.684233975224329,4509.010453309485,5.719053346160737,34.33531054863116,1000.0,0.34527288521341815,41.51899272028813,0.0,0.007192765792539879,0.0,0.0,0.0061574074074074074,15,60,50,high_d60_source_adaptive_hybrid,high,60,source,adaptive_hybrid,28
10180,10173,3989,8580,8574,3236,47,10126,4,4,304.17743969682147,193.42897921971564,604799.3989565044,133681.80630851793,748123.1834855347,9641.978220523704,13037,479455.5967295338,4,0.0,419.7316412232512,14.120769120694407,0,0,47,0.0,329.0,141,287.4289792197159,5664.481164407762,6986.283830690232,229156.12315623736,217.83752453792562,0,0,0,20261149,0409ef385d40668d,adaptive_hybrid,2,1.0,0.98,7,6,0.3921163865133196,0.3925343811394892,0.37785547785547785,13.14084402914754,73.54007505018527,110.74846047710582,1265916.980438269,1256948.0084253878,20949.133473756465,4.790482986995266,3819.2687192706226,3.630625408965427,49.54811227439881,1000.0,0.2967127886454062,36.77652809154973,0.0,0.004858005106750592,0.0,0.0,0.0038078703703703703,15,60,50,high_d60_source_adaptive_hybrid,high,60,source,adaptive_hybrid,29
10920,10909,4293,9159,9149,3448,51,10858,2,2,662.1396179774756,244.56799032317224,659462.505439124,87606.97643882022,757040.8661050998,9971.384227165378,13713,526221.298975057,7,0.0,733.7131182925107,22.19295737242064,0,0,44,0.0,308.0,146,332.5679903231726,5257.217867427888,6504.280395733918,247431.25733778434,105.18786495733373,0,0,0,20261120,63aac9a14126b3e4,travel_aware_hybrid,2,1.0,0.98,11,10,0.3935282794023284,0.3941391941391941,0.37755213451250136,8.030706429445432,69.39599102622603,417.57162765430337,1224486.0940462018,1214696.6603415352,20244.944339025587,5.542799838719543,4123.854288963073,1.7531310826222288,44.54986572420492,1000.0,0.31972994775211017,38.373900603446145,0.0,0.008492049980237393,0.0,0.0,0.003564814814814815,15,60,50,high_d60_source_travel_aware_hybrid,high,60,source,travel_aware_hybrid,0
10819,10814,3887,9148,9144,3118,43,10771,1,1,445.2356807959231,184.79001882762793,604835.9896034242,107083.86102900951,720354.0205884279,8434.169956000756,13514,471800.0707492754,5,0.0,523.1847481904697,15.86521172090655,0,0,39,0.0,273.0,125,262.7900188276282,4573.65199303378,5753.72315125893,221952.01777910962,113.71823840383875,0,0,0,20261121,63aac9a14126b3e4,travel_aware_hybrid,2,1.0,0.98,5,4,0.35944146476789346,0.3597374988446252,0.34127678181023174,9.902335956076337,66.61309604109746,260.44566196829516,1268127.4074156992,1258384.9823746425,20973.083039577374,4.379833647127137,3699.2002963184937,1.8953039733973125,46.02978521007144,1000.0,0.2954847736579449,34.91194840530379,0.0,0.006055379029982288,0.0,0.0,0.003159722222222222,15,60,50,high_d60_source_travel_aware_hybrid,high,60,source,travel_aware_hybrid,1
12518,12509,4548,10552,10544,3637,47,12462,2,2,481.7095720264988,207.05447870621515,724479.8138699611,83888.30338413254,816754.3160530324,8386.198798953661,15537,571953.0006081824,5,0.0,531.861488314302,15.575701505788192,0,0,44,0.0,308.0,138,295.0544787062153,5660.229796739697,6436.886225617163,268617.0170202483,76.79362481583675,0,0,0,20261122,63aac9a14126b3e4,travel_aware_hybrid,2,1.0,0.98,9,8,0.36357822367895115,0.364035788464611,0.3454321455648218,6.7062357809683055,65.29333408370233,274.65509332028364,1157281.8374580701,1145341.4735858548,19089.024559764246,4.917574645103588,4476.950283670804,1.2798937469306124,46.64410308418234,1000.0,0.3570656458566277,36.812319019642295,0.0,0.006155804262897015,0.0,0.0,0.003564814814814815,15,60,50,high_d60_source_travel_aware_hybrid,high,60,source,travel_aware_hybrid,2
10389,10385,3688,8735,8732,2939,37,10348,1,1,362.35951296198215,153.44595733540456,560461.599041259,53704.01711800837,620836.303988524,6670.687829265062,12978,432676.5809862654,4,0.0,432.7335108051776,11.863098994690297,0,0,29,0.0,203.0,103,211.4459573354046,4064.0671133473516,4744.807529446507,203836.77661288469,82.79956059700966,0,0,0,20261123,63aac9a14126b3e4,travel_aware_hybrid,2,1.0,0.98,4,3,0.355127587867116,0.35537587833285206,0.3368059530623927,5.171306414829886,59.78202253139374,208.9135556265776,1301874.037957869,1291980.3461473412,21533.005769122352,3.5240992889234097,3397.279610214745,1.3799926766168276,46.066092518898124,1000.0,0.2767366455789617,33.33923416445256,0.0,0.0050084897083932595,0.0,0.0,0.002349537037037037,15,60,50,high_d60_source_travel_aware_hybrid,high,60,source,travel_aware_hybrid,3
10405,10399,3860,8736,8730,3081,41,10358,0,0,425.2493152117092,161.0838530493041,590844.6051355673,82051.94396700754,681124.0286339247,8227.47953136314,13091,463814.540108676,5,0.0,535.9624243427619,15.010431292620119,0,0,39,0.0,273.0,121,239.0838530493043,4839.010935750971,5574.985837980907,218974.0701047064,111.48633054848226,0,0,0,20261124,63aac9a14126b3e4,travel_aware_hybrid,2,1.0,0.98,6,6,0.3711895374555246,0.3715521383950024,0.35336538461538464,7.890368686124391,65.49899304105439,264.1654621624051,1276572.055317826,1266657.6500540907,21110.960834234844,3.9847308841550717,3649.5678350784397,1.858105509141371,46.074263123809146,1000.0,0.2907933026012077,35.43003132752853,0.0,0.006203268800263448,0.0,0.0,0.003159722222222222,15,60,50,high_d60_source_travel_aware_hybrid,high,60,source,travel_aware_hybrid,4
11041,11030,3530,9270,9262,2776,32,10998,0,0,400.1846817783035,123.90873415478416,557647.3955430663,44576.94207542145,608464.6723564478,6240.334737969197,13644,423035.51049812924,4,0.0,422.66629009705457,12.984491761299886,0,0,30,0.0,210.0,94,183.90873415478427,3419.305076628667,3991.106086057929,200032.3847765888,69.75199259528567,0,0,0,20261125,63aac9a14126b3e4,travel_aware_hybrid,2,1.0,0.98,11,8,0.3200362647325476,0.32071370346888867,0.30032362459546924,4.041427205387258,55.16452151917024,276.27594762351936,1300292.212291742,1289748.3625707575,21495.806042845958,3.0651455692464045,3333.873079609813,1.1625332099214278,42.45857538359499,1000.0,0.27761543761569896,31.005241168141985,0.0,0.004891970950197391,0.0,0.0,0.0024305555555555556,15,60,50,high_d60_source_travel_aware_hybrid,high,60,source,travel_aware_hybrid,5
11828,11820,5648,10005,9999,4597,58,11762,0,0,603.8123644310083,235.30875061981376,814267.5798509399,103582.88813489946,929950.4963985594,12100.02841272888,15156,669699.0762560003,7,0.0,735.3122967342614,21.872943789662582,0,0,50,0.0,350.0,166,335.30875061981413,6543.2003531073615,7828.987473886542,308098.8666447274,183.05468255487708,0,0,0,20261126,63aac9a14126b3e4,travel_aware_hybrid,2,1.0,0.98,8,6,0.477834179357022,0.47818735204599255,0.46006996501749126,8.76335771022838,78.67601492373599,368.50361381119455,1087753.1901787973,1077364.090239527,17956.068170658782,5.588479176996902,5134.981110745457,3.050911375914618,47.162575143894834,1000.0,0.3956926721228904,44.1870596632357,0.0,0.008510558989979877,0.0,0.0,0.004050925925925926,15,60,50,high_d60_source_travel_aware_hybrid,high,60,source,travel_aware_hybrid,6
11430,11424,4570,9643,9639,3674,49,11375,0,0,608.8822401942041,196.71610147746873,697182.9417217213,86633.62200569455,794138.5026685562,10321.938941153345,14403,557077.2260841859,6,0.0,658.0571962467587,20.49798352743254,0,0,43,0.0,301.0,141,282.716101477469,5382.74745684945,6418.879744952128,261505.7121170147,114.1029400078755,0,0,0,20261127,63aac9a14126b3e4,travel_aware_hybrid,2,1.0,0.98,6,4,0.40003501400560226,0.40034995625546804,0.38141657160634657,7.583475315624523,69.51492495348006,412.16613871673536,1187079.2064501343,1176425.377142997,19607.08961904995,4.711935024624483,4358.428535283578,1.9017156667979251,45.52396982235552,1000.0,0.34051155197214766,38.677860590445455,0.0,0.007616402734337485,0.0,0.0,0.0034837962962962965,15,60,50,high_d60_source_travel_aware_hybrid,high,60,source,travel_aware_hybrid,7
11393,11387,4463,9621,9617,3603,47,11340,0,0,464.6383300641578,187.9595521122276,645983.7821509643,118530.28085634383,774052.5875864641,9538.524579166746,14239,507598.24115324393,4,0.0,433.0290658506413,17.39701243830359,0,0,42,0.0,294.0,136,271.9595521122279,4803.218514939253,5868.224413963302,237953.2975097989,156.9198414258527,0,0,0,20261128,63aac9a14126b3e4,travel_aware_hybrid,2,1.0,0.98,6,4,0.39193817511196977,0.39225840428333186,0.374909053112982,10.409263270074982,67.97686726850479,276.6787779519302,1221707.647627995,1210613.575725566,20176.892928759433,4.532659201870465,3965.8882918299814,2.6153306904308784,43.148708926200754,1000.0,0.3212735290955584,35.64844730340922,0.0,0.005011910484382423,0.0,0.0,0.0034027777777777776,15,60,50,high_d60_source_travel_aware_hybrid,high,60,source,travel_aware_hybrid,8
11998,11991,5239,10141,10137,4239,69,11922,1,1,707.2885500354819,269.33956871398124,780752.8283110559,144860.53110523525,939964.950052853,14351.59063656922,15206,636984.5236907855,9,0.0,971.31532588173,25.74346421516331,0,0,62,0.0,434.0,200,393.33956871398163,7895.006747970009,9841.572676880625,296448.5917960598,199.33690571205204,0,0,0,20261129,63aac9a14126b3e4,travel_aware_hybrid,2,1.0,0.98,7,4,0.4369110165957802,0.43723953992332054,0.41840055221378564,12.08077150406432,78.3892044077102,437.94898132150064,1117850.5235137758,1106432.6677778596,18440.544462964328,6.55565947856636,4940.809863267664,3.322281761867534,49.207863384403126,1000.0,0.37897193138123564,41.89034089772363,0.0,0.011242075531038542,0.0,0.0,0.005023148148148148,15,60,50,high_d60_source_travel_aware_hybrid,high,60,source,travel_aware_hybrid,9
10742,10731,4141,9026,9015,3286,37,10694,0,0,445.2734871390733,142.41174621693372,610031.9973586889,87378.20742086362,704662.5434879703,7252.338708424844,13491,476875.0697128652,5,0.0,533.1741656258843,15.140725337137217,0,0,30,0.0,210.0,104,202.41174621693384,3793.5305418014386,4643.329909552545,223069.9411508452,98.13810833166298,0,0,0,20261130,63aac9a14126b3e4,travel_aware_hybrid,2,1.0,0.98,11,11,0.3858913428385053,0.3865202010798734,0.36527808553068913,8.142596908103963,65.66606499748116,302.8617409221396,1256523.0915747955,1246205.4594796812,20770.09099132802,3.373529103615564,3717.832352514087,1.6356351388610497,44.64740297646678,1000.0,0.3019316157917803,35.34764433421282,0.0,0.006170997287336623,0.0,0.0,0.0024305555555555556,15,60,50,high_d60_source_travel_aware_hybrid,high,60,source,travel_aware_hybrid,10
9340,9334,3216,7811,7806,2570,37,9297,0,0,415.08071656705937,142.85661362638072,511545.68070312025,49477.499568287574,567653.0776871918,6629.8974157915545,11752,394783.5374599197,4,0.0,421.2314089651463,14.565097811574661,0,0,33,0.0,231.0,107,208.85661362638083,4021.8559358154735,4743.506875150642,188557.19569672848,78.83342546265044,0,0,0,20261131,63aac9a14126b3e4,travel_aware_hybrid,2,1.0,0.98,6,5,0.34454681808442256,0.3449678800856531,0.3296632953527077,5.300782040742187,60.81562863586799,272.2241029406787,1348900.7700253993,1340867.5100927216,22347.79183487869,3.480943560439681,3142.619928278808,1.3138904243775074,44.3318399546789,1000.0,0.25061068331922265,33.592880995568386,0.0,0.004875363529689193,0.0,0.0,0.002673611111111111,15,60,50,high_d60_source_travel_aware_hybrid,high,60,source,travel_aware_hybrid,11
10130,10123,3203,8463,8457,2508,36,10087,1,1,387.98335249631157,157.11843182560324,534445.6284045504,90653.96302171802,633057.8183287195,7958.226902460176,12671,409753.3466269493,4,0.0,417.07420537834815,13.95395219105647,0,0,29,0.0,203.0,101,215.1184318256033,3942.2458691999586,5183.948906531348,196082.5687915004,109.05264616521892,0,0,0,20261132,63aac9a14126b3e4,travel_aware_hybrid,2,1.0,0.98,7,6,0.31640817939346044,0.3168805528134255,0.2970577809287487,8.95524676693846,62.53658187579961,230.86492067070833,1328637.6677444251,1320064.1253628659,22001.068756047764,3.585307197093388,3268.0428131916733,1.8175441027536485,51.326226797340084,1000.0,0.2618679623642083,32.33788545710278,0.0,0.004827247747434585,0.0,0.0,0.002349537037037037,15,60,50,high_d60_source_travel_aware_hybrid,high,60,source,travel_aware_hybrid,12
9975,9970,3516,8353,8349,2831,48,9922,1,1,510.00957026806196,211.30436744781338,562047.2674529459,68391.2110400898,639194.5130505381,8756.034557510768,12569,439681.02472664294,5,0.0,539.3080946107445,17.945033197767383,0,0,44,0.0,308.0,140,299.3043674478136,5444.471746737541,6140.9164800689905,210124.10440809157,124.36788993657382,0,0,0,20261133,63aac9a14126b3e4,travel_aware_hybrid,2,1.0,0.98,5,4,0.3526579739217653,0.3529824561403509,0.33939901831677244,6.859700204622848,64.11178666504897,298.7052028202486,1306231.663737287,1297841.6527368927,21630.694212281545,4.988406124130226,3502.068406801526,2.0727981656095635,43.86368914334993,1000.0,0.2743157423681739,34.98138473439756,0.0,0.0062419918357725064,0.0,0.0,0.003564814814814815,15,60,50,high_d60_source_travel_aware_hybrid,high,60,source,travel_aware_hybrid,13
11917,11912,4597,10055,10051,3719,47,11865,0,0,573.0796075602506,180.22543012683045,714857.6136961915,72922.8741285413,797473.9315020384,9693.443677319457,14881,571465.3261707197,6,0.0,666.2307282392337,19.682706453705233,0,0,44,0.0,308.0,138,268.22543012683064,5589.861742719861,6168.77169961791,265641.2548000198,101.09724617067579,0,0,0,20261134,63aac9a14126b3e4,travel_aware_hybrid,2,1.0,0.98,5,4,0.38591336467427806,0.38617101619535116,0.3702635504724018,6.12179937277882,66.94710640547669,392.8541774334201,1176893.7941123,1165616.1295042904,19426.935491738175,4.4704238354471775,4427.354246666996,1.6849541028445965,44.70124420012978,1000.0,0.3461701143820556,38.40234703116187,0.0,0.007711003799065205,0.0,0.0,0.003564814814814815,15,60,50,high_d60_source_travel_aware_hybrid,high,60,source,travel_aware_hybrid,14
10733,10726,3279,8993,8986,2577,35,10691,0,0,413.0304366057652,133.8973141918907,538306.8095858906,68899.56206952017,613298.0534631605,6091.68180775717,13097,406749.92224568647,4,0.0,430.35300415679717,13.75167370600522,0,0,32,0.0,224.0,102,197.89731419189076,3867.150738907255,4373.72525086267,194393.94833348712,74.9055120321752,0,0,0,20261135,63aac9a14126b3e4,travel_aware_hybrid,2,1.0,0.98,7,7,0.30570576170054076,0.3061585763533029,0.28733459357277885,6.423602654253232,57.17863634748839,279.1331224138745,1325589.6476274014,1316412.7958912835,21940.213264854727,3.298288569864846,3239.899138891452,1.2484252005362533,42.87965932218304,1000.0,0.26356130687366586,31.056724612177327,0.0,0.004980937548111079,0.0,0.0,0.0025925925925925925,15,60,50,high_d60_source_travel_aware_hybrid,high,60,source,travel_aware_hybrid,15
10624,10616,4246,9011,9008,3452,50,10566,0,0,584.4381840954958,189.83978177273346,652551.3766707934,114567.27965889868,777913.5200293148,10794.863699628726,13558,522713.95224726846,6,0.0,613.7550905977973,19.016223986250136,0,0,44,0.0,308.0,144,277.8397817727338,6348.471791111223,7590.848040953564,248526.18180863364,106.00111715221246,0,0,0,20261136,63aac9a14126b3e4,travel_aware_hybrid,2,1.0,0.98,8,3,0.3999623210248681,0.40041415662650603,0.3834202641216291,10.791944202985935,73.27746043983748,394.59840232276235,1231120.432088884,1222029.6465461333,20367.160775768887,4.630663029545563,4142.103030143894,1.7666852858702076,52.71422250662197,1000.0,0.3160442043950644,38.55391298475206,0.0,0.007103646881918951,0.0,0.0,0.003564814814814815,15,60,50,high_d60_source_travel_aware_hybrid,high,60,source,travel_aware_hybrid,16
11146,11144,4722,9396,9394,3833,52,11092,2,2,599.0942063182068,214.81373735430972,729158.5687569095,120029.3182235611,860682.8153154042,11494.92833494518,14126,591860.0861741719,7,0.0,758.5906969147873,21.970609610448193,0,0,42,0.0,294.0,146,298.81373735430986,5632.668220839739,7645.2968754710255,278615.8331135636,136.75392493909692,0,0,0,20261137,63aac9a14126b3e4,travel_aware_hybrid,2,1.0,0.98,2,2,0.42372577171572146,0.4238291763861475,0.40815240527884206,10.770757198812015,77.23284415967375,384.2804689638971,1173618.2194093743,1163920.8046504692,19398.68007750782,4.980228955905164,4643.597218559394,2.279232082318282,52.3650470922673,1000.0,0.3479898781059032,41.89863274629562,0.0,0.008779984917995223,0.0,0.0,0.0034027777777777776,15,60,50,high_d60_source_travel_aware_hybrid,high,60,source,travel_aware_hybrid,17
11582,11571,4094,9757,9750,3246,45,11526,1,1,468.70285389038366,180.69670892400802,624912.0036924289,42731.02782039309,675081.3406244143,7438.30911160442,14327,484135.94026879274,4,0.0,421.4565539819178,14.79502272752241,0,0,42,0.0,294.0,132,264.6967089240082,4336.839981577035,4730.471330557291,225052.3774191862,67.1774850449704,0,0,0,20261138,63aac9a14126b3e4,travel_aware_hybrid,2,1.0,0.98,11,7,0.3538155734162994,0.3544292868243827,0.33340166034641794,3.6929416489839326,58.34252360421868,288.00614496637564,1242471.8371863053,1230903.5106760059,20515.058511266765,4.4116118154001365,3750.8729569864367,1.1196247507495065,35.83690401937342,1000.0,0.3097378682298304,33.791857351070895,0.0,0.004877969374790715,0.0,0.0,0.0034027777777777776,15,60,50,high_d60_source_travel_aware_hybrid,high,60,source,travel_aware_hybrid,18
10459,10452,3659,8766,8760,2896,47,10405,2,2,549.3788515301233,207.16947164886375,568562.0324154441,74637.77614221921,652108.2377031537,8908.429145497046,13068,441914.6589371205,5,0.0,523.2143788249194,17.924901453129184,0,0,38,0.0,266.0,132,283.16947164886403,4634.795603845078,5775.5506447017815,206625.16106038023,94.31481536906097,0,0,0,20261139,63aac9a14126b3e4,travel_aware_hybrid,2,1.0,0.98,7,6,0.3500765403750478,0.3505115211779329,0.33105179101072324,7.141004223327517,62.39076135697989,342.2093798812595,1295729.490283086,1285804.1440079832,21430.06906679972,4.719491194147734,3443.7526843396704,1.5719135894843494,43.75417155077107,1000.0,0.2801502831760634,33.8165487402143,0.0,0.0060557219771402715,0.0,0.0,0.0030787037037037037,15,60,50,high_d60_source_travel_aware_hybrid,high,60,source,travel_aware_hybrid,19
11676,11663,3761,9844,9833,2949,42,11621,2,2,439.32808075966807,184.63932068773627,595915.4147476706,38236.55151165712,641216.241061314,7064.27480199817,14302,455774.94011972257,5,0.0,555.9550116931376,15.096554744435965,0,0,39,0.0,273.0,123,262.6393206877364,3967.3449396038604,4233.65272512286,211987.3162718006,92.21768245216353,0,0,0,20261140,63aac9a14126b3e4,travel_aware_hybrid,2,1.0,0.98,13,11,0.32247277715853556,0.3232271325796506,0.30069077610727346,3.278449070707118,54.97867110188751,254.6887600719318,1260177.47449745,1248388.926394193,20806.48210656988,4.377322011462273,3533.1219378633436,1.5369613742027255,34.4199408546574,1000.0,0.2999014030569722,31.867916383703157,0.0,0.006434664487189093,0.0,0.0,0.003159722222222222,15,60,50,high_d60_source_travel_aware_hybrid,high,60,source,travel_aware_hybrid,20
10787,10780,4086,9060,9053,3284,55,10725,2,2,595.5558996754688,219.58848670650156,631172.3154743495,117092.95383507648,758924.8981442449,10659.628834829713,13580,500777.06858093693,7,0.0,751.3479244025357,21.28043666423422,0,0,46,0.0,322.0,156,311.5884867065019,5584.287605360785,6884.838935812735,239140.3398365735,175.53578405890792,0,0,0,20261141,63aac9a14126b3e4,travel_aware_hybrid,2,1.0,0.98,7,7,0.3790352504638219,0.3794382126633911,0.36324503311258277,10.862055086741789,70.4011964883344,375.96741296896727,1246935.6136761245,1237486.0358028032,20624.767263380054,5.193141445108365,3985.6723306095582,2.9255964009817985,44.13358292187651,1000.0,0.307257992402153,36.876072796828936,0.0,0.008696156532436756,0.0,0.0,0.003726851851851852,15,60,50,high_d60_source_travel_aware_hybrid,high,60,source,travel_aware_hybrid,21
11445,11442,5268,9600,9599,4269,56,11386,2,2,714.9068117362108,270.84175742254297,807214.477658464,117594.00734315706,937312.2243479895,12503.739346375976,14789,665894.8161568276,8,0.0,878.7222176828177,23.314884050416424,0,0,46,0.0,322.0,158,362.84175742254325,6603.1499337371015,8287.490982468142,310429.93201023346,125.429935710284,0,0,0,20261142,63aac9a14126b3e4,travel_aware_hybrid,2,1.0,0.98,3,1,0.4604090194022024,0.46055045871559636,0.44479166666666664,10.277399697881233,81.91856531620255,444.0650543136678,1105570.3302021634,1095469.280848976,18257.82134748293,6.047362623709054,5173.832200170557,2.0904989285047333,52.45247457258318,1000.0,0.3857942609987981,45.0263585203075,0.0,0.010170396037995575,0.0,0.0,0.003726851851851852,15,60,50,high_d60_source_travel_aware_hybrid,high,60,source,travel_aware_hybrid,22
10468,10460,3255,8859,8851,2603,38,10422,0,0,407.017171777126,152.21185925331346,511578.4772304988,71463.75538975673,589952.91557333,6910.682953084124,12941,383291.89093412994,4,0.0,427.4165205278916,13.783491055310733,0,0,33,0.0,231.0,109,218.21185925331363,3809.1679349751284,4705.158244516397,182411.92886946964,94.73900793866481,0,0,0,20261143,63aac9a14126b3e4,travel_aware_hybrid,2,1.0,0.98,8,8,0.31118546845124284,0.31171188383645393,0.2947285246641833,6.8320989856363985,56.400852349266735,254.80531252381255,1341037.0555952867,1330978.5305260397,22182.97550876733,3.6368643208885607,3040.1988144911606,1.5789834656444135,43.166589399233,1000.0,0.2549794135581741,29.618413641459696,0.0,0.004946950469072819,0.0,0.0,0.002673611111111111,15,60,50,high_d60_source_travel_aware_hybrid,high,60,source,travel_aware_hybrid,23
11959,11948,5458,10031,10022,4422,59,11889,2,2,689.6491307466468,261.30720318327934,788373.9756594675,94039.50385601912,893632.1265861024,11218.647070624847,15076,643456.2606141485,8,0.0,867.0461442591694,22.875309156992525,0,0,51,0.0,357.0,169,363.30720318327974,6028.996721948852,7403.433282405769,298058.1623692037,120.6452485687623,0,0,0,20261144,63aac9a14126b3e4,travel_aware_hybrid,2,1.0,0.98,11,9,0.4568128557080683,0.45731248432143157,0.44173063503140264,7.870731825913887,74.7934488270926,428.3419275633675,1104987.6070061107,1093537.3647269136,18225.62274544856,6.0551200530546625,4967.636039486728,2.010754142812705,43.80729752902822,1000.0,0.38611799610771624,42.68083447958003,0.0,0.010035256299295942,0.0,0.0,0.004131944444444444,15,60,50,high_d60_source_travel_aware_hybrid,high,60,source,travel_aware_hybrid,24
10658,10655,4822,8952,8949,3894,46,10609,1,1,549.1371160593874,184.4075721124205,702965.0760436389,175780.4663887298,888819.3322952025,10073.789862849178,13746,569564.6821543867,7,0.0,752.6379799011587,17.759385747704084,0,0,41,0.0,287.0,133,266.4075721124206,5013.217854268149,6928.625455172403,267956.7186978431,96.47900579117194,0,0,0,20261145,63aac9a14126b3e4,travel_aware_hybrid,2,1.0,0.98,3,3,0.45255748474894414,0.45271157815725277,0.43532171581769435,16.497462823907068,83.41805089584257,364.7295439469669,1182581.0237837345,1173434.888301481,19557.248138358016,4.440126201873677,4465.945311630718,1.6079834298528657,52.09492823437897,1000.0,0.3430105423423697,41.43493977552645,0.0,0.008711087730337484,0.0,0.0,0.003321759259259259,15,60,50,high_d60_source_travel_aware_hybrid,high,60,source,travel_aware_hybrid,25
11411,11399,4997,9622,9611,4038,52,11347,1,1,573.6079959799998,226.20170966148595,749198.6371610662,155237.24673392193,915545.0119663856,11109.128071411677,14495,609316.2978221386,6,0.0,645.6940147590572,19.07711987442215,0,0,43,0.0,301.0,147,312.2017096614861,6370.444535114892,7678.570779272664,285556.4723039015,123.19354793733665,0,0,0,20261146,63aac9a14126b3e4,travel_aware_hybrid,2,1.0,0.98,12,11,0.43837178699885954,0.438962404697222,0.4208064851382249,13.618496950076493,80.31801140156028,347.4062863185139,1151373.3927694121,1141498.1342016356,19024.968903360594,5.2033618276914355,4759.274538398358,2.053225798955611,52.2351753692018,1000.0,0.3603481151281044,42.03630892184468,0.0,0.007473310356007606,0.0,0.0,0.0034837962962962965,15,60,50,high_d60_source_travel_aware_hybrid,high,60,source,travel_aware_hybrid,26
11731,11719,4838,9831,9821,3857,53,11666,2,2,640.0352123750715,230.6166396568372,727615.7259178812,80726.9313301077,820214.8651176444,11872.20786966744,14755,586802.0062862112,7,0.0,752.484722384632,22.355094100128333,0,0,47,0.0,329.0,153,324.6166396568375,6303.774381042363,7230.659847151783,273609.81151118455,153.91788738378983,0,0,0,20261147,63aac9a14126b3e4,travel_aware_hybrid,2,1.0,0.98,12,10,0.4128338595443297,0.41343448981331515,0.3933475740006103,6.8885511844105904,69.99017536629785,409.4185727182343,1164999.9483452819,1154115.2031312562,19235.253385520937,5.410277327613958,4560.163525186409,2.565298123063164,47.25921468726656,1000.0,0.35277780647484336,39.769705610722546,0.0,0.008709313916488796,0.0,0.0,0.0038078703703703703,15,60,50,high_d60_source_travel_aware_hybrid,high,60,source,travel_aware_hybrid,27
11047,11040,4686,9294,9288,3750,47,10993,1,1,520.044079494262,197.34406820487507,713778.1402831308,77134.25582448134,801483.0654078623,10570.669300262805,13937,579373.2723540418,6,0.0,640.2579987665779,19.02207823529718,0,0,39,0.0,273.0,133,275.34406820487516,5410.246930325468,6296.91858229344,269359.7799564567,139.12025111122122,0,0,0,20261148,63aac9a14126b3e4,travel_aware_hybrid,2,1.0,0.98,7,6,0.42445652173913045,0.4248212184303431,0.4041316978695933,6.9867985348262085,72.59810375071217,322.7000112893869,1179804.319920152,1169794.9176140106,19496.58196023351,4.5890678034145855,4489.329665940944,2.318670851853687,47.34525249844692,1000.0,0.3445531555999156,41.57087410160306,0.0,0.0074103935042428,0.0,0.0,0.003159722222222222,15,60,50,high_d60_source_travel_aware_hybrid,high,60,source,travel_aware_hybrid,28
10180,10174,3957,8580,8575,3203,44,10130,0,0,534.3526131731466,172.64888356000236,607127.9652297184,136040.94472027593,753297.7238846102,10128.813934629035,13014,481370.98987354536,6,0.0,650.1563544781268,18.511017811063276,0,0,39,0.0,273.0,127,250.64888356000247,5098.226857444536,6789.677483713407,229713.38903170024,140.13857540448333,0,0,0,20261149,63aac9a14126b3e4,travel_aware_hybrid,2,1.0,0.98,6,5,0.3889325732258699,0.3892927308447937,0.37389277389277387,13.371431562834276,74.04145113864854,361.7037296131442,1266009.0082130756,1257058.7617414792,20950.979362357986,4.177481392666708,3828.5564838616706,2.3356429234080553,53.46202743081423,1000.0,0.2966616621038469,36.988703693986885,0.0,0.0075249578064598005,0.0,0.0,0.003159722222222222,15,60,50,high_d60_source_travel_aware_hybrid,high,60,source,travel_aware_hybrid,29
10920,10910,4188,4402,4398,1628,0,10910,0,0,0.0,0.0,673323.8788575513,86501.74480527523,759825.6236628194,0.0,13659,523935.7228898313,0,0.0,0.0,0.0,0,0,0,0.0,0.0,0,0.0,0.0,0.0,245889.09981188554,0.0,0,0,0,20261120,0f5ef110409c3a3c,human_only,0,1.0,0.98,10,4,0.3838680109990834,0.38443223443223445,0.37074057246706044,7.928665884993147,69.64487842922267,0.0,1215981.529297401,1206057.3843157715,20100.95640526286,0.0,4098.151663531426,0.0,0.0,1000.0,0.3244547059458883,38.35827826999277,0.0,0.0,0.0,0.0,0.0,15,60,50,high_d60_balanced_human_only,high,60,balanced,human_only,0
10819,10812,3832,4312,4309,1486,0,10812,0,0,0.0,0.0,620324.9481713256,106370.20854538126,726695.156716701,0.0,13504,472683.5232627821,0,0.0,0.0,0.0,0,0,0,0.0,0.0,0,0.0,0.0,0.0,223640.53195718475,0.0,0,0,0,20261121,0f5ef110409c3a3c,human_only,0,1.0,0.98,7,3,0.35442101368849427,0.3548387096774194,0.34531539888682744,9.838162092617578,67.21190868633934,0.0,1260234.6275509766,1250728.625497685,20845.477091628083,0.0,3727.3421992864123,0.0,0.0,1000.0,0.29986965136056853,35.00322299043114,0.0,0.0,0.0,0.0,0.0,15,60,50,high_d60_balanced_human_only,high,60,balanced,human_only,1
12518,12507,4596,4892,4887,1640,0,12507,0,0,0.0,0.0,735800.7654919042,92166.55928817496,827967.3247800674,0.0,15492,566367.5959059787,0,0.0,0.0,0.0,0,0,0,0.0,0.0,0,0.0,0.0,0.0,265030.83440864965,0.0,0,0,0,20261122,0f5ef110409c3a3c,human_only,0,1.0,0.98,11,5,0.3674742144399136,0.3680300367470842,0.33626328699918234,7.3691979921783775,66.20031380667366,0.0,1155142.9730321148,1143198.9160496995,19053.315267494992,0.0,4417.180573477494,0.0,0.0,1000.0,0.3582539038710474,36.55871391079129,0.0,0.0,0.0,0.0,0.0,15,60,50,high_d60_balanced_human_only,high,60,balanced,human_only,2
10389,10385,3700,4215,4213,1414,0,10385,0,0,0.0,0.0,572334.03218848,52591.402061079534,624925.4342495498,0.0,12955,431437.7495959236,0,0.0,0.0,0.0,0,0,0,0.0,0.0,0,0.0,0.0,0.0,202317.79860895046,0.0,0,0,0,20261123,0f5ef110409c3a3c,human_only,0,1.0,0.98,4,2,0.35628310062590274,0.35653094619308884,0.33594306049822065,5.064169673671597,60.17577604714008,0.0,1293192.6438675104,1283763.4343017298,21396.057238362162,0.0,3371.963310149174,0.0,0.0,1000.0,0.28155964229582753,33.302798116242656,0.0,0.0,0.0,0.0,0.0,15,60,50,high_d60_balanced_human_only,high,60,balanced,human_only,3
10405,10400,3834,4163,4162,1462,0,10400,0,0,0.0,0.0,602701.8680436113,89723.58085419927,692425.4488978051,0.0,13064,460762.2327629937,0,0.0,0.0,0.0,0,0,0,0.0,0.0,0,0.0,0.0,0.0,217386.70459640122,0.0,0,0,0,20261124,0f5ef110409c3a3c,human_only,0,1.0,0.98,5,1,0.36865384615384617,0.36895723209995196,0.3514292577468172,8.627267389826853,66.57937008632742,0.0,1270886.7863304175,1260898.0285798374,21014.96714299729,0.0,3623.1117432733536,0.0,0.0,1000.0,0.2939517853719903,35.26961365301544,0.0,0.0,0.0,0.0,0.0,15,60,50,high_d60_balanced_human_only,high,60,balanced,human_only,4
11041,11031,3524,4345,4340,1291,0,11031,0,0,0.0,0.0,569201.2143464346,48134.845985318316,617336.0603317413,0.0,13635,421339.9755241938,0,0.0,0.0,0.0,0,0,0,0.0,0.0,0,0.0,0.0,0.0,200333.98136326054,0.0,0,0,0,20261125,0f5ef110409c3a3c,human_only,0,1.0,0.98,10,5,0.31946333061372495,0.3200797029254597,0.2982738780207135,4.363597677936571,55.96374402427172,0.0,1293045.268609741,1282566.85310299,21376.114218383165,0.0,3338.8996893876756,0.0,0.0,1000.0,0.28164151743903276,30.901355007274937,0.0,0.0,0.0,0.0,0.0,15,60,50,high_d60_balanced_human_only,high,60,balanced,human_only,5
11828,11822,5567,4715,4713,2143,0,11822,0,0,0.0,0.0,843615.5123416149,116488.09982036726,960103.6121619658,0.0,15189,680058.7827986522,0,0.0,0.0,0.0,0,0,0,0.0,0.0,0,0.0,0.0,0.0,314478.7367113906,0.0,0,0,0,20261126,0f5ef110409c3a3c,human_only,0,1.0,0.98,6,2,0.47090170867873454,0.47117010483598243,0.45493107104984093,9.853501930330507,81.21329827118642,0.0,1071106.4244950467,1060877.3825952332,17681.28970992055,0.0,5241.312278523177,0.0,0.0,1000.0,0.4049408752805296,44.77311098812642,0.0,0.0,0.0,0.0,0.0,15,60,50,high_d60_balanced_human_only,high,60,balanced,human_only,6
11430,11423,4577,4570,4565,1744,0,11423,0,0,0.0,0.0,722078.5644040448,98486.1314854474,820564.6958894806,0.0,14417,564542.8538083185,0,0.0,0.0,0.0,0,0,0,0.0,0.0,0,0.0,0.0,0.0,266213.94670567865,0.0,0,0,0,20261127,0f5ef110409c3a3c,human_only,0,1.0,0.98,7,5,0.4006828328810295,0.4010498687664042,0.38271334792122536,8.621739603033127,71.83443017503988,0.0,1174823.952771942,1164715.5721289814,19411.92620214969,0.0,4436.89911176131,0.0,0.0,1000.0,0.3473200262378101,39.1581364922188,0.0,0.0,0.0,0.0,0.0,15,60,50,high_d60_balanced_human_only,high,60,balanced,human_only,7
11393,11384,4365,4407,4403,1604,0,11384,0,0,0.0,0.0,669247.5029330653,125670.65390511477,794918.1568381714,0.0,14234,514434.6958468924,0,0.0,0.0,0.0,0,0,0,0.0,0.0,0,0.0,0.0,0.0,242431.35343127523,0.0,0,0,0,20261128,0f5ef110409c3a3c,human_only,0,1.0,0.98,9,4,0.3834328882642305,0.3839199508470113,0.3648740639891082,11.039235234110574,69.82766662317036,0.0,1208676.8671834625,1197727.417233124,19962.123620552065,0.0,4040.5225571879205,0.0,0.0,1000.0,0.3285128515647431,36.14126007073855,0.0,0.0,0.0,0.0,0.0,15,60,50,high_d60_balanced_human_only,high,60,balanced,human_only,8
11998,11991,5180,4782,4779,1985,0,11991,0,0,0.0,0.0,796380.3952138497,162552.66503861823,958933.0602524563,0.0,15157,631822.1859139876,0,0.0,0.0,0.0,0,0,0,0.0,0.0,0,0.0,0.0,0.0,292695.40530985716,0.0,0,0,0,20261129,0f5ef110409c3a3c,human_only,0,1.0,0.98,7,3,0.4319906596614127,0.4323220536756126,0.41572563780844835,13.55622258682497,79.97106665436213,0.0,1110691.8259033253,1099593.3545537712,18326.55590922952,0.0,4878.256755164286,0.0,0.0,1000.0,0.3829489856092637,41.68517423724929,0.0,0.0,0.0,0.0,0.0,15,60,50,high_d60_balanced_human_only,high,60,balanced,human_only,9
10742,10733,4148,4260,4258,1599,0,10733,0,0,0.0,0.0,628982.8703047882,92810.8765766455,721793.7468814289,0.0,13504,481785.5002497899,0,0.0,0.0,0.0,0,0,0,0.0,0.0,0,0.0,0.0,0.0,226382.08907381492,0.0,0,0,0,20261130,0f5ef110409c3a3c,human_only,0,1.0,0.98,9,2,0.38647162955371284,0.3869856637497673,0.3758215962441315,8.647244626539225,67.24995312414319,0.0,1243002.7868391217,1232688.229736429,20544.803828940483,0.0,3773.0348178969152,0.0,0.0,1000.0,0.3094428962004879,35.677243798118326,0.0,0.0,0.0,0.0,0.0,15,60,50,high_d60_balanced_human_only,high,60,balanced,human_only,10
9340,9333,3230,3731,3730,1272,0,9333,0,0,0.0,0.0,535532.1116964213,56654.556765454116,592186.6684618642,0.0,11789,405873.8805990446,0,0.0,0.0,0.0,0,0,0,0.0,0.0,0,0.0,0.0,0.0,194037.07364740476,0.0,0,0,0,20261131,0f5ef110409c3a3c,human_only,0,1.0,0.98,7,1,0.3460837887067395,0.34657387580299787,0.3411953899758778,6.070347880151518,63.45083772226125,0.0,1333044.7165261284,1325115.1090916428,22085.251818194047,0.0,3233.951227456746,0.0,0.0,1000.0,0.25941960192992874,34.42818564755659,0.0,0.0,0.0,0.0,0.0,15,60,50,high_d60_balanced_human_only,high,60,balanced,human_only,11
10130,10122,3255,4100,4097,1183,0,10122,0,0,0.0,0.0,543359.9556638218,95995.40791621486,639355.3635800297,0.0,12634,405273.8078121441,0,0.0,0.0,0.0,0,0,0,0.0,0.0,0,0.0,0.0,0.0,193221.79560813846,0.0,0,0,0,20261132,0f5ef110409c3a3c,human_only,0,1.0,0.98,8,3,0.3215767634854772,0.3221125370187562,0.2892682926829268,9.48383796840692,63.16492428176543,0.0,1324926.1810646583,1316300.4672609707,21938.34112101618,0.0,3220.363260135641,0.0,0.0,1000.0,0.2639298994085232,32.078028163063486,0.0,0.0,0.0,0.0,0.0,15,60,50,high_d60_balanced_human_only,high,60,balanced,human_only,12
9975,9970,3477,3996,3995,1318,0,9970,0,0,0.0,0.0,577996.4718221165,73322.97917842734,651319.4510005385,0.0,12544,440183.39302983216,0,0.0,0.0,0.0,0,0,0,0.0,0.0,0,0.0,0.0,0.0,212034.93484992048,0.0,0,0,0,20261133,0f5ef110409c3a3c,human_only,0,1.0,0.98,5,1,0.34874623871614846,0.34907268170426065,0.3300800800800801,7.35436100084527,65.32792888671399,0.0,1298537.491128566,1290237.0729236368,21503.951215393947,0.0,3533.915580832008,0.0,0.0,1000.0,0.2785902827063522,35.09115059230167,0.0,0.0,0.0,0.0,0.0,15,60,50,high_d60_balanced_human_only,high,60,balanced,human_only,13
11917,11913,4677,4640,4639,1662,0,11913,0,0,0.0,0.0,732532.9333831032,69773.11819477624,802306.0515778692,0.0,14832,571721.655257607,0,0.0,0.0,0.0,0,0,0,0.0,0.0,0,0.0,0.0,0.0,264924.3231697592,0.0,0,0,0,20261134,0f5ef110409c3a3c,human_only,0,1.0,0.98,4,1,0.39259632334424577,0.392800201392968,0.3584051724137931,5.856888961200053,67.34710413647858,0.0,1166504.7353423133,1155020.4666043117,19250.341110071862,0.0,4415.4053861626535,0.0,0.0,1000.0,0.3519418136987148,38.54649779244923,0.0,0.0,0.0,0.0,0.0,15,60,50,high_d60_balanced_human_only,high,60,balanced,human_only,14
10733,10729,3365,4241,4239,1262,0,10729,0,0,0.0,0.0,559638.2776622416,70698.2908158467,630336.5684780807,0.0,13156,414582.0261972806,0,0.0,0.0,0.0,0,0,0,0.0,0.0,0,0.0,0.0,0.0,199487.9128492986,0.0,0,0,0,20261135,0f5ef110409c3a3c,human_only,0,1.0,0.98,4,2,0.3136359399757666,0.31389173576819157,0.2980429144069795,6.589457621012834,58.750728723840126,0.0,1312286.0239688358,1303035.5196497394,21717.25866082899,0.0,3324.79854748831,0.0,0.0,1000.0,0.2709522089062023,31.512771830136867,0.0,0.0,0.0,0.0,0.0,15,60,50,high_d60_balanced_human_only,high,60,balanced,human_only,15
10624,10617,4097,4117,4112,1521,0,10617,0,0,0.0,0.0,658160.2089677616,108173.98166507838,766334.1906328287,0.0,13439,511747.4884273839,0,0.0,0.0,0.0,0,0,0,0.0,0.0,0,0.0,0.0,0.0,241759.6130477608,0.0,0,0,0,20261136,0f5ef110409c3a3c,human_only,0,1.0,0.98,7,5,0.3858905528868795,0.38629518072289154,0.3706582462958465,10.18875215833836,72.17991811555324,0.0,1234166.242411063,1225440.8690884039,20424.014484806732,0.0,4029.3268841293466,0.0,0.0,1000.0,0.31435208754940946,38.079283311807714,0.0,0.0,0.0,0.0,0.0,15,60,50,high_d60_balanced_human_only,high,60,balanced,human_only,16
11146,11142,4718,4462,4460,1838,0,11142,0,0,0.0,0.0,752660.7198126606,126859.5075634215,879520.2273760712,0.0,14137,598039.0704365658,0,0.0,0.0,0.0,0,0,0,0.0,0.0,0,0.0,0.0,0.0,282015.72114908695,0.0,0,0,0,20261137,0f5ef110409c3a3c,human_only,0,1.0,0.98,4,2,0.4234428289355591,0.4236497398169747,0.41237113402061853,11.385703425185918,78.93737456256248,0.0,1157892.219893929,1148563.3847787282,19142.72307964547,0.0,4700.262019151449,0.0,0.0,1000.0,0.3567265445033727,42.30311030887499,0.0,0.0,0.0,0.0,0.0,15,60,50,high_d60_balanced_human_only,high,60,balanced,human_only,17
11582,11572,4204,4675,4673,1602,0,11572,0,0,0.0,0.0,657314.9691965848,51620.67006576323,708935.6392623343,0.0,14387,501288.1123414798,0,0.0,0.0,0.0,0,0,0,0.0,0.0,0,0.0,0.0,0.0,234068.04381401784,0.0,0,0,0,20261138,0f5ef110409c3a3c,human_only,0,1.0,0.98,10,2,0.3632907016937435,0.3638404420652737,0.34310160427807485,4.4608252735709675,61.263017565013335,0.0,1221222.9226049895,1210062.379022429,20167.706317040484,0.0,3901.134063566964,0.0,0.0,1000.0,0.32154282077500584,34.84313007169526,0.0,0.0,0.0,0.0,0.0,15,60,50,high_d60_balanced_human_only,high,60,balanced,human_only,18
10459,10452,3716,4179,4176,1415,0,10452,0,0,0.0,0.0,584188.7989276783,76508.56857128741,660697.3674989525,0.0,13077,442409.5107607626,0,0.0,0.0,0.0,0,0,0,0.0,0.0,0,0.0,0.0,0.0,208570.21796113267,0.0,0,0,0,20261139,0f5ef110409c3a3c,human_only,0,1.0,0.98,7,3,0.3555300420972063,0.3559613729802084,0.33931562574778656,7.319993166024436,63.21253037686113,0.0,1287724.8020968554,1278161.9977336898,21302.699962228166,0.0,3476.1702993522113,0.0,0.0,1000.0,0.28459733216841365,33.831116522196425,0.0,0.0,0.0,0.0,0.0,15,60,50,high_d60_balanced_human_only,high,60,balanced,human_only,19
11676,11668,3960,4600,4596,1369,0,11668,0,0,0.0,0.0,613222.3022690614,41149.65126053255,654371.9535295847,0.0,14303,458214.9942944925,0,0.0,0.0,0.0,0,0,0,0.0,0.0,0,0.0,0.0,0.0,213409.60090889703,0.0,0,0,0,20261140,0f5ef110409c3a3c,human_only,0,1.0,0.98,8,4,0.3393897840246829,0.3398424117848578,0.2984782608695652,3.526709912627061,56.08261514651908,0.0,1248152.9643099178,1236391.8783788076,20606.53130631346,0.0,3556.8266818149505,0.0,0.0,1000.0,0.30658168649449014,32.03628569492362,0.0,0.0,0.0,0.0,0.0,15,60,50,high_d60_balanced_human_only,high,60,balanced,human_only,20
10787,10779,4102,4266,4262,1557,0,10779,0,0,0.0,0.0,651138.7121576412,123610.07569953868,774748.78785717,0.0,13555,503778.90481941414,0,0.0,0.0,0.0,0,0,0,0.0,0.0,0,0.0,0.0,0.0,240830.17547651284,0.0,0,0,0,20261141,0f5ef110409c3a3c,human_only,0,1.0,0.98,8,4,0.38055478244735136,0.38101418373968665,0.3659165494608533,11.46767563777147,71.87575729262176,0.0,1233804.3355569234,1224458.2339576867,20407.637232628113,0.0,4013.836257941881,0.0,0.0,1000.0,0.3145531469128203,37.16554074654476,0.0,0.0,0.0,0.0,0.0,15,60,50,high_d60_balanced_human_only,high,60,balanced,human_only,21
11445,11440,5259,4662,4659,2095,0,11440,0,0,0.0,0.0,835413.3878806643,131451.19816120627,966864.5860418619,0.0,14789,675101.1455487423,0,0.0,0.0,0.0,0,0,0,0.0,0.0,0,0.0,0.0,0.0,315007.8851255689,0.0,0,0,0,20261142,0f5ef110409c3a3c,human_only,0,1.0,0.98,5,3,0.4597027972027972,0.4599388379204893,0.45002145002145,11.490489349755793,84.51613514351939,0.0,1088858.6090250758,1079320.6241807449,17988.67706967908,0.0,5250.131418759482,0.0,0.0,1000.0,0.39507855054162455,45.64887048135386,0.0,0.0,0.0,0.0,0.0,15,60,50,high_d60_balanced_human_only,high,60,balanced,human_only,22
10468,10457,3371,4240,4237,1214,0,10457,0,0,0.0,0.0,527865.7252135357,68059.46624776843,595925.1914612872,0.0,12958,386794.823242845,0,0.0,0.0,0.0,0,0,0,0.0,0.0,0,0.0,0.0,0.0,183864.96436057094,0.0,0,0,0,20261143,0f5ef110409c3a3c,human_only,0,1.0,0.98,11,3,0.32236779190972553,0.323079862437906,0.28702830188679246,6.508507817516346,56.98816022389664,0.0,1331501.0123882892,1321620.822278445,22027.013704640747,0.0,3064.4160726761825,0.0,0.0,1000.0,0.2602772153398393,29.849886035101484,0.0,0.0,0.0,0.0,0.0,15,60,50,high_d60_balanced_human_only,high,60,balanced,human_only,23
11959,11951,5370,4865,4860,2132,0,11951,0,0,0.0,0.0,811262.2550251131,98423.22603063792,909685.4810557422,0.0,15067,648273.7949160518,0,0.0,0.0,0.0,0,0,0,0.0,0.0,0,0.0,0.0,0.0,301559.35171431187,0.0,0,0,0,20261144,0f5ef110409c3a3c,human_only,0,1.0,0.98,8,5,0.44933478370010876,0.44970315243749476,0.4392600205549846,8.235564055780932,76.11793833618461,0.0,1093087.3157964917,1082012.8384308254,18033.547307180423,0.0,5025.9891952385315,0.0,0.0,1000.0,0.39272926900194904,43.02606988226268,0.0,0.0,0.0,0.0,0.0,15,60,50,high_d60_balanced_human_only,high,60,balanced,human_only,24
10658,10653,4679,4335,4334,1893,0,10653,0,0,0.0,0.0,710827.5461923887,169086.58712924377,879914.1333216212,0.0,13682,562749.3442095326,0,0.0,0.0,0.0,0,0,0,0.0,0.0,0,0.0,0.0,0.0,263485.08967810514,0.0,0,0,0,20261145,0f5ef110409c3a3c,human_only,0,1.0,0.98,5,1,0.4392189993429081,0.43948207918934135,0.43690888119953863,15.872203804491107,82.59777840248017,0.0,1183360.1579798684,1174148.266208842,19569.137770147365,0.0,4391.418161301753,0.0,0.0,1000.0,0.3425776900111842,41.13063471784334,0.0,0.0,0.0,0.0,0.0,15,60,50,high_d60_balanced_human_only,high,60,balanced,human_only,25
11411,11402,5015,4515,4512,1889,0,11402,0,0,0.0,0.0,773156.7592976332,177970.42762298379,951127.186920606,0.0,14546,614845.290097357,0,0.0,0.0,0.0,0,0,0,0.0,0.0,0,0.0,0.0,0.0,289614.8525880948,0.0,0,0,0,20261146,0f5ef110409c3a3c,human_only,0,1.0,0.98,9,3,0.4398351166462024,0.44027692577337657,0.41904761904761906,15.608702650673898,83.41757471676951,0.0,1133064.222211526,1123107.3869085393,18718.456448475656,0.0,4826.914209801579,0.0,0.0,1000.0,0.3705198765491522,42.26902860562058,0.0,0.0,0.0,0.0,0.0,15,60,50,high_d60_balanced_human_only,high,60,balanced,human_only,26
11731,11722,4772,4692,4690,1848,0,11722,0,0,0.0,0.0,740580.3728189198,83759.04506710471,824339.4178860129,0.0,14714,581103.1246994943,0,0.0,0.0,0.0,0,0,0,0.0,0.0,0,0.0,0.0,0.0,270448.4791702831,0.0,0,0,0,20261147,0f5ef110409c3a3c,human_only,0,1.0,0.98,9,2,0.40709776488653815,0.4075526383087546,0.39428815004262574,7.1454568390295785,70.32412710169024,0.0,1158366.9125252261,1147540.3952550024,19125.67325425004,0.0,4507.474652838052,0.0,0.0,1000.0,0.35646282637487436,39.49321222641663,0.0,0.0,0.0,0.0,0.0,15,60,50,high_d60_balanced_human_only,high,60,balanced,human_only,27
11047,11039,4633,4371,4368,1759,0,11039,0,0,0.0,0.0,721279.5397567309,83320.4532898897,804599.9930466108,0.0,13879,570265.129755171,0,0.0,0.0,0.0,0,0,0,0.0,0.0,0,0.0,0.0,0.0,264243.8203628568,0.0,0,0,0,20261148,0f5ef110409c3a3c,human_only,0,1.0,0.98,8,3,0.41969381284536644,0.42011405811532543,0.4031114161519103,7.547826188050521,72.8870362393886,0.0,1176638.2648653213,1167093.0882117224,19451.551470195373,0.0,4404.06367271428,0.0,0.0,1000.0,0.3463120750748214,41.088344243473664,0.0,0.0,0.0,0.0,0.0,15,60,50,high_d60_balanced_human_only,high,60,balanced,human_only,28
10180,10172,3951,3980,3977,1486,0,10172,0,0,0.0,0.0,624647.6963043985,135153.75905146886,759801.4553558568,0.0,13002,483123.3188621471,0,0.0,0.0,0.0,0,0,0,0.0,0.0,0,0.0,0.0,0.0,230646.14122139357,0.0,0,0,0,20261149,0f5ef110409c3a3c,human_only,0,1.0,0.98,8,3,0.38841918993314983,0.3888998035363458,0.3741206030150754,13.286842218980423,74.69538491504687,0.0,1256863.2294510105,1248273.7666926945,20804.562778211573,0.0,3844.102353689893,0.0,0.0,1000.0,0.30174265030499414,37.157615663909176,0.0,0.0,0.0,0.0,0.0,15,60,50,high_d60_balanced_human_only,high,60,balanced,human_only,29
10920,10911,4206,4402,4400,1637,49,10862,2,2,277.6836885116496,207.72738621169287,668070.6619144654,89981.39375784926,767264.6261399112,9212.570467606427,13721,527912.3720335729,4,0.0,413.11378064661545,12.547909564438994,0,0,48,0.0,336.0,146,303.7273862116932,5665.254625598047,6399.299798535916,248748.79189747706,183.09258627897975,0,0,0,20261120,0409ef385d40668d,adaptive_hybrid,2,1.0,0.98,9,2,0.3854825405554028,0.385989010989011,0.37233075874602456,8.246851228837803,70.32028467967292,69.95630229995675,1216110.0248464704,1206252.9889527212,20104.216482545355,5.06212310352822,4145.813198291285,3.0515431046496624,43.83082053791723,1000.0,0.32438331952973865,38.47477385274928,0.0,0.004781409498224716,0.0,0.0,0.0038888888888888888,15,60,50,high_d60_balanced_adaptive_hybrid,high,60,balanced,adaptive_hybrid,0
10819,10815,3831,4312,4310,1500,38,10777,0,0,221.38271154058964,154.91501465507434,619754.5389662691,107721.60047536832,735142.3965035027,7666.257061873428,13567,479029.41270194785,3,0.0,313.93542078498797,10.483898141817095,0,0,35,0.0,245.0,111,224.9150146550744,4266.908521044967,5112.629603305695,227234.5643026162,167.9613476170998,0,0,0,20261121,0409ef385d40668d,adaptive_hybrid,2,1.0,0.98,4,2,0.35423023578363383,0.35446898974027174,0.34833024118738404,9.9603883934691,67.97433162307006,66.4676968855153,1259291.8176497705,1249578.110532286,20826.301842204768,3.7485835775845735,3787.242738376937,2.79935579361833,46.059726155907164,1000.0,0.30039343463901635,35.30842579066469,0.0,0.0036335118146410645,0.0,0.0,0.0028356481481481483,15,60,50,high_d60_balanced_adaptive_hybrid,high,60,balanced,adaptive_hybrid,1
12518,12505,4540,4892,4886,1629,95,12410,1,1,722.0359628486117,419.80606305873,723963.0038571877,84551.53104661159,819662.3202177542,11147.785313969003,15533,565335.149174005,12,0.0,1296.026971254436,35.37752154341155,0,0,92,0.0,644.0,282,603.80606305873,6052.240732664439,6794.2742664693815,263081.4939913039,605.3485640941943,0,0,0,20261122,0409ef385d40668d,adaptive_hybrid,2,1.0,0.98,13,6,0.3630547780887645,0.3637162486020131,0.3342191332788226,6.761417916562302,65.54676691065607,302.2298997898817,1158960.080828192,1146644.030005522,19110.73383342537,10.063434384312167,4384.691566521732,10.08914273490324,24.093171157692844,1000.0,0.3561332884287822,36.39574770965074,0.0,0.015000312167296711,0.0,0.0,0.007453703703703704,15,60,50,high_d60_balanced_adaptive_hybrid,high,60,balanced,adaptive_hybrid,2
10389,10382,3668,4215,4211,1415,37,10345,0,0,214.5991429262927,148.47894421633004,566683.0943511486,49342.05060086435,622915.8377302403,6890.69277823923,12982,432527.41409175185,2,0.0,217.88485891203058,9.065909608351532,0,0,37,0.0,259.0,111,222.47894421633015,3878.9527546571435,4232.93906895259,203462.40958059076,124.17344441712518,0,0,0,20261123,0409ef385d40668d,adaptive_hybrid,2,1.0,0.98,7,4,0.35330379502985937,0.3537395321975166,0.3366548042704626,4.752653689160503,59.999599087867495,66.12019870996266,1297882.2842065343,1288020.497314769,21467.008288579484,3.7079824036055027,3391.0401596765128,2.0695574069520863,38.13458620678009,1000.0,0.27895428655192545,33.3174714290365,0.0,0.0025218154966670206,0.0,0.0,0.0029976851851851853,15,60,50,high_d60_balanced_adaptive_hybrid,high,60,balanced,adaptive_hybrid,3
10405,10399,3848,4163,4161,1485,33,10366,0,0,208.17990522806465,133.68062337095085,595692.0568692706,84037.42764770647,686477.1274885726,6747.642971603791,13054,460298.92685016576,3,0.0,313.5020798107551,9.87606567682642,0,0,31,0.0,217.0,97,195.68062337095097,3717.8541196275833,4358.860422272368,216285.77592618376,154.77172845909416,0,0,0,20261124,0409ef385d40668d,adaptive_hybrid,2,1.0,0.98,6,2,0.37003558034426387,0.3703988467083133,0.35719433101128995,8.081298937177273,66.01376358193794,74.4992818571138,1272050.3081557949,1262040.2168983219,21034.003614972033,3.261343722849183,3604.7629321030627,2.5795288076515694,44.93670538425122,1000.0,0.2933053843578918,35.26114040525247,0.0,0.003628496294105962,0.0,0.0,0.002511574074074074,15,60,50,high_d60_balanced_adaptive_hybrid,high,60,balanced,adaptive_hybrid,4
11041,11033,3495,4345,4342,1267,29,11004,1,1,169.7171043819101,136.07292865630646,565836.0787256174,47854.61124610649,618619.8288320771,4929.138860363455,13635,422289.32936074864,2,0.0,203.57125654728588,8.15498818028496,0,0,27,0.0,189.0,85,190.07292865630657,2464.572024343297,3027.765540269811,199900.4513278329,124.81242017772072,0,0,0,20261125,0409ef385d40668d,adaptive_hybrid,2,1.0,0.98,8,3,0.316776941901568,0.3172719862331311,0.29228998849252014,4.337406983241774,56.06995638829667,33.644175725603645,1294723.4572273823,1284580.405158843,21409.673419314047,3.1678821442717764,3331.6741887972153,2.080207002962012,35.62077106199778,1000.0,0.28070919042923204,30.97098125124669,0.0,0.0023561488026306236,0.0,0.0,0.0021875,15,60,50,high_d60_balanced_adaptive_hybrid,high,60,balanced,adaptive_hybrid,5
11828,11822,5545,4715,4713,2148,61,11761,1,1,367.35838115352414,267.1591702943974,835004.05498992,121837.97203423482,968275.4057751453,11433.378750997916,15228,682907.3567958184,5,0.0,521.6444173254088,16.766629352573673,0,0,60,0.0,420.0,182,387.1591702943979,6893.233407762641,7676.9860859219225,316046.65309197863,257.3658798307735,0,0,0,20261126,0409ef385d40668d,adaptive_hybrid,2,1.0,0.98,6,2,0.4690407714430722,0.4693101115995942,0.4559915164369035,10.306037221640569,81.90453440831884,100.19921085912671,1072521.682242062,1062407.145224392,17706.785753739867,6.452652838239965,5267.444218199644,4.289431330512892,42.18124223034023,1000.0,0.40415462097663224,44.84550543707765,0.0,0.00603755112645149,0.0,0.0,0.004861111111111111,15,60,50,high_d60_balanced_adaptive_hybrid,high,60,balanced,adaptive_hybrid,6
11430,11427,4546,4570,4567,1740,51,11376,1,1,283.89974351547,195.6502951170832,714201.0671388634,96690.45925429188,820976.1519443255,10084.625551179017,14443,566811.3753433322,3,0.0,312.54027784580865,13.10755104110339,0,0,50,0.0,350.0,152,295.6502951170835,6342.828067173262,7243.665023094518,267328.5961061395,212.86378962592747,0,0,0,20261127,0409ef385d40668d,adaptive_hybrid,2,1.0,0.98,3,3,0.3978297015839678,0.39798775153105864,0.3814004376367615,8.461578651815165,71.84529202278162,88.24944839838679,1174106.230899296,1163760.6095062685,19396.01015843781,4.927504918618058,4455.476601768992,3.547729827098791,47.6556909414113,1000.0,0.3477187606115022,39.24471199496865,0.0,0.0036173643269190817,0.0,0.0,0.004050925925925926,15,60,50,high_d60_balanced_adaptive_hybrid,high,60,balanced,adaptive_hybrid,7
11393,11387,4383,4407,4404,1621,45,11342,0,0,252.08872160215978,177.24825943929602,667795.9624648712,132717.6971435766,809543.8364168617,9030.176808421918,14346,521218.728221158,3,0.0,307.52962632882213,11.720441456673607,0,0,43,0.0,301.0,133,263.24825943929625,5469.219627792272,6641.504422015823,247473.49598262153,181.768742263618,0,0,0,20261128,0409ef385d40668d,adaptive_hybrid,2,1.0,0.98,6,3,0.3849126196539914,0.3852365487580093,0.3685046516904924,11.65519426921723,71.09368898014067,74.84046216286376,1205256.139011702,1194575.204573536,19909.58674289227,4.387470990654937,4124.558266377026,3.0294790377269667,49.936123473803185,1000.0,0.33041325610461003,36.331989977774846,0.0,0.003559370675102108,0.0,0.0,0.0034837962962962965,15,60,50,high_d60_balanced_adaptive_hybrid,high,60,balanced,adaptive_hybrid,8
11998,11995,5160,4782,4780,1978,50,11945,0,0,301.8720610512399,200.8947384932,789153.0234998593,164485.31167023125,964357.7438212718,10719.408651197533,15200,634847.6314210959,5,0.0,533.3967353568846,14.933725917565097,0,0,47,0.0,329.0,147,294.8947384932004,6495.204347859949,7580.135638088872,294205.3323969383,245.14298503206078,0,0,0,20261129,0409ef385d40668d,adaptive_hybrid,2,1.0,0.98,3,2,0.43017924135056274,0.43032172028671445,0.41405269761606023,13.712822982095144,80.39664392007268,100.97732255803987,1109656.7475069682,1098738.8000065226,18312.31333344204,4.914912308220007,4903.422206615638,4.085716417201013,51.5655485584277,1000.0,0.3835240291627955,41.76629154086157,0.0,0.006173573325889868,0.0,0.0,0.0038078703703703703,15,60,50,high_d60_balanced_adaptive_hybrid,high,60,balanced,adaptive_hybrid,9
10742,10730,4033,4260,4258,1546,77,10653,0,0,568.2437586413674,310.18385545777596,607428.5193977974,86420.2287629061,703517.6685650484,9668.920404353426,13487,470030.3361278898,8,0.0,867.422521763631,27.086598466534376,0,0,75,0.0,525.0,229,460.1838554577769,5215.58250025249,5910.588907172099,219287.47229656045,430.06302021696337,0,0,0,20261130,0409ef385d40668d,adaptive_hybrid,2,1.0,0.98,12,2,0.3758620689655172,0.3765592999441445,0.36338028169014086,8.054075373989384,65.56548635275381,258.0599031835915,1255350.7586583744,1244634.8143107865,20743.913571846442,7.669730924296281,3654.791204942674,7.1677170036160565,25.810431909048468,1000.0,0.3025829118564587,34.85062179342254,0.0,0.010039612520412397,0.0,0.0,0.006076388888888889,15,60,50,high_d60_balanced_adaptive_hybrid,high,60,balanced,adaptive_hybrid,10
9340,9334,3132,3731,3730,1237,38,9296,1,1,203.4117267616295,155.47935347906585,521541.8534599222,50634.05326561614,579470.6120661414,7294.705340610146,11781,399168.0490071049,2,0.0,209.82236728331833,9.560996886300774,0,0,37,0.0,259.0,113,229.47935347906605,4424.600764973475,5074.892173468277,190627.4667926188,157.525681406679,0,0,0,20261131,0409ef385d40668d,adaptive_hybrid,2,1.0,0.98,6,1,0.3355474608956503,0.33597430406852247,0.33181452693647817,5.424689657769031,62.08170259975803,47.932373282563645,1340608.8864691914,1332685.2748810896,22211.42124801816,3.8246558913177675,3177.1244465436466,2.62542802344465,44.91055020768387,1000.0,0.2552172852948936,33.882357101019004,0.0,0.002428499621334703,0.0,0.0,0.0029976851851851853,15,60,50,high_d60_balanced_adaptive_hybrid,high,60,balanced,adaptive_hybrid,11
10130,10122,3270,4100,4098,1197,30,10092,2,2,175.01728300359989,155.16767659799874,539022.1888834862,94413.01774775502,639919.3545973876,6484.147966153378,12652,407560.59696505184,2,0.0,210.69251139848973,7.974199880407937,0,0,30,0.0,210.0,90,215.16767659799885,4347.943823061735,5126.015480443064,194680.648409098,118.28332768542845,0,0,0,20261132,0409ef385d40668d,adaptive_hybrid,2,1.0,0.98,8,2,0.3230586840545347,0.32359328726554787,0.2924390243902439,9.32750619914592,63.22064360772452,19.84960640560115,1323830.3031887347,1315197.1246145563,21919.95207690927,3.5861279432999806,3244.677473484967,1.9713887947571407,56.955727560478486,1000.0,0.2645387204507029,32.21313602316249,0.0,0.0024385707337788165,0.0,0.0,0.0024305555555555556,15,60,50,high_d60_balanced_adaptive_hybrid,high,60,balanced,adaptive_hybrid,12
9975,9970,3509,3996,3995,1333,48,9922,0,0,277.0153531185196,197.227418401955,573684.7852144698,77501.82309830315,659886.6999056936,8700.091592929333,12593,444406.07096504566,4,0.0,422.21608790808335,13.266116389239524,0,0,45,0.0,315.0,141,287.2274184019553,5019.429545930126,5938.401328776541,213170.0016528639,214.57897914222426,0,0,0,20261133,0409ef385d40668d,adaptive_hybrid,2,1.0,0.98,5,1,0.35195586760280845,0.35228070175438597,0.33383383383383386,7.773502818285171,66.18723168562624,79.78793471656462,1298456.083049547,1290111.6750982606,21501.861251637678,4.787123640032588,3552.833360881065,3.576316319037071,42.11632148068469,1000.0,0.2786355094169184,35.28992860835747,0.0,0.004886760276713927,0.0,0.0,0.0036458333333333334,15,60,50,high_d60_balanced_adaptive_hybrid,high,60,balanced,adaptive_hybrid,13
11917,11912,4711,4640,4636,1693,40,11872,2,2,216.02159278145385,171.1067723215477,732158.7339830463,72376.44941987256,811909.0102892313,7373.826886324914,14878,578002.6346701211,3,0.0,310.1192146429592,10.244587504121549,0,0,37,0.0,259.0,117,245.1067723215479,4338.6851586543435,5186.982136576544,267994.11347455677,156.0980966435607,0,0,0,20261134,0409ef385d40668d,adaptive_hybrid,2,1.0,0.98,5,4,0.3954835460040296,0.3957371821767223,0.36573275862068966,6.075927587296219,68.15891624321955,44.91482045990614,1161934.0168561344,1150500.4399643561,19175.007332739267,4.085112872025799,4466.56855790928,2.6016349440593447,44.333180654500374,1000.0,0.354481101746592,38.849484787614,0.0,0.0035893427620712873,0.0,0.0,0.0029976851851851853,15,60,50,high_d60_balanced_adaptive_hybrid,high,60,balanced,adaptive_hybrid,14
10733,10727,3386,4241,4237,1267,35,10692,1,1,208.53371506805027,160.19442227124065,561507.9821060267,74389.41145292108,643177.0957513867,7279.702192446492,13174,422919.4160150709,2,0.0,207.75092517319123,9.10769655143348,0,0,32,0.0,224.0,102,224.19442227124074,4086.322405592701,5169.728244965907,201996.73270450238,136.64329620222424,0,0,0,20261135,0409ef385d40668d,adaptive_hybrid,2,1.0,0.98,6,4,0.3156520928498182,0.31603465946147397,0.2996934685215751,6.934782460419603,59.958711266093665,48.339292796809616,1307916.030751097,1298741.532002203,21645.692200036716,3.736573704520679,3366.6122117417062,2.2773882700370707,50.68361024476379,1000.0,0.27337998291605725,32.10258205670798,0.0,0.0024045245969119356,0.0,0.0,0.0025925925925925925,15,60,50,high_d60_balanced_adaptive_hybrid,high,60,balanced,adaptive_hybrid,15
10624,10620,4064,4117,4114,1514,48,10572,0,0,299.92097456996044,186.81374932026685,642531.8442622196,109014.57148563747,760962.3891418518,9415.973394005461,13495,506000.0792310881,4,0.0,422.2060189778235,13.842884779385482,0,0,45,0.0,315.0,141,276.81374932026705,5689.943701878491,6103.380477220038,238100.28747585465,210.73293167625218,0,0,0,20261136,0409ef385d40668d,adaptive_hybrid,2,1.0,0.98,4,3,0.38267419962335214,0.3829066265060241,0.3684721884867622,10.265025563619348,71.65370895874311,113.10722524969358,1236449.1406488377,1227114.815346729,20451.91358911215,4.613562488671118,3968.3381245975775,3.512215527937536,43.286386363262686,1000.0,0.31308381075064573,37.49537452620142,0.0,0.0048866437381692536,0.0,0.0,0.0036458333333333334,15,60,50,high_d60_balanced_adaptive_hybrid,high,60,balanced,adaptive_hybrid,16
11146,11139,4700,4462,4458,1837,54,11085,1,1,329.0046605105857,223.49640850820774,743850.7007508089,126620.61305189879,881346.0838810337,10874.77007833278,14174,600086.2932126976,5,0.0,533.3032608311702,15.607285552131351,0,0,49,0.0,343.0,157,321.49640850820805,6516.66762010901,7814.431568040867,283249.18196880433,249.34719226316676,0,0,0,20261137,0409ef385d40668d,adaptive_hybrid,2,1.0,0.98,7,4,0.4219409282700422,0.42230396554817873,0.4125952487673689,11.367323193455318,79.12254994892125,105.50825200237799,1162329.5687010095,1152732.9363833088,19212.21560638848,5.358273475136801,4720.819699480072,4.155786537719446,49.773449477967304,1000.0,0.3542613507216614,42.337116778093524,0.0,0.0061724914448052105,0.0,0.0,0.003969907407407407,15,60,50,high_d60_balanced_adaptive_hybrid,high,60,balanced,adaptive_hybrid,17
11582,11574,4160,4675,4671,1573,43,11531,2,2,244.85916420516347,179.21925103886855,646944.4669897271,49090.38745294896,703169.3924149597,7134.5379722969265,14390,498619.50372045516,4,0.0,408.2590609054161,11.323036577914651,0,0,42,0.0,294.0,128,263.2192510388687,4573.280746052104,5085.35261553726,230769.35122793177,168.0069241637149,0,0,0,20261138,0409ef385d40668d,adaptive_hybrid,2,1.0,0.98,8,4,0.3594263003283221,0.35986876187187017,0.33732620320855616,4.241436621129165,60.75422433168824,65.63991316629492,1225963.946843367,1214637.5655850573,20243.95942641762,4.386987517314479,3846.1558537988626,2.8001154027285815,39.729317308884845,1000.0,0.31890891842035163,34.65041721476408,0.0,0.004725220612331205,0.0,0.0,0.0034027777777777776,15,60,50,high_d60_balanced_adaptive_hybrid,high,60,balanced,adaptive_hybrid,18
10459,10451,3775,4179,4177,1442,43,10408,0,0,274.3358325489479,171.57701776795017,582458.0912539986,82420.79559287295,673208.356397397,8329.469550534546,13164,448534.18398352474,4,0.0,426.900333625652,13.008187936938295,0,0,42,0.0,294.0,128,255.57701776795028,4381.463217174949,5066.6921992668995,212235.9169269749,198.77700677049762,0,0,0,20261139,0409ef385d40668d,adaptive_hybrid,2,1.0,0.98,8,2,0.3612094536407999,0.3616980590878669,0.3455372098588179,7.886402793309056,64.41568810615223,102.75881478099774,1286400.279373391,1276379.7552155321,21272.99592025887,4.259616962799171,3537.2652821162483,3.312950112841627,39.58353280677265,1000.0,0.28533317812589387,34.072788209018896,0.0,0.004940976083630232,0.0,0.0,0.0034027777777777776,15,60,50,high_d60_balanced_adaptive_hybrid,high,60,balanced,adaptive_hybrid,19
11676,11658,3930,4600,4591,1357,156,11502,4,4,1364.315650712404,637.9495185683838,607436.3979441079,44487.15572486063,663393.6298159694,11470.076147013639,14443,462770.3964024908,20,0.0,2204.046493580401,67.05187301780445,0,0,156,0.0,1092.0,468,949.9495185683814,5499.796895176997,5779.826089617392,214226.07607856186,1125.1169288317938,0,0,0,20261140,0409ef385d40668d,adaptive_hybrid,2,1.0,0.98,18,9,0.33710756562017496,0.3381294964028777,0.29695652173913045,3.81601953378458,56.90458310310254,726.3661321440202,1250517.7822164947,1238235.0429240707,20637.25071540118,15.832491976139691,3570.4346013093646,18.75194881386323,12.35005574704571,1000.0,0.30526789876861404,32.041154635636005,0.0,0.02550979737940279,0.0,0.0,0.012638888888888889,15,60,50,high_d60_balanced_adaptive_hybrid,high,60,balanced,adaptive_hybrid,20
10787,10779,4079,4266,4261,1539,44,10735,1,1,260.61764611625136,183.27308416380282,641078.4267111071,124318.2771343278,775123.8150276592,9727.111182233532,13565,503673.3409917339,4,0.0,433.7147723202313,12.140818227360057,0,0,43,0.0,301.0,131,269.2730841638031,6140.777077833334,6998.054614148785,239986.8953277135,185.69391427184345,0,0,0,20261141,0409ef385d40668d,adaptive_hybrid,2,1.0,0.98,8,5,0.37842100380369237,0.37888198757763975,0.36193155180496955,11.533377598508935,71.91054968249922,77.34456195244854,1236294.7587721422,1226992.2835510885,20449.871392518144,4.487884736063385,3999.7815887952247,3.094898571197391,53.420264230143395,1000.0,0.313169578459921,37.13036055965602,0.0,0.005019846901854529,0.0,0.0,0.0034837962962962965,15,60,50,high_d60_balanced_adaptive_hybrid,high,60,balanced,adaptive_hybrid,21
11445,11436,5204,4662,4657,2079,62,11374,0,0,363.384007993899,252.20096466093088,827199.8462279241,127358.92230165022,967326.7077934098,12767.939263846381,14855,679552.7190130459,5,0.0,527.1227513494309,16.910503301196602,0,0,57,0.0,399.0,181,366.20096466093116,7871.618107276976,8823.837680252014,317667.6365056257,259.5040162244812,0,0,0,20261142,0409ef385d40668d,adaptive_hybrid,2,1.0,0.98,9,5,0.45505421476040575,0.45548274355613805,0.447018447018447,11.13666686793024,84.58610596304737,111.18304333296811,1089722.0292559715,1080009.1142325397,18000.15190387566,6.103349411015519,5294.4606084270945,4.325066937074686,48.75048442128185,1000.0,0.39459887263557136,45.74572325904045,0.0,0.006100957770248043,0.0,0.0,0.004618055555555556,15,60,50,high_d60_balanced_adaptive_hybrid,high,60,balanced,adaptive_hybrid,22
10468,10460,3422,4240,4236,1246,21,10439,2,2,147.18791470045622,96.4374843646616,531572.4421401115,74497.86970191666,610632.4559985796,4562.144156562128,13017,394903.1617320627,2,0.0,206.15507627593303,6.237168073581171,0,0,19,0.0,133.0,61,134.43748436466157,2853.7380477971133,3242.3880342585926,188234.11259948416,89.18051861600846,0,0,0,20261143,0409ef385d40668d,adaptive_hybrid,2,1.0,0.98,8,4,0.327151051625239,0.3276652655712648,0.294811320754717,7.122167275517845,58.377863862196904,50.75043033579462,1324639.7295515575,1314481.7059520343,21908.028432533905,2.240624739411026,3137.235209991403,1.4863419769334743,53.15390220096054,1000.0,0.2640890391380236,30.337494179308802,0.0,0.0023860541235640395,0.0,0.0,0.0015393518518518519,15,60,50,high_d60_balanced_adaptive_hybrid,high,60,balanced,adaptive_hybrid,23
11959,11949,5322,4865,4858,2126,62,11887,3,3,369.91361738271706,267.0414105176869,798920.8500465897,102408.34859487647,912909.9232777163,11580.724636261762,15117,648091.6236999657,5,0.0,531.3193660661079,17.77050435508983,0,0,61,0.0,427.0,185,389.0414105176874,7190.405177622589,7991.3013579087565,301772.7554562795,278.7119030571267,0,0,0,20261144,0409ef385d40668d,adaptive_hybrid,2,1.0,0.98,10,7,0.4453929199096159,0.44585667697968057,0.4384378211716341,8.57045347684965,76.40052918886235,102.87220686503014,1093306.5557750445,1082248.2452138423,18037.470753564037,6.484023508628123,5029.545924271325,4.645198384285445,43.19622355626355,1000.0,0.39260746901386423,42.871708917110915,0.0,0.0061495296998392126,0.0,0.0,0.00494212962962963,15,60,50,high_d60_balanced_adaptive_hybrid,high,60,balanced,adaptive_hybrid,24
10658,10650,4758,4335,4333,1933,54,10596,2,2,362.62625046385165,225.30594236755337,716447.7121971352,178921.84244993603,906120.1418744414,10750.587227380503,13796,578095.4092411309,6,0.0,634.7692759208003,16.80176377027088,0,0,52,0.0,364.0,160,329.30594236755366,6021.927408508901,7483.1692478323785,272545.7811307961,257.1103935646526,0,0,0,20261145,0409ef385d40668d,adaptive_hybrid,2,1.0,0.98,8,2,0.4467605633802817,0.44717583036216924,0.4463667820069204,16.800172999993993,85.08170346238886,137.32030809629828,1173053.349222196,1164011.2950863754,19400.18825143959,5.488432372792561,4542.429685513269,4.285173226077544,46.769807798952364,1000.0,0.34830369487655777,41.90311751530378,0.0,0.007346866619453707,0.0,0.0,0.004212962962962963,15,60,50,high_d60_balanced_adaptive_hybrid,high,60,balanced,adaptive_hybrid,25
11411,11401,5022,4515,4512,1907,63,11338,1,1,406.2812972525202,267.70372670103006,765020.3317879934,185321.04599023162,962486.8839761587,12145.506197943658,14600,618495.0753512285,6,0.0,638.7693183822591,18.60625257476894,0,0,60,0.0,420.0,186,387.7037267010305,7353.805108069054,8710.25133047437,291250.26646299014,288.0784229017767,0,0,0,20261146,0409ef385d40668d,adaptive_hybrid,2,1.0,0.98,10,3,0.4404876765196035,0.44097800368065904,0.4230343300110742,16.254806244209423,84.42126865855265,138.5775705514901,1132546.5693810903,1122484.4064395567,18708.07344065928,6.461728778350508,4854.171107716503,4.801307048362945,46.82930822835683,1000.0,0.3708074614549498,42.362676393919756,0.0,0.007393163407202074,0.0,0.0,0.004861111111111111,15,60,50,high_d60_balanced_adaptive_hybrid,high,60,balanced,adaptive_hybrid,26
11731,11723,4724,4692,4690,1832,39,11684,0,0,254.60240634878724,164.41244310763312,730904.1056787282,83840.01138606493,822674.6981768836,7930.581112099624,14728,578751.5490723058,3,0.0,322.8967089697645,11.714721289995612,0,0,32,0.0,224.0,110,228.41244310763332,4435.429683765066,5446.281931180161,269899.2756320683,177.23929620133345,0,0,0,20261147,0409ef385d40668d,adaptive_hybrid,2,1.0,0.98,8,2,0.402968523415508,0.40337567129826957,0.3908780903665814,7.151753935516926,70.17612370356424,90.18996324115412,1162302.794730438,1151321.2092624533,19188.686821040887,3.806874051793889,4498.321260534472,2.953988270022224,49.51165391981965,1000.0,0.35427622514975676,39.29600414668019,0.0,0.003737230427890793,0.0,0.0,0.0025925925925925925,15,60,50,high_d60_balanced_adaptive_hybrid,high,60,balanced,adaptive_hybrid,27
11047,11041,4685,4371,4368,1801,64,10977,0,0,387.0995579970228,259.07362988624595,725475.8491099608,87937.62676858017,824218.4942100518,10805.01833151743,13976,584477.965210121,5,0.0,517.3035722039056,17.58662764395117,0,0,62,0.0,434.0,190,383.0736298862463,6076.328145160749,6732.590088175093,271662.0654946293,258.11124557019167,0,0,0,20261148,0409ef385d40668d,adaptive_hybrid,2,1.0,0.98,6,3,0.4243275065664342,0.4246401738028424,0.4127202013269275,7.964643308448526,74.65071046191937,128.02592811077687,1168851.2756997284,1159224.718372498,19320.411972874965,6.384560498104105,4527.701091577155,4.301854092836527,35.434684674605755,1000.0,0.3506381801668176,41.82011771680889,0.0,0.005987309863471129,0.0,0.0,0.005023148148148148,15,60,50,high_d60_balanced_adaptive_hybrid,high,60,balanced,adaptive_hybrid,28
10180,10173,3918,3980,3976,1474,46,10127,1,1,332.1416045131937,184.77678572706316,620078.2532347899,141685.34573304825,771186.6685745724,9423.06960674369,13054,487394.462537413,4,0.0,421.09181690859066,15.517343785363318,0,0,43,0.0,301.0,135,270.7767857270633,5170.124663260079,6324.987510132067,232285.68362998308,243.22441065801317,0,0,0,20261149,0409ef385d40668d,adaptive_hybrid,2,1.0,0.98,7,4,0.3851371276909466,0.3855599214145383,0.371356783919598,13.927587312793497,75.80720225838715,147.36481878613057,1256298.75723667,1247666.6586829699,20794.44431138283,4.512946428784389,3871.428060499718,4.053740177633553,46.85175933431161,1000.0,0.30205624597962777,37.33679045023847,0.0,0.004873747880886466,0.0,0.0,0.0034837962962962965,15,60,50,high_d60_balanced_adaptive_hybrid,high,60,balanced,adaptive_hybrid,29
10920,10910,4256,4402,4399,1642,50,10860,1,1,581.967692033429,232.13859324406206,676871.9815821106,89150.33278637631,775484.9993860285,9462.685017549102,13745,535297.376917888,6,0.0,620.2954713289853,19.130455487451897,0,0,31,0.0,217.0,131,294.13859324406224,4410.519368912495,5665.005687678347,251841.01942343157,107.906905520929,0,0,0,20261120,63aac9a14126b3e4,travel_aware_hybrid,2,1.0,0.98,10,3,0.39010082493125575,0.39065934065934066,0.3736937755565652,8.171432886010662,71.08020159358648,349.8290987893669,1210189.1774850916,1200682.1872632683,20011.369787721138,4.902309887401037,4197.350323723859,1.7984484253488167,43.244318226552274,1000.0,0.32767267917494913,38.94488009588126,0.0,0.007179345732974367,0.0,0.0,0.002511574074074074,15,60,50,high_d60_balanced_travel_aware_hybrid,high,60,balanced,travel_aware_hybrid,0
10819,10810,3767,4312,4310,1445,47,10763,1,1,524.8477249751949,220.0827684998708,605806.2542318226,113418.13861003499,728503.3861121407,9278.993270291265,13518,466790.47492398834,6,0.0,631.7140273386134,18.510580668362397,0,0,25,0.0,175.0,119,270.0827684998709,4464.241036105848,5592.459262615666,220227.59189359026,148.7076238514074,0,0,0,20261121,63aac9a14126b3e4,travel_aware_hybrid,2,1.0,0.98,9,2,0.3484736355226642,0.3490156206673445,0.3355751391465677,10.491964718782146,67.39161758669202,304.7649564753241,1268316.1877573633,1258395.164463838,20973.252741063967,4.501379474997848,3670.459864893171,2.4784603975234565,46.99545598836694,1000.0,0.2953798956903537,34.53103084213555,0.0,0.007311504946048766,0.0,0.0,0.002025462962962963,15,60,50,high_d60_balanced_travel_aware_hybrid,high,60,balanced,travel_aware_hybrid,1
12518,12504,4634,4892,4885,1645,50,12454,1,1,601.3589295745413,277.2547106222796,734504.8488819333,89053.77634529665,833621.4961643205,10062.870937106967,15535,574749.6369069499,7,0.0,744.972743001985,19.44576047624029,0,0,32,0.0,224.0,132,341.2547106222798,5474.84682540221,6341.885913496466,268072.4348703178,94.66609150246626,0,0,0,20261122,63aac9a14126b3e4,travel_aware_hybrid,2,1.0,0.98,14,7,0.37060140754958415,0.3713053203387123,0.3376941946034342,7.122023060244453,66.66838580968654,324.1042189522617,1150923.1443261192,1138455.0186196123,18974.250310326872,5.687578510371329,4467.873914505297,1.577768191707771,48.04459025376111,1000.0,0.360598253152156,36.99707994251367,0.0,0.008622369710671122,0.0,0.0,0.0025925925925925925,15,60,50,high_d60_balanced_travel_aware_hybrid,high,60,balanced,travel_aware_hybrid,2
10389,10385,3674,4215,4213,1412,34,10351,0,0,396.0762339016341,144.2846957169131,563827.6412575155,52518.85347924763,622266.8960297124,5920.4012929613455,12959,428179.42874054133,4,0.0,412.88395461758176,13.478427266332464,0,0,23,0.0,161.0,91,190.28469571691312,2993.86689616247,3443.3395357668105,201593.26005810607,89.36767294622967,0,0,0,20261123,63aac9a14126b3e4,travel_aware_hybrid,2,1.0,0.98,4,2,0.3537794896485315,0.3540282991625758,0.3354685646500593,5.0571837726767095,59.9197781444114,251.79153818472102,1299229.4099058039,1289554.3159451913,21492.571932419854,3.1714115952818855,3359.887667635101,1.4894612157704945,37.838895997437476,1000.0,0.27820588338566454,33.04108563473581,0.0,0.0047787494747405295,0.0,0.0,0.001863425925925926,15,60,50,high_d60_balanced_travel_aware_hybrid,high,60,balanced,travel_aware_hybrid,3
10405,10400,3849,4163,4163,1483,38,10362,0,0,451.5793053188485,158.38136822683603,596188.6330748633,83369.30365630997,686890.1793958291,7332.242664665193,13064,461181.22586970136,6,0.0,648.7050299052945,16.361762541542515,0,0,24,0.0,168.0,100,206.38136822683612,3908.3375923457193,4772.025679050475,216989.63041573126,118.51268397823293,0,0,0,20261124,63aac9a14126b3e4,travel_aware_hybrid,2,1.0,0.98,5,0,0.37009615384615385,0.3703988467083133,0.3562334854672111,8.016279197722113,66.04713263421434,293.19793709201247,1272756.6454976618,1263089.1238430897,21051.48539738483,3.4396894704472687,3616.4938402621874,1.9752113996372154,47.720256790504756,1000.0,0.2929129747235212,35.30168599737457,0.0,0.007508160068348316,0.0,0.0,0.0019444444444444444,15,60,50,high_d60_balanced_travel_aware_hybrid,high,60,balanced,travel_aware_hybrid,4
11041,11032,3556,4345,4341,1304,34,10998,0,0,388.8594527231152,150.28732598539668,571044.1475942959,48279.4331716602,625496.8809936737,6173.300227728814,13674,428916.84807361354,3,0.0,325.7075215531479,12.30523073389585,0,0,22,0.0,154.0,90,194.2873259853967,3401.6631390928815,4019.11268199143,203655.43068847354,64.64174531403008,0,0,0,20261125,63aac9a14126b3e4,travel_aware_hybrid,2,1.0,0.98,9,4,0.3223350253807107,0.3228874196177882,0.3010356731875719,4.376308300549329,56.6984119827478,238.57212673771855,1289760.9042041735,1279209.7154144866,21320.161923574775,3.2381220997566116,3394.2571781412257,1.0773624219005014,44.65680757768256,1000.0,0.2834661643310147,31.367328365775453,0.0,0.0037697629809392117,0.0,0.0,0.0017824074074074075,15,60,50,high_d60_balanced_travel_aware_hybrid,high,60,balanced,travel_aware_hybrid,5
11828,11818,5525,4715,4710,2119,49,11769,1,1,575.3502435098364,233.5709048946173,830894.5278085298,111256.51813379728,953020.8394153295,10869.793473013238,15189,677387.8607064266,6,0.0,649.155321610887,19.011190589836737,0,0,27,0.0,189.0,125,287.57090489461734,5684.762123881544,6998.257509077313,312896.24394418445,116.12522184315915,0,0,0,20261126,63aac9a14126b3e4,travel_aware_hybrid,2,1.0,0.98,10,5,0.4675071924183449,0.4679573892458573,0.45047720042417816,9.414157906058325,80.64146551153576,341.7793386152191,1077228.7548997244,1066891.913449376,17781.53189082293,4.7928484149102895,5214.93739906974,1.9354203640526526,55.98606007261851,1000.0,0.40153958061126427,44.59726517258717,0.0,0.007513371777903784,0.0,0.0,0.0021875,15,60,50,high_d60_balanced_travel_aware_hybrid,high,60,balanced,travel_aware_hybrid,6
11430,11426,4561,4570,4567,1752,43,11383,1,1,527.7864459315751,181.50593022780143,713455.6702178584,91232.49488506594,814454.1755420554,9766.010439142457,14433,564409.9028821752,6,0.0,632.496541091563,18.663467004821868,0,0,29,0.0,203.0,115,239.5059302278016,4791.368435200847,6098.396588393494,267155.39206181903,125.43089921371197,0,0,0,20261127,63aac9a14126b3e4,travel_aware_hybrid,2,1.0,0.98,4,3,0.39917731489585156,0.3993875765529309,0.38402625820568925,7.984639846408712,71.28077853510024,346.28051570377374,1176741.6606968965,1166136.1807113888,19435.60301185648,3.9917655037966933,4452.589867696984,2.0905149868951995,53.029535551247776,1000.0,0.34625463294616865,39.105515338611184,0.0,0.007320561818189387,0.0,0.0,0.002349537037037037,15,60,50,high_d60_balanced_travel_aware_hybrid,high,60,balanced,travel_aware_hybrid,7
11393,11387,4397,4407,4405,1621,34,11353,0,0,369.88006794064444,145.7339320422352,667146.6987115826,129019.83606674816,804310.3620087771,8143.827230457169,14304,519233.7931849025,4,0.0,425.0525806368989,13.076306772483257,0,0,16,0.0,112.0,84,177.73393204223532,3887.5722173717286,5377.194735226036,245651.5283084815,105.77174139353869,0,0,0,20261128,63aac9a14126b3e4,travel_aware_hybrid,2,1.0,0.98,6,2,0.3861420918591376,0.38646537347494075,0.3682777399591559,11.330450168327756,70.6340881714918,224.14613589840923,1205160.027652718,1194312.8505821566,19905.214176369274,2.962232200703922,4094.1921384746915,1.7628623565589783,64.01422303840519,1000.0,0.3304666513040456,36.29990164883267,0.0,0.004919590053667811,0.0,0.0,0.0012962962962962963,15,60,50,high_d60_balanced_travel_aware_hybrid,high,60,balanced,travel_aware_hybrid,8
11998,11993,5185,4782,4779,1992,58,11935,1,1,692.6454341968096,265.1278503395297,786884.679110211,163099.67823109357,962315.7396078111,12331.382266518374,15206,633476.4886315028,7,0.0,769.3365151482683,24.409870700581433,0,0,38,0.0,266.0,154,341.1278503395298,6327.747616560269,7924.52717060438,294271.5584473876,188.6369945332533,0,0,0,20261129,63aac9a14126b3e4,travel_aware_hybrid,2,1.0,0.98,5,3,0.43233552905861755,0.43257209534922486,0.41718946047678795,13.599572936804266,80.23978484180864,427.5175838572799,1110851.6225732793,1099744.088207258,18329.06813678763,5.685464172325497,4904.525974123127,3.143949908887555,51.457968640288186,1000.0,0.38286020968151147,41.659640183579036,0.0,0.008904357814216068,0.0,0.0,0.0030787037037037037,15,60,50,high_d60_balanced_travel_aware_hybrid,high,60,balanced,travel_aware_hybrid,9
10742,10733,4156,4260,4258,1586,43,10690,1,1,463.017914109068,197.27092909613856,622904.0426733578,89392.50912074436,720084.6323539495,7788.0805598527095,13529,482304.63512275007,5,0.0,564.663393762619,16.481635063226378,0,0,24,0.0,168.0,110,245.27092909613876,3602.812269089432,5228.440680717707,225875.6212875307,120.397043801598,0,0,0,20261130,63aac9a14126b3e4,travel_aware_hybrid,2,1.0,0.98,9,2,0.3872169943165937,0.3877304040215975,0.3727699530516432,8.32875329551331,67.09071390607933,265.74698501292943,1244808.6084721545,1234158.8636430744,20569.314394051242,4.087848818268979,3764.5936881255116,2.0066173966933,47.53127891561552,1000.0,0.30843966195991424,35.6496884561128,0.0,0.006535455946326608,0.0,0.0,0.0019444444444444444,15,60,50,high_d60_balanced_travel_aware_hybrid,high,60,balanced,travel_aware_hybrid,10
9340,9331,3218,3731,3729,1257,31,9300,0,0,326.00347078866076,127.47319641898133,529532.7508432857,51567.915381041144,586563.6499732964,5462.983748974013,11795,404286.60750154575,3,0.0,329.96200355122096,10.133516991196121,0,0,18,0.0,126.0,80,163.4731964189814,2660.730876141111,3688.6234253045895,192809.41098774763,34.27010818756761,0,0,0,20261131,63aac9a14126b3e4,travel_aware_hybrid,2,1.0,0.98,9,2,0.3448719322687815,0.3455032119914347,0.33744304476011794,5.526515419680757,62.861820809484136,198.53027436967943,1335832.9532719865,1327628.1249972866,22127.135416621444,2.72455327364969,3213.490183129127,0.5711684697927935,46.10779281630737,1000.0,0.2578705815155631,34.27610067838455,0.0,0.003819004670731724,0.0,0.0,0.0014583333333333334,15,60,50,high_d60_balanced_travel_aware_hybrid,high,60,balanced,travel_aware_hybrid,11
10130,10118,3253,4100,4097,1186,38,10080,0,0,444.9286591971787,168.01338217742395,538036.4947060898,92943.9845887419,638878.0376605892,7897.558365763314,12658,407266.4287502484,5,0.0,523.6397206687861,14.942853149570754,0,0,20,0.0,140.0,96,208.0133821774241,4069.1150053681968,4889.373052349749,194223.88907598695,86.92882074937461,0,0,0,20261132,63aac9a14126b3e4,travel_aware_hybrid,2,1.0,0.98,12,3,0.32150622652698163,0.32230997038499504,0.29,9.186003616202996,63.14271967390682,276.91527701975474,1325722.2265123518,1316659.74861931,21944.32914365517,3.466889702957068,3237.064817933116,1.4488136791562434,50.930969295309886,1000.0,0.2634876519375824,32.17462701455589,0.0,0.006060644915147987,0.0,0.0,0.0016203703703703703,15,60,50,high_d60_balanced_travel_aware_hybrid,high,60,balanced,travel_aware_hybrid,12
9975,9972,3464,3996,3996,1321,35,9937,2,2,365.7859514581439,174.03496590362826,570321.5742971876,72214.93159450352,650867.1545346432,8330.648642951091,12577,440798.94047201297,4,0.0,420.24221846271087,12.300180963451048,0,0,24,0.0,168.0,94,222.03496590362826,4729.067892561992,5417.415248399049,211360.55746614526,77.18845291572747,0,0,0,20261133,63aac9a14126b3e4,travel_aware_hybrid,2,1.0,0.98,3,0,0.3473726434015243,0.3475689223057644,0.3305805805805806,7.2417701157745205,65.26946996937858,191.75098555451567,1300950.1705604417,1292577.6441153167,21542.960735255278,3.7005827650604712,3522.6759577690877,1.2864742152621245,57.63207711062818,1000.0,0.277249905244199,35.04801943802282,0.0,0.004863914565540635,0.0,0.0,0.0019444444444444444,15,60,50,high_d60_balanced_travel_aware_hybrid,high,60,balanced,travel_aware_hybrid,13
11917,11913,4749,4640,4638,1688,38,11875,0,0,408.531466915772,170.71087695110702,734925.6477257882,68420.39991584542,811351.3146434883,8005.267001865708,14904,581330.3003165893,6,0.0,629.1232830904976,14.183787748686667,0,0,23,0.0,161.0,99,216.7108769511072,4294.405837574274,5190.4108987073905,271144.794955805,101.55419524439469,0,0,0,20261134,63aac9a14126b3e4,travel_aware_hybrid,2,1.0,0.98,4,2,0.39864014102241246,0.398841990433834,0.3642241379310345,5.743339202203091,68.10638081452936,237.82058996466498,1159020.540347037,1147679.5478363188,19127.992463938648,3.61184794918512,4519.079915930083,1.6925699207399114,52.42839291623627,1000.0,0.3560996998072017,39.00498526010395,0.0,0.007281519480214093,0.0,0.0,0.001863425925925926,15,60,50,high_d60_balanced_travel_aware_hybrid,high,60,balanced,travel_aware_hybrid,14
10733,10726,3342,4241,4238,1249,40,10686,0,0,474.0604777236788,171.8737707229115,553785.6924909522,71014.30435042985,632930.4111323026,8130.41429093075,13138,416357.2310597399,5,0.0,530.6805901936475,16.152774533458377,0,0,29,0.0,203.0,109,229.8737707229116,4243.420153536806,4988.564946065566,199113.4139096467,100.9014367909477,0,0,0,20261135,63aac9a14126b3e4,travel_aware_hybrid,2,1.0,0.98,7,3,0.3115793399216856,0.3120283238609895,0.2952133930676727,6.620763038451413,59.008988544872516,302.1867070007673,1314047.7335136577,1304755.9507707402,21745.93251284567,3.8312295120485262,3318.556898494112,1.6816906131824616,45.766650881335465,1000.0,0.2699734813813013,31.691066453017193,0.0,0.006142136460574624,0.0,0.0,0.002349537037037037,15,60,50,high_d60_balanced_travel_aware_hybrid,high,60,balanced,travel_aware_hybrid,15
10624,10616,4085,4117,4111,1515,49,10567,1,1,630.9067475178214,217.42544802603317,652072.462668383,114482.15917846255,777298.3105352109,10743.688688370674,13525,515470.8916458369,7,0.0,774.6258657948448,21.0482275267771,0,0,27,0.0,189.0,125,271.42544802603334,5412.5343421618545,6589.418221882992,243380.2137666978,146.47538375447974,0,0,0,20261136,63aac9a14126b3e4,travel_aware_hybrid,2,1.0,0.98,8,6,0.3847965335342879,0.3852597891566265,0.3694437697352441,10.783926071822018,73.2195092817644,413.4812994917882,1233114.192638925,1224112.9584197402,20401.882640329004,4.523757467100555,4056.33689611163,2.441256395907996,52.71534577506394,1000.0,0.31493655964504164,38.11245039895282,0.0,0.008965577150403296,0.0,0.0,0.0021875,15,60,50,high_d60_balanced_travel_aware_hybrid,high,60,balanced,travel_aware_hybrid,16
11146,11144,4707,4462,4461,1840,54,11090,4,4,701.0785509344582,293.7004327746431,744038.8687578042,124679.39855130977,880228.929394951,11510.662085851394,14165,599604.5210089502,8,0.0,858.8040874261753,23.592914313016415,0,0,28,0.0,196.0,136,349.7004327746433,5331.734864929008,6891.038777270329,282886.5174971684,146.13042576592727,0,0,0,20261137,63aac9a14126b3e4,travel_aware_hybrid,2,1.0,0.98,2,1,0.4223797559224695,0.4224834021173515,0.4125952487673689,11.18802930288135,78.98680270952539,407.37811815981513,1160089.1869285381,1150427.9895086426,19173.799825144044,5.828340546244054,4714.775291619473,2.435507096098788,50.66940277404654,1000.0,0.3555060072619233,42.33000501298625,0.0,0.009939862122988141,0.0,0.0,0.0022685185185185187,15,60,50,high_d60_balanced_travel_aware_hybrid,high,60,balanced,travel_aware_hybrid,17
11582,11571,4177,4675,4671,1574,45,11526,1,1,555.6420807572712,188.54832416068913,648135.8969370187,53011.371951149595,708625.3872197516,7478.118331594351,14398,499281.5213845615,6,0.0,638.4141410819205,17.91005612143231,0,0,29,0.0,203.0,119,246.54832416068928,3936.3430865691457,4567.636628336086,231705.00447748892,82.57027689527001,0,0,0,20261138,63aac9a14126b3e4,travel_aware_hybrid,2,1.0,0.98,11,4,0.3609886785930343,0.361595579347263,0.33754010695187164,4.581399356248345,61.24149919797352,367.093756596582,1226422.5020888953,1215123.2174270472,20252.05362378412,4.109138736011488,3861.7500746248156,1.3761712815878335,38.3835010784545,1000.0,0.3186541655061693,34.67714414394787,0.0,0.0073890525588185246,0.0,0.0,0.002349537037037037,15,60,50,high_d60_balanced_travel_aware_hybrid,high,60,balanced,travel_aware_hybrid,18
10459,10452,3705,4179,4176,1407,34,10418,1,1,360.36575506600036,147.41763316103905,575885.4674166418,72187.27932542405,653919.6552725255,5846.90853047097,13095,439894.5342992762,4,0.0,448.0412218008561,12.13609659010605,0,0,23,0.0,161.0,91,193.4176331610391,3015.4520165857894,3491.70569647286,207701.16222808202,88.51184677083485,0,0,0,20261139,63aac9a14126b3e4,travel_aware_hybrid,2,1.0,0.98,7,3,0.35447761194029853,0.35490964719380436,0.3374012921751615,6.906551791563725,62.56406958213983,212.9481219049613,1291069.7978974024,1280924.1814816399,21348.73635802733,3.223627219350652,3461.6860371347,1.4751974461805808,38.37039226893253,1000.0,0.2827390011681098,33.59255702934526,0.0,0.00518566228936176,0.0,0.0,0.001863425925925926,15,60,50,high_d60_balanced_travel_aware_hybrid,high,60,balanced,travel_aware_hybrid,19
11676,11665,3844,4600,4595,1326,43,11622,1,1,481.401916620251,212.95251782898964,606021.7543137901,41388.36567305705,655596.0009196206,8185.880932785982,14338,458119.55223659205,5,0.0,542.553060982346,16.59514107060659,0,0,23,0.0,161.0,109,258.95251782898976,3895.143482680926,4827.0240453169135,214420.0467516989,100.67929168858625,0,0,0,20261140,63aac9a14126b3e4,travel_aware_hybrid,2,1.0,0.98,11,5,0.3295327903986284,0.3301644398766701,0.2893478260869565,3.548081069271929,56.201971789080204,268.44939879126133,1251583.0637357961,1239776.9212659986,20662.948687766642,4.315875297149829,3573.667445861648,1.6779881948097708,44.28462426896251,1000.0,0.30467607570233546,31.951426435806393,0.0,0.006279549316925301,0.0,0.0,0.001863425925925926,15,60,50,high_d60_balanced_travel_aware_hybrid,high,60,balanced,travel_aware_hybrid,20
10787,10775,3959,4266,4259,1484,50,10725,2,2,452.92538690459907,222.6559707271298,632625.3129679798,123757.21279021598,767244.8488902734,10862.323132088837,13558,495079.49587093695,6,0.0,631.8766286883604,15.297474625777193,0,0,35,0.0,245.0,135,292.65597072712995,5740.122394668413,7638.260420397215,238642.6269591132,93.73991939313984,0,0,0,20261141,63aac9a14126b3e4,travel_aware_hybrid,2,1.0,0.98,12,7,0.3674245939675174,0.36812830258644663,0.349507735583685,11.485588193987562,71.20601845849404,230.26941617746925,1244220.9347010578,1234583.6536739182,20576.394227898636,4.877599512118833,3977.37711598522,1.562331989885664,56.57970681775715,1000.0,0.3087661473883012,36.515673098608715,0.0,0.0073133869061152825,0.0,0.0,0.0028356481481481483,15,60,50,high_d60_balanced_travel_aware_hybrid,high,60,balanced,travel_aware_hybrid,21
11445,11439,5278,4662,4660,2088,59,11380,0,0,733.9233618750086,255.0642209314297,829516.0661799661,134022.48175614377,977452.0224738754,13913.474537775302,14848,680695.3105390423,8,0.0,853.140597997017,24.678177585282253,0,0,34,0.0,238.0,152,323.06422093142993,7142.452571362477,9632.880605977112,318980.3992979083,134.8850181296328,0,0,0,20261142,63aac9a14126b3e4,travel_aware_hybrid,2,1.0,0.98,6,2,0.46140396887839846,0.4616863259065094,0.44830544830544833,11.716276051765345,85.44907968125496,478.8591409435789,1086272.15559913,1076601.4791180172,17943.35798530029,5.384403682190499,5316.339988298471,2.24808363549388,63.37421451300732,1000.0,0.3965154691115944,45.84424235850231,0.0,0.009874312476817327,0.0,0.0,0.0027546296296296294,15,60,50,high_d60_balanced_travel_aware_hybrid,high,60,balanced,travel_aware_hybrid,22
10468,10458,3398,4240,4237,1229,35,10423,1,1,340.62027224305587,194.8266068479292,527745.7382568327,72078.37304567714,606367.2000410404,6543.088738541044,12989,392184.7125691692,4,0.0,446.5195594527529,12.474640505227134,0,0,21,0.0,147.0,91,236.8266068479292,3292.0795271070097,4069.707406830821,185905.38526774448,108.11119843622207,0,0,0,20261143,63aac9a14126b3e4,travel_aware_hybrid,2,1.0,0.98,10,3,0.32491872250908393,0.32556362246847537,0.29056603773584905,6.892175659368631,57.98118187426281,145.79366539512665,1328597.3291802346,1318514.6278367618,21975.243797279363,3.9471101141321534,3098.423087795741,1.8018533072703677,44.72205941572331,1000.0,0.2618903726776475,30.193603246529307,0.0,0.005168050456629085,0.0,0.0,0.0017013888888888888,15,60,50,high_d60_balanced_travel_aware_hybrid,high,60,balanced,travel_aware_hybrid,23
11959,11951,5355,4865,4859,2126,52,11899,1,1,586.6507575029835,234.5909878751902,802813.0266500153,99795.21324161571,914074.165925051,11465.926033426183,15101,649997.2488121109,7,0.0,731.4127609276532,20.72240401995237,0,0,36,0.0,252.0,140,306.5909878751905,6068.909839123149,7552.360683450945,302488.932932372,143.06735837853822,0,0,0,20261144,63aac9a14126b3e4,travel_aware_hybrid,2,1.0,0.98,8,6,0.4480796586059744,0.44844886696212055,0.4382322713257965,8.350365094269577,76.48516157016576,352.05976962779334,1093004.3532792435,1081749.4892773135,18029.15815462189,5.109849797919841,5041.482215539533,2.384455972975637,53.945433453221035,1000.0,0.3927753592893092,43.043324866704914,0.0,0.00846542547369969,0.0,0.0,0.002916666666666667,15,60,50,high_d60_balanced_travel_aware_hybrid,high,60,balanced,travel_aware_hybrid,24
10658,10653,4626,4335,4332,1874,49,10604,0,0,504.4334163456117,212.90649268055526,698257.088026364,164392.3285680741,873402.8734343785,10753.456839952012,13687,559295.2038149717,5,0.0,529.6485993837548,17.4286125032672,0,0,33,0.0,231.0,131,278.9064926805554,5180.251485351488,7307.586814284014,261326.22258656862,108.50551497431067,0,0,0,20261145,63aac9a14126b3e4,travel_aware_hybrid,2,1.0,0.98,5,3,0.43424387496479866,0.4345092887971477,0.43298731257208767,15.431552479871781,81.98656467045701,291.5269236650564,1190891.9046290133,1181614.4119459235,19693.57353243206,4.648441544675923,4355.437043109477,1.8084252495718445,55.78310545254972,1000.0,0.33839338631721483,40.86324277160603,0.0,0.006130192122497162,0.0,0.0,0.002673611111111111,15,60,50,high_d60_balanced_travel_aware_hybrid,high,60,balanced,travel_aware_hybrid,25
11411,11399,5024,4515,4511,1931,48,11351,1,1,527.0938147867828,246.19464987440284,764588.5699451407,177427.68320806345,952780.2428576581,10763.989704465828,14578,615928.032563972,5,0.0,555.3314672635432,18.897941049739156,0,0,24,0.0,168.0,120,294.194649874403,5486.845564046337,7151.6880001911195,290552.95912745997,146.77420683331513,0,0,0,20261146,63aac9a14126b3e4,travel_aware_hybrid,2,1.0,0.98,12,4,0.44074041582594964,0.4413285426343002,0.42857142857142855,15.565197228534384,83.58454626350189,280.89916491237994,1135277.4904493096,1125205.8449056034,18753.430748426723,4.903244164573383,4842.549318791,2.4462367805552523,59.59740000159266,1000.0,0.3692902830837169,42.25051670763973,0.0,0.006427447537772491,0.0,0.0,0.0019444444444444444,15,60,50,high_d60_balanced_travel_aware_hybrid,high,60,balanced,travel_aware_hybrid,26
11731,11721,4708,4692,4689,1814,46,11675,0,0,604.6608333911539,201.58095111652645,727108.0754073104,86379.03898845855,824828.446541534,11341.332145776438,14727,577945.7888012893,6,0.0,640.7309540988724,20.47725160225615,0,0,27,0.0,189.0,119,255.58095111652656,5809.494880409891,7098.898168780963,269583.1553782669,126.91222907123544,0,0,0,20261147,63aac9a14126b3e4,travel_aware_hybrid,2,1.0,0.98,10,3,0.40167221226857774,0.40218225215241665,0.3872549019607843,7.369596364513143,70.37184937646396,403.0798822746275,1164957.2523551611,1154283.9974727952,19238.066624546587,4.259682518608776,4493.052589637781,2.115203817853924,59.654606460344226,1000.0,0.3528015264693549,39.24395931291433,0.0,0.007415867524292505,0.0,0.0,0.0021875,15,60,50,high_d60_balanced_travel_aware_hybrid,high,60,balanced,travel_aware_hybrid,27
11047,11041,4676,4371,4368,1799,51,10990,2,2,519.8153911134002,224.0126421452384,722749.2033357221,78986.28247875604,812319.6019779275,10584.116163458673,13937,580999.8520876126,6,0.0,634.5488633284997,17.19666138838172,0,0,37,0.0,259.0,139,298.0126421452386,6089.198535987487,7227.050326156434,270918.8928938733,92.26986687574895,0,0,0,20261148,63aac9a14126b3e4,travel_aware_hybrid,2,1.0,0.98,6,3,0.42351236301059686,0.42382547297908935,0.41226264012811714,7.1539065735672525,73.57300987029504,295.80274896816184,1171172.4614697841,1161381.3871791186,19356.35645298531,4.96687736908731,4515.3148815645545,1.5378311145958157,51.993167814075065,1000.0,0.3493486325167866,41.68758356085331,0.0,0.007344315547783561,0.0,0.0,0.0029976851851851853,15,60,50,high_d60_balanced_travel_aware_hybrid,high,60,balanced,travel_aware_hybrid,28
10180,10175,3921,3980,3978,1455,38,10137,0,0,495.3691170201933,178.5645600336952,615749.7909985932,145554.52196468716,770948.3404223348,9644.027459066283,13031,482448.82607304485,5,0.0,523.3093291264095,17.517168019109295,0,0,13,0.0,91.0,89,204.56456003369524,4428.181868689404,5800.22510020202,229080.91017606348,141.98577982701656,0,0,0,20261149,63aac9a14126b3e4,travel_aware_hybrid,2,1.0,0.98,5,2,0.3853562653562654,0.3856581532416503,0.36608040201005027,14.305112723802177,75.76887866558573,316.80455698649814,1258024.1755964519,1249310.162875764,20821.836047929402,3.4094093338949207,3818.015169601058,2.366429663783609,65.17106854159573,1000.0,0.30109768022419336,37.02316215739735,0.0,0.006056820938963072,0.0,0.0,0.0010532407407407407,15,60,50,high_d60_balanced_travel_aware_hybrid,high,60,balanced,travel_aware_hybrid,29
