created,completed,late,urgent_created,urgent_completed,urgent_late,robot_completed,human_completed,failures,human_interventions,gross_manual_minutes_avoided,robot_human_burden_minutes,human_transport_minutes,total_wait_minutes,total_cycle_minutes,robot_busy_minutes,elevator_requests,elevator_wait_minutes,charging_sessions,charging_wait_minutes,charging_minutes,robot_energy_kwh,robot_batches,batched_requests,decontamination_sessions,decontamination_wait_minutes,decontamination_minutes,human_support_tasks,human_support_minutes,human_support_travel_minutes,human_support_wait_minutes,human_empty_travel_minutes,robot_empty_travel_minutes,battery_forced_charges,battery_infeasible_missions,passenger_elevator_requests,seed,scenario_hash,policy,fleet_size,demand_multiplier,reliability,incomplete,urgent_incomplete,late_fraction,late_or_incomplete_fraction,urgent_late_fraction,mean_wait_minutes,mean_cycle_minutes,net_released_minutes,human_idle_minutes,human_contiguous_idle_minutes,human_contiguous_idle_minutes_per_100_beds_day,human_support_minutes_per_100_beds_day,human_empty_travel_minutes_per_100_beds_day,robot_empty_travel_minutes_per_100_beds_day,mean_human_support_wait_minutes,staffed_hours_per_day,human_utilization,mean_elevator_wait_minutes,mean_charging_wait_minutes,charging_utilization,mean_robot_batch_size,mean_decontamination_wait_minutes,decontamination_utilization,staff_night,staff_day,staff_evening,variant,staffing_name,specimen_deadline,task_mix,policy_name,replication
10920,10910,614,9159,9152,599,0,10910,0,0,0.0,0.0,158052.60895553028,211.60959092142912,158264.21854644135,0.0,14504,13469.461973508181,0,0.0,0.0,0.0,0,0,0,0.0,0.0,0,0.0,0.0,0.0,47202.534720923584,0.0,0,0,0,20261120,e81ae418a5d0e6fe,human_only,0,1.0,0.98,10,7,0.05627864344637947,0.05714285714285714,0.06616442843105143,0.01939592950700542,14.506344504715065,0.0,735912.7933685125,720400.7296455089,12006.678827425148,0.0,786.708912015393,0.0,0.0,496.0,0.1757249178220066,0.9286722265242817,0.0,0.0,0.0,0.0,0.0,8,30,24,moderate_d25_source_human_only,moderate,25,source,human_only,0
10819,10800,565,9148,9130,548,0,10800,0,0,0.0,0.0,155045.97762770072,1114.5593162343866,156160.5369439263,0.0,14396,11337.200241470673,0,0.0,0.0,0.0,0,0,0,0.0,0.0,0,0.0,0.0,0.0,46176.61697865735,0.0,0,0,0,20261121,e81ae418a5d0e6fe,human_only,0,1.0,0.98,19,18,0.052314814814814814,0.05397911082355116,0.061871447310887624,0.10319993668836913,14.459308976289472,0.0,739588.6527964651,724266.2547839977,12071.10424639996,0.0,769.6102829776225,0.0,0.0,496.0,0.17160769176023172,0.7875243290824308,0.0,0.0,0.0,0.0,0.0,8,30,24,moderate_d25_source_human_only,moderate,25,source,human_only,1
12518,12506,669,10552,10542,644,0,12506,0,0,0.0,0.0,180625.4618129077,147.98148693735493,180773.44329983144,0.0,16515,16197.49498699122,0,0.0,0.0,0.0,0,0,0,0.0,0.0,0,0.0,0.0,0.0,53608.80384466846,0.0,0,0,0,20261122,e81ae418a5d0e6fe,human_only,0,1.0,0.98,12,10,0.053494322725091956,0.05440166160728551,0.06197877179681577,0.01183283919217615,14.45493709418131,0.0,713683.8384955074,694588.894133607,11576.48156889345,0.0,893.4800640778077,0.0,0.0,496.0,0.20062294075323994,0.9807747494393715,0.0,0.0,0.0,0.0,0.0,8,30,24,moderate_d25_source_human_only,moderate,25,source,human_only,2
10389,10380,591,8735,8727,579,0,10380,0,0,0.0,0.0,148880.6616519723,388.578104670898,149269.23975663254,0.0,13840,10884.681521624843,0,0.0,0.0,0.0,0,0,0,0.0,0.0,0,0.0,0.0,0.0,44012.76439203556,0.0,0,0,0,20261123,e81ae418a5d0e6fe,human_only,0,1.0,0.98,9,8,0.0569364161849711,0.057753393011839446,0.06720091585575272,0.03743527019950848,14.380466257864406,0.0,745789.3989230676,731083.2730492641,12184.721217487735,0.0,733.5460732005927,0.0,0.0,496.0,0.16466241160050676,0.7864654278630667,0.0,0.0,0.0,0.0,0.0,8,30,24,moderate_d25_source_human_only,moderate,25,source,human_only,3
10405,10398,631,8736,8733,616,0,10398,0,0,0.0,0.0,150211.5396464637,1040.261360681101,151251.8010071335,0.0,13824,12146.180449311723,0,0.0,0.0,0.0,0,0,0,0.0,0.0,0,0.0,0.0,0.0,44830.89210601815,0.0,0,0,0,20261124,e81ae418a5d0e6fe,human_only,0,1.0,0.98,7,3,0.06068474706674361,0.061316674675636715,0.0708562271062271,0.10004437013667061,14.546239758331746,0.0,744669.7893626442,729890.1548564573,12164.835914274288,0.0,747.1815351003025,0.0,0.0,496.0,0.16591645456693083,0.8786299514837763,0.0,0.0,0.0,0.0,0.0,8,30,24,moderate_d25_source_human_only,moderate,25,source,human_only,4
11041,11032,572,9270,9264,554,0,11032,0,0,0.0,0.0,158320.66945457802,76.00286655418313,158396.67232112156,0.0,14713,12549.764003569022,0,0.0,0.0,0.0,0,0,0,0.0,0.0,0,0.0,0.0,0.0,47361.668815418285,0.0,0,0,0,20261125,e81ae418a5d0e6fe,human_only,0,1.0,0.98,9,6,0.05184916606236403,0.05262204510461009,0.06040992448759439,0.0068893098761949895,14.357928963118344,0.0,735891.0978056387,720267.0872673534,12004.45145445589,0.0,789.3611469236381,0.0,0.0,496.0,0.17574921840766278,0.8529711142234093,0.0,0.0,0.0,0.0,0.0,8,30,24,moderate_d25_source_human_only,moderate,25,source,human_only,5
11828,11813,608,10005,9996,596,0,11813,0,0,0.0,0.0,169536.22243653864,109.0763349053559,169645.29877143353,0.0,15729,14148.328840348948,0,0.0,0.0,0.0,0,0,0,0.0,0.0,0,0.0,0.0,0.0,50858.29419291959,0.0,0,0,0,20261126,e81ae418a5d0e6fe,human_only,0,1.0,0.98,15,9,0.05146872090070262,0.05267162664863037,0.06046976511744128,0.00923358460216337,14.360898905564508,0.0,724549.4061949367,707020.2740367523,11783.671233945872,0.0,847.6382365486598,0.0,0.0,496.0,0.18845272603613716,0.89950593428374,0.0,0.0,0.0,0.0,0.0,8,30,24,moderate_d25_source_human_only,moderate,25,source,human_only,6
11430,11421,681,9643,9634,662,0,11421,0,0,0.0,0.0,167025.02710915537,515.480498598472,167540.5076077424,0.0,15219,14750.389532015379,0,0.0,0.0,0.0,0,0,0,0.0,0.0,0,0.0,0.0,0.0,50685.4441930835,0.0,0,0,0,20261127,e81ae418a5d0e6fe,human_only,0,1.0,0.98,9,9,0.059627002889414235,0.06036745406824147,0.06958415430882506,0.04513444519730952,14.669512968018772,0.0,727771.0953854804,711249.2811256731,11854.154685427884,0.0,844.7574032180584,0.0,0.0,496.0,0.18484420319726658,0.9692088528822773,0.0,0.0,0.0,0.0,0.0,8,30,24,moderate_d25_source_human_only,moderate,25,source,human_only,7
11393,11381,734,9621,9613,707,0,11381,0,0,0.0,0.0,164806.5320773385,2196.3132864668387,167002.84536379558,0.0,15087,14310.67376249098,0,0.0,0.0,0.0,0,0,0,0.0,0.0,0,0.0,0.0,0.0,49710.791105871525,0.0,0,0,0,20261128,e81ae418a5d0e6fe,human_only,0,1.0,0.98,12,8,0.06449345400228451,0.06547880277363294,0.07431659910612202,0.19298069470756865,14.673828781635672,0.0,730236.2087000789,714129.7158557463,11902.161930929105,0.0,828.5131850978588,0.0,0.0,496.0,0.18208309957428437,0.9485433659767336,0.0,0.0,0.0,0.0,0.0,8,30,24,moderate_d25_source_human_only,moderate,25,source,human_only,8
11998,11982,895,10141,10130,836,0,11982,0,0,0.0,0.0,178165.87627120005,2239.676039191556,180405.55231037943,0.0,15978,19257.459657729672,0,0.0,0.0,0.0,0,0,0,0.0,0.0,0,0.0,0.0,0.0,54474.71210940504,0.0,0,0,0,20261129,e81ae418a5d0e6fe,human_only,0,1.0,0.98,16,11,0.07469537639793022,0.07592932155359226,0.08352233507543634,0.18692005000764111,15.056380596760093,0.0,717120.9419122773,699611.9632434895,11660.199387391493,0.0,907.911868490084,0.0,0.0,496.0,0.19677313853911593,1.2052484452202825,0.0,0.0,0.0,0.0,0.0,8,30,24,moderate_d25_source_human_only,moderate,25,source,human_only,9
10742,10726,688,9026,9011,665,0,10726,0,0,0.0,0.0,157037.14008177174,1553.0991120067101,158590.23919377063,0.0,14354,13774.33314591758,0,0.0,0.0,0.0,0,0,0,0.0,0.0,0,0.0,0.0,0.0,47137.89846755732,0.0,0,0,0,20261130,e81ae418a5d0e6fe,human_only,0,1.0,0.98,16,15,0.06414320343091554,0.06553714392105753,0.07533791269665412,0.14479760507241377,14.785590079598231,0.0,737866.0093448187,722366.8728132173,12039.447880220288,0.0,785.6316411259554,0.0,0.0,496.0,0.1735371759130615,0.9596163540419103,0.0,0.0,0.0,0.0,0.0,8,30,24,moderate_d25_source_human_only,moderate,25,source,human_only,10
9340,9329,492,7811,7801,486,0,9329,0,0,0.0,0.0,134184.69696250354,12.927562163391485,134197.62452465753,0.0,12554,8407.183861796111,0,0.0,0.0,0.0,0,0,0,0.0,0.0,0,0.0,0.0,0.0,39527.52731696202,0.0,0,0,0,20261131,e81ae418a5d0e6fe,human_only,0,1.0,0.98,11,10,0.05273877157251581,0.053854389721627406,0.06350019203687107,0.0013857393250500038,14.384995661341787,0.0,760128.1048103329,747462.9053739791,12457.715089566318,0.0,658.792121949367,0.0,0.0,496.0,0.14860203314254827,0.6696816840685129,0.0,0.0,0.0,0.0,0.0,8,30,24,moderate_d25_source_human_only,moderate,25,source,human_only,11
10130,10120,597,8463,8453,577,0,10120,0,0,0.0,0.0,147252.3332926707,559.6518048069811,147811.98509746924,0.0,13618,11436.728283787923,0,0.0,0.0,0.0,0,0,0,0.0,0.0,0,0.0,0.0,0.0,43689.493313853745,0.0,0,0,0,20261132,e81ae418a5d0e6fe,human_only,0,1.0,0.98,10,10,0.05899209486166008,0.05992102665350444,0.06936074678010162,0.05530156173982027,14.60592738117285,0.0,746783.7360903509,732542.4447523261,12209.040745872102,0.0,728.1582218975624,0.0,0.0,496.0,0.1635486826944994,0.8398243709640125,0.0,0.0,0.0,0.0,0.0,8,30,24,moderate_d25_source_human_only,moderate,25,source,human_only,12
9975,9972,569,8353,8351,557,0,9972,0,0,0.0,0.0,144897.7661520462,428.43093978951947,145326.19709182947,0.0,13371,10832.57387967097,0,0.0,0.0,0.0,0,0,0,0.0,0.0,0,0.0,0.0,0.0,43241.12802588267,0.0,0,0,0,20261133,e81ae418a5d0e6fe,human_only,0,1.0,0.98,3,2,0.05705976734857601,0.057343358395989974,0.06692206392912727,0.04296339147508218,14.573425300023011,0.0,749291.4503563041,735355.4248191768,12255.92374698628,0.0,720.6854670980445,0.0,0.0,496.0,0.16073986295216836,0.8101543549226662,0.0,0.0,0.0,0.0,0.0,8,30,24,moderate_d25_source_human_only,moderate,25,source,human_only,13
11917,11908,651,10055,10048,632,0,11908,0,0,0.0,0.0,169723.00233864898,27.744390126015787,169750.74672876074,0.0,15683,14463.983713481302,0,0.0,0.0,0.0,0,0,0,0.0,0.0,0,0.0,0.0,0.0,50146.6217228457,0.0,0,0,0,20261134,e81ae418a5d0e6fe,human_only,0,1.0,0.98,9,7,0.05466912999664091,0.05538306620793824,0.06355047240179015,0.0023298950391346814,14.255185314810275,0.0,724943.4220917462,707064.2686932991,11784.404478221653,0.0,835.7770287140951,0.0,0.0,496.0,0.18801139998684335,0.9222714859071162,0.0,0.0,0.0,0.0,0.0,8,30,24,moderate_d25_source_human_only,moderate,25,source,human_only,14
10733,10726,592,8993,8988,578,0,10726,0,0,0.0,0.0,153707.82819486872,90.31498029972136,153798.14317515877,0.0,14138,11092.600413066484,0,0.0,0.0,0.0,0,0,0,0.0,0.0,0,0.0,0.0,0.0,45404.516154820725,0.0,0,0,0,20261135,e81ae418a5d0e6fe,human_only,0,1.0,0.98,7,5,0.05519298899869476,0.05580918662070251,0.06482819971088624,0.008420192084628133,14.338816257240236,0.0,740340.7886832753,725308.369225361,12088.472820422683,0.0,756.7419359136787,0.0,0.0,496.0,0.17076524565045326,0.7845947385108561,0.0,0.0,0.0,0.0,0.0,8,30,24,moderate_d25_source_human_only,moderate,25,source,human_only,15
10624,10617,709,9011,9006,686,0,10617,0,0,0.0,0.0,156202.71543127802,1019.755418676421,157222.47084994527,0.0,14294,14570.367522039256,0,0.0,0.0,0.0,0,0,0,0.0,0.0,0,0.0,0.0,0.0,47152.272550988586,0.0,0,0,0,20261136,e81ae418a5d0e6fe,human_only,0,1.0,0.98,7,5,0.06677969294527644,0.06739457831325302,0.07668405282432582,0.09604930005429227,14.808558995002851,0.0,738613.8301951165,723818.1996792393,12063.636661320656,0.0,785.8712091831432,0.0,0.0,496.0,0.17269956295349864,1.0193345125254831,0.0,0.0,0.0,0.0,0.0,8,30,24,moderate_d25_source_human_only,moderate,25,source,human_only,16
11146,11140,568,9396,9392,559,0,11140,0,0,0.0,0.0,160515.04742056763,162.00332875706226,160677.05074931437,0.0,14825,12794.180854654063,0,0.0,0.0,0.0,0,0,0,0.0,0.0,0,0.0,0.0,0.0,47494.94538448703,0.0,0,0,0,20261137,e81ae418a5d0e6fe,human_only,0,1.0,0.98,6,4,0.05098743267504488,0.05149829535259286,0.05991911451681567,0.014542489116432878,14.423433639974359,0.0,734083.4317176361,717365.8397127663,11956.097328546106,0.0,791.5824230747838,0.0,0.0,496.0,0.1777739340080241,0.8630138856427698,0.0,0.0,0.0,0.0,0.0,8,30,24,moderate_d25_source_human_only,moderate,25,source,human_only,17
11582,11574,536,9757,9750,517,0,11574,0,0,0.0,0.0,164088.8611064957,206.32386026898712,164295.18496675132,0.0,15349,11683.87784108308,0,0.0,0.0,0.0,0,0,0,0.0,0.0,0,0.0,0.0,0.0,48446.35672017594,0.0,0,0,0,20261138,e81ae418a5d0e6fe,human_only,0,1.0,0.98,8,7,0.04631069638845688,0.046969435330685545,0.05370503228451368,0.017826495616812436,14.195194830374229,0.0,730229.1840872874,713359.4641321041,11889.324402201735,0.0,807.439278669599,0.0,0.0,496.0,0.18209096764416732,0.7612142707070871,0.0,0.0,0.0,0.0,0.0,8,30,24,moderate_d25_source_human_only,moderate,25,source,human_only,18
10459,10450,610,8766,8758,593,0,10450,0,0,0.0,0.0,151110.52016760007,525.4244506503619,151635.94461824163,0.0,14036,12014.015904359045,0,0.0,0.0,0.0,0,0,0,0.0,0.0,0,0.0,0.0,0.0,45456.56156003904,0.0,0,0,0,20261139,e81ae418a5d0e6fe,human_only,0,1.0,0.98,9,8,0.05837320574162679,0.05918347834400994,0.06856034679443304,0.05027985173687674,14.510616709879582,0.0,743134.8611029509,728390.3416805377,12139.83902800896,0.0,757.609359333984,0.0,0.0,496.0,0.16763568424848696,0.855942996890784,0.0,0.0,0.0,0.0,0.0,8,30,24,moderate_d25_source_human_only,moderate,25,source,human_only,19
11676,11661,556,9844,9830,540,0,11661,0,0,0.0,0.0,164017.95680255376,160.58385655841994,164178.54065910119,0.0,15327,12030.310610714101,0,0.0,0.0,0.0,0,0,0,0.0,0.0,0,0.0,0.0,0.0,48147.06125575149,0.0,0,0,0,20261140,e81ae418a5d0e6fe,human_only,0,1.0,0.98,15,14,0.04768030186090387,0.048903734155532716,0.056277935798455914,0.013771019342974011,14.079284851993927,0.0,730150.0248237811,712980.6737971322,11883.011229952204,0.0,802.4510209291915,0.0,0.0,496.0,0.1821796316937936,0.7849096764346644,0.0,0.0,0.0,0.0,0.0,8,30,24,moderate_d25_source_human_only,moderate,25,source,human_only,20
10787,10770,683,9060,9045,653,0,10770,0,0,0.0,0.0,155609.7161059217,1236.4051117699073,156846.12121768,0.0,14257,13515.550016813244,0,0.0,0.0,0.0,0,0,0,0.0,0.0,0,0.0,0.0,0.0,46729.01267761623,0.0,0,0,0,20261141,e81ae418a5d0e6fe,human_only,0,1.0,0.98,17,15,0.06341689879294336,0.06489292667099286,0.07373068432671082,0.11480084603248908,14.563242452895079,0.0,739110.5226235708,724164.8017988597,12069.413363314328,0.0,778.8168779602705,0.0,0.0,496.0,0.17214323182843783,0.9479939690547271,0.0,0.0,0.0,0.0,0.0,8,30,24,moderate_d25_source_human_only,moderate,25,source,human_only,21
11445,11435,770,9600,9591,738,0,11435,0,0,0.0,0.0,169572.7655337642,281.37967336413203,169854.14520711635,0.0,15370,17734.948807505505,0,0.0,0.0,0.0,0,0,0,0.0,0.0,0,0.0,0.0,0.0,51110.870243757665,0.0,0,0,0,20261142,e81ae418a5d0e6fe,human_only,0,1.0,0.98,10,9,0.06733712286838653,0.06815203145478375,0.0778125,0.024606880049333802,14.853882396774495,0.0,724703.8651429107,707809.088321792,11796.818138696533,0.0,851.847837395961,0.0,0.0,496.0,0.18827972094208023,1.1538678469424533,0.0,0.0,0.0,0.0,0.0,8,30,24,moderate_d25_source_human_only,moderate,25,source,human_only,22
10468,10459,589,8859,8852,567,0,10459,0,0,0.0,0.0,149961.91084635086,1391.3807223384774,151353.29156867813,0.0,13967,10431.5319715112,0,0.0,0.0,0.0,0,0,0,0.0,0.0,0,0.0,0.0,0.0,44908.251409132296,0.0,0,0,0,20261143,e81ae418a5d0e6fe,human_only,0,1.0,0.98,9,7,0.05631513529018071,0.057126480703095145,0.06479286601196524,0.13303190767171597,14.471105418173643,0.0,744483.2717899609,729905.8033108641,12165.096721847736,0.0,748.4708568188715,0.0,0.0,496.0,0.1661253676187714,0.7468699055997136,0.0,0.0,0.0,0.0,0.0,8,30,24,moderate_d25_source_human_only,moderate,25,source,human_only,23
11959,11942,621,10031,10018,603,0,11942,0,0,0.0,0.0,169956.16746062975,254.88795692459826,170211.05541754424,0.0,15728,14088.197226523622,0,0.0,0.0,0.0,0,0,0,0.0,0.0,0,0.0,0.0,0.0,50471.12453600922,0.0,0,0,0,20261144,e81ae418a5d0e6fe,human_only,0,1.0,0.98,17,13,0.05200133980907721,0.0533489422192491,0.061409630146545706,0.021343824897387228,14.253144818082752,0.0,724057.2679578355,706487.9426993377,11774.799044988962,0.0,841.185408933487,0.0,0.0,496.0,0.18900395614041732,0.8957399050434652,0.0,0.0,0.0,0.0,0.0,8,30,24,moderate_d25_source_human_only,moderate,25,source,human_only,24
10658,10641,702,8952,8936,661,0,10641,0,0,0.0,0.0,157429.94592776074,2194.3306717187006,159624.2765994678,0.0,14374,14946.02673514662,0,0.0,0.0,0.0,0,0,0,0.0,0.0,0,0.0,0.0,0.0,48001.6601225606,0.0,0,0,0,20261145,e81ae418a5d0e6fe,human_only,0,1.0,0.98,17,16,0.06597124330420073,0.06746106211296679,0.07562555853440572,0.20621470460658778,15.000871778918127,0.0,737638.5174541948,722344.2165816748,12039.070276361246,0.0,800.0276687093433,0.0,0.0,496.0,0.17379198313822264,1.0397959325968151,0.0,0.0,0.0,0.0,0.0,8,30,24,moderate_d25_source_human_only,moderate,25,source,human_only,25
11411,11394,701,9622,9606,668,0,11394,0,0,0.0,0.0,165889.4130226943,1080.9654967016977,166970.37851938495,0.0,15180,14768.432674713333,0,0.0,0.0,0.0,0,0,0,0.0,0.0,0,0.0,0.0,0.0,50281.46973099926,0.0,0,0,0,20261146,e81ae418a5d0e6fe,human_only,0,1.0,0.98,17,16,0.061523608916973845,0.0629217421785996,0.07108709208064852,0.09487146714952586,14.654237187939701,0.0,728952.9812466708,711657.0562603328,11860.950937672214,0.0,838.0244955166544,0.0,0.0,496.0,0.18352040630973254,0.9728875279784804,0.0,0.0,0.0,0.0,0.0,8,30,24,moderate_d25_source_human_only,moderate,25,source,human_only,26
11731,11718,591,9831,9820,577,0,11718,0,0,0.0,0.0,166867.4475201597,389.04632586527623,167256.49384601504,0.0,15491,12871.55136508158,0,0.0,0.0,0.0,0,0,0,0.0,0.0,0,0.0,0.0,0.0,49425.6316765565,0.0,0,0,0,20261147,e81ae418a5d0e6fe,human_only,0,1.0,0.98,13,11,0.050435227854582695,0.051487511721080896,0.05981080256332011,0.03320074465482815,14.273467643455799,0.0,727163.3274572243,710004.7027408304,11833.411712347173,0.0,823.7605279426083,0.0,0.0,496.0,0.18552494684450693,0.8309051297580259,0.0,0.0,0.0,0.0,0.0,8,30,24,moderate_d25_source_human_only,moderate,25,source,human_only,27
11047,11036,659,9294,9285,641,0,11036,0,0,0.0,0.0,158936.49378036422,72.527843928925,159009.02162428538,0.0,14575,14081.166984281961,0,0.0,0.0,0.0,0,0,0,0.0,0.0,0,0.0,0.0,0.0,46923.47498058273,0.0,0,0,0,20261148,e81ae418a5d0e6fe,human_only,0,1.0,0.98,11,9,0.059713664371148965,0.060649950212727434,0.06993759414676134,0.006571932215379213,14.408211455625715,0.0,735149.6507370522,719219.1017916147,11986.985029860245,0.0,782.0579163430455,0.0,0.0,496.0,0.17657969227480708,0.9661178033812666,0.0,0.0,0.0,0.0,0.0,8,30,24,moderate_d25_source_human_only,moderate,25,source,human_only,28
10180,10169,767,8580,8569,727,0,10169,0,0,0.0,0.0,151449.46739604286,2403.6155333967035,153853.0829294282,0.0,13745,14432.972868586063,0,0.0,0.0,0.0,0,0,0,0.0,0.0,0,0.0,0.0,0.0,46029.53590316637,0.0,0,0,0,20261149,e81ae418a5d0e6fe,human_only,0,1.0,0.98,11,11,0.07542531222342413,0.07642436149312377,0.08601398601398601,0.23636695185334877,15.129617752918497,0.0,743665.248212633,729673.4093894621,12161.223489824368,0.0,767.1589317194395,0.0,0.0,496.0,0.16704161266506168,1.0500525913849446,0.0,0.0,0.0,0.0,0.0,8,30,24,moderate_d25_source_human_only,moderate,25,source,human_only,29
10920,10911,736,9159,9152,720,205,10706,5,5,1709.462712255684,833.3044591943152,155518.9157503712,236.6179481482868,161440.11329195558,5684.579593445069,14717,13997.595413973308,25,0.0,2664.2852030201884,83.27864143802458,0,0,205,0.0,1435.0,615,1243.3044591943103,1639.5617448778128,1652.2569369696048,47864.48236201508,1375.7384192570162,0,0,0,20261120,fd11b739944f442a,adaptive_hybrid,2,1.0,0.98,9,7,0.06745486206580516,0.06822344322344322,0.07937547767223496,0.021686183498147448,14.796087736408724,876.1582530613688,735540.7112123792,719241.3440607934,11987.355734346556,20.721740986571838,797.7413727002513,22.928973654283602,2.686596645479032,496.0,0.1761416765094319,0.9511174433630025,0.0,0.030836634294215143,0.0,0.0,0.016608796296296295,8,30,24,moderate_d25_source_adaptive_hybrid,moderate,25,source,adaptive_hybrid,0
10819,10801,806,9148,9131,785,423,10378,6,6,3443.6438191737766,1737.674460610122,149219.0073143699,1090.92246178419,161589.4631422216,11279.533366076546,14787,12336.603012152844,52,0.0,5501.401297285385,167.0090700880565,0,0,423,0.0,2961.0,1269,2583.674460610126,3252.9148445883116,3264.713034152939,46599.96477398425,2716.0432635899815,0,0,0,20261121,fd11b739944f442a,adaptive_hybrid,2,1.0,0.98,18,17,0.07462272011850754,0.0761623070524078,0.08766943594228246,0.10100198701825665,14.960602087049494,1705.9693585636546,739589.0409759576,722980.6304735353,12049.677174558921,43.061241010168764,776.6660795664042,45.26738772649969,2.5726659055578716,496.0,0.17160725697137358,0.8342870773079627,0.0,0.06367362612598826,0.0,0.0,0.034270833333333334,8,30,24,moderate_d25_source_adaptive_hybrid,moderate,25,source,adaptive_hybrid,1
12518,12506,845,10552,10543,823,294,12212,4,4,2408.975822164686,1183.2425223064408,176465.21157100663,248.43084183270003,184908.79577190982,8195.15335908279,16782,17325.782228715118,36,0.0,3839.1064871244807,117.91992594981646,0,0,294,0.0,2058.0,882,1771.2425223064315,2464.0157645192858,2472.018346123079,54244.772689407015,1930.0837413646036,0,0,0,20261122,fd11b739944f442a,adaptive_hybrid,2,1.0,0.98,12,9,0.06756756756756757,0.06846141556159131,0.07884761182714177,0.01986493217917,14.785606570598897,1225.7332998582453,713539.7908677423,693715.2362461179,11561.920604101964,29.520708705107193,904.0795448234502,32.168062356076724,2.802741889028434,496.0,0.20078428442233165,1.0324027069905326,0.0,0.044434102860237044,0.0,0.0,0.023819444444444445,8,30,24,moderate_d25_source_adaptive_hybrid,moderate,25,source,adaptive_hybrid,2
10389,10377,745,8735,8724,729,286,10091,5,5,2366.1292754710767,1181.6466507983737,144772.75869501886,355.8175397924351,152854.83318154272,7726.256946740112,14122,11496.983211015642,35,0.0,3748.220170747182,113.94197795690182,0,0,286,0.0,2002.0,858,1753.646650798366,2216.5581391572805,2225.6132613305235,44524.77338824589,1814.3769652767903,0,0,0,20261123,fd11b739944f442a,adaptive_hybrid,2,1.0,0.98,12,11,0.07179338922617327,0.07286553084993744,0.08471665712650257,0.03428905654740629,14.730156421079572,1184.482624672703,745931.8059407447,730551.2558274753,12175.854263791256,29.227444179972768,742.0795564707648,30.239616087946505,2.5939548500355754,496.0,0.16450290553232005,0.8141186242044782,0.0,0.043382177902166454,0.0,0.0,0.023171296296296297,8,30,24,moderate_d25_source_adaptive_hybrid,moderate,25,source,adaptive_hybrid,3
10405,10399,740,8736,8732,720,193,10206,1,1,1537.7354418402354,774.8606799265948,147909.72805126666,1127.0508833992972,154149.91531591857,5113.136381261085,13989,13046.484172154336,24,0.0,2569.3987454601765,76.83770893449629,0,0,193,0.0,1351.0,579,1160.8606799265901,1432.2224100128105,1443.8598053077767,45230.964082960694,1272.905253737116,0,0,0,20261124,fd11b739944f442a,adaptive_hybrid,2,1.0,0.98,6,4,0.07116068852774306,0.07169629985583854,0.08287545787545787,0.10838069847093924,14.823532581586553,762.8747619136406,744448.622494859,729344.8023424597,12155.746705707661,19.3476779987765,753.8494013826783,21.215087562285266,2.49371296253502,496.0,0.16616417731310595,0.9326245029776493,0.0,0.02973841140578908,0.0,0.0,0.015636574074074074,8,30,24,moderate_d25_source_adaptive_hybrid,moderate,25,source,adaptive_hybrid,4
11041,11033,623,9270,9265,606,112,10921,2,2,908.0678143611839,454.6084247157071,156163.90419250051,47.58662825236388,159360.23460876185,3148.7437880196703,14826,12453.61113779695,14,0.0,1483.9886483892471,44.93414409099623,0,0,112,0.0,784.0,336,678.6084247157067,896.1635858098232,898.4942726863919,47125.18244477417,763.9820913681566,0,0,0,20261125,fd11b739944f442a,adaptive_hybrid,2,1.0,0.98,8,5,0.05646696274811928,0.0571506204148175,0.06591154261057174,0.0043131177605695535,14.44396216883548,453.4593896454768,736498.2356250455,720504.0565284655,12008.400942141092,11.310140411928446,785.4197074129028,12.733034856135943,2.6740900972809283,496.0,0.17506918052750287,0.8399845634558849,0.0,0.01717579454154221,0.0,0.0,0.009074074074074075,8,30,24,moderate_d25_source_adaptive_hybrid,moderate,25,source,adaptive_hybrid,5
11828,11814,855,10005,9996,834,385,11429,5,5,3143.981224491302,1546.3501897898736,164924.5392214074,71.43223939343807,175491.53471445182,10495.563253661052,16123,15721.202331723864,46,0.0,4938.839870305736,152.43047626466395,0,0,385,0.0,2695.0,1155,2316.3501897898677,3038.9451130667703,3042.464948460125,52035.595043498804,2489.534195965771,0,0,0,20261126,fd11b739944f442a,adaptive_hybrid,2,1.0,0.98,14,9,0.0723717623158964,0.07346973283733514,0.08425787106446776,0.006046405907689019,14.85453992842829,1597.6310347014282,723761.3101931897,705236.6441623282,11753.944069372137,38.605836496497794,867.2599173916467,41.49223659942951,2.6341687865455627,496.0,0.1893354500524309,0.9750792241967291,0.0,0.05716249849890899,0.0,0.0,0.03119212962962963,8,30,24,moderate_d25_source_adaptive_hybrid,moderate,25,source,adaptive_hybrid,6
11430,11420,826,9643,9635,809,304,11116,6,6,2532.5083889222037,1304.9655410717678,162257.9917547516,448.3023830492475,170985.18040918032,8278.886271388614,15490,15175.767786178201,36,0.0,3887.0820031827293,121.72528662104511,0,0,304,0.0,2128.0,912,1912.965541071758,2315.6467296965825,2325.618147985717,50750.06972904053,1949.8373427915767,0,0,0,20261127,fd11b739944f442a,adaptive_hybrid,2,1.0,0.98,10,8,0.0723292469352014,0.0731408573928259,0.08472467074561858,0.039255900442140765,14.972432610260974,1227.542847850436,728325.2718358422,710998.8243398423,11849.980405664039,31.882759017862632,845.8344954840088,32.49728904652628,2.550019899107146,496.0,0.18422348584695103,0.9797138661186702,0.0,0.04498937503683714,0.0,0.0,0.02462962962962963,8,30,24,moderate_d25_source_adaptive_hybrid,moderate,25,source,adaptive_hybrid,7
11393,11384,846,9621,9614,813,237,11147,5,5,1887.8864314885727,982.4267271783901,161759.4847745812,2305.0199970920894,170668.0286667002,6603.523895036813,15378,15294.75882181313,28,0.0,2999.26485567391,92.96329401729561,0,0,237,0.0,1659.0,711,1456.426727178384,2070.965238576872,2094.2691244996277,50707.0236031613,1535.205721472398,0,0,0,20261128,fd11b739944f442a,adaptive_hybrid,2,1.0,0.98,9,7,0.07431482782853127,0.07504608092688493,0.0852302255482798,0.20247891752390104,14.991921000237193,905.4597043101826,729663.0438782241,712448.4936560674,11874.141560934457,24.2737787863064,845.1170600526883,25.586762024539965,2.945526194795538,496.0,0.18272508526184572,0.9945869958260586,0.0,0.034713713607336924,0.0,0.0,0.01920138888888889,8,30,24,moderate_d25_source_adaptive_hybrid,moderate,25,source,adaptive_hybrid,8
11998,11989,1054,10141,10136,1006,320,11669,7,7,2596.954142959692,1341.314133828496,173304.88462534585,2194.2071578035684,184533.44925076072,9034.35746762439,16319,19953.02721965033,39,0.0,4135.69488835927,126.68000980386886,0,0,320,0.0,2240.0,960,1981.3141338284865,2760.1167865975776,2784.217272258582,54805.98669748629,2107.3638794045187,0,0,0,20261129,fd11b739944f442a,adaptive_hybrid,2,1.0,0.98,9,5,0.08791392109433648,0.08859809968328054,0.099694310225816,0.18301836331667098,15.391896676183228,1255.640009131196,717324.9281472708,699230.7120165764,11653.845200276273,33.02190223047477,913.4331116247715,35.122731323408644,2.9002263252693563,496.0,0.19654465933325405,1.2226868815276872,0.0,0.047866838985639704,0.0,0.0,0.025925925925925925,8,30,24,moderate_d25_source_adaptive_hybrid,moderate,25,source,adaptive_hybrid,9
10742,10724,915,9026,9010,889,425,10299,14,14,3437.4244457977343,1834.5651955118676,151153.82795412978,1557.4687615767089,164241.6399616155,11530.343245917551,14768,14589.116556367168,51,0.0,5467.567214504534,168.6735535906309,0,0,425,0.0,2975.0,1275,2684.5651955118747,3347.5077379156387,3368.095346564007,47953.42905751662,2742.4926541516484,0,0,0,20261130,fd11b739944f442a,adaptive_hybrid,2,1.0,0.98,18,16,0.08532264080566952,0.08685533420219699,0.10026589851539995,0.1452320740000661,15.315333827080893,1602.8592502858667,737692.4417116186,721146.5753461877,12019.109589103127,44.742753258531245,799.2238176252771,45.708210902527476,2.6416434090698093,496.0,0.17373158410436984,0.9878870907615904,0.0,0.06328202794565432,0.0,0.0,0.03443287037037037,8,30,24,moderate_d25_source_adaptive_hybrid,moderate,25,source,adaptive_hybrid,10
9340,9327,567,7811,7798,560,194,9133,4,4,1598.7657970747712,792.2737797699743,131117.9826437913,9.222488378172784,136088.84676198376,4961.641629822185,12721,8455.26608556003,24,0.0,2575.0308158071743,77.67226947429229,0,0,194,0.0,1358.0,582,1180.273779769969,1327.4021421123393,1331.1072158971983,39675.784066592845,1276.7791985271158,0,0,0,20261131,fd11b739944f442a,adaptive_hybrid,2,1.0,0.98,13,13,0.060791251206175616,0.06209850107066381,0.07335808475227244,0.0009887947226517406,14.590848800470008,806.4920173047968,760629.2347482167,747444.773862048,12457.4128977008,19.67122966283282,661.2630677765475,21.279653308785264,2.28712580051065,496.0,0.14804073168882537,0.6646699226130045,0.0,0.02980359740517563,0.0,0.0,0.015717592592592592,8,30,24,moderate_d25_source_adaptive_hybrid,moderate,25,source,adaptive_hybrid,11
10130,10119,682,8463,8452,660,208,9911,5,5,1710.795456372215,840.3084858628382,143910.60989300747,718.7622313840948,150310.76423910251,5681.39211471759,13809,11660.61705015676,26,0.0,2843.249810297821,85.66790696614302,0,0,208,0.0,1456.0,624,1256.3084858628335,1592.1431234113757,1606.9258483441663,43803.54142559316,1447.331778775062,0,0,0,20261132,fd11b739944f442a,adaptive_hybrid,2,1.0,0.98,11,11,0.06739796422571401,0.0684106614017769,0.0792863050927567,0.07103095477656832,14.854310133323699,870.4869705093769,747269.746197936,732724.6611104799,12212.077685174665,20.938474764380558,730.059023759886,24.1221963129177,2.575201680038728,496.0,0.16300431653456993,0.8444215403111565,0.0,0.03290798391548404,0.0,0.0,0.01685185185185185,8,30,24,moderate_d25_source_adaptive_hybrid,moderate,25,source,adaptive_hybrid,12
9975,9969,680,8353,8348,668,211,9758,9,9,1709.569192183748,894.4380152597095,141572.58402103212,408.4455497930394,147850.90630873945,5869.8767379216915,13649,11026.228735820148,25,0.0,2668.3973892194185,82.00208815493788,0,0,211,0.0,1477.0,633,1316.4380152597043,1838.9529200666786,1845.8523684872835,43543.12654569155,1325.651604623743,0,0,0,20261133,fd11b739944f442a,adaptive_hybrid,2,1.0,0.98,6,5,0.06821145551208747,0.0687719298245614,0.0805698551418652,0.04097156683649708,14.831066938382932,815.1311769240386,749427.6054455218,734856.5831965024,12247.609719941707,21.94063358766174,725.7187757615259,22.094193410395714,2.916038496820353,496.0,0.16058735949202307,0.8078415074965307,0.0,0.030884229041891417,0.0,0.0,0.017094907407407406,8,30,24,moderate_d25_source_adaptive_hybrid,moderate,25,source,adaptive_hybrid,13
11917,11904,911,10055,10045,892,550,11354,7,7,4386.602036781049,2278.24445402038,161875.34169293084,63.32436615103143,176173.9336830002,14235.267623930136,16215,15092.964041175219,67,0.0,7174.128221975538,216.06917652180098,0,0,550,0.0,3850.0,1650,3378.2444540204056,3802.2335518587115,3806.6449130690326,50557.27825409101,3616.7906601039726,0,0,0,20261134,fd11b739944f442a,adaptive_hybrid,2,1.0,0.98,13,10,0.07652889784946236,0.07753629269111353,0.08970661362506216,0.005319587210268097,14.799557601058485,2108.3575827606687,725663.527410204,706463.6816456361,11774.394694093935,56.304074233673425,842.6213042348502,60.27984433506621,2.307057523072141,496.0,0.1872048304097177,0.9308025927335936,0.0,0.08303389145805021,0.0,0.0,0.04456018518518518,8,30,24,moderate_d25_source_adaptive_hybrid,moderate,25,source,adaptive_hybrid,14
10733,10725,656,8993,8987,639,135,10590,2,2,1100.0192856515946,578.6186394325995,151962.54502809027,37.783506635740196,155915.4784106586,3915.1498759412752,14264,11821.440170883856,16,0.0,1694.0499321038542,53.64562979794495,0,0,135,0.0,945.0,405,848.6186394325974,1227.0517389640097,1229.3680274262479,45903.76885329023,891.014743174629,0,0,0,20261135,fd11b739944f442a,adaptive_hybrid,2,1.0,0.98,8,6,0.061165501165501165,0.06186527531910929,0.07172245079506283,0.0035229376816540976,14.537573744583552,521.4006462189951,739956.6174980329,724488.0681107903,12074.80113517984,14.143643990543291,765.0628142215039,14.85024571957715,3.035476610929007,496.0,0.1711955449170779,0.8287605279643757,0.0,0.019607059399350164,0.0,0.0,0.0109375,8,30,24,moderate_d25_source_adaptive_hybrid,moderate,25,source,adaptive_hybrid,15
10624,10613,854,9011,9004,827,340,10273,6,6,2722.5998500733444,1368.846729113804,151364.23873541667,1103.7129263736606,161573.61646055127,9105.66479876893,14618,14969.953083647039,41,0.0,4437.657158143847,132.68904341890672,0,0,340,0.0,2380.0,1020,2048.8467291137954,2696.942707437913,2708.797868374215,47641.41743425908,2189.0821905194894,0,0,0,20261136,fd11b739944f442a,adaptive_hybrid,2,1.0,0.98,11,7,0.08046735136153774,0.08141942771084337,0.09255354566640772,0.10399631832409881,15.224122911575547,1353.7531209595404,738687.0173626795,723161.7813651416,12052.696356085693,34.14744548522992,794.023623904318,36.484703175324825,2.6556841846806027,496.0,0.17261758807943606,1.024076691999387,0.0,0.05136177266370193,0.0,0.0,0.027546296296296298,8,30,24,moderate_d25_source_adaptive_hybrid,moderate,25,source,adaptive_hybrid,16
11146,11140,676,9396,9392,664,174,10966,5,5,1356.1281196389518,785.3763256750777,158485.1983024875,132.28389556724142,163370.31519889485,4752.833000851057,14990,13547.240939491072,20,0.0,2130.3999981914008,66.41204469791508,0,0,174,0.0,1218.0,522,1133.3763256750733,1361.5690717044936,1365.722294213123,48025.27604524909,1103.1228133860081,0,0,0,20261137,fd11b739944f442a,adaptive_hybrid,2,1.0,0.98,6,4,0.06068222621184919,0.061187870087923917,0.07109408258833547,0.011874676442301743,14.665198850888228,570.7517939638741,733583.3472377795,716775.4301795508,11946.25716965918,18.88960542791789,800.4212674208181,18.385380223100135,2.6163262341247564,496.0,0.17833406447381328,0.9037518972308921,0.0,0.024657407386474546,0.0,0.0,0.014097222222222223,8,30,24,moderate_d25_source_adaptive_hybrid,moderate,25,source,adaptive_hybrid,17
11582,11571,653,9757,9748,633,217,11354,3,3,1786.1844995618364,857.7594423911346,161463.98572325511,319.55134811929565,167472.31191800645,5688.7748466435805,15556,12378.030478336965,26,0.0,2755.7279868359747,86.20860048558706,0,0,217,0.0,1519.0,651,1291.7594423911294,1621.8075009114807,1628.611467161456,49078.6863610328,1392.4205816657895,0,0,0,20261138,fd11b739944f442a,adaptive_hybrid,2,1.0,0.98,11,9,0.056434188920577305,0.05733034018304265,0.06579891360049195,0.027616571438881313,14.47345189854001,928.4250571707018,729880.1832322516,712466.6660370565,11874.444433950941,21.529324039852156,817.9781060172133,23.207009694429825,2.5017073228286573,496.0,0.18248187361978996,0.7957077962417693,0.0,0.0318949998476386,0.0,0.0,0.01758101851851852,8,30,24,moderate_d25_source_adaptive_hybrid,moderate,25,source,adaptive_hybrid,18
10459,10451,725,8766,8759,708,146,10305,6,6,1188.1510921760687,631.8405949339834,149058.2107950166,517.2106138239851,153699.75917473563,4124.337765904465,14189,12404.946932028757,17,0.0,1846.4563496624908,58.607691822910084,0,0,146,0.0,1022.0,438,923.8405949339809,1192.2467784800317,1196.5282414843296,45601.0407636423,992.503996599103,0,0,0,20261139,fd11b739944f442a,adaptive_hybrid,2,1.0,0.98,8,7,0.0693713520237298,0.07008318194856104,0.08156513803331052,0.04948910284412832,14.70670358575597,556.3104972420853,743144.4448367278,728039.5778645778,12133.99296440963,15.397343248899682,760.017346060705,16.541733276651716,2.7317996380920766,496.0,0.1676249497796507,0.874265059696156,0.0,0.02137102256553809,0.0,0.0,0.011828703703703704,8,30,24,moderate_d25_source_adaptive_hybrid,moderate,25,source,adaptive_hybrid,19
11676,11661,693,9844,9830,676,282,11379,9,9,2343.9395912678788,1182.130667965396,160121.7147120094,208.3187116315312,167957.51321710204,7627.479793472736,15633,12540.03581340469,35,0.0,3693.0613255015187,113.30873394835733,0,0,282,0.0,1974.0,846,1746.1306679653871,2235.447317871711,2244.1810591450103,48592.28537301928,1816.3306311654442,0,0,0,20261140,fd11b739944f442a,adaptive_hybrid,2,1.0,0.98,15,14,0.05942886544893234,0.06063720452209661,0.07009345794392523,0.017864566643643873,14.403354190644201,1161.8089233024828,730103.6896848049,712544.5085475824,11875.741809126373,29.10217779942312,809.8714228836546,30.272177186090737,2.6526962874054494,496.0,0.1822315303709623,0.802151590443593,0.0,0.042743765341452765,0.0,0.0,0.022847222222222224,8,30,24,moderate_d25_source_adaptive_hybrid,moderate,25,source,adaptive_hybrid,20
10787,10771,896,9060,9047,867,360,10411,7,7,3077.6199639447104,1494.1847167369892,150375.06736400147,1205.0766681145724,161513.24354431397,9933.099512208752,14618,14162.199509874003,44,0.0,4743.267276127192,146.71168273937033,0,0,360,0.0,2520.0,1080,2214.1847167369833,2826.1034007791745,2837.5135082059587,47374.67235721548,2345.855673739701,0,0,0,20261141,fd11b739944f442a,adaptive_hybrid,2,1.0,0.98,16,13,0.0831863336737536,0.08454621303420784,0.09713024282560706,0.11188159577704693,14.995194832820905,1583.4352472077212,739361.5793602356,723740.4580697098,12062.340967828497,36.90307861228305,789.5778726202581,39.097594562328354,2.6273273224129245,496.0,0.1718620302864745,0.9688192303922563,0.0,0.05489892680702769,0.0,0.0,0.029166666666666667,8,30,24,moderate_d25_source_adaptive_hybrid,moderate,25,source,adaptive_hybrid,21
11445,11436,863,9600,9592,833,158,11278,3,3,1244.2573997098511,651.2183429640746,167725.24557183354,358.132177346386,172396.45026147677,4313.072512307297,15572,18390.16534408024,19,0.0,2064.68055294295,61.097059929421995,0,0,158,0.0,1106.0,474,967.2183429640717,1336.725177286386,1349.728802421827,51660.818407948376,1026.627998064825,0,0,0,20261142,fd11b739944f442a,adaptive_hybrid,2,1.0,0.98,9,8,0.0754634487583071,0.0761904761904762,0.08760416666666666,0.03131620998132092,15.074890718911925,593.0390567457765,724218.7526914193,707037.4738702246,11783.957897837076,16.12030571606786,861.0136401324729,17.11046663441375,2.84752911903339,496.0,0.1888230816628368,1.1809764541536245,0.0,0.02389676565906192,0.0,0.0,0.012800925925925926,8,30,24,moderate_d25_source_adaptive_hybrid,moderate,25,source,adaptive_hybrid,22
10468,10460,631,8859,8852,614,82,10378,2,2,646.3928603936798,346.74934836632735,148844.81212157916,1436.0567885701457,152779.75000689545,2498.8810967569952,14058,10756.528747955485,10,0.0,1058.1716365981333,32.61044534846183,0,0,82,0.0,574.0,246,510.7493483663279,792.2362995935717,803.7085784832489,44971.15532995509,566.2247077692577,0,0,0,20261143,fd11b739944f442a,adaptive_hybrid,2,1.0,0.98,8,7,0.060325047801147225,0.06104317921283913,0.07009820521503556,0.13729032395508084,14.606094646930732,299.6435120273525,744304.9061612522,729449.3753707631,12157.48958951272,8.512489139438799,749.5192554992515,9.437078462820962,3.267108042614833,496.0,0.16632514990899172,0.7651535601049569,0.0,0.012247356905070988,0.0,0.0,0.006643518518518518,8,30,24,moderate_d25_source_adaptive_hybrid,moderate,25,source,adaptive_hybrid,23
11959,11942,757,10031,10017,732,271,11671,4,4,2169.1777715888525,1109.0665175250756,166385.78240320244,279.63022568459746,173863.95881689122,7198.546188015594,15974,14660.967008006162,33,0.0,3500.3970873883027,105.94717443469196,0,0,271,0.0,1897.0,813,1651.0665175250679,2048.749051071608,2059.173752852452,50888.68421572385,1744.4476970790458,0,0,0,20261144,fd11b739944f442a,adaptive_hybrid,2,1.0,0.98,17,14,0.06338971696533244,0.06472113052930847,0.07436945469045958,0.02341569466459533,14.559031888870475,1060.1112540637769,723898.4513330793,705537.4940524363,11758.958234207272,27.517775292084465,848.1447369287308,29.074128284650765,2.532809044098957,496.0,0.18918184214484846,0.9178018660326883,0.0,0.04051385517810536,0.0,0.0,0.021956018518518517,8,30,24,moderate_d25_source_adaptive_hybrid,moderate,25,source,adaptive_hybrid,24
10658,10646,896,8952,8941,848,310,10336,6,6,2633.4035522895083,1244.0474273859547,153755.9552803428,2335.302321483905,164604.90056762923,8513.64296581396,14761,16360.188553232612,39,0.0,4132.783812703433,124.24427330882109,0,0,310,0.0,2170.0,930,1864.0474273859438,2628.009577850289,2640.5847474712955,49162.036117442134,1993.9106653792012,0,0,0,20261145,fd11b739944f442a,adaptive_hybrid,2,1.0,0.98,12,11,0.08416306594025925,0.085194220303997,0.0959562109025916,0.21935960186773482,15.461666406878567,1389.3561249035536,736972.8546464571,721104.4258798684,12018.407097997808,31.067457123099064,819.3672686240355,33.23184442298669,2.839338438141178,496.0,0.17453757320065288,1.1083387679176622,0.0,0.047833145980363805,0.0,0.0,0.02511574074074074,8,30,24,moderate_d25_source_adaptive_hybrid,moderate,25,source,adaptive_hybrid,25
11411,11391,979,9622,9605,942,521,10870,16,16,4154.030235966908,2164.136570871011,158724.9804215774,1208.3995210280373,173590.12170977757,13656.741767182224,15639,15953.635248367322,64,0.0,6865.834302663481,206.22565689743863,0,0,521,0.0,3647.0,1563,3206.1365708710346,3744.7031513648985,3754.6684298558084,50817.35212924469,3404.205068567978,0,0,0,20261146,fd11b739944f442a,adaptive_hybrid,2,1.0,0.98,20,17,0.08594504433324554,0.08754710367189554,0.09966742880897943,0.10608370828092681,15.239234633463047,1989.8936650958967,729082.4757577985,710678.1066047174,11844.635110078623,53.435609514517246,846.9558688207449,56.73675114279963,2.4022190850005174,496.0,0.18337536317450887,1.020118629603384,0.0,0.07946567479934585,0.0,0.0,0.04221064814814815,8,30,24,moderate_d25_source_adaptive_hybrid,moderate,25,source,adaptive_hybrid,26
11731,11720,689,9831,9821,677,302,11418,3,3,2439.035545245467,1177.994873802259,162542.37054043132,395.81507410228005,170578.72653746294,7640.54092294184,15825,13251.761802596833,37,0.0,3958.3303794471813,121.23853822170058,0,0,302,0.0,2114.0,906,1781.9948738022506,1945.2058823027742,1950.203308734619,49616.85239045271,2030.8226119040314,0,0,0,20261147,fd11b739944f442a,adaptive_hybrid,2,1.0,0.98,11,10,0.05878839590443686,0.05967095729264342,0.06988098870918523,0.03377261724422185,14.554498851319362,1261.0406714432079,727746.3380948561,709603.5956514252,11826.72659419042,29.699914563370843,826.9475398408784,33.84704353173386,2.152542283371544,496.0,0.18487193313748196,0.837394110748615,0.0,0.045814009021379415,0.0,0.0,0.024467592592592593,8,30,24,moderate_d25_source_adaptive_hybrid,moderate,25,source,adaptive_hybrid,27
11047,11037,758,9294,9286,740,301,10736,6,6,2448.119850631719,1257.2792958997668,154416.1787457867,36.38808747769144,162569.22986026475,8116.663027010241,14871,14425.547495145014,36,0.0,3902.685010677449,119.55767971057499,0,0,301,0.0,2107.0,903,1859.279295899757,2314.141041119762,2316.0453820446546,47228.261890287045,1973.2477963697106,0,0,0,20261148,fd11b739944f442a,adaptive_hybrid,2,1.0,0.98,10,8,0.06867808281235843,0.0695211369602607,0.08048203141811922,0.0032969183181744536,14.729476294306854,1190.8405547319524,735483.132420126,718690.7933472424,11978.179889120707,30.987988264995952,787.1376981714508,32.88746327282851,2.5648343101269706,496.0,0.17620616888426743,0.9700455581430311,0.0,0.04516996540135936,0.0,0.0,0.024386574074074074,8,30,24,moderate_d25_source_adaptive_hybrid,moderate,25,source,adaptive_hybrid,28
10180,10166,913,8580,8567,875,293,9873,7,7,2386.843056698493,1276.1617185918176,146923.23383212913,2287.700719590328,157450.2292559245,8239.294704216316,14060,14996.006663500748,35,0.0,3765.045421976997,115.56610269000403,0,0,292,0.0,2044.0,878,1860.1617185918074,2636.44998577032,2656.2071898282084,46739.542141812904,1884.8196034860143,0,0,0,20261149,fd11b739944f442a,adaptive_hybrid,2,1.0,0.98,14,13,0.0898091678142829,0.09106090373280944,0.1034965034965035,0.225034499271132,15.487923397198948,1110.6813381066754,743808.1192246169,729011.0227807554,12150.18371301259,31.002695309863455,778.9923690302151,31.413660058100238,3.025292926911399,496.0,0.16688158688999,1.0665723089260846,0.0,0.043576914606215246,0.0,0.0,0.023657407407407408,8,30,24,moderate_d25_source_adaptive_hybrid,moderate,25,source,adaptive_hybrid,29
10920,10910,640,9159,9151,623,56,10854,2,2,516.9492107432264,235.83943007246538,157305.45653579288,269.373224712348,159073.68363929322,1498.8538787962389,14544,13729.753261832695,5,0.0,541.3288278375102,16.760492131239225,0,0,52,0.0,364.0,164,339.8394300724657,637.4348241732658,643.7165129612185,47454.37127153462,102.2626160007985,0,0,0,20261120,38bb25d96fc1c471,travel_aware_hybrid,2,1.0,0.98,10,8,0.05866177818515124,0.05952380952380952,0.06889398405939513,0.024690488057960404,14.580539288661157,281.1097806707611,735671.8327777213,719566.0393914797,11992.767323191329,5.663990501207762,790.9061878589104,1.7043769333466416,3.925100688787918,496.0,0.17599481095685332,0.9440149382448223,0.0,0.006265379951823034,0.0,0.0,0.004212962962962963,8,30,24,moderate_d25_source_travel_aware_hybrid,moderate,25,source,travel_aware_hybrid,0
10819,10802,586,9148,9132,566,31,10771,1,1,279.9172486450613,155.6171565355472,154936.10588143676,1053.6214275229358,157066.81447749204,1077.087168540711,14406,11937.736559480894,3,0.0,317.0369433778707,10.100417895615745,0,0,28,0.0,196.0,90,211.6171565355474,491.23442101746235,508.4590097937453,46381.33689783133,78.27363943284233,0,0,0,20261121,38bb25d96fc1c471,travel_aware_hybrid,2,1.0,0.98,17,16,0.05424921310868358,0.05573528052500231,0.06362046348928728,0.09753947671939787,14.540530871828553,124.30009210951411,739077.4360497802,723574.5149446541,12059.575249077569,3.52695260892579,773.0222816305221,1.304560657214039,5.649544553263836,496.0,0.17218029116288058,0.8286642065445574,0.0,0.003669409066873504,0.0,0.0,0.0022685185185185187,8,30,24,moderate_d25_source_travel_aware_hybrid,moderate,25,source,travel_aware_hybrid,1
12518,12507,674,10552,10543,653,43,12464,0,0,437.1510018770968,169.56884400776644,179834.11525085778,217.21449348780698,181339.74626073526,1288.41651640274,16485,16409.960726036683,5,0.0,525.871924022701,15.095122677735759,0,0,40,0.0,280.0,126,249.56884400776661,505.15258760008555,505.1525876000942,53625.93605432553,114.26659101033346,0,0,0,20261122,38bb25d96fc1c471,travel_aware_hybrid,2,1.0,0.98,11,9,0.05388982169984809,0.054721201469883365,0.06273692191053828,0.017367433716143518,14.499060227131627,267.58215786933033,713710.2815469998,694617.8363566607,11576.963939277679,4.159480733462777,893.7656009054256,1.9044431835055575,4.009147520635668,496.0,0.20059332264000918,0.9954480270571237,0.0,0.006086480602114595,0.0,0.0,0.0032407407407407406,8,30,24,moderate_d25_source_travel_aware_hybrid,moderate,25,source,travel_aware_hybrid,2
10389,10379,610,8735,8726,589,35,10344,0,0,301.7302677986369,141.86181444859042,148654.98242293842,350.73910134143443,149982.41323174298,976.69170747518,13857,11353.832716446004,3,0.0,318.81354650822186,10.642771919500717,0,0,32,0.0,224.0,102,205.8618144485905,409.9033710824453,416.23612344106186,44282.95474795608,82.86437733247203,0,0,0,20261123,38bb25d96fc1c471,travel_aware_hybrid,2,1.0,0.98,10,9,0.058772521437518065,0.059678506112234096,0.06846021751574127,0.033793149758303734,14.450564912972634,159.86845335004645,745473.3167216907,730686.5298344115,12178.108830573525,3.4310302408098416,738.049245799268,1.3810729555412005,4.080746308245705,496.0,0.16501644632427115,0.8193571997146571,0.0,0.0036899716031044195,0.0,0.0,0.0025925925925925925,8,30,24,moderate_d25_source_travel_aware_hybrid,moderate,25,source,travel_aware_hybrid,3
10405,10399,645,8736,8731,630,28,10371,0,0,284.87555097781916,109.45871607110163,149948.7502511853,1177.4990860429934,152078.4628093578,952.2134721388029,13855,12526.285815070305,2,0.0,209.24639377681686,9.633997470338707,0,0,26,0.0,182.0,82,161.45871607110172,441.62641495516186,491.0833348968954,45102.52993282263,67.11819105476843,0,0,0,20261124,38bb25d96fc1c471,travel_aware_hybrid,2,1.0,0.98,6,5,0.06202519473026252,0.06256607400288323,0.07268772893772894,0.11323195365352375,14.62433530237117,175.41683490671753,744394.1974947706,729724.2449646046,12162.070749410077,2.6909786011850287,751.7088322137105,1.118636517579474,5.9888211572792125,496.0,0.1662251372146386,0.9040985792183548,0.0,0.002421833261305751,0.0,0.0,0.0021064814814814813,8,30,24,moderate_d25_source_travel_aware_hybrid,moderate,25,source,travel_aware_hybrid,4
11041,11035,584,9270,9266,566,18,11017,0,0,184.6340305824844,71.8637706751963,157621.65565433848,88.65858881647,158228.10601421975,517.7917710757938,14725,12334.68268595296,2,0.0,206.9360174841371,5.752578350592202,0,0,17,0.0,119.0,53,105.86377067519628,239.59855434935605,240.62787192478572,47138.77871259545,27.780665331658568,0,0,0,20261125,38bb25d96fc1c471,travel_aware_hybrid,2,1.0,0.98,6,4,0.052922519256909835,0.05343718866044742,0.061488673139158574,0.008034308003304938,14.338749978633416,112.7702599072881,736250.956061569,720767.8784627746,12012.797974379577,1.764396177919938,785.6463118765909,0.46301108886097614,4.540148526882749,496.0,0.17534615136472997,0.8376694523567375,0.0,0.0023950927949552905,0.0,0.0,0.0013773148148148147,8,30,24,moderate_d25_source_travel_aware_hybrid,moderate,25,source,travel_aware_hybrid,5
11828,11813,593,10005,9993,582,44,11769,0,0,389.61851281880314,175.12686825847155,168202.7746037428,84.34695802647548,169471.12660773413,1184.0050459762733,15742,13764.0676454385,4,0.0,431.05912074466795,13.623308070752614,0,0,34,0.0,238.0,122,243.12686825847175,508.0321585101766,509.5368860739527,50534.19830698577,101.03627351107242,0,0,0,20261126,38bb25d96fc1c471,travel_aware_hybrid,2,1.0,0.98,15,12,0.05019893337848133,0.05140344944200203,0.05937031484257871,0.0071401809892893825,14.346154796218922,214.4916445603316,725115.5542307126,707530.7657933936,11792.179429889893,4.052114470974529,842.2366384497628,1.6839378918512071,4.176531853065186,496.0,0.18781859965197967,0.8743531727505082,0.0,0.004989110193804027,0.0,0.0,0.0027546296296296294,8,30,24,moderate_d25_source_travel_aware_hybrid,moderate,25,source,travel_aware_hybrid,6
11430,11423,690,9643,9638,668,50,11373,0,0,440.7095127690139,198.2717118351576,165747.18557819014,486.1526603877137,167611.06264403765,1377.7244054730781,15239,14649.31462385537,5,0.0,532.1564287475724,15.20819855659261,0,0,41,0.0,287.0,141,280.2717118351577,581.8073130667728,582.6944166181584,50517.92166232735,104.1868575971996,0,0,0,20261127,38bb25d96fc1c471,travel_aware_hybrid,2,1.0,0.98,7,5,0.060404447167994396,0.06097987751531059,0.06979155864357565,0.04255910534778199,14.673121127903148,242.4378009338563,728193.7771446836,711324.1802460757,11855.403004101263,4.671195197252628,841.9653610387892,1.7364476266199935,4.132584515022399,496.0,0.1843707693271912,0.9613041947539452,0.0,0.006159217925319125,0.0,0.0,0.003321759259259259,8,30,24,moderate_d25_source_travel_aware_hybrid,moderate,25,source,travel_aware_hybrid,7
11393,11385,744,9621,9616,709,43,11342,0,0,460.77675771799414,168.49576222751176,163900.87313679775,2243.311307822749,167666.94913228112,1522.7646876700655,15121,14523.771312576508,5,0.0,533.9359898625692,15.616567578091649,0,0,38,0.0,266.0,124,244.49576222751188,617.1448620387255,711.9296048212746,49950.403422887735,107.67496472016815,0,0,0,20261128,38bb25d96fc1c471,travel_aware_hybrid,2,1.0,0.98,8,5,0.06534914361001318,0.06600544193803212,0.07421265980667291,0.19704095808719796,14.7270047547019,292.2809954904824,730276.5661939615,713906.3538506066,11898.439230843444,4.074929370458531,832.5067237147956,1.7945827453361358,5.74136778081673,496.0,0.1820378962881255,0.9605033603978909,0.0,0.0061798146974834395,0.0,0.0,0.0030787037037037037,8,30,24,moderate_d25_source_travel_aware_hybrid,moderate,25,source,travel_aware_hybrid,8
11998,11983,917,10141,10133,861,60,11923,0,0,456.8091331129147,229.61337654200938,176769.1250740975,2279.410494253556,180853.2789142255,1804.7433458876476,16011,19173.397423974533,6,0.0,632.1640496147925,16.376929319834353,0,0,51,0.0,357.0,171,331.6133765420097,897.4913393873602,948.7586804885632,54543.61081726593,132.42535362270624,0,0,0,20261129,38bb25d96fc1c471,travel_aware_hybrid,2,1.0,0.98,15,8,0.07652507719268964,0.07767961326887815,0.08569174637609703,0.1902203533550493,15.092487600285862,227.19575657090533,717326.1698618293,699559.8800135413,11659.331333559023,5.5268896090334945,909.0601802877655,2.207089227045104,5.548296377126101,496.0,0.19654326852393678,1.1975140480903461,0.0,0.0073167135372082465,0.0,0.0,0.004131944444444444,8,30,24,moderate_d25_source_travel_aware_hybrid,moderate,25,source,travel_aware_hybrid,9
10742,10726,689,9026,9012,660,42,10684,1,1,397.1368799053474,190.8310951242343,156288.86920746224,1623.072755872361,159200.15825254156,1288.216289216205,14409,13842.234334848847,4,0.0,419.90834323860696,13.01838758056939,0,0,38,0.0,266.0,122,266.83109512423437,551.6550711800518,561.4177512721399,47198.76588677235,83.91692863604646,0,0,0,20261130,38bb25d96fc1c471,travel_aware_hybrid,2,1.0,0.98,16,14,0.06423643483125116,0.06563023645503631,0.07467316640815422,0.1513213458765953,14.842453687538836,206.30578478111312,737766.1631687949,722360.9624207644,12039.349373679406,4.447184918737239,786.6460981128726,1.398615477267441,4.60178484649295,496.0,0.17364901078764006,0.9606658570927091,0.0,0.004860050268965358,0.0,0.0,0.0030787037037037037,8,30,24,moderate_d25_source_travel_aware_hybrid,moderate,25,source,travel_aware_hybrid,10
9340,9326,467,7811,7797,456,20,9306,0,0,224.93683418814828,78.03735480526828,133554.7865166698,16.95676299274055,134094.95584627794,523.212566622622,12561,8288.750884593243,1,0.0,111.6439367402795,6.6861117693536904,0,0,19,0.0,133.0,59,116.03735480526822,204.41769608629747,204.4176960863315,39659.35122143854,19.014367531075848,0,0,0,20261131,38bb25d96fc1c471,travel_aware_hybrid,2,1.0,0.98,14,14,0.050075058974908854,0.05149892933618844,0.060171552938164126,0.0018182246400107818,14.378614180385796,146.89947938288,760417.6527806497,747302.2430037288,12455.03738339548,1.933955913421137,660.9891870239757,0.3169061255179308,3.4647067133276526,496.0,0.14827771865966655,0.6598798570649823,0.0,0.001292175193753235,0.0,0.0,0.0015393518518518519,8,30,24,moderate_d25_source_travel_aware_hybrid,moderate,25,source,travel_aware_hybrid,11
10130,10120,618,8463,8453,600,30,10090,0,0,367.9644169753366,113.2304588078412,146093.67769825953,529.9094415952568,147533.89212235837,910.3049825119488,13592,11293.687050727705,4,0.0,420.54426927110694,11.992511082956417,0,0,23,0.0,161.0,83,159.23045880784122,323.8682466028351,337.14179683573275,43469.984837124124,71.05363350459888,0,0,0,20261132,38bb25d96fc1c471,travel_aware_hybrid,2,1.0,0.98,10,10,0.06106719367588933,0.06199407699901283,0.07207845917523337,0.05236259304300957,14.578447838177706,254.73395816749536,747466.6620340891,733319.6018348477,12221.993363914129,2.653840980130687,724.4997472854021,1.184227225076648,4.061949359466659,496.0,0.16278375668224787,0.8309069342795545,0.0,0.004867410523971145,0.0,0.0,0.001863425925925926,8,30,24,moderate_d25_source_travel_aware_hybrid,moderate,25,source,travel_aware_hybrid,12
9975,9971,561,8353,8350,549,35,9936,0,0,370.2390419178485,138.51613754952257,143925.17946904013,404.4246139342413,145392.6072357331,1063.0031527653773,13414,10648.683150782985,4,0.0,405.3250832504639,12.337081563555053,0,0,31,0.0,217.0,101,200.51613754952274,381.6960083709755,393.1292260183691,43197.48467384413,78.8234529055412,0,0,0,20261133,38bb25d96fc1c471,travel_aware_hybrid,2,1.0,0.98,4,3,0.056263163173202284,0.05664160401002506,0.06608404166167844,0.04056008564178531,14.581547210483713,231.72290436832594,749674.7021547842,735661.191640548,12261.019860675799,3.341935625825379,719.9580778974021,1.3137242150923534,3.8923685744392977,496.0,0.1603105934646234,0.7938484531670631,0.0,0.00469126253762111,0.0,0.0,0.002511574074074074,8,30,24,moderate_d25_source_travel_aware_hybrid,moderate,25,source,travel_aware_hybrid,13
11917,11906,655,10055,10046,638,22,11884,0,0,220.78095583460123,91.20341877774112,169429.97819991605,35.35226179001984,170110.35095352377,645.0204918299314,15714,14433.340235006797,3,0.0,326.2969621646637,7.506280287144611,0,0,20,0.0,140.0,64,131.2034187777411,257.2139478691827,257.2139478691515,50303.93156006712,57.76441876010784,0,0,0,20261134,38bb25d96fc1c471,travel_aware_hybrid,2,1.0,0.98,11,9,0.05501427851503444,0.05588654862801041,0.0643460964694182,0.002969281185118414,14.287783550606733,129.5775370568601,724860.7683777512,706801.2992798749,11780.02165466458,2.1867236462956847,838.3988593344519,0.9627403126684639,4.018967935455493,496.0,0.18810397807151524,0.9185019877183911,0.0,0.003776585210239163,0.0,0.0,0.0016203703703703703,8,30,24,moderate_d25_source_travel_aware_hybrid,moderate,25,source,travel_aware_hybrid,14
10733,10724,568,8993,8986,557,20,10704,1,1,245.6024631078577,100.35298772297882,152689.6592904931,66.7379196088732,153376.3999569583,620.0027468662302,14119,10874.697131289113,3,0.0,328.5498173434365,7.847113490896994,0,0,16,0.0,112.0,56,132.3529877229788,227.06171689532297,227.06171689526673,45084.878861479665,40.82834883780808,0,0,0,20261135,38bb25d96fc1c471,travel_aware_hybrid,2,1.0,0.98,9,7,0.05296531145095114,0.05375943352278021,0.06271544534638052,0.006223230101536106,14.30216336786258,145.24947538487885,741008.2008906234,725936.8314510349,12098.947190850582,2.2058831287163136,751.4146476913278,0.6804724806301347,4.054673515986906,496.0,0.17001769613505446,0.7702172343146904,0.0,0.0038026599229564408,0.0,0.0,0.0012962962962962963,8,30,24,moderate_d25_source_travel_aware_hybrid,moderate,25,source,travel_aware_hybrid,15
10624,10613,732,9011,9003,701,33,10580,0,0,335.74853604090833,122.29552684818823,155781.00097552745,1141.1888886081288,158021.4750064748,1099.285142350578,14314,14924.621088636437,4,0.0,422.58137343652646,11.41616156014163,0,0,33,0.0,231.0,99,188.29552684818833,470.12450516977674,478.54374125214235,47298.311064174006,75.97826711804393,0,0,0,20261136,38bb25d96fc1c471,travel_aware_hybrid,2,1.0,0.98,11,8,0.06897201545274663,0.06993599397590361,0.07868161136388858,0.10752745581910193,14.889425704934967,213.45300919272012,738406.6975599832,723626.7765929165,12060.446276548608,3.138258780803139,788.3051844029001,1.266304451967399,4.833775164163054,496.0,0.1729315663530654,1.0426590113620537,0.0,0.0048909881184783155,0.0,0.0,0.002673611111111111,8,30,24,moderate_d25_source_travel_aware_hybrid,moderate,25,source,travel_aware_hybrid,16
11146,11141,616,9396,9394,600,47,11094,2,2,426.8282358376163,208.95051068163207,160410.07947716035,232.21303909869312,161915.65922146593,1273.3667052171713,14846,13712.08811192457,4,0.0,421.461452711129,13.881618554027948,0,0,39,0.0,273.0,133,286.9505106816323,532.0274714730532,532.4473120488801,48009.24957082559,73.17971161333023,0,0,0,20261137,38bb25d96fc1c471,travel_aware_hybrid,2,1.0,0.98,5,2,0.05529126649313347,0.0557150547281536,0.06406981694338017,0.020843105564912767,14.533314713353015,217.87772515598425,733397.4967681281,716720.590508878,11945.343175147967,4.782508511360538,800.1541595137599,1.2196618602221705,4.003363248487821,496.0,0.1785422303224371,0.9236217238262542,0.0,0.004878026073045475,0.0,0.0,0.003159722222222222,8,30,24,moderate_d25_source_travel_aware_hybrid,moderate,25,source,travel_aware_hybrid,17
11582,11573,510,9757,9750,495,30,11543,3,3,298.7564551958936,167.1068767268187,162807.6677847132,119.91757449567376,163815.8454778975,888.2601187012206,15327,11418.578221454305,4,0.0,428.1009482150164,10.220030092586848,0,0,26,0.0,182.0,86,219.10687672681888,344.719669183733,344.71966918373073,47841.12196684242,62.32034990871844,0,0,0,20261138,38bb25d96fc1c471,travel_aware_hybrid,2,1.0,0.98,9,7,0.04406808951870734,0.04481091348644448,0.051450240852721124,0.010361840015179622,14.155002633534735,131.64957846907487,730885.9660688727,713853.1955021385,11897.553258368975,3.6517812787803146,797.352032780707,1.0386724984786406,4.00836824632245,496.0,0.18135532474364613,0.744997600408058,0.0,0.004954872085821949,0.0,0.0,0.0021064814814814813,8,30,24,moderate_d25_source_travel_aware_hybrid,moderate,25,source,travel_aware_hybrid,18
10459,10451,621,8766,8759,603,41,10410,2,2,424.07549638943726,199.41137169613864,149787.79864014065,471.82486877160954,151498.48750586205,1238.8639969599535,14030,11708.512973128903,4,0.0,424.00101540642436,13.962620933035645,0,0,30,0.0,210.0,112,259.41137169613876,476.100333858477,490.40923918314365,45183.9179038692,72.455889887878,0,0,0,20261139,38bb25d96fc1c471,travel_aware_hybrid,2,1.0,0.98,8,7,0.0594201511817051,0.060139592695286355,0.06958704083960758,0.04514638491738681,14.496075734940394,224.66412469329862,743692.4280645973,728877.0933293749,12147.951555489582,4.323522861602313,753.06529839782,1.2075981647979668,4.378653921278068,496.0,0.16701116928248505,0.8345340679350608,0.0,0.004907419159796578,0.0,0.0,0.0024305555555555556,8,30,24,moderate_d25_source_travel_aware_hybrid,moderate,25,source,travel_aware_hybrid,19
11676,11664,576,9844,9832,561,26,11638,0,0,181.80568832757103,103.22992682826771,163859.742406834,206.19081639259275,164730.8440419804,664.9108187644306,15348,12288.202499488349,2,0.0,212.10860951387133,6.0853847509971075,0,0,23,0.0,161.0,75,149.2299268282677,338.30849437898513,339.7961009582559,48130.64224629085,38.10009054850413,0,0,0,20261140,38bb25d96fc1c471,travel_aware_hybrid,2,1.0,0.98,12,12,0.04938271604938271,0.050359712230215826,0.0582080455099553,0.017677539128308706,14.12301474982685,78.57576149930333,729901.5885824848,713031.0436770626,11883.850727951043,2.4871654471377953,802.1773707715142,0.6350015091417355,4.530614679443413,496.0,0.18245789809309498,0.8006386825311669,0.0,0.0024549607582623994,0.0,0.0,0.001863425925925926,8,30,24,moderate_d25_source_travel_aware_hybrid,moderate,25,source,travel_aware_hybrid,20
10787,10772,739,9060,9047,702,33,10739,0,0,358.80205057528013,135.51543589367276,155507.15107230464,1245.016835541599,157986.56893499292,1234.4010271589814,14299,14198.759064476722,4,0.0,428.9211448713248,12.224784097312375,0,0,26,0.0,182.0,92,187.51543589367282,543.9495206150982,588.9543861501497,47368.3024934186,78.80292862507953,0,0,0,20261141,38bb25d96fc1c471,travel_aware_hybrid,2,1.0,0.98,15,13,0.06860378759747493,0.06989895244275517,0.07891832229580574,0.11557898584678787,14.66641003852515,223.28661468160738,738348.352188381,723278.924728265,12054.648745471084,3.125257264894547,789.4717082236434,1.3133821437513256,6.4016781103277145,496.0,0.17299691735172373,0.992989654135025,0.0,0.004964365102677371,0.0,0.0,0.0021064814814814813,8,30,24,moderate_d25_source_travel_aware_hybrid,moderate,25,source,travel_aware_hybrid,21
11445,11438,783,9600,9594,757,28,11410,0,0,252.25207334616084,114.23146386207118,169081.00206300247,217.59890772330618,170158.61113572732,860.0101650145898,15419,17871.38256950472,3,0.0,312.2943606121666,9.1931991019324,0,0,25,0.0,175.0,81,164.23146386207122,341.7411570750994,341.74115707506826,51152.48191222139,68.69190752037342,0,0,0,20261142,38bb25d96fc1c471,travel_aware_hybrid,2,1.0,0.98,7,6,0.06845602378038118,0.0690257754477938,0.07947916666666667,0.019024209452990572,14.876605275024245,138.02060948408968,724670.1884556965,707845.2068553715,11797.42011425619,2.737191064367854,852.5413652036898,1.144865125339557,4.219026630556399,496.0,0.1883174412458597,1.1590493916275193,0.0,0.003614518062640817,0.0,0.0,0.002025462962962963,8,30,24,moderate_d25_source_travel_aware_hybrid,moderate,25,source,travel_aware_hybrid,22
10468,10457,608,8859,8851,588,32,10425,1,1,310.3252723709254,127.79452198929899,149446.4454454726,1425.124510154923,151778.14462624484,906.5746706278551,13979,10452.854357541097,3,0.0,310.4284914395191,10.33486827384107,0,0,30,0.0,210.0,94,187.79452198929914,370.35242507744385,375.90721119337286,44922.11727045016,68.97924859076892,0,0,0,20261143,38bb25d96fc1c471,travel_aware_hybrid,2,1.0,0.98,11,8,0.05814287080424596,0.05913259457393963,0.0672762162772322,0.13628426031891774,14.51450173340775,182.53075038162643,744446.6625925775,729944.1229520054,12165.735382533423,3.1299086998216525,748.7019545075026,1.149654143179482,3.9990128850358815,496.0,0.166166372544156,0.7477540852379353,0.0,0.0035929223546240638,0.0,0.0,0.0024305555555555556,8,30,24,moderate_d25_source_travel_aware_hybrid,moderate,25,source,travel_aware_hybrid,23
11959,11940,633,10031,10015,611,44,11896,0,0,354.35903447354144,174.2276021859242,168575.63168695598,220.40277551103645,169953.62968855162,1157.5952260955219,15749,13556.942270033935,5,0.0,523.4221876105499,12.209357322021807,0,0,38,0.0,266.0,126,250.2276021859244,543.4636373414179,545.0236255219879,50334.772451398494,83.93924067648076,0,0,0,20261144,38bb25d96fc1c471,travel_aware_hybrid,2,1.0,0.98,19,16,0.05301507537688442,0.054519608662931686,0.06250623068487689,0.018459193928897524,14.23397233572459,180.13143228761723,724648.6824733231,706559.2648451132,11775.987747418552,4.170460036432074,838.9128741899749,1.3989873446080128,4.325584329539587,496.0,0.1883415294877654,0.8608128941541644,0.0,0.006058127171418402,0.0,0.0,0.0030787037037037037,8,30,24,moderate_d25_source_travel_aware_hybrid,moderate,25,source,travel_aware_hybrid,24
10658,10642,748,8952,8938,708,29,10613,0,0,304.46712591093666,111.01682384996022,157231.70402785717,2401.5961215706666,160716.05369745192,1082.7535480365477,14438,15528.335015676643,3,0.0,315.69330462079347,10.598096817782196,0,0,25,0.0,175.0,83,161.01682384996022,565.1525325874944,593.451247673298,48443.42852937825,72.18782999157429,0,0,0,20261145,38bb25d96fc1c471,travel_aware_hybrid,2,1.0,0.98,16,14,0.07028753993610223,0.07168324263464064,0.08065236818588024,0.2256715017450354,15.10205353293102,193.45030206097644,736912.3561486945,721247.6448008417,12020.794080014028,2.68361373083267,807.3904754896375,1.2031304998595715,7.150015032208409,496.0,0.17460533585495686,1.075518424690168,0.0,0.0036538576923702947,0.0,0.0,0.002025462962962963,8,30,24,moderate_d25_source_travel_aware_hybrid,moderate,25,source,travel_aware_hybrid,25
11411,11395,670,9622,9608,643,25,11370,0,0,262.35162388975306,99.57027815527644,164473.00501894264,1014.2832695566394,166258.07427286814,770.7859843790629,15200,14284.63689942274,3,0.0,305.9658697618664,8.771961522263634,0,0,23,0.0,161.0,73,145.57027815527644,320.4737466261609,330.18791064663856,49807.87475307712,52.06581729930725,0,0,0,20261146,38bb25d96fc1c471,travel_aware_hybrid,2,1.0,0.98,16,14,0.058797718297498906,0.06011743054946981,0.0682810226564124,0.08901125665262304,14.590440919075746,162.78134573447662,729850.7973959141,712433.955013534,11873.899250225568,2.4261713025879406,830.1312458846187,0.8677636216551208,4.523122063652583,496.0,0.18251478786299946,0.939778743383075,0.0,0.0035412716407623424,0.0,0.0,0.001863425925925926,8,30,24,moderate_d25_source_travel_aware_hybrid,moderate,25,source,travel_aware_hybrid,26
11731,11721,568,9831,9824,555,48,11673,0,0,432.53811648575305,188.58300142459748,165990.15624210847,365.56517217449255,167659.1355472526,1303.4141329819377,15512,13129.620382734112,4,0.0,435.34779683230863,14.000429933310684,0,0,45,0.0,315.0,141,278.5830014245977,544.5935591242479,572.7969044895035,49522.9904553749,73.47008201029817,0,0,0,20261147,38bb25d96fc1c471,travel_aware_hybrid,2,1.0,0.98,10,7,0.04846002900776384,0.049271161878782714,0.057166107211880784,0.031188906422190302,14.304166500064209,243.95511506115557,727165.664657509,709721.241000223,11828.687350003716,4.643050023743295,825.3831742562484,1.224501366838303,4.062389393542578,496.0,0.18552232901264676,0.8464169921824466,0.0,0.005038747648522091,0.0,0.0,0.0036458333333333334,8,30,24,moderate_d25_source_travel_aware_hybrid,moderate,25,source,travel_aware_hybrid,27
11047,11037,642,9294,9285,620,44,10993,0,0,407.7853754435195,174.07691593107577,158162.25743754633,72.05237211316489,159503.7827537754,1269.472944124609,14602,14295.592186177506,4,0.0,423.2108711743507,13.74636602266384,0,0,39,0.0,273.0,127,252.07691593107592,524.9000501503247,524.900050150376,47086.19486743885,83.53329966785799,0,0,0,20261148,38bb25d96fc1c471,travel_aware_hybrid,2,1.0,0.98,10,9,0.05816798042946453,0.05902054856522133,0.06767807187432752,0.006528256964135625,14.451733510353845,233.70845951244374,735143.2144627483,718967.2814381254,11982.788023968757,4.201281932184599,784.7699144573141,1.3922216611309666,4.133071261026583,496.0,0.17658690136340915,0.9790160379521645,0.0,0.004898273971925355,0.0,0.0,0.003159722222222222,8,30,24,moderate_d25_source_travel_aware_hybrid,moderate,25,source,travel_aware_hybrid,28
10180,10167,786,8580,8569,745,41,10126,0,0,384.0375090314839,148.25449159013908,150822.8255272105,2290.3192886824836,154477.52547369397,1364.3806578129588,13772,14942.850818715515,3,0.0,326.168303453732,13.42052936813174,0,0,38,0.0,266.0,120,224.2544915901392,645.7549806439321,673.3690733321819,46444.71802140215,99.71060355930896,0,0,0,20261149,38bb25d96fc1c471,travel_aware_hybrid,2,1.0,0.98,13,11,0.07730894069046916,0.07848722986247544,0.08811188811188811,0.22526992118446776,15.194012537985046,235.78301744134484,743510.389573394,729814.2970390334,12163.571617317222,3.7375748598356533,774.0786336900359,1.6618433926551495,5.6114089444348485,496.0,0.16721506544198705,1.0850167599996743,0.0,0.003775096104788565,0.0,0.0,0.0030787037037037037,8,30,24,moderate_d25_source_travel_aware_hybrid,moderate,25,source,travel_aware_hybrid,29
10920,10910,300,4402,4397,263,0,10910,0,0,0.0,0.0,165799.9495331803,368.9589220983744,166168.9084552682,0.0,14528,13919.04566704589,0,0.0,0.0,0.0,0,0,0,0.0,0.0,0,0.0,0.0,0.0,47972.04115794639,0.0,0,0,0,20261120,e81ae418a5d0e6fe,human_only,0,1.0,0.98,10,5,0.027497708524289642,0.028388278388278388,0.06088141753748296,0.03381841632432396,15.230880701674444,0.0,728275.5411023488,712520.7177936139,11875.345296560232,0.0,799.5340192991065,0.0,0.0,496.0,0.1842791878333907,0.9580840905180266,0.0,0.0,0.0,0.0,0.0,8,30,24,moderate_d25_balanced_human_only,moderate,25,balanced,human_only,0
10819,10800,271,4312,4304,234,0,10800,0,0,0.0,0.0,162655.77500488027,1061.9945204136602,163717.76952528505,0.0,14429,11614.379270995058,0,0.0,0.0,0.0,0,0,0,0.0,0.0,0,0.0,0.0,0.0,46655.0519176346,0.0,0,0,0,20261121,e81ae418a5d0e6fe,human_only,0,1.0,0.98,19,8,0.025092592592592593,0.026804695443201774,0.05612244897959184,0.0983328259642278,15.15905273382269,0.0,732155.6365749165,716743.2849973689,11945.721416622815,0.0,777.5841986272433,0.0,0.0,496.0,0.17993320276107017,0.8049330702747978,0.0,0.0,0.0,0.0,0.0,8,30,24,moderate_d25_balanced_human_only,moderate,25,balanced,human_only,1
12518,12507,347,4892,4885,282,0,12507,0,0,0.0,0.0,189155.1852272778,341.1262248993953,189496.311452164,0.0,16538,16361.813883534807,0,0.0,0.0,0.0,0,0,0,0.0,0.0,0,0.0,0.0,0.0,54147.45557852642,0.0,0,0,0,20261122,e81ae418a5d0e6fe,human_only,0,1.0,0.98,11,7,0.027744463100663627,0.028598817702508387,0.05907604251839738,0.027274824090460968,15.151220232842727,0.0,705288.7253991347,685643.6859263692,11427.394765439485,0.0,902.4575929754403,0.0,0.0,496.0,0.21002606922139933,0.9893465886766724,0.0,0.0,0.0,0.0,0.0,8,30,24,moderate_d25_balanced_human_only,moderate,25,balanced,human_only,2
10389,10382,285,4215,4212,256,0,10382,0,0,0.0,0.0,155700.155510576,401.49577638904157,156101.65128695287,0.0,13843,11026.094089570044,0,0.0,0.0,0.0,0,0,0,0.0,0.0,0,0.0,0.0,0.0,44189.24158874073,0.0,0,0,0,20261123,e81ae418a5d0e6fe,human_only,0,1.0,0.98,7,3,0.027451358119822772,0.028106651265761864,0.06144721233689205,0.03867229593421707,15.035797658153811,0.0,739142.5834640254,724531.4553171115,12075.52425528519,0.0,736.4873598123455,0.0,0.0,496.0,0.17210732138886042,0.7965104449591883,0.0,0.0,0.0,0.0,0.0,8,30,24,moderate_d25_balanced_human_only,moderate,25,balanced,human_only,3
10405,10393,337,4163,4157,274,0,10393,0,0,0.0,0.0,156500.56653651607,1082.0650079758452,157582.63154448252,0.0,13803,11891.42293767966,0,0.0,0.0,0.0,0,0,0,0.0,0.0,0,0.0,0.0,0.0,44715.872739999344,0.0,0,0,0,20261124,e81ae418a5d0e6fe,human_only,0,1.0,0.98,12,6,0.03242567112479554,0.03354156655454109,0.06725918808551526,0.10411478956757868,15.162381559172761,0.0,738523.5470021409,723530.9973724242,12058.84995620707,0.0,745.2645456666557,0.0,0.0,496.0,0.17280068660154468,0.8615100295355835,0.0,0.0,0.0,0.0,0.0,8,30,24,moderate_d25_balanced_human_only,moderate,25,balanced,human_only,4
11041,11032,300,4345,4342,275,0,11032,0,0,0.0,0.0,165128.91598511138,127.09401022946622,165256.00999532742,0.0,14710,12201.670091645025,0,0.0,0.0,0.0,0,0,0,0.0,0.0,0,0.0,0.0,0.0,47360.453047318035,0.0,0,0,0,20261125,e81ae418a5d0e6fe,human_only,0,1.0,0.98,9,3,0.02719361856417694,0.027986595417081785,0.06398158803222094,0.011520486786572356,14.979696337502485,0.0,729254.8752754327,713753.2036231655,11895.886727052759,0.0,789.3408841219673,0.0,0.0,496.0,0.18318226335637022,0.8294813114646515,0.0,0.0,0.0,0.0,0.0,8,30,24,moderate_d25_balanced_human_only,moderate,25,balanced,human_only,5
11828,11816,307,4715,4708,274,0,11816,0,0,0.0,0.0,176879.2893682491,126.44063012239349,177005.72999836094,0.0,15760,13812.770202687028,0,0.0,0.0,0.0,0,0,0,0.0,0.0,0,0.0,0.0,0.0,51096.898823105395,0.0,0,0,0,20261126,e81ae418a5d0e6fe,human_only,0,1.0,0.98,12,7,0.025981719702098848,0.026969901927629353,0.059597030752916225,0.010700798080771283,14.980173493429328,0.0,717290.1056586247,700069.6416659039,11667.827361098398,0.0,851.6149803850899,0.0,0.0,496.0,0.19658366301677344,0.8764448098151668,0.0,0.0,0.0,0.0,0.0,8,30,24,moderate_d25_balanced_human_only,moderate,25,balanced,human_only,6
11430,11422,375,4570,4568,321,0,11422,0,0,0.0,0.0,174947.62093391837,665.8551824078768,175613.4761163154,0.0,15234,15251.996332414006,0,0.0,0.0,0.0,0,0,0,0.0,0.0,0,0.0,0.0,0.0,51222.43492261628,0.0,0,0,0,20261127,e81ae418a5d0e6fe,human_only,0,1.0,0.98,8,2,0.03283137804237436,0.033508311461067364,0.07067833698030634,0.05829584857361905,15.37501979656062,0.0,720073.28254016,703443.8461545313,11724.064102575523,0.0,853.7072487102713,0.0,0.0,496.0,0.19346630539856635,1.0011813267962457,0.0,0.0,0.0,0.0,0.0,8,30,24,moderate_d25_balanced_human_only,moderate,25,balanced,human_only,7
11393,11385,354,4407,4403,284,0,11385,0,0,0.0,0.0,172478.09350992084,2518.5407538542895,174996.63426376216,0.0,15107,14099.106171635676,0,0.0,0.0,0.0,0,0,0,0.0,0.0,0,0.0,0.0,0.0,49740.82037543326,0.0,0,0,0,20261128,e81ae418a5d0e6fe,human_only,0,1.0,0.98,8,4,0.031093544137022398,0.03177389625208461,0.0653505786249149,0.2212157008216328,15.370806698617669,0.0,722717.7664737322,706291.4384007787,11771.523973346311,0.0,829.0136729238876,0.0,0.0,496.0,0.19050429382422474,0.9332829927606855,0.0,0.0,0.0,0.0,0.0,8,30,24,moderate_d25_balanced_human_only,moderate,25,balanced,human_only,8
11998,11984,509,4782,4776,402,0,11984,0,0,0.0,0.0,185682.4487415314,2543.572369643507,188226.02111116285,0.0,16001,18992.98036857818,0,0.0,0.0,0.0,0,0,0,0.0,0.0,0,0.0,0.0,0.0,54473.05698335647,0.0,0,0,0,20261129,e81ae418a5d0e6fe,human_only,0,1.0,0.98,14,6,0.04247329773030708,0.04359059843307218,0.08531994981179424,0.21224736061778263,15.706443684175804,0.0,709762.6729126356,692106.7794532663,11535.112990887772,0.0,907.8842830559412,0.0,0.0,496.0,0.20501492729319493,1.18698708634324,0.0,0.0,0.0,0.0,0.0,8,30,24,moderate_d25_balanced_human_only,moderate,25,balanced,human_only,9
10742,10725,344,4260,4255,292,0,10725,0,0,0.0,0.0,164254.46724777404,1559.3283782768794,165813.7956260431,0.0,14347,13714.679835685443,0,0.0,0.0,0.0,0,0,0,0.0,0.0,0,0.0,0.0,0.0,47431.186593637045,0.0,0,0,0,20261130,e81ae418a5d0e6fe,human_only,0,1.0,0.98,17,5,0.032074592074592075,0.03360640476633774,0.06971830985915493,0.14539192338245963,15.460493764666024,0.0,730852.8689412023,715128.265137055,11918.804418950916,0.0,790.5197765606174,0.0,0.0,496.0,0.18139239589919098,0.9559266631132253,0.0,0.0,0.0,0.0,0.0,8,30,24,moderate_d25_balanced_human_only,moderate,25,balanced,human_only,10
9340,9329,257,3731,3727,252,0,9329,0,0,0.0,0.0,140305.9426543175,18.73603935450592,140324.6786936631,0.0,12570,8490.5914068295,0,0.0,0.0,0.0,0,0,0,0.0,0.0,0,0.0,0.0,0.0,39728.014831460416,0.0,0,0,0,20261131,e81ae418a5d0e6fe,human_only,0,1.0,0.98,11,4,0.027548504662879194,0.028693790149892935,0.06861431251675154,0.002008365243274297,15.041770682137752,0.0,754150.3189960922,741433.6729526987,12357.227882544978,0.0,662.1335805243402,0.0,0.0,496.0,0.15529758176960995,0.6754647101694113,0.0,0.0,0.0,0.0,0.0,8,30,24,moderate_d25_balanced_human_only,moderate,25,balanced,human_only,11
10130,10120,280,4100,4097,242,0,10120,0,0,0.0,0.0,153788.90396400157,567.4836653013735,154356.38762929675,0.0,13601,11689.596437497328,0,0.0,0.0,0.0,0,0,0,0.0,0.0,0,0.0,0.0,0.0,43839.43297914164,0.0,0,0,0,20261132,e81ae418a5d0e6fe,human_only,0,1.0,0.98,10,3,0.02766798418972332,0.028627838104639685,0.05975609756097561,0.056075460998159445,15.252607473250666,0.0,740346.3950206361,726259.4092337881,12104.323487229802,0.0,730.6572163190273,0.0,0.0,496.0,0.17075896615072117,0.859465953789966,0.0,0.0,0.0,0.0,0.0,8,30,24,moderate_d25_balanced_human_only,moderate,25,balanced,human_only,12
9975,9970,263,3996,3994,237,0,9970,0,0,0.0,0.0,151432.2264689352,435.9353918929628,151868.16186082043,0.0,13452,10709.520712469763,0,0.0,0.0,0.0,0,0,0,0.0,0.0,0,0.0,0.0,0.0,43617.776708442005,0.0,0,0,0,20261133,e81ae418a5d0e6fe,human_only,0,1.0,0.98,5,2,0.02637913741223671,0.026867167919799498,0.05980980980980981,0.04372471332928413,15.232513727263834,0.0,742779.2836899703,728989.9416516477,12149.832360860795,0.0,726.9629451407001,0.0,0.0,496.0,0.1680339564404455,0.7961285096989119,0.0,0.0,0.0,0.0,0.0,8,30,24,moderate_d25_balanced_human_only,moderate,25,balanced,human_only,13
11917,11906,292,4640,4635,267,0,11906,0,0,0.0,0.0,177088.84819863777,34.493247578517185,177123.3414462034,0.0,15697,14006.859609544972,0,0.0,0.0,0.0,0,0,0,0.0,0.0,0,0.0,0.0,0.0,50048.79519196968,0.0,0,0,0,20261134,e81ae418a5d0e6fe,human_only,0,1.0,0.98,11,5,0.02452544935326726,0.025425862213644373,0.05862068965517241,0.002897131494919972,14.876813492877828,0.0,717787.5580177229,699729.3298052001,11662.155496753336,0.0,834.146586532828,0.0,0.0,496.0,0.19602648071491613,0.8923271714050438,0.0,0.0,0.0,0.0,0.0,8,30,24,moderate_d25_balanced_human_only,moderate,25,balanced,human_only,14
10733,10726,293,4241,4237,251,0,10726,0,0,0.0,0.0,161005.9360813214,130.8087321589046,161136.74481346947,0.0,14151,11194.438108547463,0,0.0,0.0,0.0,0,0,0,0.0,0.0,0,0.0,0.0,0.0,45778.57399902863,0.0,0,0,0,20261135,e81ae418a5d0e6fe,human_only,0,1.0,0.98,7,4,0.02731680029834048,0.027951178608031306,0.0601273284602688,0.012195481275303432,15.023004364485313,0.0,733152.1272015441,717824.0469453499,11963.734115755831,0.0,762.9762333171439,0.0,0.0,496.0,0.17881706182622747,0.7910704620555059,0.0,0.0,0.0,0.0,0.0,8,30,24,moderate_d25_balanced_human_only,moderate,25,balanced,human_only,15
10624,10620,371,4117,4115,318,0,10620,0,0,0.0,0.0,163071.07691506823,1343.9342737835686,164415.01118884177,0.0,14309,14344.31937596947,0,0.0,0.0,0.0,0,0,0,0.0,0.0,0,0.0,0.0,0.0,47281.597067458686,0.0,0,0,0,20261136,e81ae418a5d0e6fe,human_only,0,1.0,0.98,4,2,0.03493408662900188,0.035297439759036146,0.07772649987855235,0.1265474834071157,15.481639471642351,0.0,732015.0131064685,717195.8649150074,11953.264415250123,0.0,788.0266177909781,0.0,0.0,496.0,0.1800907111262674,1.0024683329351785,0.0,0.0,0.0,0.0,0.0,8,30,24,moderate_d25_balanced_human_only,moderate,25,balanced,human_only,16
11146,11140,287,4462,4457,257,0,11140,0,0,0.0,0.0,168469.02196265713,209.62500581988934,168678.64696846594,0.0,14859,13392.660042506748,0,0.0,0.0,0.0,0,0,0,0.0,0.0,0,0.0,0.0,0.0,48103.597893548824,0.0,0,0,0,20261137,e81ae418a5d0e6fe,human_only,0,1.0,0.98,6,5,0.02576301615798923,0.02628745738381482,0.05871806364858808,0.018817325477548413,15.141709781729437,0.0,726224.1492201377,709689.8019599722,11828.163365999537,0.0,801.7266315591471,0.0,0.0,496.0,0.1865768937946486,0.9013163767754726,0.0,0.0,0.0,0.0,0.0,8,30,24,moderate_d25_balanced_human_only,moderate,25,balanced,human_only,17
11582,11569,260,4675,4669,232,0,11569,0,0,0.0,0.0,170800.72552581178,206.25206295582757,171006.9775887552,0.0,15321,11275.20972329034,0,0.0,0.0,0.0,0,0,0,0.0,0.0,0,0.0,0.0,0.0,48088.16157508039,0.0,0,0,0,20261138,e81ae418a5d0e6fe,human_only,0,1.0,0.98,13,6,0.0224738525369522,0.023571058539112417,0.05090909090909091,0.017827994031967116,14.781483065844515,0.0,723573.5116245254,706846.5488838126,11780.77581473021,0.0,801.4693595846732,0.0,0.0,496.0,0.18954579791159787,0.7359317096332054,0.0,0.0,0.0,0.0,0.0,8,30,24,moderate_d25_balanced_human_only,moderate,25,balanced,human_only,18
10459,10453,292,4179,4178,271,0,10453,0,0,0.0,0.0,157985.6770600349,482.81420513962803,158468.4912651645,0.0,14040,12104.801005283727,0,0.0,0.0,0.0,0,0,0,0.0,0.0,0,0.0,0.0,0.0,45586.861935038374,0.0,0,0,0,20261139,e81ae418a5d0e6fe,human_only,0,1.0,0.98,6,1,0.02793456423993112,0.028492207668037096,0.06508734146925102,0.04618905626515144,15.160096744012677,0.0,736510.9822039482,721769.5276289546,12029.492127149244,0.0,759.7810322506396,0.0,0.0,496.0,0.17505490344539854,0.8621653137666472,0.0,0.0,0.0,0.0,0.0,8,30,24,moderate_d25_balanced_human_only,moderate,25,balanced,human_only,19
11676,11660,270,4600,4594,240,0,11660,0,0,0.0,0.0,171790.18324998667,263.28663274078644,172053.46988271506,0.0,15375,12070.260405762489,0,0.0,0.0,0.0,0,0,0,0.0,0.0,0,0.0,0.0,0.0,48209.0852281031,0.0,0,0,0,20261140,e81ae418a5d0e6fe,human_only,0,1.0,0.98,16,6,0.023156089193825044,0.024494689962315862,0.05347826086956522,0.02258032870847225,14.755872202634224,0.0,722529.9440958683,705467.3455863398,11757.789093105665,0.0,803.4847538017183,0.0,0.0,496.0,0.19071466835140205,0.7850575873666659,0.0,0.0,0.0,0.0,0.0,8,30,24,moderate_d25_balanced_human_only,moderate,25,balanced,human_only,20
10787,10772,364,4266,4261,317,0,10772,0,0,0.0,0.0,163123.99575947862,1318.8249601631014,164442.82071963086,0.0,14282,13701.377956053333,0,0.0,0.0,0.0,0,0,0,0.0,0.0,0,0.0,0.0,0.0,47359.48373862322,0.0,0,0,0,20261141,e81ae418a5d0e6fe,human_only,0,1.0,0.98,15,5,0.0337913108057928,0.03513488458329471,0.07548054383497421,0.12243083551458424,15.26576501296239,0.0,731762.4486135994,716744.8993872817,11945.748323121363,0.0,789.3247289770536,0.0,0.0,496.0,0.1803736014632623,0.9593458868543154,0.0,0.0,0.0,0.0,0.0,8,30,24,moderate_d25_balanced_human_only,moderate,25,balanced,human_only,21
11445,11433,392,4662,4657,339,0,11433,0,0,0.0,0.0,176266.4662136265,212.44074431069384,176478.90695792512,0.0,15383,17175.791125894015,0,0.0,0.0,0.0,0,0,0,0.0,0.0,0,0.0,0.0,0.0,50896.47472374021,0.0,0,0,0,20261142,e81ae418a5d0e6fe,human_only,0,1.0,0.98,12,5,0.034286713898364386,0.03529925731760594,0.07378807378807378,0.018581364848306994,15.43592293867971,0.0,718083.4333610458,701390.7609297538,11689.846015495896,0.0,848.2745787290036,0.0,0.0,496.0,0.1956950791206924,1.116543660267439,0.0,0.0,0.0,0.0,0.0,8,30,24,moderate_d25_balanced_human_only,moderate,25,balanced,human_only,22
10468,10460,288,4240,4237,238,0,10460,0,0,0.0,0.0,156923.97707840832,1621.3484659949027,158545.32554439132,0.0,13982,10467.890835660231,0,0.0,0.0,0.0,0,0,0,0.0,0.0,0,0.0,0.0,0.0,45281.86829023636,0.0,0,0,0,20261143,e81ae418a5d0e6fe,human_only,0,1.0,0.98,8,3,0.027533460803059275,0.028276652655712647,0.056839622641509435,0.15500463346031573,15.157296897169342,0.0,737735.0565347421,723252.5546697879,12054.209244496464,0.0,754.6978048372727,0.0,0.0,496.0,0.1736838524476455,0.7486690627707218,0.0,0.0,0.0,0.0,0.0,8,30,24,moderate_d25_balanced_human_only,moderate,25,balanced,human_only,23
11959,11939,276,4865,4855,255,0,11939,0,0,0.0,0.0,177265.7826317339,315.42923622112176,177581.2118679444,0.0,15706,13889.295919706952,0,0.0,0.0,0.0,0,0,0,0.0,0.0,0,0.0,0.0,0.0,50518.51137772519,0.0,0,0,0,20261144,e81ae418a5d0e6fe,human_only,0,1.0,0.98,20,10,0.023117514029650725,0.02475123338071745,0.05447070914696814,0.026420071716318095,14.87404404623037,0.0,716827.9212353565,698945.7102149029,11649.095170248382,0.0,841.9751896287531,0.0,0.0,496.0,0.1971013427023337,0.8843305691905611,0.0,0.0,0.0,0.0,0.0,8,30,24,moderate_d25_balanced_human_only,moderate,25,balanced,human_only,24
10658,10645,408,4335,4329,339,0,10645,0,0,0.0,0.0,165088.07771309707,2395.9914541616126,167484.06916724576,0.0,14474,15159.694124843505,0,0.0,0.0,0.0,0,0,0,0.0,0.0,0,0.0,0.0,0.0,48736.35607075526,0.0,0,0,0,20261145,e81ae418a5d0e6fe,human_only,0,1.0,0.98,13,6,0.038327853452325034,0.03950084443610433,0.07958477508650519,0.22508139541208197,15.733590339807023,0.0,730150.3586689165,715341.5971265634,11922.359952109391,0.0,812.2726011792544,0.0,0.0,496.0,0.18217925776331034,1.0473741968248933,0.0,0.0,0.0,0.0,0.0,8,30,24,moderate_d25_balanced_human_only,moderate,25,balanced,human_only,25
11411,11394,359,4515,4511,292,0,11394,0,0,0.0,0.0,173453.56800756993,1320.7592941210278,174774.32730167985,0.0,15207,14966.39228099976,0,0.0,0.0,0.0,0,0,0,0.0,0.0,0,0.0,0.0,0.0,50469.63722440975,0.0,0,0,0,20261146,e81ae418a5d0e6fe,human_only,0,1.0,0.98,17,4,0.03150781112866421,0.032950661642274996,0.06555924695459579,0.1159170874250507,15.339154581506042,0.0,721448.3913748073,704694.7103995162,11744.911839991935,0.0,841.1606204068291,0.0,0.0,496.0,0.19192608492965124,0.9841778313276622,0.0,0.0,0.0,0.0,0.0,8,30,24,moderate_d25_balanced_human_only,moderate,25,balanced,human_only,26
11731,11718,282,4692,4688,250,0,11718,0,0,0.0,0.0,174619.5415872192,398.76928810155914,175018.31087530963,0.0,15494,13054.383785166288,0,0.0,0.0,0.0,0,0,0,0.0,0.0,0,0.0,0.0,0.0,49626.29334631529,0.0,0,0,0,20261147,e81ae418a5d0e6fe,human_only,0,1.0,0.98,13,4,0.024065540194572452,0.025147046287614015,0.05413469735720375,0.034030490536060685,14.93585175587213,0.0,719485.448462128,702013.6921910624,11700.228203184373,0.0,827.1048891052548,0.0,0.0,496.0,0.1941247217046057,0.8425444549610358,0.0,0.0,0.0,0.0,0.0,8,30,24,moderate_d25_balanced_human_only,moderate,25,balanced,human_only,27
11047,11036,299,4371,4367,268,0,11036,0,0,0.0,0.0,165666.37794765356,96.89879252569517,165763.27674017148,0.0,14610,13703.97544665898,0,0.0,0.0,0.0,0,0,0,0.0,0.0,0,0.0,0.0,0.0,47001.94346624347,0.0,0,0,0,20261148,e81ae418a5d0e6fe,human_only,0,1.0,0.98,11,4,0.02709314969191736,0.02806191726260523,0.06222832303820636,0.008780245788845158,15.02023167272304,0.0,728506.9466563902,712341.4001012122,11872.356668353537,0.0,783.3657244373912,0.0,0.0,496.0,0.18401999702465255,0.937985999086857,0.0,0.0,0.0,0.0,0.0,8,30,24,moderate_d25_balanced_human_only,moderate,25,balanced,human_only,28
10180,10168,408,3980,3976,324,0,10168,0,0,0.0,0.0,158409.83535458444,2335.8980934321808,160745.7334480045,0.0,13782,14515.907679005242,0,0.0,0.0,0.0,0,0,0,0.0,0.0,0,0.0,0.0,0.0,46441.56105348195,0.0,0,0,0,20261149,e81ae418a5d0e6fe,human_only,0,1.0,0.98,12,4,0.04012588512981904,0.0412573673870334,0.08241206030150754,0.22973033963731124,15.808982439811615,0.0,736909.8726293171,722938.1416861747,12048.96902810291,0.0,774.0260175580325,0.0,0.0,496.0,0.17460811757468964,1.053251173922888,0.0,0.0,0.0,0.0,0.0,8,30,24,moderate_d25_balanced_human_only,moderate,25,balanced,human_only,29
10920,10911,371,4402,4398,338,174,10737,3,3,1391.7874112415195,735.214629604596,163289.4090356571,443.4040066099933,168618.93434829102,4886.121306032532,14739,14253.840210731329,20,0.0,2157.2444508388253,68.69215261469701,0,0,173,0.0,1211.0,521,1081.2146296045933,1535.5061801587021,1541.8152393276614,48427.031961199355,1141.3322306469693,0,0,0,20261120,fd11b739944f442a,adaptive_hybrid,2,1.0,0.98,9,4,0.034002382916322973,0.0347985347985348,0.07769195820081781,0.040638255577856594,15.454031193134545,656.5727816369235,728167.9189849615,712452.878207224,11874.214636787066,18.020243826743222,807.1171993533226,19.022203844116156,2.9593382712623058,496.0,0.18439973231971163,0.9670832628218555,0.0,0.024968107069893813,0.0,0.0,0.014016203703703704,8,30,24,moderate_d25_balanced_adaptive_hybrid,moderate,25,balanced,adaptive_hybrid,0
10819,10800,459,4312,4304,414,288,10512,4,4,2342.9901368685933,1132.9407877702115,159038.89759260273,1258.748412642275,168256.99255127518,7959.346546037974,14736,12848.555591394015,35,0.0,3717.5625773973516,114.89288326607601,0,0,288,0.0,2016.0,864,1708.940787770202,2452.6750478650597,2457.3800081668305,47456.86234780717,1880.5948797694564,0,0,0,20261121,fd11b739944f442a,adaptive_hybrid,2,1.0,0.98,19,8,0.0425,0.044181532489139475,0.09786641929499072,0.1165507789483588,15.57935116215511,1210.0493490983818,731647.9339816063,715317.86989255,11921.964498209167,28.4823464628367,790.9477057967862,31.343247996157608,2.844189824267165,496.0,0.18050186606002883,0.8719160960500825,0.0,0.04302734464580268,0.0,0.0,0.023333333333333334,8,30,24,moderate_d25_balanced_adaptive_hybrid,moderate,25,balanced,adaptive_hybrid,1
12518,12506,393,4892,4885,325,119,12387,1,1,961.1608528921854,445.200948698304,186979.34428147358,302.99252676607466,190722.7529062443,3440.416098018821,16617,16547.83531844977,14,0.0,1487.953920799191,47.037721490398255,0,0,119,0.0,833.0,357,683.2009486983031,1098.9031628358289,1109.2850764545492,54027.950102441246,771.9941423290484,0,0,0,20261122,fd11b739944f442a,adaptive_hybrid,2,1.0,0.98,12,7,0.031424916040300656,0.03235341108803323,0.0678659035159444,0.02422777281033701,15.250499992503142,515.9599041938814,705649.6449589106,686213.5059440186,11436.891765733644,11.386682478305053,900.4658350406875,12.866569038817472,3.1072411105169446,496.0,0.20962181344208042,0.9958377154991737,0.0,0.017221688898138784,0.0,0.0,0.009641203703703704,8,30,24,moderate_d25_balanced_adaptive_hybrid,moderate,25,balanced,adaptive_hybrid,2
10389,10380,358,4215,4211,329,87,10293,3,3,763.7081619452996,396.3306666601895,154433.3152251119,384.6501187513459,157367.54577481057,2549.5804309584564,13948,11227.72171286415,11,0.0,1188.8857245182683,35.66657173554806,0,0,87,0.0,609.0,261,570.33066666019,765.2368898498729,771.042096300469,44367.75692463603,548.8547613586713,0,0,0,20261123,fd11b739944f442a,adaptive_hybrid,2,1.0,0.98,9,4,0.03448940269749518,0.03532582539224179,0.07900355871886121,0.0370568515174707,15.160649881966336,367.3774952851101,739081.9839832467,724227.7696554816,12070.46282759136,9.505511111003166,739.4626154106005,9.147579355977856,2.954184277013291,496.0,0.1721751971513814,0.8049700109595748,0.0,0.01376025144118366,0.0,0.0,0.007048611111111111,8,30,24,moderate_d25_balanced_adaptive_hybrid,moderate,25,balanced,adaptive_hybrid,3
10405,10394,389,4163,4157,334,121,10273,2,2,932.8188577582765,487.5350825660012,154521.91408078664,942.4509966375263,158798.17294610862,3333.807868694028,13926,12108.957145547965,14,0.0,1506.8476162294583,47.39437874495588,0,0,121,0.0,847.0,363,729.5350825660005,1025.5514783780823,1027.7853120617729,44876.00267553732,807.8896899389133,0,0,0,20261124,fd11b739944f442a,adaptive_hybrid,2,1.0,0.98,11,6,0.03742543775254955,0.03844305622296973,0.0816718712466971,0.09067259925317743,15.277869246306391,445.2837751922753,738631.8218612559,723315.3819803344,12055.256366338906,12.158918042766675,747.9333779256219,13.464828165648555,2.8313644960379416,496.0,0.17267941099769724,0.8695215528901311,0.0,0.017440365928581694,0.0,0.0,0.00980324074074074,8,30,24,moderate_d25_balanced_adaptive_hybrid,moderate,25,balanced,adaptive_hybrid,4
11041,11030,381,4345,4339,357,161,10869,7,7,1307.0045613748139,760.8505334261381,162391.92672248062,107.90757621524608,167091.47963452456,4591.645335838435,14822,12704.813473021819,19,0.0,2046.6983295603725,64.0357944364218,0,0,161,0.0,1127.0,483,1082.8505334261347,1328.085043756108,1346.5678308208844,47206.337154006746,1048.6820538443426,0,0,0,20261125,fd11b739944f442a,adaptive_hybrid,2,1.0,0.98,11,6,0.03454215775158658,0.03550403043202609,0.08354430379746836,0.009783098478263471,15.148819549820903,546.1540279486758,729543.2650306346,713194.107667727,11886.568461128783,18.047508890435576,786.7722859001125,17.478034230739045,2.787925115571189,496.0,0.1828592461574433,0.8571591872231695,0.0,0.02368863807361542,0.0,0.0,0.013043981481481481,8,30,24,moderate_d25_balanced_adaptive_hybrid,moderate,25,balanced,adaptive_hybrid,5
11828,11817,469,4715,4710,436,263,11554,4,4,2120.19423581316,1058.384938889166,173280.54685626618,123.36868653840065,180696.39945431097,7292.483911517762,16023,14754.280001798905,31,0.0,3316.8303723560457,102.19481850861591,0,0,263,0.0,1841.0,789,1584.384938889158,2305.7358828335314,2308.832285281869,51724.41981481317,1651.0381823320774,0,0,0,20261126,fd11b739944f442a,adaptive_hybrid,2,1.0,0.98,11,5,0.03968858424303969,0.040581670612106865,0.09353128313891834,0.010439932854227016,15.291224460887786,1061.809296923994,717079.500982958,698954.3461988085,11649.239103313475,26.406415648152635,862.0736635802194,27.517303038867958,2.9262766606867796,496.0,0.19681955535062945,0.920818823054291,0.0,0.03838924042078756,0.0,0.0,0.02130787037037037,8,30,24,moderate_d25_balanced_adaptive_hybrid,moderate,25,balanced,adaptive_hybrid,6
11430,11424,396,4570,4568,343,86,11338,2,2,692.7707015840647,352.43145451135945,173067.7441261271,533.2529640443554,176280.6073508843,2679.610260725165,15302,15227.070204209733,10,0.0,1036.2944360886656,32.32028089021862,0,0,86,0.0,602.0,258,524.43145451136,903.2628570280448,918.1904022001963,51069.85194274969,515.7809105503253,0,0,0,20261127,fd11b739944f442a,adaptive_hybrid,2,1.0,0.98,6,2,0.03466386554621849,0.03517060367454068,0.07549234135667396,0.046678305676151555,15.430725433375727,340.33924707270523,720461.8291375388,703533.4441508427,11725.557402514045,8.740524241856,851.1641990458281,8.596348509172088,3.558877527907738,496.0,0.19303110535669943,0.9951032678218359,0.0,0.011994148565841037,0.0,0.0,0.006967592592592593,8,30,24,moderate_d25_balanced_adaptive_hybrid,moderate,25,balanced,adaptive_hybrid,7
11393,11383,428,4407,4401,354,167,11216,1,1,1350.729899808561,642.4721742069552,169699.36642128162,2463.0128528912537,176883.09921713872,4720.719942974678,15275,14493.388005580926,19,0.0,2027.9559491375828,65.27893752723095,0,0,167,0.0,1169.0,501,976.4721742069521,1545.354673708991,1570.0572023708191,50061.46462962735,1076.0699083626798,0,0,0,20261128,fd11b739944f442a,adaptive_hybrid,2,1.0,0.98,10,6,0.037599929719757536,0.03844465900114105,0.08168822328114364,0.21637642562516504,15.53923387658251,708.2577256016058,722766.5892780197,706174.1563682144,11769.569272803574,16.274536236782534,834.3577438271225,17.93449847271133,3.1338467113190003,496.0,0.19044960878358008,0.9488306386632357,0.0,0.02347171237427758,0.0,0.0,0.013530092592592592,8,30,24,moderate_d25_balanced_adaptive_hybrid,moderate,25,balanced,adaptive_hybrid,8
11998,11983,706,4782,4773,589,311,11672,8,8,2543.611709847917,1279.3427786786358,181195.18858144825,2524.1806560780296,192363.03666312533,8643.66742560912,16301,19820.09500225824,38,0.0,4038.8210101883383,124.08797984277241,0,0,311,0.0,2177.0,933,1901.3427786786274,2665.2567010784383,2688.744173510104,54998.77216640803,2026.017816435101,0,0,0,20261129,fd11b739944f442a,adaptive_hybrid,2,1.0,0.98,15,9,0.05891679879829759,0.060093348891481914,0.12505227938101213,0.210646804312612,16.05299479789079,1264.2689311692814,709688.6676261491,691334.216486108,11522.236941435134,31.689046311310456,916.6462027734672,33.76696360725168,2.881826552529586,496.0,0.20509781851909814,1.2158821546075849,0.0,0.04674561354384651,0.0,0.0,0.02519675925925926,8,30,24,moderate_d25_balanced_adaptive_hybrid,moderate,25,balanced,adaptive_hybrid,9
10742,10723,567,4260,4256,510,391,10332,5,5,3226.772640276496,1563.0080087973417,159245.22532371603,1671.3099382973105,171576.75566773818,10660.220405731567,14751,15010.573734528172,49,0.0,5230.031572702489,158.18202217106767,0,0,391,0.0,2737.0,1173,2345.008008797338,3004.9514541372787,3032.19591510214,48179.93698200459,2594.034649641742,0,0,0,20261130,fd11b739944f442a,adaptive_hybrid,2,1.0,0.98,19,4,0.052876993378718644,0.05455222491156209,0.12065727699530517,0.1558621596845389,16.00081653154324,1663.7646314791543,730474.3522166496,714014.8998484729,11900.248330807883,39.083466813288965,802.9989497000765,43.233910827362365,2.5849922549890367,496.0,0.18181636176450544,1.0175970262713154,0.0,0.060532772832204734,0.0,0.0,0.03167824074074074,8,30,24,moderate_d25_balanced_adaptive_hybrid,moderate,25,balanced,adaptive_hybrid,10
9340,9328,300,3731,3727,294,88,9240,0,0,722.0039393815498,342.68470686512313,139073.49582658807,14.36829661860429,141460.4474050955,2372.5832818969684,12665,8621.030645244027,10,0.0,1064.0679013780918,35.0979866851549,0,0,88,0.0,616.0,264,518.684706865124,710.137664893211,714.5054076288852,39902.70796736141,559.3982889215754,0,0,0,20261131,fd11b739944f442a,adaptive_hybrid,2,1.0,0.98,12,4,0.03216123499142367,0.03340471092077088,0.07987134816403109,0.001540340546591369,15.165142303290684,379.31923251642667,754147.3751039086,741035.9966327621,12350.59994387937,8.644745114418733,665.0451327893569,9.32330481535959,2.706459877382141,496.0,0.15530087913988733,0.6806972479466267,0.0,0.012315600710394581,0.0,0.0,0.00712962962962963,8,30,24,moderate_d25_balanced_adaptive_hybrid,moderate,25,balanced,adaptive_hybrid,11
10130,10123,362,4100,4098,314,143,9980,1,1,1132.7695244552658,568.904720436331,151865.3443440651,959.0946981127345,156844.77698277746,4020.337940607591,13781,12235.026188150861,17,0.0,1797.5720099709004,54.94625159456557,0,0,143,0.0,1001.0,429,854.9047204363291,1347.5916845993604,1358.4192943564958,44419.89790695059,869.1938958229658,0,0,0,20261132,fd11b739944f442a,adaptive_hybrid,2,1.0,0.98,7,2,0.03576015015311666,0.03642645607107601,0.07707317073170732,0.09474411717008145,15.493902695127675,563.8648040189348,740067.735683342,725502.6157372608,12091.71026228768,14.248412007272151,740.3316317825098,14.486564930382764,3.1664785416235333,496.0,0.1710710845840704,0.8878184593390074,0.0,0.02080523159688542,0.0,0.0,0.011585648148148149,8,30,24,moderate_d25_balanced_adaptive_hybrid,moderate,25,balanced,adaptive_hybrid,12
9975,9971,279,3996,3995,259,69,9902,0,0,540.3475939865016,269.57373066627747,150099.5858524637,378.2477671623874,152430.03032649393,1952.1967068748527,13488,10844.3932531348,7,0.0,746.683496246146,25.822195822811597,0,0,69,0.0,483.0,207,407.57373066627804,710.9424479102368,719.53679363009,43421.82816920283,421.10794653918,0,0,0,20261133,fd11b739944f442a,adaptive_hybrid,2,1.0,0.98,4,1,0.027981145321432154,0.028370927318295738,0.06506506506506507,0.03793478760027955,15.287336307942425,270.7738633202241,743044.0094570605,728813.4382796779,12146.890637994631,6.792895511104634,723.6971361533805,7.018465775653,3.4760231576332847,496.0,0.16773744460454698,0.8040030585064354,0.0,0.008642170095441505,0.0,0.0,0.005590277777777777,8,30,24,moderate_d25_balanced_adaptive_hybrid,moderate,25,balanced,adaptive_hybrid,13
11917,11906,474,4640,4635,441,346,11560,6,6,2702.6236689677135,1370.3347724808625,172271.22973637987,23.719992677182745,181621.92283114442,9326.973102099524,16053,14886.304281015213,43,0.0,4549.286723819356,135.46145483102578,0,0,344,0.0,2408.0,1036,2058.3347724808527,2735.2523021404545,2741.244370865661,50691.38018311171,2305.8752460712185,0,0,0,20261134,fd11b739944f442a,adaptive_hybrid,2,1.0,0.98,11,5,0.03981185956660507,0.040698162289166735,0.09612068965517241,0.0019922721885757386,15.254655033692627,1332.288896486851,717747.5750610421,698273.3108740223,11637.88851456704,34.30557954134755,844.8563363851952,38.43125410118697,2.6459887749668543,496.0,0.1960712644925604,0.927322262568692,0.0,0.05265378152568699,0.0,0.0,0.027870370370370372,8,30,24,moderate_d25_balanced_adaptive_hybrid,moderate,25,balanced,adaptive_hybrid,14
10733,10724,362,4241,4235,329,124,10600,3,3,1036.2180201557433,515.375070599506,158313.89581986543,140.26030014694697,161971.15304299595,3516.9969229943563,14234,11166.196543770358,14,0.0,1497.971785290361,49.57626756804803,0,0,121,0.0,847.0,369,757.3750705995044,1070.6492366010082,1074.784042750598,45625.16317363704,769.6946407431594,0,0,0,20261135,fd11b739944f442a,adaptive_hybrid,2,1.0,0.98,9,6,0.033756061171204776,0.034566290878598714,0.07899080405564725,0.013079102960364321,15.103613674281608,520.8429495562373,733970.5293042529,718524.2169463157,11975.40361577193,12.622917843325073,760.419386227284,12.82824401238599,2.9126938827929485,496.0,0.1779003928043762,0.7844735523233356,0.0,0.01733763640382362,0.0,0.0,0.00980324074074074,8,30,24,moderate_d25_balanced_adaptive_hybrid,moderate,25,balanced,adaptive_hybrid,15
10624,10615,526,4117,4114,471,258,10357,4,4,2108.2109146641255,1082.9837079181484,159598.7422731459,1327.1924118710594,168118.3068993391,7192.372214332803,14513,15329.309148031103,32,0.0,3412.367101692177,102.63220448037548,0,0,258,0.0,1806.0,774,1598.9837079181398,2102.9341525574923,2115.8453588608154,47661.72627740104,1636.3651750489967,0,0,0,20261136,fd11b739944f442a,adaptive_hybrid,2,1.0,0.98,9,3,0.049552520018841265,0.05035768072289157,0.11513237794510565,0.12502990220170132,15.837805642895818,1025.2272067459771,731602.0721714188,715915.218940877,11931.920315681284,26.649728465302328,794.3621046233507,27.272752917483277,2.733650334445498,496.0,0.1805532345750237,1.0562467544981122,0.0,0.039494989602918716,0.0,0.0,0.020902777777777777,8,30,24,moderate_d25_balanced_adaptive_hybrid,moderate,25,balanced,adaptive_hybrid,16
11146,11141,295,4462,4458,259,23,11118,0,0,175.44469756189716,88.68983260780736,167877.54758175238,134.2313021866903,168835.27471192036,823.495827993047,14872,13435.665842716178,2,0.0,212.3539819690373,8.376962994474896,0,0,23,0.0,161.0,69,134.68983260780735,322.30288280313033,323.90090206420064,48011.33130523517,125.53294808803672,0,0,0,20261137,fd11b739944f442a,adaptive_hybrid,2,1.0,0.98,5,4,0.026478772103042815,0.02691548537591961,0.05894217839533841,0.012048406982020492,15.154409362886668,86.7548649540898,726392.715995877,709628.0964339843,11827.134940566406,2.244830543463456,800.1888550872529,2.0922158014672787,4.694215971944937,496.0,0.18638808692218067,0.9034202422482638,0.0,0.002457800717234228,0.0,0.0,0.001863425925925926,8,30,24,moderate_d25_balanced_adaptive_hybrid,moderate,25,balanced,adaptive_hybrid,17
11582,11572,317,4675,4671,293,138,11434,3,3,1138.588139307196,564.1313911063627,169235.1291545376,191.9920304879779,173089.77652056864,3662.6553355546566,15481,11745.120032887642,17,0.0,1825.8482152103136,54.79963361442525,0,0,138,0.0,966.0,414,840.1313911063617,1043.4652598831187,1049.9926424209916,48628.59103880331,901.5344902232601,0,0,0,20261138,fd11b739944f442a,adaptive_hybrid,2,1.0,0.98,10,4,0.027393708952644313,0.028233465722673115,0.06352941176470588,0.016591084556513817,14.95763709994544,574.4567482008332,723310.0286516408,706198.5246665692,11769.975411109486,14.002189851772695,810.4765173133885,15.025574837054336,2.536214112127999,496.0,0.189840917728897,0.7586796739802107,0.0,0.02113250249086011,0.0,0.0,0.011180555555555555,8,30,24,moderate_d25_balanced_adaptive_hybrid,moderate,25,balanced,adaptive_hybrid,18
10459,10452,346,4179,4177,318,75,10377,1,1,609.7691314127461,344.40266399510426,156521.65579733733,474.9994503704438,159170.2904996232,2173.635251924423,14102,12088.245496706792,9,0.0,962.8795635098141,30.759892761307086,0,0,75,0.0,525.0,225,494.4026639951052,596.8626245239728,598.570036243822,45594.40948591654,530.1365298575547,0,0,0,20261139,fd11b739944f442a,adaptive_hybrid,2,1.0,0.98,7,2,0.03310371220818982,0.033750836600057364,0.0765733429050012,0.0454457950985882,15.228692164143053,265.36646741764184,736750.9435148399,721681.0043058681,12028.016738431133,8.24004439991842,759.9068247652757,8.835608830959245,2.660311272194764,496.0,0.1747861295756722,0.8572007868888663,0.0,0.011144439392474701,0.0,0.0,0.006076388888888889,8,30,24,moderate_d25_balanced_adaptive_hybrid,moderate,25,balanced,adaptive_hybrid,19
11676,11661,385,4600,4594,346,206,11455,2,2,1697.2257568600885,810.6531298426356,168770.88903771827,150.09753457465558,174605.26562073163,5684.2790484502475,15557,12309.8807900008,26,0.0,2748.806751428772,83.56004660371346,0,0,206,0.0,1442.0,618,1222.6531298426307,1665.0017858811739,1669.7399973644897,48336.60491535917,1379.160199826063,0,0,0,20261140,fd11b739944f442a,adaptive_hybrid,2,1.0,0.98,15,6,0.03301603636051797,0.0342583076396026,0.07652173913043478,0.012871754958807614,14.973438437589541,886.5726270174529,722609.8484442562,705014.6641975185,11750.244403291976,20.377552164043845,805.6100819226527,22.986003330434382,2.701844655929595,496.0,0.19062516975329724,0.7912760037282767,0.0,0.03181489295635152,0.0,0.0,0.016689814814814814,8,30,24,moderate_d25_balanced_adaptive_hybrid,moderate,25,balanced,adaptive_hybrid,20
10787,10774,470,4266,4262,420,218,10556,5,5,1764.3471663233813,873.5819301568326,159940.2899228419,1251.2141074064202,167329.6717032415,6138.167673003996,14476,14463.773940363168,27,0.0,2841.070505517673,86.3776091915433,0,0,217,0.0,1519.0,653,1307.5819301568276,1861.3470987247438,1890.1067986959279,47608.13730842994,1412.3870203926128,0,0,0,20261141,fd11b739944f442a,adaptive_hybrid,2,1.0,0.98,13,4,0.043623538147391866,0.04477611940298507,0.09939052977027661,0.11613273690425285,15.530877269653008,890.7652361665487,731709.6073840662,716044.6937276414,11934.078228794022,21.793032169280462,793.468955140499,23.539783673210213,2.8944973946338863,496.0,0.1804327874282412,0.9991554255570024,0.0,0.03288276048052863,0.0,0.0,0.01758101851851852,8,30,24,moderate_d25_balanced_adaptive_hybrid,moderate,25,balanced,adaptive_hybrid,21
11445,11435,473,4662,4658,414,127,11308,1,1,1059.1991590985851,511.6388664028166,173983.1453207287,402.1969672279556,177964.1945493267,3578.8522613812856,15508,17175.15175372023,15,0.0,1618.835158244744,50.29801430287065,0,0,127,0.0,889.0,381,765.6388664028152,1116.4524658444845,1117.8946901403851,51118.456399401955,799.9078873965158,0,0,0,20261142,fd11b739944f442a,adaptive_hybrid,2,1.0,0.98,10,4,0.041364232619151724,0.04220183486238532,0.08966108966108965,0.03517245012924841,15.563112772131761,547.5602926957686,718539.0642691622,701406.1906667892,11690.10317777982,12.760647773380253,851.9742733233659,13.331798123275263,2.9341067982687274,496.0,0.1951847398418881,1.1075026923987767,0.0,0.018736518035240093,0.0,0.0,0.010289351851851852,8,30,24,moderate_d25_balanced_adaptive_hybrid,moderate,25,balanced,adaptive_hybrid,22
10468,10456,376,4240,4235,330,183,10273,6,6,1436.7097830431371,788.2493994205175,153779.91252432604,1533.2408378723812,160333.87285437115,5020.719492184146,14135,10531.161351289828,21,0.0,2267.4823139703253,69.88669856208747,0,0,183,0.0,1281.0,549,1154.249399420514,1524.2496015940028,1535.9087511975413,45252.209395045465,1147.9664835613266,0,0,0,20261143,fd11b739944f442a,adaptive_hybrid,2,1.0,0.98,12,5,0.035960214231063506,0.037065341994650364,0.07900943396226415,0.14663741754709078,15.334150043455542,648.4603836226196,738193.3770775364,723235.3137887703,12053.921896479505,19.2374899903419,754.2034899174245,19.13277472602211,2.7976479985383267,496.0,0.17317050058519667,0.7450414822277911,0.0,0.02624400826354543,0.0,0.0,0.014826388888888889,8,30,24,moderate_d25_balanced_adaptive_hybrid,moderate,25,balanced,adaptive_hybrid,23
11959,11940,453,4865,4854,411,253,11687,4,4,2023.9262136031139,1021.2887648286293,173975.27476447655,361.9422587762838,181223.3244929085,6886.107469665716,15913,15117.581656351964,30,0.0,3178.6151950302083,97.34886698947808,0,0,253,0.0,1771.0,759,1527.2887648286217,2104.5785511200493,2112.000387064796,51160.015677754745,1547.8413696852283,0,0,0,20261144,fd11b739944f442a,adaptive_hybrid,2,1.0,0.98,19,11,0.037939698492462315,0.039468182958441345,0.0867420349434738,0.03031342200806397,15.177832872102888,1002.6374487744846,716454.810780827,697913.2953471628,11631.888255786045,25.454812747143695,852.666927962579,25.79735616142047,2.782609205618967,496.0,0.19751925315767593,0.9500145576793794,0.0,0.03678952772025704,0.0,0.0,0.020497685185185185,8,30,24,moderate_d25_balanced_adaptive_hybrid,moderate,25,balanced,adaptive_hybrid,24
10658,10648,478,4335,4333,410,137,10511,2,2,1123.1429268023353,552.137885649603,163160.0378644524,2431.7896674643307,169493.26180624697,3901.4342743419766,14586,15879.387216796595,16,0.0,1738.4126240113828,52.550370286602174,0,0,136,0.0,952.0,410,824.1378856496018,1191.1090518571668,1245.3242788321986,48943.87304701407,808.5419288595253,0,0,0,20261145,fd11b739944f442a,adaptive_hybrid,2,1.0,0.98,10,2,0.04489105935386927,0.045787202101707634,0.095040369088812,0.2283799462306847,15.91784953101493,571.0050411527322,730218.2563557515,714960.6472851443,11916.010788085738,13.735631427493363,815.7312174502346,13.475698814325423,3.0373762898346306,496.0,0.1821032074868374,1.0886731946247494,0.0,0.020120516481613226,0.0,0.0,0.011018518518518518,8,30,24,moderate_d25_balanced_adaptive_hybrid,moderate,25,balanced,adaptive_hybrid,25
11411,11401,504,4515,4512,428,244,11157,5,5,1959.3797833957071,1051.0937320052742,170445.99878860448,1471.536137326184,178708.14941560905,6790.614489689833,15419,15912.569535796427,29,0.0,3079.5907054890486,96.37683870305428,0,0,244,0.0,1708.0,732,1539.0937320052674,1955.0804734258425,1975.5767397657328,50938.40237256173,1602.909782762592,0,0,0,20261146,fd11b739944f442a,adaptive_hybrid,2,1.0,0.98,10,3,0.04420664853960179,0.045044255542897205,0.09545957918050942,0.12907079530972582,15.674778476941412,908.2860513904329,721077.5521713786,703149.0375967595,11719.150626612658,25.65156220008779,848.9733728760289,26.715163046043198,2.6988753275488153,496.0,0.19234145142094683,1.032010476411987,0.0,0.035643410943160286,0.0,0.0,0.01976851851851852,8,30,24,moderate_d25_balanced_adaptive_hybrid,moderate,25,balanced,adaptive_hybrid,26
11731,11718,394,4692,4688,356,221,11497,5,5,1813.064759997698,916.4844080788843,170743.30325421787,373.19444660551926,177019.08419068827,5902.586489876199,15718,13012.141446172916,27,0.0,2894.6204325680783,88.23011875956908,0,0,221,0.0,1547.0,663,1358.484408078878,1618.2609510595125,1623.416232567728,49537.851194628965,1433.453542725074,0,0,0,20261147,fd11b739944f442a,adaptive_hybrid,2,1.0,0.98,13,4,0.03362348523638846,0.03469439945443696,0.07672634271099744,0.03184796438005797,15.106595339707141,896.5803519188138,720388.7236821568,702212.0210174634,11703.53368362439,22.641406801314634,825.6308532438161,23.890892378751232,2.4485916026662564,496.0,0.19311298870726168,0.8278496911930854,0.0,0.033502551302871275,0.0,0.0,0.017905092592592594,8,30,24,moderate_d25_balanced_adaptive_hybrid,moderate,25,balanced,adaptive_hybrid,27
11047,11037,423,4371,4366,380,205,10832,1,1,1637.5552774890346,786.3281670490813,163456.4181094166,138.76514337883236,169197.1047319334,5601.921479147248,14810,14795.466905120644,24,0.0,2575.9256772417634,78.82832640923581,0,0,205,0.0,1435.0,615,1196.328167049077,1689.4344328083373,1691.8456113869506,47646.20459553665,1279.9302308334527,0,0,0,20261148,fd11b739944f442a,adaptive_hybrid,2,1.0,0.98,10,5,0.03832563196520794,0.03919616185389699,0.08808053077099062,0.01257272296628,15.32999046225726,851.2271104399532,727857.1101055583,711209.4851653469,11853.491419422448,19.93880278415128,794.1034099256108,21.33217051389088,2.7509684737999196,496.0,0.1847478605448496,0.9990186971722245,0.0,0.029813954597705594,0.0,0.0,0.016608796296296295,8,30,24,moderate_d25_balanced_adaptive_hybrid,moderate,25,balanced,adaptive_hybrid,28
10180,10171,474,3980,3976,395,143,10028,4,4,1190.6964624972688,577.2417282658505,156517.34221982004,2393.5323514085685,163097.94463282556,4187.070061610424,13942,15241.521265971944,17,0.0,1805.7123827591408,56.79767641463342,0,0,143,0.0,1001.0,429,863.2417282658481,1400.8447619210453,1430.0466316650218,46765.52365275138,925.0022502270181,0,0,0,20261149,fd11b739944f442a,adaptive_hybrid,2,1.0,0.98,9,4,0.04660308720873071,0.04744597249508841,0.10025125628140703,0.2353291074042443,16.035585943646204,613.4547342314183,736559.3733833549,722332.0695851779,12038.867826419631,14.387362137764136,779.425394212523,15.4167041704503,3.3334420318531977,496.0,0.17500070185556127,1.0932090995532882,0.0,0.020899448874527094,0.0,0.0,0.011585648148148149,8,30,24,moderate_d25_balanced_adaptive_hybrid,moderate,25,balanced,adaptive_hybrid,29
10920,10912,314,4402,4397,275,29,10883,1,1,328.79895959678356,120.09837273175671,164948.05618894025,333.96784479169764,166273.85702246652,991.8329887430991,14562,13898.015982214058,3,0.0,337.03730736679506,10.854897200422567,0,0,19,0.0,133.0,77,158.0983727317567,390.3558774266533,398.04324173867644,47898.01655643877,63.47117490141127,0,0,0,20261120,38bb25d96fc1c471,travel_aware_hybrid,2,1.0,0.98,8,5,0.02877565982404692,0.029487179487179487,0.06360745115856428,0.030605557623872584,15.237706838569146,208.70058686502685,728611.5886856151,712884.8946231486,11881.41491038581,2.634972878862612,798.3002759406462,1.0578529150235212,5.169392749852941,496.0,0.1839027904506999,0.9544029654040693,0.0,0.0039008947611897577,0.0,0.0,0.0015393518518518519,8,30,24,moderate_d25_balanced_travel_aware_hybrid,moderate,25,balanced,travel_aware_hybrid,0
10819,10800,286,4312,4305,242,16,10784,0,0,184.87360158009338,74.13542603113842,161850.6959849841,1224.415386429042,163719.5316830214,644.4203116174394,14416,11547.303058202571,2,0.0,214.77086414776554,6.427592250706264,0,0,6,0.0,42.0,38,86.13542603113841,259.6445650256527,298.6029621103862,46332.76030903081,39.35777852161037,0,0,0,20261121,38bb25d96fc1c471,travel_aware_hybrid,2,1.0,0.98,19,7,0.02648148148148148,0.028191145207505316,0.05774582560296846,0.11337179503972611,15.159215896576056,110.73817554895496,732623.6958653084,716775.7092045484,11946.261820075806,1.435590433852307,772.2126718171802,0.6559629753601729,7.857972687115427,496.0,0.17940894280319397,0.8010060389985135,0.0,0.002485773890599138,0.0,0.0,0.0004861111111111111,8,30,24,moderate_d25_balanced_travel_aware_hybrid,moderate,25,balanced,travel_aware_hybrid,1
12518,12507,338,4892,4885,270,18,12489,1,1,209.7981649761175,75.1661756237828,188486.0769636558,336.56777077576953,189374.51874201815,551.8740076002014,16512,16433.52898670898,2,0.0,213.37390233422587,6.4665823167040255,0,0,10,0.0,70.0,46,95.16617562378279,212.71913425110563,212.71913425107778,53881.70258859726,15.17599661022035,0,0,0,20261122,38bb25d96fc1c471,travel_aware_hybrid,2,1.0,0.98,11,7,0.027024866074998002,0.027879853011663205,0.056623058053965655,0.026910351865017154,15.141482269290648,134.6319893523347,705669.818964269,686385.7588057758,11439.762646762929,1.5861029270630465,898.028376476621,0.25293327683700584,4.624329005458213,496.0,0.2095992171099137,0.9952476372764645,0.0,0.0024696053510905773,0.0,0.0,0.0008101851851851852,8,30,24,moderate_d25_balanced_travel_aware_hybrid,moderate,25,balanced,travel_aware_hybrid,2
10389,10381,305,4215,4213,278,13,10368,0,0,145.93488463186387,54.65220520596325,155466.6876279597,381.95258983934764,156283.92588425006,435.28566646185755,13866,11122.883401745261,1,0.0,108.49106637061901,4.859903366753423,0,0,9,0.0,63.0,35,72.65220520596323,167.65873363355394,168.96721879447068,44404.217543363055,33.56821173346163,0,0,0,20261123,38bb25d96fc1c471,travel_aware_hybrid,2,1.0,0.98,8,2,0.029380599171563434,0.030128020021176243,0.066429418742586,0.036793429326591624,15.054804535617961,91.28267942590062,739109.5364081018,724243.0268278095,12070.717113796825,1.2108700867660538,740.0702923893842,0.5594701955576938,4.827634822699163,496.0,0.17214433646045946,0.8021695803941483,0.0,0.001255683638548831,0.0,0.0,0.0007291666666666667,8,30,24,moderate_d25_balanced_travel_aware_hybrid,moderate,25,balanced,travel_aware_hybrid,3
10405,10398,358,4163,4160,292,23,10375,0,0,235.10905316583973,97.06247294694093,156837.55927756336,1310.5723534216359,158960.86088684466,812.7292558704175,13873,12623.217959839332,3,0.0,322.5661926867306,8.338565805617321,0,0,14,0.0,98.0,60,125.0624729469409,317.7191961422441,390.2591274080132,45299.64128507732,59.64710861919015,0,0,0,20261124,38bb25d96fc1c471,travel_aware_hybrid,2,1.0,0.98,7,3,0.03442969801884978,0.035079288803459875,0.07086235887581072,0.12604081106189996,15.287638092599025,138.04658021889878,737738.4370282356,722921.7484779157,12048.695807965261,2.0843745491156818,754.9940214179553,0.9941184769865025,6.504318790133554,496.0,0.17368006605260344,0.9099126331607679,0.0,0.0037334050079482705,0.0,0.0,0.0011342592592592593,8,30,24,moderate_d25_balanced_travel_aware_hybrid,moderate,25,balanced,travel_aware_hybrid,4
11041,11029,291,4345,4339,270,14,11015,0,0,129.36354500552704,58.09427025056443,164625.52402406913,103.98875030747513,165190.82798550164,461.31521113712733,14697,12268.316396466713,1,0.0,106.13316841865509,4.5609198808127,0,0,10,0.0,70.0,38,78.0942702505644,179.45112586314488,185.93973536008343,47229.23379883945,45.662656708285866,0,0,0,20261125,38bb25d96fc1c471,travel_aware_hybrid,2,1.0,0.98,12,6,0.026384985039441474,0.027443166379856897,0.06352128883774454,0.009428665364718028,14.977860910826154,71.26927475496262,729449.7589275902,713692.1330211834,11894.868883686391,1.3015711708427402,787.1538966473241,0.7610442784714311,4.8931509305285115,496.0,0.18296397969579947,0.8347497037808201,0.0,0.0012283931529936932,0.0,0.0,0.0008101851851851852,8,30,24,moderate_d25_balanced_travel_aware_hybrid,moderate,25,balanced,travel_aware_hybrid,5
11828,11815,325,4715,4707,293,45,11770,2,2,412.0917489152927,197.6737924878823,176220.47155742685,125.68711825149148,177715.2278040048,1369.0691283381038,15758,14076.10208905481,4,0.0,413.95951388686086,14.599429445349314,0,0,31,0.0,217.0,121,259.67379248788257,596.9973224424947,597.2820553878937,51192.358649010086,114.82041750020964,0,0,0,20261126,38bb25d96fc1c471,travel_aware_hybrid,2,1.0,0.98,13,8,0.027507405840033854,0.028576259722691916,0.06383881230116649,0.010637927909563392,15.041491985104088,214.41795642741042,717138.6795410281,699521.9059095128,11658.698431825213,4.3278965414647095,853.2059774835014,1.913673625003494,4.936215333784245,496.0,0.19675327112340046,0.8932670446157387,0.0,0.004791198077394223,0.0,0.0,0.002511574074074074,8,30,24,moderate_d25_balanced_travel_aware_hybrid,moderate,25,balanced,travel_aware_hybrid,6
11430,11418,372,4570,4566,315,21,11397,2,2,242.55331604215303,100.95955416273888,174042.24916326418,673.737080610741,175483.98154808357,767.9953042195266,15230,15271.629653349177,2,0.0,204.0850110217651,8.065617497187406,0,0,14,0.0,98.0,56,128.95955416273887,296.33965051797003,304.15074047932285,50944.325701065056,63.19168679237663,0,0,0,20261127,38bb25d96fc1c471,travel_aware_hybrid,2,1.0,0.98,12,4,0.0325801366263794,0.03359580052493438,0.06980306345733042,0.05900657563590305,15.369064770369905,141.59376187941416,720544.1857778069,703610.284761682,11726.838079361367,2.1493259027123144,849.0720950177509,1.0531947798729437,5.431263222845051,496.0,0.19293886001589733,1.0027333981187903,0.0,0.0023620950349741332,0.0,0.0,0.0011342592592592593,8,30,24,moderate_d25_balanced_travel_aware_hybrid,moderate,25,balanced,travel_aware_hybrid,7
11393,11386,358,4407,4403,282,41,11345,0,0,393.8274002645618,172.83892436166929,171242.91139034057,2351.255047623028,174990.26884869268,1396.1024107392204,15109,14132.944892819216,3,0.0,318.72371705687317,13.10405251563216,0,0,27,0.0,189.0,109,226.83892436166926,617.9980036173074,690.3948775644621,49858.45074624762,73.84587380429856,0,0,0,20261128,38bb25d96fc1c471,travel_aware_hybrid,2,1.0,0.98,7,4,0.03144212190409275,0.03203721583428421,0.06489675516224189,0.20650404423177834,15.368897668074185,220.9884759028925,723020.811204518,706272.6929916147,11771.211549860245,3.7806487393611543,830.974179104127,1.230764563404976,6.333897959306992,496.0,0.19016486200210803,0.9353990927804101,0.0,0.0036889319103804766,0.0,0.0,0.0021875,8,30,24,moderate_d25_balanced_travel_aware_hybrid,moderate,25,balanced,travel_aware_hybrid,8
11998,11983,517,4782,4772,403,33,11950,0,0,317.2884572432784,148.78734465364056,184912.83833053557,2349.5368984619035,188526.06549229214,1263.6902633061618,16019,19121.140179208436,3,0.0,310.89463355570655,10.779606576518331,0,0,15,0.0,105.0,81,178.7873446536406,522.5605058280905,632.2994411687869,54572.2032847399,70.79249792870422,0,0,0,20261129,38bb25d96fc1c471,travel_aware_hybrid,2,1.0,0.98,15,10,0.043144454644079115,0.044340723453908985,0.0863655374320368,0.19607251092897468,15.732793581932082,168.50111258963784,709709.2995375472,692039.2195118802,11533.98699186467,2.9797890775606763,909.5367214123318,1.1798749654784038,7.806165940355394,496.0,0.20507470929934235,1.1936537973162142,0.0,0.0035983175180058628,0.0,0.0,0.0012152777777777778,8,30,24,moderate_d25_balanced_travel_aware_hybrid,moderate,25,balanced,travel_aware_hybrid,9
10742,10725,347,4260,4257,295,49,10676,1,1,516.2994653973237,235.07246836853534,163350.6826859306,1588.2658955304232,166532.56425532364,1593.6156738714344,14446,13990.648859070845,5,0.0,533.0692408486098,16.55353913488151,0,0,33,0.0,231.0,131,301.0724683685354,702.7174592270433,736.9113440757974,47652.848493952595,79.64841071936884,0,0,0,20261130,38bb25d96fc1c471,travel_aware_hybrid,2,1.0,0.98,17,3,0.03235431235431235,0.033885682368274064,0.06995305164319249,0.14809006018931686,15.527511818678194,281.2269970287884,730769.6078392644,715107.5113275815,11918.458522126359,5.0178744728089235,794.2141415658766,1.3274735119894807,5.62527743569311,496.0,0.1814856543018991,0.9684790848034642,0.0,0.006169782880192242,0.0,0.0,0.002673611111111111,8,30,24,moderate_d25_balanced_travel_aware_hybrid,moderate,25,balanced,travel_aware_hybrid,10
9340,9327,252,3731,3727,244,25,9302,1,1,231.67650070824453,114.64278111389149,139747.01879828324,17.733138183757546,140446.6646520943,681.9127156359682,12586,8327.218347579097,1,0.0,103.56018989010562,7.3703218016180365,0,0,19,0.0,133.0,69,152.6427811138915,288.90281242373504,288.90281242373203,39691.30588887092,31.064928969136368,0,0,0,20261131,38bb25d96fc1c471,travel_aware_hybrid,2,1.0,0.98,13,4,0.027018333869411385,0.028372591006423982,0.06647011525060306,0.0019012692380998763,15.058074906410882,117.03371959435304,754246.2235016354,741360.0805579646,12356.001342632744,2.5440463518981913,661.5217648145153,0.5177488161522728,4.186997281503363,496.0,0.15519016184852674,0.6616254844731525,0.0,0.0011986133089132594,0.0,0.0,0.0015393518518518519,8,30,24,moderate_d25_balanced_travel_aware_hybrid,moderate,25,balanced,travel_aware_hybrid,11
10130,10121,299,4100,4098,261,31,10090,0,0,341.3025461922383,134.26352461572873,153042.25281540406,582.7470658873935,154556.85397363326,931.8540923496112,13629,11615.626675509451,4,0.0,435.7014141095717,11.081686639825387,0,0,21,0.0,147.0,83,176.26352461572878,367.6304110225789,394.0172367414707,44009.74492909031,60.13756798623821,0,0,0,20261132,38bb25d96fc1c471,travel_aware_hybrid,2,1.0,0.98,9,2,0.02954253532259658,0.030404738400789732,0.06414634146341464,0.057578012635845624,15.270907417610243,207.03902157650958,740547.3308840039,726238.9424495834,12103.982374159725,2.9377254102621464,733.4957488181718,1.0022927997706368,4.747195623391213,496.0,0.17053390357974474,0.8522728502098064,0.0,0.005042840441083006,0.0,0.0,0.0017013888888888888,8,30,24,moderate_d25_balanced_travel_aware_hybrid,moderate,25,balanced,travel_aware_hybrid,12
9975,9971,264,3996,3995,236,18,9953,0,0,177.55793966244306,82.24723981398229,151101.73956505224,432.5760254237048,152087.05504957843,552.7394591096072,13466,10741.889121364935,3,0.0,309.77064948306946,5.943260574911804,0,0,9,0.0,63.0,45,100.24723981398228,223.03921182182245,241.26783990341028,43523.24000762201,35.89177884970189,0,0,0,20261133,38bb25d96fc1c471,travel_aware_hybrid,2,1.0,0.98,4,1,0.026476782669742252,0.026867167919799498,0.05930930930930931,0.043383414444258826,15.252939028139448,95.31069984846077,742855.9866618855,728693.1043032432,12144.88507172072,1.6707873302330378,725.3873334603668,0.5981963141616983,5.361507553409117,496.0,0.16794804361347948,0.7977045240876975,0.0,0.0035853084430910818,0.0,0.0,0.0007291666666666667,8,30,24,moderate_d25_balanced_travel_aware_hybrid,moderate,25,balanced,travel_aware_hybrid,13
11917,11904,300,4640,4634,258,26,11878,0,0,247.59902017482776,114.88117568895473,176619.5613119474,34.59842679603389,177473.8503027644,819.6905640350524,15748,14187.885427105628,3,0.0,313.3841274270002,8.542422410863749,0,0,18,0.0,126.0,70,150.8811756889547,342.38701005224806,342.3870100522581,50249.88214046785,61.38565916218795,0,0,0,20261134,38bb25d96fc1c471,travel_aware_hybrid,2,1.0,0.98,13,6,0.025201612903225805,0.02626499958043132,0.056896551724137934,0.0029064538639141375,14.908757585917707,132.71784448587303,717691.1635893208,699182.3358755803,11653.038931259673,2.5146862614825785,837.4980356744642,1.0230943193697992,4.891243000746544,496.0,0.19613444938472124,0.9009325264862603,0.0,0.003627131104479169,0.0,0.0,0.0014583333333333334,8,30,24,moderate_d25_balanced_travel_aware_hybrid,moderate,25,balanced,travel_aware_hybrid,14
10733,10725,296,4241,4235,264,40,10685,1,1,404.7819129984579,167.72237130877474,159793.19878945843,136.2874474736891,161008.1005686853,1078.6143317641072,14144,11086.650510289935,5,0.0,513.6336924744539,13.161280814773614,0,0,27,0.0,189.0,107,221.72237130877483,448.22674101861094,448.6389397606563,45661.78392552774,67.68332296214957,0,0,0,20261135,38bb25d96fc1c471,travel_aware_hybrid,2,1.0,0.98,8,6,0.0275990675990676,0.028323860989471723,0.06366423013440227,0.012707454309901082,15.012410309434527,237.0595416896832,733682.8493509332,718643.482642286,11977.391377371434,3.695372855146247,761.029732092129,1.1280553827024928,4.192887287482769,496.0,0.17822261497431313,0.7838412408293224,0.0,0.005944834403639513,0.0,0.0,0.0021875,8,30,24,moderate_d25_balanced_travel_aware_hybrid,moderate,25,balanced,travel_aware_hybrid,15
10624,10616,363,4117,4113,302,23,10593,1,1,230.6320810519719,106.18458347642112,162497.0192913255,1285.488407020841,164612.65177677158,830.1440784353472,14305,14434.846567443907,2,0.0,208.43898025552306,7.729351691578057,0,0,13,0.0,91.0,59,132.18458347642112,346.6400788174361,375.47962910749266,47241.96195922205,46.3909236520458,0,0,0,20261136,38bb25d96fc1c471,travel_aware_hybrid,2,1.0,0.98,8,4,0.034193669932177845,0.034920933734939756,0.07432596550886568,0.12108971430113422,15.506090031723021,124.44749757555078,732103.7714165063,717207.3985061031,11953.456641768385,2.2030763912736853,787.3660326537008,0.77318206086743,6.3640615102964855,496.0,0.17999129545642223,1.009077005763293,0.0,0.0024124881974018873,0.0,0.0,0.0010532407407407407,8,30,24,moderate_d25_balanced_travel_aware_hybrid,moderate,25,balanced,travel_aware_hybrid,16
11146,11135,285,4462,4455,256,31,11104,0,0,352.64938274612246,135.25929036851738,167821.58757715012,179.52475104120458,168958.2824355816,957.1701073992936,14856,13469.965519853571,3,0.0,338.0907486168245,11.207575153842743,0,0,20,0.0,140.0,82,175.25929036851744,382.4146656028784,382.4146656028697,48196.33025249414,58.831426030117164,0,0,0,20261137,38bb25d96fc1c471,travel_aware_hybrid,2,1.0,0.98,11,7,0.025594970812752582,0.026556612237574016,0.05894217839533841,0.016122564080934404,15.173622131619364,217.39009237760507,726335.6077773885,709827.2449368476,11830.454082280794,2.920988172808624,803.2721708749024,0.9805237671686194,4.663593482961826,496.0,0.18645205222066696,0.9067020409163685,0.0,0.0039130873682502836,0.0,0.0,0.0016203703703703703,8,30,24,moderate_d25_balanced_travel_aware_hybrid,moderate,25,balanced,travel_aware_hybrid,17
11582,11569,288,4675,4671,252,43,11526,0,0,371.892374015128,188.52985428410952,170780.71954478382,245.39951832775841,172187.68327238047,1161.564209281063,15348,11760.113501188924,4,0.0,421.3912785132815,12.537014378941597,0,0,30,0.0,210.0,116,248.5298542841097,491.5494728853998,493.0231857817762,48621.573722297464,90.10975863271254,0,0,0,20261138,38bb25d96fc1c471,travel_aware_hybrid,2,1.0,0.98,13,4,0.024894113579393206,0.02598860300466241,0.05475935828877005,0.02121181764437362,14.883540779011192,183.36251973101847,722914.8344835676,706263.1550032534,11771.052583387556,4.142164238068495,810.3595620382911,1.501829310545209,4.250199877429105,496.0,0.1902835635264699,0.7662310073748322,0.0,0.004877213871681499,0.0,0.0,0.0024305555555555556,8,30,24,moderate_d25_balanced_travel_aware_hybrid,moderate,25,balanced,travel_aware_hybrid,18
10459,10450,294,4179,4178,268,28,10422,0,0,303.9880696165751,114.90463857443245,156878.9125885098,446.80831733448576,158228.01320548504,902.2922996513953,14034,11841.125635067376,3,0.0,318.45050637845753,11.086036737275947,0,0,20,0.0,140.0,76,154.90463857443248,343.38984638642063,347.60618553420863,45513.48097195714,77.02941332635974,0,0,0,20261139,38bb25d96fc1c471,travel_aware_hybrid,2,1.0,0.98,9,1,0.02813397129186603,0.028970264843675302,0.06436946637951663,0.04275677677841969,15.141436670381344,189.08343104214265,736999.1162760386,722036.4804314135,12033.94134052356,2.581743976240541,758.5580161992857,1.2838235554393291,4.573765599134324,496.0,0.1745081582929675,0.8437455917819137,0.0,0.003685769749750666,0.0,0.0,0.0016203703703703703,8,30,24,moderate_d25_balanced_travel_aware_hybrid,moderate,25,balanced,travel_aware_hybrid,19
11676,11660,282,4600,4595,250,14,11646,1,1,124.6944414957061,73.74989895875137,171569.9398597147,233.40260669824966,172223.54465579247,420.20218939170445,15390,11945.788034356672,1,0.0,105.0653156974437,4.1512920421299215,0,0,9,0.0,63.0,37,91.74989895875134,205.2122963804805,207.6271095120792,48503.34121539071,24.48136716048652,0,0,0,20261140,38bb25d96fc1c471,travel_aware_hybrid,2,1.0,0.98,16,5,0.0241852487135506,0.02552243919150394,0.05543478260869565,0.02001737621768865,14.770458375282374,50.94454253695473,722447.6234995867,705432.7656679862,11757.212761133103,1.5291649826458558,808.3890202565119,0.40802278600810865,5.611543500326465,496.0,0.1908068733203554,0.7762045506404596,0.0,0.001216033746498191,0.0,0.0,0.0007291666666666667,8,30,24,moderate_d25_balanced_travel_aware_hybrid,moderate,25,balanced,travel_aware_hybrid,20
10787,10774,383,4266,4261,321,33,10741,2,2,313.78548459116246,166.27561879264397,162684.89306445268,1472.7454641166478,165304.6917050195,1147.053176459849,14299,14019.150396797571,3,0.0,323.4843849207995,10.600705097375313,0,0,20,0.0,140.0,86,206.27561879264402,496.8990542086041,560.4345890643472,47444.38573505636,69.4305361521727,0,0,0,20261141,38bb25d96fc1c471,travel_aware_hybrid,2,1.0,0.98,13,5,0.0355485427881938,0.036710855659590244,0.07641819034224097,0.13669439986232113,15.342926647950575,147.5098657985185,731335.8854060288,715848.7351387817,11930.812252313028,3.4379269798774006,790.7397622509394,1.1571756025362119,6.516681268190084,496.0,0.18085138283374902,0.9804287290578062,0.0,0.003744032232879624,0.0,0.0,0.0016203703703703703,8,30,24,moderate_d25_balanced_travel_aware_hybrid,moderate,25,balanced,travel_aware_hybrid,21
11445,11434,435,4662,4658,378,28,11406,1,1,319.12575228301205,122.24628851688954,175984.92322991538,270.15324643470376,177150.30091707542,895.2244407354156,15410,17521.99060435631,4,0.0,427.45367157660695,10.58306681187061,0,0,19,0.0,133.0,75,160.24628851688956,345.49705598093755,347.7255544930922,51153.74712559263,64.30344181865185,0,0,0,20261142,38bb25d96fc1c471,travel_aware_hybrid,2,1.0,0.98,11,4,0.03804442889627427,0.038968982088248144,0.08193908193908193,0.023627186149615512,15.493292016536245,196.8794637661225,717932.6417473569,701190.4480718718,11686.507467864529,2.6707714752814926,852.5624520932105,1.0717240303108642,4.636340726574563,496.0,0.19586397653745868,1.1370532514183198,0.0,0.00494738045806258,0.0,0.0,0.0015393518518518519,8,30,24,moderate_d25_balanced_travel_aware_hybrid,moderate,25,balanced,travel_aware_hybrid,22
10468,10459,319,4240,4236,265,17,10442,1,1,239.6743779458344,89.58406902299797,156320.4151811644,1563.1495359255732,158609.3823837509,725.8176666731797,14005,10526.861628363456,3,0.0,317.7521160383866,8.136788718229575,0,0,11,0.0,77.0,45,111.58406902299795,272.0069844088336,297.8367684763052,45371.045239278974,42.71441099668638,0,0,0,20261143,38bb25d96fc1c471,travel_aware_hybrid,2,1.0,0.98,9,4,0.030500047805717564,0.031333588077951856,0.0634433962264151,0.14945497044895048,15.164870674419246,150.09030892283644,737840.9743835112,722986.9424538553,12049.782374230921,1.8597344837166325,756.1840873213163,0.711906849944773,6.618594855029005,496.0,0.17356521686434678,0.7516502412255235,0.0,0.003677686528222067,0.0,0.0,0.0008912037037037037,8,30,24,moderate_d25_balanced_travel_aware_hybrid,moderate,25,balanced,travel_aware_hybrid,23
11959,11944,297,4865,4857,274,41,11903,2,2,358.7066634856443,183.7384973579308,176664.64270044968,360.39698852781294,178067.95562480943,1042.9159358439156,15725,14125.540061347278,3,0.0,319.21496756465535,11.663888014876864,0,0,22,0.0,154.0,104,227.73849735793095,417.56621026030234,417.5662102602946,50494.92019371415,56.99531804789875,0,0,0,20261144,38bb25d96fc1c471,travel_aware_hybrid,2,1.0,0.98,15,8,0.02486604152712659,0.02608913788778326,0.057965056526207606,0.030173893882100882,14.908569626993422,174.9681661277135,716784.3057162173,698521.711421869,11642.028523697816,3.7956416226321825,841.5820032285691,0.9499219674649791,4.0150597140412945,496.0,0.19715019521033017,0.8982855364926726,0.0,0.003694617680146474,0.0,0.0,0.0017824074074074075,8,30,24,moderate_d25_balanced_travel_aware_hybrid,moderate,25,balanced,travel_aware_hybrid,24
10658,10645,421,4335,4332,351,18,10627,1,1,186.32394448944075,92.29008976649827,164450.9194511115,2335.32807620327,167606.52542073565,820.277893432658,14441,15372.48026407136,2,0.0,211.9308245411043,6.513500159556705,0,0,12,0.0,84.0,48,116.29008976649824,319.06444772321515,426.69798515959155,48744.12204400331,53.80039274944414,0,0,0,20261145,38bb25d96fc1c471,travel_aware_hybrid,2,1.0,0.98,13,3,0.03954908407703147,0.040720585475699005,0.08166089965397924,0.21938262810739972,15.745093980341537,94.03385472294248,730318.5429025048,715140.0612789381,11919.001021315635,1.9381681627749707,812.4020340667217,0.8966732124907357,8.88954135749149,496.0,0.18199087936547398,1.0645024765647366,0.0,0.0024529030618183367,0.0,0.0,0.0009722222222222222,8,30,24,moderate_d25_balanced_travel_aware_hybrid,moderate,25,balanced,travel_aware_hybrid,25
11411,11398,385,4515,4509,304,21,11377,0,0,199.7988298642923,91.39304780221647,173760.1383571218,1394.466511116727,175923.93555512288,769.3306868954114,15222,15652.146349112974,2,0.0,211.14989789446872,7.07084965214984,0,0,13,0.0,91.0,55,117.39304780221646,358.1555229877192,385.50120514128685,50925.8630804939,46.9234719403047,0,0,0,20261146,38bb25d96fc1c471,travel_aware_hybrid,2,1.0,0.98,13,6,0.033777855764169154,0.03487862588730173,0.06866002214839424,0.12234308748172723,15.43463200167774,108.40578206207582,720729.3388093057,703486.3786439687,11724.772977399478,1.9565507967036075,848.7643846748983,0.7820578656717451,7.00911282075067,496.0,0.19273147534799995,1.0282582018862814,0.0,0.0024438645589637585,0.0,0.0,0.0010532407407407407,8,30,24,moderate_d25_balanced_travel_aware_hybrid,moderate,25,balanced,travel_aware_hybrid,26
11731,11718,296,4692,4688,260,45,11673,0,0,447.9451186577936,185.61872091133984,173772.60086027675,369.84294653791585,175415.84016447078,1273.3963576679835,15544,13166.224979087601,5,0.0,523.8692405742433,14.833488609561508,0,0,31,0.0,217.0,121,247.61872091134,507.8699125490698,508.8542039515087,49737.329528760594,81.77967020633514,0,0,0,20261147,38bb25d96fc1c471,travel_aware_hybrid,2,1.0,0.98,13,4,0.025260283324799453,0.026340465433466884,0.056265984654731455,0.03156195140279193,14.969776426392796,262.3263977464538,719626.4390047163,702017.1397788563,11700.285662980938,4.126978681855666,828.9554921460099,1.362994503438919,4.205406644227344,496.0,0.1939668021900579,0.8470293990663665,0.0,0.006063301395535224,0.0,0.0,0.002511574074074074,8,30,24,moderate_d25_balanced_travel_aware_hybrid,moderate,25,balanced,travel_aware_hybrid,27
11047,11040,325,4371,4368,289,29,11011,0,0,262.98336781979515,122.16843442955891,165736.59247042227,113.31506020198321,166637.1426897425,787.2351591269489,14602,14364.263914960044,3,0.0,315.07011094119525,8.301973531588674,0,0,23,0.0,161.0,81,168.16843442955897,314.4029631493954,314.780368133328,47053.973080930315,39.55893699814717,0,0,0,20261148,38bb25d96fc1c471,travel_aware_hybrid,2,1.0,0.98,7,3,0.029438405797101448,0.0300534081651127,0.06680393502630977,0.010264045308150654,15.093944084215806,140.81493339023623,727975.5917754433,712023.3005488022,11867.055009146705,2.8028072404926494,784.2328846821719,0.6593156166357861,3.886177384362074,496.0,0.1846151525812687,0.9837189367867445,0.0,0.0036466448025601304,0.0,0.0,0.001863425925925926,8,30,24,moderate_d25_balanced_travel_aware_hybrid,moderate,25,balanced,travel_aware_hybrid,28
10180,10169,447,3980,3977,350,25,10144,0,0,260.0435272872371,110.15327029447002,158308.9707701671,2467.80599591339,161792.87460333252,1016.0978372651207,13810,15269.462447939197,2,0.0,206.00991942508296,8.999659368633665,0,0,13,0.0,91.0,63,136.15327029447002,430.86791052799373,511.27995668405856,46939.61642636444,72.9606559575466,0,0,0,20261149,38bb25d96fc1c471,travel_aware_hybrid,2,1.0,0.98,11,3,0.04395712459435539,0.0449901768172888,0.08869346733668342,0.2426793190985731,15.910401672075182,149.8902569927671,736377.1048671377,722351.9937460674,12039.19989576779,2.2692211715745003,782.3269404394073,1.2160109326257769,8.11555486800093,496.0,0.1752048556595679,1.1056815675553364,0.0,0.0023843740674199415,0.0,0.0,0.0010532407407407407,8,30,24,moderate_d25_balanced_travel_aware_hybrid,moderate,25,balanced,travel_aware_hybrid,29
10920,10910,27,9159,9152,12,0,10910,0,0,0.0,0.0,158052.60895553028,211.60959092142912,158264.21854644135,0.0,14504,13469.461973508181,0,0.0,0.0,0.0,0,0,0,0.0,0.0,0,0.0,0.0,0.0,47202.534720923584,0.0,0,0,0,20261120,5d822c7e52056e81,human_only,0,1.0,0.98,10,7,0.002474793767186068,0.0033882783882783884,0.002074462277541216,0.01939592950700542,14.506344504715065,0.0,735912.7933685125,720400.7296455089,12006.678827425148,0.0,786.708912015393,0.0,0.0,496.0,0.1757249178220066,0.9286722265242817,0.0,0.0,0.0,0.0,0.0,8,30,24,moderate_d45_source_human_only,moderate,45,source,human_only,0
10819,10800,46,9148,9130,29,0,10800,0,0,0.0,0.0,155045.97762770072,1114.5593162343866,156160.5369439263,0.0,14396,11337.200241470673,0,0.0,0.0,0.0,0,0,0,0.0,0.0,0,0.0,0.0,0.0,46176.61697865735,0.0,0,0,0,20261121,5d822c7e52056e81,human_only,0,1.0,0.98,19,18,0.0042592592592592595,0.006007948978648673,0.005137735024048972,0.10319993668836913,14.459308976289472,0.0,739588.6527964651,724266.2547839977,12071.10424639996,0.0,769.6102829776225,0.0,0.0,496.0,0.17160769176023172,0.7875243290824308,0.0,0.0,0.0,0.0,0.0,8,30,24,moderate_d45_source_human_only,moderate,45,source,human_only,1
12518,12506,37,10552,10542,12,0,12506,0,0,0.0,0.0,180625.4618129077,147.98148693735493,180773.44329983144,0.0,16515,16197.49498699122,0,0.0,0.0,0.0,0,0,0,0.0,0.0,0,0.0,0.0,0.0,53608.80384466846,0.0,0,0,0,20261122,5d822c7e52056e81,human_only,0,1.0,0.98,12,10,0.0029585798816568047,0.0039143633168237735,0.002084912812736922,0.01183283919217615,14.45493709418131,0.0,713683.8384955074,694588.894133607,11576.48156889345,0.0,893.4800640778077,0.0,0.0,496.0,0.20062294075323994,0.9807747494393715,0.0,0.0,0.0,0.0,0.0,8,30,24,moderate_d45_source_human_only,moderate,45,source,human_only,2
10389,10380,28,8735,8727,16,0,10380,0,0,0.0,0.0,148880.6616519723,388.578104670898,149269.23975663254,0.0,13840,10884.681521624843,0,0.0,0.0,0.0,0,0,0,0.0,0.0,0,0.0,0.0,0.0,44012.76439203556,0.0,0,0,0,20261123,5d822c7e52056e81,human_only,0,1.0,0.98,9,8,0.002697495183044316,0.003561459235730099,0.0027475672581568403,0.03743527019950848,14.380466257864406,0.0,745789.3989230676,731083.2730492641,12184.721217487735,0.0,733.5460732005927,0.0,0.0,496.0,0.16466241160050676,0.7864654278630667,0.0,0.0,0.0,0.0,0.0,8,30,24,moderate_d45_source_human_only,moderate,45,source,human_only,3
10405,10398,51,8736,8733,36,0,10398,0,0,0.0,0.0,150211.5396464637,1040.261360681101,151251.8010071335,0.0,13824,12146.180449311723,0,0.0,0.0,0.0,0,0,0,0.0,0.0,0,0.0,0.0,0.0,44830.89210601815,0.0,0,0,0,20261124,5d822c7e52056e81,human_only,0,1.0,0.98,7,3,0.0049047893825735715,0.00557424315233061,0.004464285714285714,0.10004437013667061,14.546239758331746,0.0,744669.7893626442,729890.1548564573,12164.835914274288,0.0,747.1815351003025,0.0,0.0,496.0,0.16591645456693083,0.8786299514837763,0.0,0.0,0.0,0.0,0.0,8,30,24,moderate_d45_source_human_only,moderate,45,source,human_only,4
11041,11032,32,9270,9264,14,0,11032,0,0,0.0,0.0,158320.66945457802,76.00286655418313,158396.67232112156,0.0,14713,12549.764003569022,0,0.0,0.0,0.0,0,0,0,0.0,0.0,0,0.0,0.0,0.0,47361.668815418285,0.0,0,0,0,20261125,5d822c7e52056e81,human_only,0,1.0,0.98,9,6,0.0029006526468455403,0.003713431754370075,0.002157497303128371,0.0068893098761949895,14.357928963118344,0.0,735891.0978056387,720267.0872673534,12004.45145445589,0.0,789.3611469236381,0.0,0.0,496.0,0.17574921840766278,0.8529711142234093,0.0,0.0,0.0,0.0,0.0,8,30,24,moderate_d45_source_human_only,moderate,45,source,human_only,5
11828,11813,18,10005,9996,6,0,11813,0,0,0.0,0.0,169536.22243653864,109.0763349053559,169645.29877143353,0.0,15729,14148.328840348948,0,0.0,0.0,0.0,0,0,0,0.0,0.0,0,0.0,0.0,0.0,50858.29419291959,0.0,0,0,0,20261126,5d822c7e52056e81,human_only,0,1.0,0.98,15,9,0.001523745026665538,0.002789989854582347,0.0014992503748125937,0.00923358460216337,14.360898905564508,0.0,724549.4061949367,707020.2740367523,11783.671233945872,0.0,847.6382365486598,0.0,0.0,496.0,0.18845272603613716,0.89950593428374,0.0,0.0,0.0,0.0,0.0,8,30,24,moderate_d45_source_human_only,moderate,45,source,human_only,6
11430,11421,44,9643,9634,25,0,11421,0,0,0.0,0.0,167025.02710915537,515.480498598472,167540.5076077424,0.0,15219,14750.389532015379,0,0.0,0.0,0.0,0,0,0,0.0,0.0,0,0.0,0.0,0.0,50685.4441930835,0.0,0,0,0,20261127,5d822c7e52056e81,human_only,0,1.0,0.98,9,9,0.00385255231590929,0.004636920384951881,0.0035258736907601367,0.04513444519730952,14.669512968018772,0.0,727771.0953854804,711249.2811256731,11854.154685427884,0.0,844.7574032180584,0.0,0.0,496.0,0.18484420319726658,0.9692088528822773,0.0,0.0,0.0,0.0,0.0,8,30,24,moderate_d45_source_human_only,moderate,45,source,human_only,7
11393,11381,91,9621,9613,64,0,11381,0,0,0.0,0.0,164806.5320773385,2196.3132864668387,167002.84536379558,0.0,15087,14310.67376249098,0,0.0,0.0,0.0,0,0,0,0.0,0.0,0,0.0,0.0,0.0,49710.791105871525,0.0,0,0,0,20261128,5d822c7e52056e81,human_only,0,1.0,0.98,12,8,0.007995782444424919,0.009040638988852804,0.007483629560336763,0.19298069470756865,14.673828781635672,0.0,730236.2087000789,714129.7158557463,11902.161930929105,0.0,828.5131850978588,0.0,0.0,496.0,0.18208309957428437,0.9485433659767336,0.0,0.0,0.0,0.0,0.0,8,30,24,moderate_d45_source_human_only,moderate,45,source,human_only,8
11998,11982,141,10141,10130,82,0,11982,0,0,0.0,0.0,178165.87627120005,2239.676039191556,180405.55231037943,0.0,15978,19257.459657729672,0,0.0,0.0,0.0,0,0,0,0.0,0.0,0,0.0,0.0,0.0,54474.71210940504,0.0,0,0,0,20261129,5d822c7e52056e81,human_only,0,1.0,0.98,16,11,0.011767651477215823,0.013085514252375396,0.009170693225520166,0.18692005000764111,15.056380596760093,0.0,717120.9419122773,699611.9632434895,11660.199387391493,0.0,907.911868490084,0.0,0.0,496.0,0.19677313853911593,1.2052484452202825,0.0,0.0,0.0,0.0,0.0,8,30,24,moderate_d45_source_human_only,moderate,45,source,human_only,9
10742,10726,62,9026,9011,39,0,10726,0,0,0.0,0.0,157037.14008177174,1553.0991120067101,158590.23919377063,0.0,14354,13774.33314591758,0,0.0,0.0,0.0,0,0,0,0.0,0.0,0,0.0,0.0,0.0,47137.89846755732,0.0,0,0,0,20261130,5d822c7e52056e81,human_only,0,1.0,0.98,16,15,0.005780346820809248,0.007261217650344443,0.005982716596499003,0.14479760507241377,14.785590079598231,0.0,737866.0093448187,722366.8728132173,12039.447880220288,0.0,785.6316411259554,0.0,0.0,496.0,0.1735371759130615,0.9596163540419103,0.0,0.0,0.0,0.0,0.0,8,30,24,moderate_d45_source_human_only,moderate,45,source,human_only,10
9340,9329,6,7811,7801,0,0,9329,0,0,0.0,0.0,134184.69696250354,12.927562163391485,134197.62452465753,0.0,12554,8407.183861796111,0,0.0,0.0,0.0,0,0,0,0.0,0.0,0,0.0,0.0,0.0,39527.52731696202,0.0,0,0,0,20261131,5d822c7e52056e81,human_only,0,1.0,0.98,11,10,0.0006431557508843392,0.0018201284796573877,0.0012802458071949814,0.0013857393250500038,14.384995661341787,0.0,760128.1048103329,747462.9053739791,12457.715089566318,0.0,658.792121949367,0.0,0.0,496.0,0.14860203314254827,0.6696816840685129,0.0,0.0,0.0,0.0,0.0,8,30,24,moderate_d45_source_human_only,moderate,45,source,human_only,11
10130,10120,38,8463,8453,18,0,10120,0,0,0.0,0.0,147252.3332926707,559.6518048069811,147811.98509746924,0.0,13618,11436.728283787923,0,0.0,0.0,0.0,0,0,0,0.0,0.0,0,0.0,0.0,0.0,43689.493313853745,0.0,0,0,0,20261132,5d822c7e52056e81,human_only,0,1.0,0.98,10,10,0.0037549407114624506,0.004738400789733465,0.0033085194375516956,0.05530156173982027,14.60592738117285,0.0,746783.7360903509,732542.4447523261,12209.040745872102,0.0,728.1582218975624,0.0,0.0,496.0,0.1635486826944994,0.8398243709640125,0.0,0.0,0.0,0.0,0.0,8,30,24,moderate_d45_source_human_only,moderate,45,source,human_only,12
9975,9972,27,8353,8351,15,0,9972,0,0,0.0,0.0,144897.7661520462,428.43093978951947,145326.19709182947,0.0,13371,10832.57387967097,0,0.0,0.0,0.0,0,0,0,0.0,0.0,0,0.0,0.0,0.0,43241.12802588267,0.0,0,0,0,20261133,5d822c7e52056e81,human_only,0,1.0,0.98,3,2,0.002707581227436823,0.0030075187969924814,0.0020351969352328503,0.04296339147508218,14.573425300023011,0.0,749291.4503563041,735355.4248191768,12255.92374698628,0.0,720.6854670980445,0.0,0.0,496.0,0.16073986295216836,0.8101543549226662,0.0,0.0,0.0,0.0,0.0,8,30,24,moderate_d45_source_human_only,moderate,45,source,human_only,13
11917,11908,27,10055,10048,8,0,11908,0,0,0.0,0.0,169723.00233864898,27.744390126015787,169750.74672876074,0.0,15683,14463.983713481302,0,0.0,0.0,0.0,0,0,0,0.0,0.0,0,0.0,0.0,0.0,50146.6217228457,0.0,0,0,0,20261134,5d822c7e52056e81,human_only,0,1.0,0.98,9,7,0.002267383271750084,0.003020894520432995,0.0014917951268025858,0.0023298950391346814,14.255185314810275,0.0,724943.4220917462,707064.2686932991,11784.404478221653,0.0,835.7770287140951,0.0,0.0,496.0,0.18801139998684335,0.9222714859071162,0.0,0.0,0.0,0.0,0.0,8,30,24,moderate_d45_source_human_only,moderate,45,source,human_only,14
10733,10726,28,8993,8988,14,0,10726,0,0,0.0,0.0,153707.82819486872,90.31498029972136,153798.14317515877,0.0,14138,11092.600413066484,0,0.0,0.0,0.0,0,0,0,0.0,0.0,0,0.0,0.0,0.0,45404.516154820725,0.0,0,0,0,20261135,5d822c7e52056e81,human_only,0,1.0,0.98,7,5,0.002610479209397725,0.0032609708376036524,0.0021127543645057265,0.008420192084628133,14.338816257240236,0.0,740340.7886832753,725308.369225361,12088.472820422683,0.0,756.7419359136787,0.0,0.0,496.0,0.17076524565045326,0.7845947385108561,0.0,0.0,0.0,0.0,0.0,8,30,24,moderate_d45_source_human_only,moderate,45,source,human_only,15
10624,10617,52,9011,9006,29,0,10617,0,0,0.0,0.0,156202.71543127802,1019.755418676421,157222.47084994527,0.0,14294,14570.367522039256,0,0.0,0.0,0.0,0,0,0,0.0,0.0,0,0.0,0.0,0.0,47152.272550988586,0.0,0,0,0,20261136,5d822c7e52056e81,human_only,0,1.0,0.98,7,5,0.00489780540642366,0.005553463855421686,0.0037731661302852068,0.09604930005429227,14.808558995002851,0.0,738613.8301951165,723818.1996792393,12063.636661320656,0.0,785.8712091831432,0.0,0.0,496.0,0.17269956295349864,1.0193345125254831,0.0,0.0,0.0,0.0,0.0,8,30,24,moderate_d45_source_human_only,moderate,45,source,human_only,16
11146,11140,14,9396,9392,5,0,11140,0,0,0.0,0.0,160515.04742056763,162.00332875706226,160677.05074931437,0.0,14825,12794.180854654063,0,0.0,0.0,0.0,0,0,0,0.0,0.0,0,0.0,0.0,0.0,47494.94538448703,0.0,0,0,0,20261137,5d822c7e52056e81,human_only,0,1.0,0.98,6,4,0.0012567324955116697,0.0017943656917279742,0.0009578544061302681,0.014542489116432878,14.423433639974359,0.0,734083.4317176361,717365.8397127663,11956.097328546106,0.0,791.5824230747838,0.0,0.0,496.0,0.1777739340080241,0.8630138856427698,0.0,0.0,0.0,0.0,0.0,8,30,24,moderate_d45_source_human_only,moderate,45,source,human_only,17
11582,11574,38,9757,9750,19,0,11574,0,0,0.0,0.0,164088.8611064957,206.32386026898712,164295.18496675132,0.0,15349,11683.87784108308,0,0.0,0.0,0.0,0,0,0,0.0,0.0,0,0.0,0.0,0.0,48446.35672017594,0.0,0,0,0,20261138,5d822c7e52056e81,human_only,0,1.0,0.98,8,7,0.003283221012614481,0.003971680193403557,0.0026647535103002974,0.017826495616812436,14.195194830374229,0.0,730229.1840872874,713359.4641321041,11889.324402201735,0.0,807.439278669599,0.0,0.0,496.0,0.18209096764416732,0.7612142707070871,0.0,0.0,0.0,0.0,0.0,8,30,24,moderate_d45_source_human_only,moderate,45,source,human_only,18
10459,10450,29,8766,8758,12,0,10450,0,0,0.0,0.0,151110.52016760007,525.4244506503619,151635.94461824163,0.0,14036,12014.015904359045,0,0.0,0.0,0.0,0,0,0,0.0,0.0,0,0.0,0.0,0.0,45456.56156003904,0.0,0,0,0,20261139,5d822c7e52056e81,human_only,0,1.0,0.98,9,8,0.0027751196172248805,0.003633234534850368,0.0022815423226100846,0.05027985173687674,14.510616709879582,0.0,743134.8611029509,728390.3416805377,12139.83902800896,0.0,757.609359333984,0.0,0.0,496.0,0.16763568424848696,0.855942996890784,0.0,0.0,0.0,0.0,0.0,8,30,24,moderate_d45_source_human_only,moderate,45,source,human_only,19
11676,11661,34,9844,9830,18,0,11661,0,0,0.0,0.0,164017.95680255376,160.58385655841994,164178.54065910119,0.0,15327,12030.310610714101,0,0.0,0.0,0.0,0,0,0,0.0,0.0,0,0.0,0.0,0.0,48147.06125575149,0.0,0,0,0,20261140,5d822c7e52056e81,human_only,0,1.0,0.98,15,14,0.0029157019123574306,0.004196642685851319,0.003250711093051605,0.013771019342974011,14.079284851993927,0.0,730150.0248237811,712980.6737971322,11883.011229952204,0.0,802.4510209291915,0.0,0.0,496.0,0.1821796316937936,0.7849096764346644,0.0,0.0,0.0,0.0,0.0,8,30,24,moderate_d45_source_human_only,moderate,45,source,human_only,20
10787,10770,61,9060,9045,31,0,10770,0,0,0.0,0.0,155609.7161059217,1236.4051117699073,156846.12121768,0.0,14257,13515.550016813244,0,0.0,0.0,0.0,0,0,0,0.0,0.0,0,0.0,0.0,0.0,46729.01267761623,0.0,0,0,0,20261141,5d822c7e52056e81,human_only,0,1.0,0.98,17,15,0.005663881151346332,0.007230926114767776,0.005077262693156733,0.11480084603248908,14.563242452895079,0.0,739110.5226235708,724164.8017988597,12069.413363314328,0.0,778.8168779602705,0.0,0.0,496.0,0.17214323182843783,0.9479939690547271,0.0,0.0,0.0,0.0,0.0,8,30,24,moderate_d45_source_human_only,moderate,45,source,human_only,21
11445,11435,58,9600,9591,26,0,11435,0,0,0.0,0.0,169572.7655337642,281.37967336413203,169854.14520711635,0.0,15370,17734.948807505505,0,0.0,0.0,0.0,0,0,0,0.0,0.0,0,0.0,0.0,0.0,51110.870243757665,0.0,0,0,0,20261142,5d822c7e52056e81,human_only,0,1.0,0.98,10,9,0.005072146917358985,0.005941459152468327,0.0036458333333333334,0.024606880049333802,14.853882396774495,0.0,724703.8651429107,707809.088321792,11796.818138696533,0.0,851.847837395961,0.0,0.0,496.0,0.18827972094208023,1.1538678469424533,0.0,0.0,0.0,0.0,0.0,8,30,24,moderate_d45_source_human_only,moderate,45,source,human_only,22
10468,10459,62,8859,8852,40,0,10459,0,0,0.0,0.0,149961.91084635086,1391.3807223384774,151353.29156867813,0.0,13967,10431.5319715112,0,0.0,0.0,0.0,0,0,0,0.0,0.0,0,0.0,0.0,0.0,44908.251409132296,0.0,0,0,0,20261143,5d822c7e52056e81,human_only,0,1.0,0.98,9,7,0.005927908977913759,0.006782575468093237,0.005305339203070324,0.13303190767171597,14.471105418173643,0.0,744483.2717899609,729905.8033108641,12165.096721847736,0.0,748.4708568188715,0.0,0.0,496.0,0.1661253676187714,0.7468699055997136,0.0,0.0,0.0,0.0,0.0,8,30,24,moderate_d45_source_human_only,moderate,45,source,human_only,23
11959,11942,19,10031,10018,1,0,11942,0,0,0.0,0.0,169956.16746062975,254.88795692459826,170211.05541754424,0.0,15728,14088.197226523622,0,0.0,0.0,0.0,0,0,0,0.0,0.0,0,0.0,0.0,0.0,50471.12453600922,0.0,0,0,0,20261144,5d822c7e52056e81,human_only,0,1.0,0.98,17,13,0.0015910232791827164,0.0030102851408980685,0.0013956734124214933,0.021343824897387228,14.253144818082752,0.0,724057.2679578355,706487.9426993377,11774.799044988962,0.0,841.185408933487,0.0,0.0,496.0,0.18900395614041732,0.8957399050434652,0.0,0.0,0.0,0.0,0.0,8,30,24,moderate_d45_source_human_only,moderate,45,source,human_only,24
10658,10641,91,8952,8936,50,0,10641,0,0,0.0,0.0,157429.94592776074,2194.3306717187006,159624.2765994678,0.0,14374,14946.02673514662,0,0.0,0.0,0.0,0,0,0,0.0,0.0,0,0.0,0.0,0.0,48001.6601225606,0.0,0,0,0,20261145,5d822c7e52056e81,human_only,0,1.0,0.98,17,16,0.008551827835729725,0.010133233252017265,0.007372654155495978,0.20621470460658778,15.000871778918127,0.0,737638.5174541948,722344.2165816748,12039.070276361246,0.0,800.0276687093433,0.0,0.0,496.0,0.17379198313822264,1.0397959325968151,0.0,0.0,0.0,0.0,0.0,8,30,24,moderate_d45_source_human_only,moderate,45,source,human_only,25
11411,11394,70,9622,9606,37,0,11394,0,0,0.0,0.0,165889.4130226943,1080.9654967016977,166970.37851938495,0.0,15180,14768.432674713333,0,0.0,0.0,0.0,0,0,0,0.0,0.0,0,0.0,0.0,0.0,50281.46973099926,0.0,0,0,0,20261146,5d822c7e52056e81,human_only,0,1.0,0.98,17,16,0.006143584342636475,0.007624222241696609,0.00550821035127832,0.09487146714952586,14.654237187939701,0.0,728952.9812466708,711657.0562603328,11860.950937672214,0.0,838.0244955166544,0.0,0.0,496.0,0.18352040630973254,0.9728875279784804,0.0,0.0,0.0,0.0,0.0,8,30,24,moderate_d45_source_human_only,moderate,45,source,human_only,26
11731,11718,34,9831,9820,20,0,11718,0,0,0.0,0.0,166867.4475201597,389.04632586527623,167256.49384601504,0.0,15491,12871.55136508158,0,0.0,0.0,0.0,0,0,0,0.0,0.0,0,0.0,0.0,0.0,49425.6316765565,0.0,0,0,0,20261147,5d822c7e52056e81,human_only,0,1.0,0.98,13,11,0.0029015190305512885,0.004006478561077487,0.0031532906113315023,0.03320074465482815,14.273467643455799,0.0,727163.3274572243,710004.7027408304,11833.411712347173,0.0,823.7605279426083,0.0,0.0,496.0,0.18552494684450693,0.8309051297580259,0.0,0.0,0.0,0.0,0.0,8,30,24,moderate_d45_source_human_only,moderate,45,source,human_only,27
11047,11036,22,9294,9285,4,0,11036,0,0,0.0,0.0,158936.49378036422,72.527843928925,159009.02162428538,0.0,14575,14081.166984281961,0,0.0,0.0,0.0,0,0,0,0.0,0.0,0,0.0,0.0,0.0,46923.47498058273,0.0,0,0,0,20261148,5d822c7e52056e81,human_only,0,1.0,0.98,11,9,0.0019934758970641536,0.002987236353761202,0.001398751882935227,0.006571932215379213,14.408211455625715,0.0,735149.6507370522,719219.1017916147,11986.985029860245,0.0,782.0579163430455,0.0,0.0,496.0,0.17657969227480708,0.9661178033812666,0.0,0.0,0.0,0.0,0.0,8,30,24,moderate_d45_source_human_only,moderate,45,source,human_only,28
10180,10169,108,8580,8569,68,0,10169,0,0,0.0,0.0,151449.46739604286,2403.6155333967035,153853.0829294282,0.0,13745,14432.972868586063,0,0.0,0.0,0.0,0,0,0,0.0,0.0,0,0.0,0.0,0.0,46029.53590316637,0.0,0,0,0,20261149,5d822c7e52056e81,human_only,0,1.0,0.98,11,11,0.010620513324810699,0.01168958742632613,0.009207459207459207,0.23636695185334877,15.129617752918497,0.0,743665.248212633,729673.4093894621,12161.223489824368,0.0,767.1589317194395,0.0,0.0,496.0,0.16704161266506168,1.0500525913849446,0.0,0.0,0.0,0.0,0.0,8,30,24,moderate_d45_source_human_only,moderate,45,source,human_only,29
10920,10912,67,9159,9153,42,248,10664,4,4,2412.6646309570506,1044.1501787415025,154121.07987599072,356.7075103872867,162184.7545074446,7706.967121075531,14768,13835.23136420484,36,0.0,3923.773828377193,121.39058825833776,0,0,248,0.0,1736.0,744,1540.1501787414968,2016.062344529199,2031.5424571558706,47672.132266085966,2076.932237830061,0,0,0,20261120,3649cf029fce821c,adaptive_hybrid,2,1.0,0.98,8,6,0.006140029325513196,0.006868131868131868,0.0052407468064199145,0.03268947125983199,14.862972370550274,1368.514452215548,736292.2443554618,720255.5088643183,12004.25848107197,25.669169645691614,794.5355377680994,34.61553729716768,2.7305678187578906,496.0,0.17529990551583585,0.936838526828605,0.0,0.045414048939550845,0.0,0.0,0.020092592592592592,8,30,24,moderate_d45_source_adaptive_hybrid,moderate,45,source,adaptive_hybrid,0
10819,10802,98,9148,9132,81,442,10360,9,9,4333.0884331849,1835.055199962165,148055.32494091633,1347.54984136657,162868.8273066434,13465.952524368575,14850,12293.923453093948,66,0.0,7190.14846173636,218.31462317362391,0,0,442,0.0,3094.0,1326,2719.055199962172,3335.019806046221,3349.4423974996407,46449.8550973195,3735.742741383384,0,0,0,20261121,3649cf029fce821c,adaptive_hybrid,2,1.0,0.98,17,16,0.009072394001110906,0.010629448192993806,0.01060341058154788,0.1247500316021635,15.077654814538363,2498.0332332227354,740601.8279950992,724467.6384954845,12074.460641591408,45.3175866660362,774.1642516219916,62.2623790230564,2.5259746587478435,496.0,0.170472862908715,0.8278736332049796,0.0,0.0832193108997264,0.0,0.0,0.03581018518518519,8,30,24,moderate_d45_source_adaptive_hybrid,moderate,45,source,adaptive_hybrid,1
12518,12505,97,10552,10541,69,388,12117,5,5,3655.463324734781,1616.7465562503303,174271.37118355228,328.5743636566385,186690.41933166372,12090.473784467009,16860,17623.768497994788,56,0.0,6215.89623271806,187.46091407035325,0,0,388,0.0,2716.0,1164,2392.7465562503276,3159.835455095935,3167.977490929188,53926.681449888856,3282.6282570690414,0,0,0,20261122,3649cf029fce821c,adaptive_hybrid,2,1.0,0.98,13,11,0.007756897241103559,0.008787346221441126,0.0075815011372251705,0.026275438916964298,14.929261841796379,2038.7167684844508,714344.7171810789,694452.684222444,11574.211403707399,39.87910927083879,898.7780241648143,54.71047095115069,2.7216301468463815,496.0,0.1998827092505837,1.0453006226568675,0.0,0.0719432434342368,0.0,0.0,0.031435185185185184,8,30,24,moderate_d45_source_adaptive_hybrid,moderate,45,source,adaptive_hybrid,2
10389,10378,56,8735,8725,36,317,10061,2,2,3062.987699799861,1256.0432022738332,143630.52332915165,366.2062955576548,153536.50367234673,9539.774047648316,14142,11213.324268941335,46,0.0,5071.148626260644,156.4923146268762,0,0,317,0.0,2219.0,951,1890.0432022738241,2333.3637583173254,2336.830307004733,44157.845496085014,2700.8201127576667,0,0,0,20261123,3649cf029fce821c,adaptive_hybrid,2,1.0,0.98,11,10,0.005396030063596069,0.0064491288863220714,0.005266170578133944,0.03528678893405809,14.794421244203772,1806.9444975260276,746724.2883313996,731500.5111284556,12191.67518547426,31.500720037897068,735.964091601417,45.01366854596111,2.4572348128335784,496.0,0.16361526844601304,0.7929093670585019,0.0,0.058693849840979674,0.0,0.0,0.02568287037037037,8,30,24,moderate_d45_source_adaptive_hybrid,moderate,45,source,adaptive_hybrid,3
10405,10398,99,8736,8730,79,213,10185,0,0,2086.6667365418302,820.4899332544562,147154.85649762955,1275.4369041246355,155114.28993464404,6683.996532899111,14057,13116.404322450635,32,0.0,3521.2921961291486,108.61687493360331,0,0,213,0.0,1491.0,639,1246.48993325445,1627.9423697458606,1636.5857220488888,45199.498255159866,1919.5690476584346,0,0,0,20261124,3649cf029fce821c,adaptive_hybrid,2,1.0,0.98,7,6,0.009521061742642816,0.010187409899086978,0.00972985347985348,0.12266175265672585,14.917704359938838,1266.176803287374,744917.2505584687,729852.3469411172,12164.205782351954,20.774832220907502,753.3249709193311,31.99281746097391,2.561167014161015,496.0,0.16563928028845343,0.9330870258554909,0.0,0.04075569671445774,0.0,0.0,0.017256944444444443,8,30,24,moderate_d45_source_adaptive_hybrid,moderate,45,source,adaptive_hybrid,4
11041,11033,55,9270,9265,28,146,10887,1,1,1374.2714164647896,565.9489553894834,155955.11245604942,64.46825520306447,160445.37676065334,4425.796049412744,14870,12858.259471318423,20,0.0,2194.4291182518045,69.04388279040788,0,0,146,0.0,1022.0,438,857.9489553894811,1147.886938028529,1153.2470523340853,47261.56187780813,1178.386577766477,0,0,0,20261125,3649cf029fce821c,adaptive_hybrid,2,1.0,0.98,8,5,0.004985044865403789,0.005706004890861335,0.0035598705501618125,0.005843220810574139,14.542316392699478,808.3224610753061,736297.4223969105,720215.8958218872,12003.598263698119,14.29914925649135,787.6926979634688,19.63977629610795,2.632984137749053,496.0,0.17529410573822746,0.8647114641101831,0.0,0.02539848516495144,0.0,0.0,0.011828703703703704,8,30,24,moderate_d45_source_adaptive_hybrid,moderate,45,source,adaptive_hybrid,5
11828,11814,57,10005,9996,44,401,11413,6,6,3769.389354029133,1620.7968528438219,162983.8287903818,39.18457881712311,175287.42425646822,12264.410887280448,16139,15008.738756434595,59,0.0,6442.446456315344,193.6522826995861,0,0,401,0.0,2807.0,1203,2422.7968528438205,3176.180755670667,3176.6762445432214,51080.41134444646,3411.304868681489,0,0,0,20261126,3649cf029fce821c,adaptive_hybrid,2,1.0,0.98,14,9,0.004824784154393093,0.006002705444707474,0.005297351324337831,0.003316791841638997,14.837262930122586,2148.592501185311,725421.7923339324,707484.2629391238,11791.40438231873,40.37994754739701,851.3401890741077,56.85508114469148,2.640628632205504,496.0,0.18747559102382128,0.9299670832415017,0.0,0.07456535250364982,0.0,0.0,0.03248842592592593,8,30,24,moderate_d45_source_adaptive_hybrid,moderate,45,source,adaptive_hybrid,6
11430,11418,83,9643,9633,65,407,11011,7,7,4001.227708365063,1654.9727927924887,159680.078054597,492.21836911423634,172846.23467069765,12673.93824699644,15594,15404.294444566607,60,0.0,6599.075093599576,201.44501626704178,0,0,407,0.0,2849.0,1221,2468.972792792488,3163.856253522534,3183.992217818568,50506.6094034403,3421.269596296207,0,0,0,20261127,3649cf029fce821c,adaptive_hybrid,2,1.0,0.98,12,10,0.007269224032229813,0.008311461067366578,0.007777662553147361,0.04310898310686953,15.138048228297219,2346.254915572574,729393.3730529926,711885.8414834058,11864.76402472343,41.149546546541465,841.7768233906717,57.02115993827012,2.607692234085641,496.0,0.18302713591734698,0.9878347085139545,0.0,0.07637818395369879,0.0,0.0,0.03297453703703704,8,30,24,moderate_d45_source_adaptive_hybrid,moderate,45,source,adaptive_hybrid,7
11393,11385,138,9621,9616,105,326,11059,1,1,3225.6292185422394,1308.2584284245256,159371.87715692612,2280.554013955072,171757.63529845283,10105.204127582523,15413,15123.452644349862,48,0.0,5254.709244978533,161.18858658019468,0,0,326,0.0,2282.0,978,1960.2584284245154,2603.8536657799527,2629.2244526037484,49909.2271123128,2745.484160855411,0,0,0,20261128,3649cf029fce821c,adaptive_hybrid,2,1.0,0.98,8,5,0.012121212121212121,0.012814886333713684,0.011433322939403388,0.2003121663552984,15.08630964413288,1917.3707901177138,731118.3365859147,714358.4581931212,11905.974303218687,32.670973807075256,831.82045187188,45.75806934759019,2.6883685609445283,496.0,0.18109505310717433,0.9812140819016325,0.0,0.06081839403910339,0.0,0.0,0.026412037037037036,8,30,24,moderate_d45_source_adaptive_hybrid,moderate,45,source,adaptive_hybrid,8
11998,11988,204,10141,10132,143,415,11573,9,9,3883.947229743402,1677.9894704008452,172019.50372714197,2463.7572565246264,187295.31848036774,12812.057496710853,16407,20821.638928453474,61,0.0,6578.958960865203,197.9989211789967,0,0,415,0.0,2905.0,1245,2507.9894704008493,3397.919695962092,3449.058240836721,55207.118529856125,3436.111043260158,0,0,0,20261129,3649cf029fce821c,adaptive_hybrid,2,1.0,0.98,10,9,0.01701701701701702,0.017836306051008503,0.01498865989547382,0.20551862333371926,15.623566773470783,2205.957759342557,717459.176403583,699009.9211530696,11650.16535255116,41.79982450668082,920.1186421642687,57.2685173876693,2.770327904286523,496.0,0.19639429166265343,1.2690704533707244,0.0,0.07614535834334726,0.0,0.0,0.033622685185185186,8,30,24,moderate_d45_source_adaptive_hybrid,moderate,45,source,adaptive_hybrid,9
10742,10726,105,9026,9011,80,431,10295,10,10,4095.9975922235185,1774.5529251137718,149942.86664053984,1664.355677265894,164789.4669741138,13182.244656316047,14791,14290.621581874975,63,0.0,6957.722226009649,210.1629636969697,0,0,431,0.0,3017.0,1293,2636.5529251137796,3336.292270468126,3346.566438321246,47536.88248837798,3615.596183466319,0,0,0,20261130,3649cf029fce821c,adaptive_hybrid,2,1.0,0.98,16,15,0.00978929703524147,0.011264196611431763,0.010525149567914912,0.15517021044806023,15.363552766559184,2321.4446671097467,738811.6334862408,722649.6941261875,12044.16156876979,43.942548751896325,792.2813748062997,60.25993639110531,2.588218436443346,496.0,0.17247800908799193,0.9661700751724005,0.0,0.08052919243066722,0.0,0.0,0.03491898148148148,8,30,24,moderate_d45_source_adaptive_hybrid,moderate,45,source,adaptive_hybrid,10
9340,9327,26,7811,7798,19,227,9100,8,8,2254.7867628402732,963.3650774817844,130594.8139699265,3.0466003130386525,137509.63245689298,6911.771886661354,12785,9005.788013973846,35,0.0,3796.5333751696367,115.55584918212011,0,0,227,0.0,1589.0,681,1417.3650774817788,1566.7999996762699,1566.7999996758172,39629.110734683614,1996.0986684194695,0,0,0,20261131,3649cf029fce821c,adaptive_hybrid,2,1.0,0.98,13,13,0.0027876058754154605,0.00417558886509636,0.004096786583023941,0.0003266431127949665,14.74317920627136,1291.421685358489,760679.946554948,747502.0851596465,12458.368085994107,23.62275129136298,660.4851789113935,33.26831114032449,2.300734213914563,496.0,0.14798393083003136,0.7044026604594327,0.0,0.04394135850890783,0.0,0.0,0.018391203703703705,8,30,24,moderate_d45_source_adaptive_hybrid,moderate,45,source,adaptive_hybrid,11
10130,10120,65,8463,8453,44,210,9910,1,1,2029.2366488715684,831.8094520916947,143564.05511880197,742.9529013717874,150733.80290309276,6426.794882925908,13825,11937.830492583706,30,0.0,3260.809431680257,101.54126492354652,0,0,210,0.0,1470.0,630,1251.8094520916893,1715.9364898843119,1726.695146293925,43808.91556131725,1739.469718742942,0,0,0,20261132,3649cf029fce821c,adaptive_hybrid,2,1.0,0.98,10,10,0.006422924901185771,0.007403751233958539,0.006380716058135413,0.0734143183173703,14.894644555641577,1197.4271967798736,747463.4454091982,733148.1835944062,12219.136393240104,20.863490868194823,730.1485926886209,28.991161979049032,2.7407859464982938,496.0,0.16278735953270818,0.8634958764979173,0.0,0.03774084990370668,0.0,0.0,0.017013888888888887,8,30,24,moderate_d45_source_adaptive_hybrid,moderate,45,source,adaptive_hybrid,12
9975,9967,58,8353,8346,43,234,9733,4,4,2267.2333683678344,957.0387038606534,140500.25057110804,496.9515155681038,148310.2631806028,7313.061093933227,13658,10778.37673264291,35,0.0,3836.9783100257923,115.65315547727306,0,0,234,0.0,1638.0,702,1425.0387038606475,1891.3409290526995,1896.9128894446258,43150.91713721151,2003.9538990166814,1,0,0,20261133,3649cf029fce821c,adaptive_hybrid,2,1.0,0.98,8,7,0.005819203371124712,0.006616541353383459,0.005985873338920148,0.049859688528955934,14.880130749533743,1310.194664507181,750246.7350112656,735625.3448092532,12260.422413487553,23.750645064344123,719.1819522868585,33.399231650278026,2.7021551131689825,496.0,0.1596698756594247,0.7891621564389303,0.0,0.04440947118085408,0.0,0.0,0.018958333333333334,8,30,24,moderate_d45_source_adaptive_hybrid,moderate,45,source,adaptive_hybrid,13
11917,11905,62,10055,10045,50,501,11404,15,15,4819.821522843274,2099.634864076551,160903.42679654728,23.873347264205222,176094.60093614188,15167.300792342014,16145,14686.707467439253,77,0.0,8355.172343058612,246.50988961484256,0,0,501,0.0,3507.0,1503,3101.634864076572,3609.8709046731724,3610.385372433988,50108.25720248037,4280.672779481758,0,0,0,20261134,3649cf029fce821c,adaptive_hybrid,2,1.0,0.98,12,10,0.005207895842083158,0.0062096165142233786,0.005967180507210343,0.0020053210637719634,14.791650645623006,2720.1866587667228,727077.051586219,707673.3903460021,11794.5565057667,51.693914401276196,835.1376200413395,71.34454632469597,2.402119342936785,496.0,0.18562158200468304,0.9096752844496285,0.0,0.09670338360021541,0.0,0.0,0.04059027777777778,8,30,24,moderate_d45_source_adaptive_hybrid,moderate,45,source,adaptive_hybrid,14
10733,10724,51,8993,8988,37,168,10556,2,2,1630.499025622595,674.3664220557612,150793.16368219498,36.654895151023084,156098.75229863648,5268.933721300444,14278,11775.169795365695,24,0.0,2681.088232336556,82.91174305405626,0,0,168,0.0,1176.0,504,1010.366422055758,1361.305739695557,1364.0338502619343,45606.60091285319,1439.8148431598192,0,0,0,20261135,3649cf029fce821c,adaptive_hybrid,2,1.0,0.98,9,5,0.004755688176053712,0.005590235721606261,0.004670299121538974,0.003418024538513902,14.556019423595345,956.1326035668337,740872.3846588444,725474.7625920883,12091.246043201472,16.839440367595966,760.1100152142197,23.996914052663655,2.70641636956733,496.0,0.17016982005057746,0.824707227578491,0.0,0.031031113800191617,0.0,0.0,0.01361111111111111,8,30,24,moderate_d45_source_adaptive_hybrid,moderate,45,source,adaptive_hybrid,15
10624,10614,115,9011,9005,83,325,10289,6,6,3094.4895615755267,1340.6844410492442,151241.10058188796,1348.0102730768558,162718.42351048978,10129.31265553374,14632,15737.012765372323,47,0.0,5153.4020564626335,158.7151567356631,0,0,325,0.0,2275.0,975,1990.6844410492338,2631.0262997692407,2638.03863658055,47439.56097334455,2781.3572837004995,0,0,0,20261136,3649cf029fce821c,adaptive_hybrid,2,1.0,0.98,10,6,0.010834746561145657,0.011765813253012049,0.00987681722339363,0.1270030406139868,15.330546778828884,1753.8051205262825,738940.3605534891,723352.0429720151,12055.867382866918,33.178074017487226,790.6593495557426,46.35595472834166,2.705680652903128,496.0,0.17233382554492715,1.0755202819417935,0.0,0.05964585713498419,0.0,0.0,0.026331018518518517,8,30,24,moderate_d45_source_adaptive_hybrid,moderate,45,source,adaptive_hybrid,16
11146,11139,42,9396,9390,31,207,10932,5,5,1979.1973960839211,881.9597608415328,157365.30635091843,57.38954607436608,163888.44995524694,6465.754058265376,15039,13525.38484994261,30,0.0,3274.95227934799,100.72865576266382,0,0,207,0.0,1449.0,621,1295.9597608415281,1629.7122813033743,1631.290576075582,47910.049281121115,1733.893609357115,0,0,0,20261137,3649cf029fce821c,adaptive_hybrid,2,1.0,0.98,7,6,0.0037705359547535685,0.0043961959447335365,0.0039378458918688805,0.005152127307151996,14.713030788692606,1097.2376352423885,734307.9487483042,717348.2040620489,11955.803401034149,21.5993293473588,798.5008213520185,28.898226822618586,2.626876934099166,496.0,0.1775224588392651,0.8993540029219104,0.0,0.037904540270231366,0.0,0.0,0.016770833333333332,8,30,24,moderate_d45_source_adaptive_hybrid,moderate,45,source,adaptive_hybrid,17
11582,11575,36,9757,9750,25,145,11430,1,1,1461.5438717372203,579.9802459699293,160988.67707941745,54.05491945837821,165771.86794870772,4729.135949844549,15493,11473.613610320568,21,0.0,2341.0274891603262,74.87224112226833,0,0,145,0.0,1015.0,435,869.980245969927,1263.7518328941658,1263.8412479610015,48273.2298220994,1272.6633575967994,0,0,0,20261138,3649cf029fce821c,adaptive_hybrid,2,1.0,0.98,7,7,0.0031101511879049674,0.0037126575720946298,0.0032796966280619045,0.004669971443488398,14.321543667274964,881.563625767291,731182.8448640599,713903.4031307141,11898.390052178567,14.49967076616545,804.5538303683232,21.211055959946655,2.9053821792206933,496.0,0.1810227992114024,0.7405675860272748,0.0,0.02709522556898526,0.0,0.0,0.011747685185185186,8,30,24,moderate_d45_source_adaptive_hybrid,moderate,45,source,adaptive_hybrid,18
10459,10452,36,8766,8761,18,84,10368,0,0,778.7486925671352,328.2233952625916,150163.74458279557,454.21999811356545,153235.22177665966,2617.2571957593445,14145,12695.838126146411,11,0.0,1190.3649134726797,38.92882396496592,0,0,84,0.0,588.0,252,496.2233952625923,713.7280697352024,720.9941475192845,45711.93392823299,663.8314966977138,0,0,0,20261139,3649cf029fce821c,adaptive_hybrid,2,1.0,0.98,7,5,0.003444316877152698,0.004111291710488575,0.002623773671001597,0.04345771126230056,14.660851681655153,450.5252973045436,742909.896938984,727568.8157138671,12126.14692856445,8.270389921043206,761.8655654705498,11.06385827829523,2.861087886981288,496.0,0.16788766023859314,0.8975495317176678,0.0,0.013777371683711572,0.0,0.0,0.006805555555555555,8,30,24,moderate_d45_source_adaptive_hybrid,moderate,45,source,adaptive_hybrid,19
11676,11663,70,9844,9831,47,293,11370,0,0,2833.1177076279805,1149.4385159083388,159797.9373821124,125.17815968053765,168978.2431569673,9055.127615185083,15657,12967.504623994153,44,0.0,4798.267072565841,144.70801220494454,0,0,293,0.0,2051.0,879,1735.4385159083308,2313.270251087906,2317.0012102055753,48669.84808346289,2531.968622305675,0,0,0,20261140,3649cf029fce821c,adaptive_hybrid,2,1.0,0.98,13,13,0.006001886307125097,0.00710859883521754,0.006095083299471759,0.01073292975053911,14.488402911512244,1683.6791917196417,730360.2620862152,712723.6483607679,11878.727472679464,28.923975265138846,811.1641347243816,42.19947703842792,2.63595131991533,496.0,0.18194415088909588,0.8282240929931758,0.0,0.0555354985250676,0.0,0.0,0.023738425925925927,8,30,24,moderate_d45_source_adaptive_hybrid,moderate,45,source,adaptive_hybrid,20
10787,10772,122,9060,9047,85,309,10463,7,7,3053.174292790258,1289.5211390805596,151907.79167205366,1404.658419935884,163198.02844011397,9885.578348136023,14604,15388.039925751296,48,0.0,5142.344732929609,153.14054798775055,0,0,309,0.0,2163.0,927,1907.5211390805505,2555.162324969081,2562.4004064929086,47778.94629716091,2662.135055044028,0,0,0,20261141,3649cf029fce821c,adaptive_hybrid,2,1.0,0.98,15,13,0.011325659116227255,0.012700472791322888,0.010816777041942605,0.1303990363846903,15.150206873385997,1763.6531537096982,738559.7369696749,723357.4498895081,12055.957498158468,31.792018984675842,796.3157716193485,44.368917584067134,2.764185983271746,496.0,0.17276015124364363,1.0536866561045808,0.0,0.059517878853351955,0.0,0.0,0.025034722222222222,8,30,24,moderate_d45_source_adaptive_hybrid,moderate,45,source,adaptive_hybrid,21
11445,11435,79,9600,9592,52,179,11256,2,2,1689.116385939048,727.1792207718936,166165.870407138,361.30828307792035,172147.70821198227,5620.52952177752,15533,17944.308240746057,26,0.0,2844.9798784888358,86.61678798710523,0,0,179,0.0,1253.0,537,1085.1792207718902,1472.1080766982154,1479.079970508883,50994.400584204705,1489.506253041703,0,0,0,20261142,3649cf029fce821c,adaptive_hybrid,2,1.0,0.98,10,8,0.0069086139046786186,0.007776321537789428,0.00625,0.03159670162465416,15.054456336858966,961.9371651671545,725576.0212946262,708534.1841003266,11808.903068338777,18.08632034619817,849.9066764034118,24.82510421736172,2.754338865007231,496.0,0.18730284353200477,1.1552377673820935,0.0,0.03292800785288005,0.0,0.0,0.014502314814814815,8,30,24,moderate_d45_source_adaptive_hybrid,moderate,45,source,adaptive_hybrid,22
10468,10457,84,8859,8852,62,125,10332,2,2,1238.495667531779,522.1319361391713,147759.60702603115,1310.4061229596027,153281.25669831716,4211.243549336821,14089,10849.054801509734,20,0.0,2164.778652075903,63.892298573683746,0,0,125,0.0,875.0,375,772.13193613917,1099.185485045019,1110.5631331155455,44988.03855217294,1112.2503430186878,0,0,0,20261143,3649cf029fce821c,adaptive_hybrid,2,1.0,0.98,11,7,0.008032896624270824,0.009075277034772641,0.0077886894683372844,0.12531377287554774,14.658243922570255,716.3637313926076,744834.8522597015,729900.2542578966,12165.004237631609,12.868865602319499,749.8006425362157,18.537505716978128,2.9615016883081213,496.0,0.16573157228976088,0.7700372490247522,0.0,0.02505530847310073,0.0,0.0,0.010127314814814815,8,30,24,moderate_d45_source_adaptive_hybrid,moderate,45,source,adaptive_hybrid,23
11959,11941,55,10031,10016,32,299,11642,5,5,2884.6211703646436,1192.5215340863406,165017.40681737717,269.80841123507525,174356.0895766968,9068.874348094801,16008,14704.425940720226,43,0.0,4727.028699870183,144.28364561731107,0,0,299,0.0,2093.0,897,1790.5215340863306,2337.326812734175,2353.698939361382,50773.79377270487,2365.5350393742037,0,0,0,20261144,3649cf029fce821c,adaptive_hybrid,2,1.0,0.98,18,15,0.004605979398710326,0.00610418931348775,0.0046854750274150135,0.02259512697722764,14.601464665999229,1692.099636278303,724769.5118333771,706587.7525459956,11776.46254243326,29.84202556810551,846.2298962117478,39.425583989570065,2.6239676024095675,496.0,0.188206191942902,0.918567337626201,0.0,0.054710980322571566,0.0,0.0,0.024224537037037037,8,30,24,moderate_d45_source_adaptive_hybrid,moderate,45,source,adaptive_hybrid,24
10658,10644,163,8952,8939,115,341,10303,11,11,3330.426002929944,1432.38567109941,152529.67162133788,2375.685595940002,165454.69529872312,10549.338081457441,14726,16330.138425191511,51,0.0,5546.627526442449,165.8804297090589,0,0,341,0.0,2387.0,1023,2114.3856710994028,2729.7178364144443,2744.2984887925086,48591.68688405179,2825.8798804370217,0,0,0,20261145,3649cf029fce821c,adaptive_hybrid,2,1.0,0.98,14,13,0.015313791807591131,0.016607243385250516,0.014298480786416443,0.2231948135982715,15.54440955455873,1898.040331830534,737797.9717302135,721713.317004643,12028.555283410717,35.239761184990044,809.8614480675299,47.09799800728369,2.682598718272247,496.0,0.17361338291866768,1.108932393398853,0.0,0.06419707785234316,0.0,0.0,0.027627314814814816,8,30,24,moderate_d45_source_adaptive_hybrid,moderate,45,source,adaptive_hybrid,25
11411,11392,126,9622,9606,95,466,10926,11,11,4416.356128648133,2029.6238734516214,159187.00892907305,1510.6730646479664,174714.53552566972,14016.853531958644,15612,16284.429966193757,69,0.0,7546.075753978257,223.4876965817609,0,0,466,0.0,3262.0,1398,2961.6238734516396,3443.6321925122143,3454.555907143953,51000.72063305116,3891.7978137645073,0,0,0,20261146,3649cf029fce821c,adaptive_hybrid,2,1.0,0.98,19,16,0.011060393258426966,0.012707037069494347,0.011536063188526294,0.13260823952317122,15.336598975216795,2386.7322551965112,729103.0931418913,711239.4207556902,11853.99034592817,49.36039789086066,850.0120105508527,64.86329689607513,2.471070033722427,496.0,0.18335227022637623,1.0430713532022646,0.0,0.08733883974511872,0.0,0.0,0.03775462962962963,8,30,24,moderate_d45_source_adaptive_hybrid,moderate,45,source,adaptive_hybrid,26
11731,11716,55,9831,9819,43,394,11322,12,12,3764.273470721573,1702.3949303580318,160108.11307139948,414.45595663255517,172310.34082673583,11787.771798715195,15904,13242.722829198383,58,0.0,6316.79343472677,191.1671849987062,0,0,394,0.0,2758.0,1182,2490.3949303580357,2869.4084804119943,2886.5326090751805,49434.30712646932,3303.737755806442,0,0,0,20261147,3649cf029fce821c,adaptive_hybrid,2,1.0,0.98,15,12,0.004694434960737453,0.005967095729264342,0.005594547858813956,0.035375209681850046,14.707267055883905,2061.878540363541,728521.7759941053,709838.9040178923,11830.648400298205,41.50658217263393,823.9051187744886,55.06229593010736,2.442074965376633,496.0,0.18400338710337671,0.8326661738681076,0.0,0.07311103512415243,0.0,0.0,0.031921296296296295,8,30,24,moderate_d45_source_adaptive_hybrid,moderate,45,source,adaptive_hybrid,27
11047,11036,48,9294,9285,29,321,10715,10,10,3153.107218208031,1322.2766367441052,153016.72485268896,63.09703011275269,162850.83134016383,9771.00945736934,14881,14237.401902841397,47,0.0,5197.419025216664,158.1766914811536,0,0,321,0.0,2247.0,963,1964.276636744094,2382.60566099676,2386.6768364639247,46700.20625940335,2714.4261523589716,0,0,0,20261148,3649cf029fce821c,adaptive_hybrid,2,1.0,0.98,11,9,0.004349401957230881,0.005340816511270028,0.004088659350118356,0.0057173822139138,14.756327595158012,1830.830581463926,736754.1199210775,720151.3376408255,12002.52229401376,32.7379439457349,778.3367709900558,45.24043587264953,2.4783767772211056,496.0,0.17478257177298662,0.9567503462698338,0.0,0.06015531279185953,0.0,0.0,0.026006944444444444,8,30,24,moderate_d45_source_adaptive_hybrid,moderate,45,source,adaptive_hybrid,28
10180,10164,144,8580,8567,103,336,9828,3,3,3309.041715298865,1310.2615787423229,145325.10963216523,2335.0060398590795,158168.47529415053,10508.359622137996,14047,15061.454204500436,51,0.0,5628.749023648849,168.8581430556906,0,0,336,0.0,2352.0,1008,1982.2615787423117,2707.453688797318,2716.9082235792575,46058.91941853305,2979.742577382264,0,0,0,20261149,3649cf029fce821c,adaptive_hybrid,2,1.0,0.98,16,13,0.014167650531286895,0.015717092337917484,0.01351981351981352,0.22973298306366385,15.56163668773618,1998.780136556542,745007.8520359304,730165.1081652304,12169.418469420507,33.03769297903853,767.6486569755508,49.6623762897044,2.6953454599000573,496.0,0.1655378001389669,1.0722185665622863,0.0,0.0651475581440839,0.0,0.0,0.02722222222222222,8,30,24,moderate_d45_source_adaptive_hybrid,moderate,45,source,adaptive_hybrid,29
10920,10910,34,9159,9151,17,56,10854,2,2,516.9492107432264,235.83943007246538,157305.45653579288,269.373224712348,159073.68363929322,1498.8538787962389,14544,13729.753261832695,5,0.0,541.3288278375102,16.760492131239225,0,0,52,0.0,364.0,164,339.8394300724657,637.4348241732658,643.7165129612185,47454.37127153462,102.2626160007985,0,0,0,20261120,754858ce6eafc6c7,travel_aware_hybrid,2,1.0,0.98,10,8,0.0031164069660861594,0.00402930402930403,0.0027295556283437055,0.024690488057960404,14.580539288661157,281.1097806707611,735671.8327777213,719566.0393914797,11992.767323191329,5.663990501207762,790.9061878589104,1.7043769333466416,3.925100688787918,496.0,0.17599481095685332,0.9440149382448223,0.0,0.006265379951823034,0.0,0.0,0.004212962962962963,8,30,24,moderate_d45_source_travel_aware_hybrid,moderate,45,source,travel_aware_hybrid,0
10819,10802,59,9148,9132,39,31,10771,1,1,279.9172486450613,155.6171565355472,154936.10588143676,1053.6214275229358,157066.81447749204,1077.087168540711,14406,11937.736559480894,3,0.0,317.0369433778707,10.100417895615745,0,0,28,0.0,196.0,90,211.6171565355474,491.23442101746235,508.4590097937453,46381.33689783133,78.27363943284233,0,0,0,20261121,754858ce6eafc6c7,travel_aware_hybrid,2,1.0,0.98,17,16,0.005461951490464728,0.007024678805804603,0.006012243113248798,0.09753947671939787,14.540530871828553,124.30009210951411,739077.4360497802,723574.5149446541,12059.575249077569,3.52695260892579,773.0222816305221,1.304560657214039,5.649544553263836,496.0,0.17218029116288058,0.8286642065445574,0.0,0.003669409066873504,0.0,0.0,0.0022685185185185187,8,30,24,moderate_d45_source_travel_aware_hybrid,moderate,45,source,travel_aware_hybrid,1
12518,12507,44,10552,10543,23,43,12464,0,0,437.1510018770968,169.56884400776644,179834.11525085778,217.21449348780698,181339.74626073526,1288.41651640274,16485,16409.960726036683,5,0.0,525.871924022701,15.095122677735759,0,0,40,0.0,280.0,126,249.56884400776661,505.15258760008555,505.1525876000942,53625.93605432553,114.26659101033346,0,0,0,20261122,754858ce6eafc6c7,travel_aware_hybrid,2,1.0,0.98,11,9,0.003518029903254178,0.004393673110720563,0.003032600454890068,0.017367433716143518,14.499060227131627,267.58215786933033,713710.2815469998,694617.8363566607,11576.963939277679,4.159480733462777,893.7656009054256,1.9044431835055575,4.009147520635668,496.0,0.20059332264000918,0.9954480270571237,0.0,0.006086480602114595,0.0,0.0,0.0032407407407407406,8,30,24,moderate_d45_source_travel_aware_hybrid,moderate,45,source,travel_aware_hybrid,2
10389,10379,35,8735,8726,14,35,10344,0,0,301.7302677986369,141.86181444859042,148654.98242293842,350.73910134143443,149982.41323174298,976.69170747518,13857,11353.832716446004,3,0.0,318.81354650822186,10.642771919500717,0,0,32,0.0,224.0,102,205.8618144485905,409.9033710824453,416.23612344106186,44282.95474795608,82.86437733247203,0,0,0,20261123,754858ce6eafc6c7,travel_aware_hybrid,2,1.0,0.98,10,9,0.003372193852972348,0.004331504475887958,0.002633085289066972,0.033793149758303734,14.450564912972634,159.86845335004645,745473.3167216907,730686.5298344115,12178.108830573525,3.4310302408098416,738.049245799268,1.3810729555412005,4.080746308245705,496.0,0.16501644632427115,0.8193571997146571,0.0,0.0036899716031044195,0.0,0.0,0.0025925925925925925,8,30,24,moderate_d45_source_travel_aware_hybrid,moderate,45,source,travel_aware_hybrid,3
10405,10399,59,8736,8731,44,28,10371,0,0,284.87555097781916,109.45871607110163,149948.7502511853,1177.4990860429934,152078.4628093578,952.2134721388029,13855,12526.285815070305,2,0.0,209.24639377681686,9.633997470338707,0,0,26,0.0,182.0,82,161.45871607110172,441.62641495516186,491.0833348968954,45102.52993282263,67.11819105476843,0,0,0,20261124,754858ce6eafc6c7,travel_aware_hybrid,2,1.0,0.98,6,5,0.005673622463698433,0.006246996636232581,0.005608974358974359,0.11323195365352375,14.62433530237117,175.41683490671753,744394.1974947706,729724.2449646046,12162.070749410077,2.6909786011850287,751.7088322137105,1.118636517579474,5.9888211572792125,496.0,0.1662251372146386,0.9040985792183548,0.0,0.002421833261305751,0.0,0.0,0.0021064814814814813,8,30,24,moderate_d45_source_travel_aware_hybrid,moderate,45,source,travel_aware_hybrid,4
11041,11035,29,9270,9266,11,18,11017,0,0,184.6340305824844,71.8637706751963,157621.65565433848,88.65858881647,158228.10601421975,517.7917710757938,14725,12334.68268595296,2,0.0,206.9360174841371,5.752578350592202,0,0,17,0.0,119.0,53,105.86377067519628,239.59855434935605,240.62787192478572,47138.77871259545,27.780665331658568,0,0,0,20261125,754858ce6eafc6c7,travel_aware_hybrid,2,1.0,0.98,6,4,0.0026280018124150433,0.003170002717145186,0.0016181229773462784,0.008034308003304938,14.338749978633416,112.7702599072881,736250.956061569,720767.8784627746,12012.797974379577,1.764396177919938,785.6463118765909,0.46301108886097614,4.540148526882749,496.0,0.17534615136472997,0.8376694523567375,0.0,0.0023950927949552905,0.0,0.0,0.0013773148148148147,8,30,24,moderate_d45_source_travel_aware_hybrid,moderate,45,source,travel_aware_hybrid,5
11828,11813,17,10005,9993,6,44,11769,0,0,389.61851281880314,175.12686825847155,168202.7746037428,84.34695802647548,169471.12660773413,1184.0050459762733,15742,13764.0676454385,4,0.0,431.05912074466795,13.623308070752614,0,0,34,0.0,238.0,122,243.12686825847175,508.0321585101766,509.5368860739527,50534.19830698577,101.03627351107242,0,0,0,20261126,754858ce6eafc6c7,travel_aware_hybrid,2,1.0,0.98,15,12,0.0014390925251841192,0.002705444707473791,0.0017991004497751124,0.0071401809892893825,14.346154796218922,214.4916445603316,725115.5542307126,707530.7657933936,11792.179429889893,4.052114470974529,842.2366384497628,1.6839378918512071,4.176531853065186,496.0,0.18781859965197967,0.8743531727505082,0.0,0.004989110193804027,0.0,0.0,0.0027546296296296294,8,30,24,moderate_d45_source_travel_aware_hybrid,moderate,45,source,travel_aware_hybrid,6
11430,11423,49,9643,9638,29,46,11377,0,0,432.91295466890705,179.7956464608532,165636.9247468474,497.1215752285716,167440.41908488912,1306.3727628247088,15224,14558.862407714452,5,0.0,527.6464387781276,14.882281578067289,0,0,39,0.0,273.0,131,257.7956464608534,530.7934899422111,531.6805934935564,50426.9059105851,93.35306223108003,0,0,0,20261127,754858ce6eafc6c7,travel_aware_hybrid,2,1.0,0.98,7,5,0.004289591175698153,0.004899387576552931,0.0035258736907601367,0.043519353517339716,14.658182533913081,253.11730820805386,728370.3598575663,711553.8383127594,11859.23063854599,4.29659410768089,840.4484318430849,1.5558843705180005,4.058630484683637,496.0,0.18417298403050364,0.95630993219354,0.0,0.00610701896733944,0.0,0.0,0.003159722222222222,8,30,24,moderate_d45_source_travel_aware_hybrid,moderate,45,source,travel_aware_hybrid,7
11393,11385,104,9621,9616,69,45,11340,0,0,453.76666990420136,179.34501751028566,163860.16945536493,2244.8398270176713,167621.11976615916,1516.1104837862786,15111,14566.341842726746,5,0.0,533.1383139310099,15.143794668083986,0,0,40,0.0,280.0,130,259.34501751028586,647.2896652244797,729.6003392867169,49794.77052035348,96.67158428240784,0,0,0,20261128,754858ce6eafc6c7,travel_aware_hybrid,2,1.0,0.98,8,5,0.009134826526130874,0.009830597735451594,0.007691508159235007,0.19717521537265448,14.722979338266066,274.4216523939157,730282.3215677482,713858.1525321426,11897.63587553571,4.322416958504764,829.9128420058913,1.611193071373464,5.612310302205515,496.0,0.18203144985691289,0.9639561804464791,0.0,0.006170582337164466,0.0,0.0,0.0032407407407407406,8,30,24,moderate_d45_source_travel_aware_hybrid,moderate,45,source,travel_aware_hybrid,8
11998,11983,141,10141,10133,85,60,11923,0,0,456.8091331129147,229.61337654200938,176769.1250740975,2279.410494253556,180853.2789142255,1804.7433458876476,16011,19173.397423974533,6,0.0,632.1640496147925,16.376929319834353,0,0,51,0.0,357.0,171,331.6133765420097,897.4913393873602,948.7586804885632,54543.61081726593,132.42535362270624,0,0,0,20261129,754858ce6eafc6c7,travel_aware_hybrid,2,1.0,0.98,15,8,0.011766669448385213,0.013002167027837973,0.009170693225520166,0.1902203533550493,15.092487600285862,227.19575657090533,717326.1698618293,699559.8800135413,11659.331333559023,5.5268896090334945,909.0601802877655,2.207089227045104,5.548296377126101,496.0,0.19654326852393678,1.1975140480903461,0.0,0.0073167135372082465,0.0,0.0,0.004131944444444444,8,30,24,moderate_d45_source_travel_aware_hybrid,moderate,45,source,travel_aware_hybrid,9
10742,10726,80,9026,9012,51,42,10684,1,1,397.1368799053474,190.8310951242343,156288.86920746224,1623.072755872361,159200.15825254156,1288.216289216205,14409,13842.234334848847,4,0.0,419.90834323860696,13.01838758056939,0,0,38,0.0,266.0,122,266.83109512423437,551.6550711800518,561.4177512721399,47198.76588677235,83.91692863604646,0,0,0,20261130,754858ce6eafc6c7,travel_aware_hybrid,2,1.0,0.98,16,14,0.007458512026850644,0.00893688326196239,0.0072014181254154664,0.1513213458765953,14.842453687538836,206.30578478111312,737766.1631687949,722360.9624207644,12039.349373679406,4.447184918737239,786.6460981128726,1.398615477267441,4.60178484649295,496.0,0.17364901078764006,0.9606658570927091,0.0,0.004860050268965358,0.0,0.0,0.0030787037037037037,8,30,24,moderate_d45_source_travel_aware_hybrid,moderate,45,source,travel_aware_hybrid,10
9340,9326,11,7811,7797,0,20,9306,0,0,224.93683418814828,78.03735480526828,133554.7865166698,16.95676299274055,134094.95584627794,523.212566622622,12561,8288.750884593243,1,0.0,111.6439367402795,6.6861117693536904,0,0,19,0.0,133.0,59,116.03735480526822,204.41769608629747,204.4176960863315,39659.35122143854,19.014367531075848,0,0,0,20261131,754858ce6eafc6c7,travel_aware_hybrid,2,1.0,0.98,14,14,0.0011794981771391809,0.0026766595289079227,0.001792344130072974,0.0018182246400107818,14.378614180385796,146.89947938288,760417.6527806497,747302.2430037288,12455.03738339548,1.933955913421137,660.9891870239757,0.3169061255179308,3.4647067133276526,496.0,0.14827771865966655,0.6598798570649823,0.0,0.001292175193753235,0.0,0.0,0.0015393518518518519,8,30,24,moderate_d45_source_travel_aware_hybrid,moderate,45,source,travel_aware_hybrid,11
10130,10120,35,8463,8453,17,30,10090,0,0,367.9644169753366,113.2304588078412,146093.67769825953,529.9094415952568,147533.89212235837,910.3049825119488,13592,11293.687050727705,4,0.0,420.54426927110694,11.992511082956417,0,0,23,0.0,161.0,83,159.23045880784122,323.8682466028351,337.14179683573275,43469.984837124124,71.05363350459888,0,0,0,20261132,754858ce6eafc6c7,travel_aware_hybrid,2,1.0,0.98,10,10,0.003458498023715415,0.004442250740375123,0.0031903580290677065,0.05236259304300957,14.578447838177706,254.73395816749536,747466.6620340891,733319.6018348477,12221.993363914129,2.653840980130687,724.4997472854021,1.184227225076648,4.061949359466659,496.0,0.16278375668224787,0.8309069342795545,0.0,0.004867410523971145,0.0,0.0,0.001863425925925926,8,30,24,moderate_d45_source_travel_aware_hybrid,moderate,45,source,travel_aware_hybrid,12
9975,9971,29,8353,8350,17,35,9936,0,0,370.2390419178485,138.51613754952257,143925.17946904013,404.4246139342413,145392.6072357331,1063.0031527653773,13414,10648.683150782985,4,0.0,405.3250832504639,12.337081563555053,0,0,31,0.0,217.0,101,200.51613754952274,381.6960083709755,393.1292260183691,43197.48467384413,78.8234529055412,0,0,0,20261133,754858ce6eafc6c7,travel_aware_hybrid,2,1.0,0.98,4,3,0.002908434459933808,0.0033082706766917294,0.0023943493355680595,0.04056008564178531,14.581547210483713,231.72290436832594,749674.7021547842,735661.191640548,12261.019860675799,3.341935625825379,719.9580778974021,1.3137242150923534,3.8923685744392977,496.0,0.1603105934646234,0.7938484531670631,0.0,0.00469126253762111,0.0,0.0,0.002511574074074074,8,30,24,moderate_d45_source_travel_aware_hybrid,moderate,45,source,travel_aware_hybrid,13
11917,11906,25,10055,10046,8,22,11884,0,0,220.78095583460123,91.20341877774112,169429.97819991605,35.35226179001984,170110.35095352377,645.0204918299314,15714,14433.340235006797,3,0.0,326.2969621646637,7.506280287144611,0,0,20,0.0,140.0,64,131.2034187777411,257.2139478691827,257.2139478691515,50303.93156006712,57.76441876010784,0,0,0,20261134,754858ce6eafc6c7,travel_aware_hybrid,2,1.0,0.98,11,9,0.002099781622711238,0.003020894520432995,0.0016907011437095971,0.002969281185118414,14.287783550606733,129.5775370568601,724860.7683777512,706801.2992798749,11780.02165466458,2.1867236462956847,838.3988593344519,0.9627403126684639,4.018967935455493,496.0,0.18810397807151524,0.9185019877183911,0.0,0.003776585210239163,0.0,0.0,0.0016203703703703703,8,30,24,moderate_d45_source_travel_aware_hybrid,moderate,45,source,travel_aware_hybrid,14
10733,10724,22,8993,8986,11,20,10704,1,1,245.6024631078577,100.35298772297882,152689.6592904931,66.7379196088732,153376.3999569583,620.0027468662302,14119,10874.697131289113,3,0.0,328.5498173434365,7.847113490896994,0,0,16,0.0,112.0,56,132.3529877229788,227.06171689532297,227.06171689526673,45084.878861479665,40.82834883780808,0,0,0,20261135,754858ce6eafc6c7,travel_aware_hybrid,2,1.0,0.98,9,7,0.002051473330846699,0.002888288456163235,0.002001556766373846,0.006223230101536106,14.30216336786258,145.24947538487885,741008.2008906234,725936.8314510349,12098.947190850582,2.2058831287163136,751.4146476913278,0.6804724806301347,4.054673515986906,496.0,0.17001769613505446,0.7702172343146904,0.0,0.0038026599229564408,0.0,0.0,0.0012962962962962963,8,30,24,moderate_d45_source_travel_aware_hybrid,moderate,45,source,travel_aware_hybrid,15
10624,10614,77,9011,9003,45,32,10582,0,0,327.94437542396054,123.7222723267736,155164.22756028795,1098.3544782742465,157357.2285491134,1094.6465105612224,14276,14419.629013332202,3,0.0,318.73113195036314,11.094529414971248,0,0,31,0.0,217.0,95,185.72227232677366,454.5267597644989,490.2171851427265,46944.81158925343,66.68629086842128,0,0,0,20261136,754858ce6eafc6c7,travel_aware_hybrid,2,1.0,0.98,10,8,0.007254569436593179,0.008189006024096385,0.005881700144268117,0.1034816730991376,14.825440790381892,204.22210309718693,739081.0647079444,724237.2021722418,12070.620036204029,3.0953712054462277,782.4135264875572,1.1114381811403546,5.160180896239226,496.0,0.17217622680561784,1.0100608723264362,0.0,0.003689017730906981,0.0,0.0,0.002511574074074074,8,30,24,moderate_d45_source_travel_aware_hybrid,moderate,45,source,travel_aware_hybrid,16
11146,11141,24,9396,9394,8,47,11094,2,2,426.8282358376163,208.95051068163207,160410.07947716035,232.21303909869312,161915.65922146593,1273.3667052171713,14846,13712.08811192457,4,0.0,421.461452711129,13.881618554027948,0,0,39,0.0,273.0,133,286.9505106816323,532.0274714730532,532.4473120488801,48009.24957082559,73.17971161333023,0,0,0,20261137,754858ce6eafc6c7,travel_aware_hybrid,2,1.0,0.98,5,2,0.002154205188044161,0.0026018302530055625,0.0010642826734780758,0.020843105564912767,14.533314713353015,217.87772515598425,733397.4967681281,716720.590508878,11945.343175147967,4.782508511360538,800.1541595137599,1.2196618602221705,4.003363248487821,496.0,0.1785422303224371,0.9236217238262542,0.0,0.004878026073045475,0.0,0.0,0.003159722222222222,8,30,24,moderate_d45_source_travel_aware_hybrid,moderate,45,source,travel_aware_hybrid,17
11582,11573,29,9757,9750,14,30,11543,3,3,298.7564551958936,167.1068767268187,162807.6677847132,119.91757449567376,163815.8454778975,888.2601187012206,15327,11418.578221454305,4,0.0,428.1009482150164,10.220030092586848,0,0,26,0.0,182.0,86,219.10687672681888,344.719669183733,344.71966918373073,47841.12196684242,62.32034990871844,0,0,0,20261138,754858ce6eafc6c7,travel_aware_hybrid,2,1.0,0.98,9,7,0.002505832541259829,0.0032809532032464167,0.0021523009121656245,0.010361840015179622,14.155002633534735,131.64957846907487,730885.9660688727,713853.1955021385,11897.553258368975,3.6517812787803146,797.352032780707,1.0386724984786406,4.00836824632245,496.0,0.18135532474364613,0.744997600408058,0.0,0.004954872085821949,0.0,0.0,0.0021064814814814813,8,30,24,moderate_d45_source_travel_aware_hybrid,moderate,45,source,travel_aware_hybrid,18
10459,10451,31,8766,8759,13,41,10410,2,2,424.07549638943726,199.41137169613864,149787.79864014065,471.82486877160954,151498.48750586205,1238.8639969599535,14030,11708.512973128903,4,0.0,424.00101540642436,13.962620933035645,0,0,30,0.0,210.0,112,259.41137169613876,476.100333858477,490.40923918314365,45183.9179038692,72.455889887878,0,0,0,20261139,754858ce6eafc6c7,travel_aware_hybrid,2,1.0,0.98,8,7,0.0029662233279112047,0.0037288459699780095,0.0022815423226100846,0.04514638491738681,14.496075734940394,224.66412469329862,743692.4280645973,728877.0933293749,12147.951555489582,4.323522861602313,753.06529839782,1.2075981647979668,4.378653921278068,496.0,0.16701116928248505,0.8345340679350608,0.0,0.004907419159796578,0.0,0.0,0.0024305555555555556,8,30,24,moderate_d45_source_travel_aware_hybrid,moderate,45,source,travel_aware_hybrid,19
11676,11664,31,9844,9832,16,26,11638,0,0,181.80568832757103,103.22992682826771,163859.742406834,206.19081639259275,164730.8440419804,664.9108187644306,15348,12288.202499488349,2,0.0,212.10860951387133,6.0853847509971075,0,0,23,0.0,161.0,75,149.2299268282677,338.30849437898513,339.7961009582559,48130.64224629085,38.10009054850413,0,0,0,20261140,754858ce6eafc6c7,travel_aware_hybrid,2,1.0,0.98,12,12,0.002657750342935528,0.00368276807125728,0.0028443722064201544,0.017677539128308706,14.12301474982685,78.57576149930333,729901.5885824848,713031.0436770626,11883.850727951043,2.4871654471377953,802.1773707715142,0.6350015091417355,4.530614679443413,496.0,0.18245789809309498,0.8006386825311669,0.0,0.0024549607582623994,0.0,0.0,0.001863425925925926,8,30,24,moderate_d45_source_travel_aware_hybrid,moderate,45,source,travel_aware_hybrid,20
10787,10772,73,9060,9047,36,33,10739,0,0,358.80205057528013,135.51543589367276,155507.15107230464,1245.016835541599,157986.56893499292,1234.4010271589814,14299,14198.759064476722,4,0.0,428.9211448713248,12.224784097312375,0,0,26,0.0,182.0,92,187.51543589367282,543.9495206150982,588.9543861501497,47368.3024934186,78.80292862507953,0,0,0,20261141,754858ce6eafc6c7,travel_aware_hybrid,2,1.0,0.98,15,13,0.0067768288154474565,0.008157967924353388,0.005408388520971303,0.11557898584678787,14.66641003852515,223.28661468160738,738348.352188381,723278.924728265,12054.648745471084,3.125257264894547,789.4717082236434,1.3133821437513256,6.4016781103277145,496.0,0.17299691735172373,0.992989654135025,0.0,0.004964365102677371,0.0,0.0,0.0021064814814814813,8,30,24,moderate_d45_source_travel_aware_hybrid,moderate,45,source,travel_aware_hybrid,21
11445,11438,49,9600,9594,23,28,11410,0,0,252.25207334616084,114.23146386207118,169081.00206300247,217.59890772330618,170158.61113572732,860.0101650145898,15419,17871.38256950472,3,0.0,312.2943606121666,9.1931991019324,0,0,25,0.0,175.0,81,164.23146386207122,341.7411570750994,341.74115707506826,51152.48191222139,68.69190752037342,0,0,0,20261142,754858ce6eafc6c7,travel_aware_hybrid,2,1.0,0.98,7,6,0.004283965728274173,0.004892966360856269,0.0030208333333333333,0.019024209452990572,14.876605275024245,138.02060948408968,724670.1884556965,707845.2068553715,11797.42011425619,2.737191064367854,852.5413652036898,1.144865125339557,4.219026630556399,496.0,0.1883174412458597,1.1590493916275193,0.0,0.003614518062640817,0.0,0.0,0.002025462962962963,8,30,24,moderate_d45_source_travel_aware_hybrid,moderate,45,source,travel_aware_hybrid,22
10468,10457,69,8859,8851,49,32,10425,1,1,310.3252723709254,127.79452198929899,149446.4454454726,1425.124510154923,151778.14462624484,906.5746706278551,13979,10452.854357541097,3,0.0,310.4284914395191,10.33486827384107,0,0,30,0.0,210.0,94,187.79452198929914,370.35242507744385,375.90721119337286,44922.11727045016,68.97924859076892,0,0,0,20261143,754858ce6eafc6c7,travel_aware_hybrid,2,1.0,0.98,11,8,0.006598450798508177,0.007642338555598013,0.006434134778191669,0.13628426031891774,14.51450173340775,182.53075038162643,744446.6625925775,729944.1229520054,12165.735382533423,3.1299086998216525,748.7019545075026,1.149654143179482,3.9990128850358815,496.0,0.166166372544156,0.7477540852379353,0.0,0.0035929223546240638,0.0,0.0,0.0024305555555555556,8,30,24,moderate_d45_source_travel_aware_hybrid,moderate,45,source,travel_aware_hybrid,23
11959,11940,24,10031,10015,2,44,11896,0,0,354.35903447354144,174.2276021859242,168575.63168695598,220.40277551103645,169953.62968855162,1157.5952260955219,15749,13556.942270033935,5,0.0,523.4221876105499,12.209357322021807,0,0,38,0.0,266.0,126,250.2276021859244,543.4636373414179,545.0236255219879,50334.772451398494,83.93924067648076,0,0,0,20261144,754858ce6eafc6c7,travel_aware_hybrid,2,1.0,0.98,19,16,0.0020100502512562816,0.0035956183627393595,0.00179443724454192,0.018459193928897524,14.23397233572459,180.13143228761723,724648.6824733231,706559.2648451132,11775.987747418552,4.170460036432074,838.9128741899749,1.3989873446080128,4.325584329539587,496.0,0.1883415294877654,0.8608128941541644,0.0,0.006058127171418402,0.0,0.0,0.0030787037037037037,8,30,24,moderate_d45_source_travel_aware_hybrid,moderate,45,source,travel_aware_hybrid,24
10658,10642,106,8952,8938,66,29,10613,0,0,304.46712591093666,111.01682384996022,157231.70402785717,2401.5961215706666,160716.05369745192,1082.7535480365477,14438,15528.335015676643,3,0.0,315.69330462079347,10.598096817782196,0,0,25,0.0,175.0,83,161.01682384996022,565.1525325874944,593.451247673298,48443.42852937825,72.18782999157429,0,0,0,20261145,754858ce6eafc6c7,travel_aware_hybrid,2,1.0,0.98,16,14,0.009960533734260478,0.011446800525426909,0.008936550491510277,0.2256715017450354,15.10205353293102,193.45030206097644,736912.3561486945,721247.6448008417,12020.794080014028,2.68361373083267,807.3904754896375,1.2031304998595715,7.150015032208409,496.0,0.17460533585495686,1.075518424690168,0.0,0.0036538576923702947,0.0,0.0,0.002025462962962963,8,30,24,moderate_d45_source_travel_aware_hybrid,moderate,45,source,travel_aware_hybrid,25
11411,11393,66,9622,9607,37,31,11362,0,0,315.44893882586126,123.67064429316662,164479.18403243902,1044.0861980070076,166514.02656520385,990.7563347689156,15195,14511.016522413234,4,0.0,418.9821408393319,10.651056281136269,0,0,29,0.0,203.0,91,181.67064429316667,392.92007769538026,423.7317222396323,49991.152413860415,65.81582050708053,0,0,0,20261146,754858ce6eafc6c7,travel_aware_hybrid,2,1.0,0.98,18,15,0.005793030808391117,0.007361318026465691,0.0054042818540843895,0.09164278047985672,14.615467968507316,191.77829453269464,729756.760596692,712657.9604346812,11877.632673911352,3.027844071552778,833.1858735643402,1.0969303417846754,4.656392552083871,496.0,0.1826201158191174,0.9549862798560865,0.0,0.004849330333788564,0.0,0.0,0.002349537037037037,8,30,24,moderate_d45_source_travel_aware_hybrid,moderate,45,source,travel_aware_hybrid,26
11731,11721,40,9831,9824,27,48,11673,0,0,432.53811648575305,188.58300142459748,165990.15624210847,365.56517217449255,167659.1355472526,1303.4141329819377,15512,13129.620382734112,4,0.0,435.34779683230863,14.000429933310684,0,0,45,0.0,315.0,141,278.5830014245977,544.5935591242479,572.7969044895035,49522.9904553749,73.47008201029817,0,0,0,20261147,754858ce6eafc6c7,travel_aware_hybrid,2,1.0,0.98,10,7,0.003412678099138299,0.004262211235188816,0.003458447767266809,0.031188906422190302,14.304166500064209,243.95511506115557,727165.664657509,709721.241000223,11828.687350003716,4.643050023743295,825.3831742562484,1.224501366838303,4.062389393542578,496.0,0.18552232901264676,0.8464169921824466,0.0,0.005038747648522091,0.0,0.0,0.0036458333333333334,8,30,24,moderate_d45_source_travel_aware_hybrid,moderate,45,source,travel_aware_hybrid,27
11047,11037,29,9294,9285,7,44,10993,0,0,407.7853754435195,174.07691593107577,158162.25743754633,72.05237211316489,159503.7827537754,1269.472944124609,14602,14295.592186177506,4,0.0,423.2108711743507,13.74636602266384,0,0,39,0.0,273.0,127,252.07691593107592,524.9000501503247,524.900050150376,47086.19486743885,83.53329966785799,0,0,0,20261148,754858ce6eafc6c7,travel_aware_hybrid,2,1.0,0.98,10,9,0.0026275255957234757,0.0035303702362632387,0.0017215407789972026,0.006528256964135625,14.451733510353845,233.70845951244374,735143.2144627483,718967.2814381254,11982.788023968757,4.201281932184599,784.7699144573141,1.3922216611309666,4.133071261026583,496.0,0.17658690136340915,0.9790160379521645,0.0,0.004898273971925355,0.0,0.0,0.003159722222222222,8,30,24,moderate_d45_source_travel_aware_hybrid,moderate,45,source,travel_aware_hybrid,28
10180,10167,114,8580,8569,73,41,10126,0,0,384.0375090314839,148.25449159013908,150822.8255272105,2290.3192886824836,154477.52547369397,1364.3806578129588,13772,14942.850818715515,3,0.0,326.168303453732,13.42052936813174,0,0,38,0.0,266.0,120,224.2544915901392,645.7549806439321,673.3690733321819,46444.71802140215,99.71060355930896,0,0,0,20261149,754858ce6eafc6c7,travel_aware_hybrid,2,1.0,0.98,13,11,0.011212747123045146,0.012475442043222004,0.009790209790209791,0.22526992118446776,15.194012537985046,235.78301744134484,743510.389573394,729814.2970390334,12163.571617317222,3.7375748598356533,774.0786336900359,1.6618433926551495,5.6114089444348485,496.0,0.16721506544198705,1.0850167599996743,0.0,0.003775096104788565,0.0,0.0,0.0030787037037037037,8,30,24,moderate_d45_source_travel_aware_hybrid,moderate,45,source,travel_aware_hybrid,29
10920,10910,39,4402,4397,2,0,10910,0,0,0.0,0.0,165799.9495331803,368.9589220983744,166168.9084552682,0.0,14528,13919.04566704589,0,0.0,0.0,0.0,0,0,0,0.0,0.0,0,0.0,0.0,0.0,47972.04115794639,0.0,0,0,0,20261120,5d822c7e52056e81,human_only,0,1.0,0.98,10,5,0.0035747021081576533,0.004487179487179487,0.0015901862789641072,0.03381841632432396,15.230880701674444,0.0,728275.5411023488,712520.7177936139,11875.345296560232,0.0,799.5340192991065,0.0,0.0,496.0,0.1842791878333907,0.9580840905180266,0.0,0.0,0.0,0.0,0.0,8,30,24,moderate_d45_balanced_human_only,moderate,45,balanced,human_only,0
10819,10800,40,4312,4304,3,0,10800,0,0,0.0,0.0,162655.77500488027,1061.9945204136602,163717.76952528505,0.0,14429,11614.379270995058,0,0.0,0.0,0.0,0,0,0,0.0,0.0,0,0.0,0.0,0.0,46655.0519176346,0.0,0,0,0,20261121,5d822c7e52056e81,human_only,0,1.0,0.98,19,8,0.003703703703703704,0.0054533690729272576,0.002551020408163265,0.0983328259642278,15.15905273382269,0.0,732155.6365749165,716743.2849973689,11945.721416622815,0.0,777.5841986272433,0.0,0.0,496.0,0.17993320276107017,0.8049330702747978,0.0,0.0,0.0,0.0,0.0,8,30,24,moderate_d45_balanced_human_only,moderate,45,balanced,human_only,1
12518,12507,70,4892,4885,5,0,12507,0,0,0.0,0.0,189155.1852272778,341.1262248993953,189496.311452164,0.0,16538,16361.813883534807,0,0.0,0.0,0.0,0,0,0,0.0,0.0,0,0.0,0.0,0.0,54147.45557852642,0.0,0,0,0,20261122,5d822c7e52056e81,human_only,0,1.0,0.98,11,7,0.005596865755177101,0.006470682217606646,0.0024529844644317253,0.027274824090460968,15.151220232842727,0.0,705288.7253991347,685643.6859263692,11427.394765439485,0.0,902.4575929754403,0.0,0.0,496.0,0.21002606922139933,0.9893465886766724,0.0,0.0,0.0,0.0,0.0,8,30,24,moderate_d45_balanced_human_only,moderate,45,balanced,human_only,2
10389,10382,39,4215,4212,10,0,10382,0,0,0.0,0.0,155700.155510576,401.49577638904157,156101.65128695287,0.0,13843,11026.094089570044,0,0.0,0.0,0.0,0,0,0,0.0,0.0,0,0.0,0.0,0.0,44189.24158874073,0.0,0,0,0,20261123,5d822c7e52056e81,human_only,0,1.0,0.98,7,3,0.0037565016374494315,0.004427760130907691,0.0030842230130486356,0.03867229593421707,15.035797658153811,0.0,739142.5834640254,724531.4553171115,12075.52425528519,0.0,736.4873598123455,0.0,0.0,496.0,0.17210732138886042,0.7965104449591883,0.0,0.0,0.0,0.0,0.0,8,30,24,moderate_d45_balanced_human_only,moderate,45,balanced,human_only,3
10405,10393,67,4163,4157,4,0,10393,0,0,0.0,0.0,156500.56653651607,1082.0650079758452,157582.63154448252,0.0,13803,11891.42293767966,0,0.0,0.0,0.0,0,0,0,0.0,0.0,0,0.0,0.0,0.0,44715.872739999344,0.0,0,0,0,20261124,5d822c7e52056e81,human_only,0,1.0,0.98,12,6,0.00644664678148754,0.007592503604036521,0.0024021138601969735,0.10411478956757868,15.162381559172761,0.0,738523.5470021409,723530.9973724242,12058.84995620707,0.0,745.2645456666557,0.0,0.0,496.0,0.17280068660154468,0.8615100295355835,0.0,0.0,0.0,0.0,0.0,8,30,24,moderate_d45_balanced_human_only,moderate,45,balanced,human_only,4
11041,11032,28,4345,4342,3,0,11032,0,0,0.0,0.0,165128.91598511138,127.09401022946622,165256.00999532742,0.0,14710,12201.670091645025,0,0.0,0.0,0.0,0,0,0,0.0,0.0,0,0.0,0.0,0.0,47360.453047318035,0.0,0,0,0,20261125,5d822c7e52056e81,human_only,0,1.0,0.98,9,3,0.0025380710659898475,0.0033511457295534825,0.001380897583429229,0.011520486786572356,14.979696337502485,0.0,729254.8752754327,713753.2036231655,11895.886727052759,0.0,789.3408841219673,0.0,0.0,496.0,0.18318226335637022,0.8294813114646515,0.0,0.0,0.0,0.0,0.0,8,30,24,moderate_d45_balanced_human_only,moderate,45,balanced,human_only,5
11828,11816,35,4715,4708,2,0,11816,0,0,0.0,0.0,176879.2893682491,126.44063012239349,177005.72999836094,0.0,15760,13812.770202687028,0,0.0,0.0,0.0,0,0,0,0.0,0.0,0,0.0,0.0,0.0,51096.898823105395,0.0,0,0,0,20261126,5d822c7e52056e81,human_only,0,1.0,0.98,12,7,0.002962085308056872,0.003973621914102131,0.0019088016967126194,0.010700798080771283,14.980173493429328,0.0,717290.1056586247,700069.6416659039,11667.827361098398,0.0,851.6149803850899,0.0,0.0,496.0,0.19658366301677344,0.8764448098151668,0.0,0.0,0.0,0.0,0.0,8,30,24,moderate_d45_balanced_human_only,moderate,45,balanced,human_only,6
11430,11422,59,4570,4568,5,0,11422,0,0,0.0,0.0,174947.62093391837,665.8551824078768,175613.4761163154,0.0,15234,15251.996332414006,0,0.0,0.0,0.0,0,0,0,0.0,0.0,0,0.0,0.0,0.0,51222.43492261628,0.0,0,0,0,20261127,5d822c7e52056e81,human_only,0,1.0,0.98,8,2,0.0051654701453335665,0.005861767279090113,0.0015317286652078775,0.05829584857361905,15.37501979656062,0.0,720073.28254016,703443.8461545313,11724.064102575523,0.0,853.7072487102713,0.0,0.0,496.0,0.19346630539856635,1.0011813267962457,0.0,0.0,0.0,0.0,0.0,8,30,24,moderate_d45_balanced_human_only,moderate,45,balanced,human_only,7
11393,11385,76,4407,4403,6,0,11385,0,0,0.0,0.0,172478.09350992084,2518.5407538542895,174996.63426376216,0.0,15107,14099.106171635676,0,0.0,0.0,0.0,0,0,0,0.0,0.0,0,0.0,0.0,0.0,49740.82037543326,0.0,0,0,0,20261128,5d822c7e52056e81,human_only,0,1.0,0.98,8,4,0.006675450153711023,0.007372948301588695,0.002269117313365101,0.2212157008216328,15.370806698617669,0.0,722717.7664737322,706291.4384007787,11771.523973346311,0.0,829.0136729238876,0.0,0.0,496.0,0.19050429382422474,0.9332829927606855,0.0,0.0,0.0,0.0,0.0,8,30,24,moderate_d45_balanced_human_only,moderate,45,balanced,human_only,8
11998,11984,134,4782,4776,27,0,11984,0,0,0.0,0.0,185682.4487415314,2543.572369643507,188226.02111116285,0.0,16001,18992.98036857818,0,0.0,0.0,0.0,0,0,0,0.0,0.0,0,0.0,0.0,0.0,54473.05698335647,0.0,0,0,0,20261129,5d822c7e52056e81,human_only,0,1.0,0.98,14,6,0.011181575433911883,0.012335389231538589,0.006900878293601004,0.21224736061778263,15.706443684175804,0.0,709762.6729126356,692106.7794532663,11535.112990887772,0.0,907.8842830559412,0.0,0.0,496.0,0.20501492729319493,1.18698708634324,0.0,0.0,0.0,0.0,0.0,8,30,24,moderate_d45_balanced_human_only,moderate,45,balanced,human_only,9
10742,10725,61,4260,4255,9,0,10725,0,0,0.0,0.0,164254.46724777404,1559.3283782768794,165813.7956260431,0.0,14347,13714.679835685443,0,0.0,0.0,0.0,0,0,0,0.0,0.0,0,0.0,0.0,0.0,47431.186593637045,0.0,0,0,0,20261130,5d822c7e52056e81,human_only,0,1.0,0.98,17,5,0.005687645687645688,0.007261217650344443,0.0032863849765258214,0.14539192338245963,15.460493764666024,0.0,730852.8689412023,715128.265137055,11918.804418950916,0.0,790.5197765606174,0.0,0.0,496.0,0.18139239589919098,0.9559266631132253,0.0,0.0,0.0,0.0,0.0,8,30,24,moderate_d45_balanced_human_only,moderate,45,balanced,human_only,10
9340,9329,6,3731,3727,1,0,9329,0,0,0.0,0.0,140305.9426543175,18.73603935450592,140324.6786936631,0.0,12570,8490.5914068295,0,0.0,0.0,0.0,0,0,0,0.0,0.0,0,0.0,0.0,0.0,39728.014831460416,0.0,0,0,0,20261131,5d822c7e52056e81,human_only,0,1.0,0.98,11,4,0.0006431557508843392,0.0018201284796573877,0.0013401232913428035,0.002008365243274297,15.041770682137752,0.0,754150.3189960922,741433.6729526987,12357.227882544978,0.0,662.1335805243402,0.0,0.0,496.0,0.15529758176960995,0.6754647101694113,0.0,0.0,0.0,0.0,0.0,8,30,24,moderate_d45_balanced_human_only,moderate,45,balanced,human_only,11
10130,10120,41,4100,4097,3,0,10120,0,0,0.0,0.0,153788.90396400157,567.4836653013735,154356.38762929675,0.0,13601,11689.596437497328,0,0.0,0.0,0.0,0,0,0,0.0,0.0,0,0.0,0.0,0.0,43839.43297914164,0.0,0,0,0,20261132,5d822c7e52056e81,human_only,0,1.0,0.98,10,3,0.004051383399209486,0.005034550839091807,0.0014634146341463415,0.056075460998159445,15.252607473250666,0.0,740346.3950206361,726259.4092337881,12104.323487229802,0.0,730.6572163190273,0.0,0.0,496.0,0.17075896615072117,0.859465953789966,0.0,0.0,0.0,0.0,0.0,8,30,24,moderate_d45_balanced_human_only,moderate,45,balanced,human_only,12
9975,9970,28,3996,3994,2,0,9970,0,0,0.0,0.0,151432.2264689352,435.9353918929628,151868.16186082043,0.0,13452,10709.520712469763,0,0.0,0.0,0.0,0,0,0,0.0,0.0,0,0.0,0.0,0.0,43617.776708442005,0.0,0,0,0,20261133,5d822c7e52056e81,human_only,0,1.0,0.98,5,2,0.0028084252758274826,0.0033082706766917294,0.001001001001001001,0.04372471332928413,15.232513727263834,0.0,742779.2836899703,728989.9416516477,12149.832360860795,0.0,726.9629451407001,0.0,0.0,496.0,0.1680339564404455,0.7961285096989119,0.0,0.0,0.0,0.0,0.0,8,30,24,moderate_d45_balanced_human_only,moderate,45,balanced,human_only,13
11917,11906,27,4640,4635,2,0,11906,0,0,0.0,0.0,177088.84819863777,34.493247578517185,177123.3414462034,0.0,15697,14006.859609544972,0,0.0,0.0,0.0,0,0,0,0.0,0.0,0,0.0,0.0,0.0,50048.79519196968,0.0,0,0,0,20261134,5d822c7e52056e81,human_only,0,1.0,0.98,11,5,0.002267764152528137,0.0031887219937903836,0.0015086206896551724,0.002897131494919972,14.876813492877828,0.0,717787.5580177229,699729.3298052001,11662.155496753336,0.0,834.146586532828,0.0,0.0,496.0,0.19602648071491613,0.8923271714050438,0.0,0.0,0.0,0.0,0.0,8,30,24,moderate_d45_balanced_human_only,moderate,45,balanced,human_only,14
10733,10726,46,4241,4237,4,0,10726,0,0,0.0,0.0,161005.9360813214,130.8087321589046,161136.74481346947,0.0,14151,11194.438108547463,0,0.0,0.0,0.0,0,0,0,0.0,0.0,0,0.0,0.0,0.0,45778.57399902863,0.0,0,0,0,20261135,5d822c7e52056e81,human_only,0,1.0,0.98,7,4,0.00428864441543912,0.004938041554085531,0.001886347559537845,0.012195481275303432,15.023004364485313,0.0,733152.1272015441,717824.0469453499,11963.734115755831,0.0,762.9762333171439,0.0,0.0,496.0,0.17881706182622747,0.7910704620555059,0.0,0.0,0.0,0.0,0.0,8,30,24,moderate_d45_balanced_human_only,moderate,45,balanced,human_only,15
10624,10620,64,4117,4115,11,0,10620,0,0,0.0,0.0,163071.07691506823,1343.9342737835686,164415.01118884177,0.0,14309,14344.31937596947,0,0.0,0.0,0.0,0,0,0,0.0,0.0,0,0.0,0.0,0.0,47281.597067458686,0.0,0,0,0,20261136,5d822c7e52056e81,human_only,0,1.0,0.98,4,2,0.006026365348399247,0.006400602409638554,0.003157639057566189,0.1265474834071157,15.481639471642351,0.0,732015.0131064685,717195.8649150074,11953.264415250123,0.0,788.0266177909781,0.0,0.0,496.0,0.1800907111262674,1.0024683329351785,0.0,0.0,0.0,0.0,0.0,8,30,24,moderate_d45_balanced_human_only,moderate,45,balanced,human_only,16
11146,11140,31,4462,4457,1,0,11140,0,0,0.0,0.0,168469.02196265713,209.62500581988934,168678.64696846594,0.0,14859,13392.660042506748,0,0.0,0.0,0.0,0,0,0,0.0,0.0,0,0.0,0.0,0.0,48103.597893548824,0.0,0,0,0,20261137,5d822c7e52056e81,human_only,0,1.0,0.98,6,5,0.0027827648114901256,0.003319576529696752,0.001344688480502017,0.018817325477548413,15.141709781729437,0.0,726224.1492201377,709689.8019599722,11828.163365999537,0.0,801.7266315591471,0.0,0.0,496.0,0.1865768937946486,0.9013163767754726,0.0,0.0,0.0,0.0,0.0,8,30,24,moderate_d45_balanced_human_only,moderate,45,balanced,human_only,17
11582,11569,30,4675,4669,2,0,11569,0,0,0.0,0.0,170800.72552581178,206.25206295582757,171006.9775887552,0.0,15321,11275.20972329034,0,0.0,0.0,0.0,0,0,0,0.0,0.0,0,0.0,0.0,0.0,48088.16157508039,0.0,0,0,0,20261138,5d822c7e52056e81,human_only,0,1.0,0.98,13,6,0.0025931368311867924,0.0037126575720946298,0.001711229946524064,0.017827994031967116,14.781483065844515,0.0,723573.5116245254,706846.5488838126,11780.77581473021,0.0,801.4693595846732,0.0,0.0,496.0,0.18954579791159787,0.7359317096332054,0.0,0.0,0.0,0.0,0.0,8,30,24,moderate_d45_balanced_human_only,moderate,45,balanced,human_only,18
10459,10453,24,4179,4178,3,0,10453,0,0,0.0,0.0,157985.6770600349,482.81420513962803,158468.4912651645,0.0,14040,12104.801005283727,0,0.0,0.0,0.0,0,0,0,0.0,0.0,0,0.0,0.0,0.0,45586.861935038374,0.0,0,0,0,20261139,5d822c7e52056e81,human_only,0,1.0,0.98,6,1,0.002295991581364202,0.002868343053829238,0.000957166786312515,0.04618905626515144,15.160096744012677,0.0,736510.9822039482,721769.5276289546,12029.492127149244,0.0,759.7810322506396,0.0,0.0,496.0,0.17505490344539854,0.8621653137666472,0.0,0.0,0.0,0.0,0.0,8,30,24,moderate_d45_balanced_human_only,moderate,45,balanced,human_only,19
11676,11660,33,4600,4594,3,0,11660,0,0,0.0,0.0,171790.18324998667,263.28663274078644,172053.46988271506,0.0,15375,12070.260405762489,0,0.0,0.0,0.0,0,0,0,0.0,0.0,0,0.0,0.0,0.0,48209.0852281031,0.0,0,0,0,20261140,5d822c7e52056e81,human_only,0,1.0,0.98,16,6,0.002830188679245283,0.004196642685851319,0.001956521739130435,0.02258032870847225,14.755872202634224,0.0,722529.9440958683,705467.3455863398,11757.789093105665,0.0,803.4847538017183,0.0,0.0,496.0,0.19071466835140205,0.7850575873666659,0.0,0.0,0.0,0.0,0.0,8,30,24,moderate_d45_balanced_human_only,moderate,45,balanced,human_only,20
10787,10772,55,4266,4261,8,0,10772,0,0,0.0,0.0,163123.99575947862,1318.8249601631014,164442.82071963086,0.0,14282,13701.377956053333,0,0.0,0.0,0.0,0,0,0,0.0,0.0,0,0.0,0.0,0.0,47359.48373862322,0.0,0,0,0,20261141,5d822c7e52056e81,human_only,0,1.0,0.98,15,5,0.005105829929446714,0.006489292667099286,0.0030473511486169714,0.12243083551458424,15.26576501296239,0.0,731762.4486135994,716744.8993872817,11945.748323121363,0.0,789.3247289770536,0.0,0.0,496.0,0.1803736014632623,0.9593458868543154,0.0,0.0,0.0,0.0,0.0,8,30,24,moderate_d45_balanced_human_only,moderate,45,balanced,human_only,21
11445,11433,54,4662,4657,1,0,11433,0,0,0.0,0.0,176266.4662136265,212.44074431069384,176478.90695792512,0.0,15383,17175.791125894015,0,0.0,0.0,0.0,0,0,0,0.0,0.0,0,0.0,0.0,0.0,50896.47472374021,0.0,0,0,0,20261142,5d822c7e52056e81,human_only,0,1.0,0.98,12,5,0.004723169771713461,0.005766710353866317,0.001287001287001287,0.018581364848306994,15.43592293867971,0.0,718083.4333610458,701390.7609297538,11689.846015495896,0.0,848.2745787290036,0.0,0.0,496.0,0.1956950791206924,1.116543660267439,0.0,0.0,0.0,0.0,0.0,8,30,24,moderate_d45_balanced_human_only,moderate,45,balanced,human_only,22
10468,10460,61,4240,4237,11,0,10460,0,0,0.0,0.0,156923.97707840832,1621.3484659949027,158545.32554439132,0.0,13982,10467.890835660231,0,0.0,0.0,0.0,0,0,0,0.0,0.0,0,0.0,0.0,0.0,45281.86829023636,0.0,0,0,0,20261143,5d822c7e52056e81,human_only,0,1.0,0.98,8,3,0.005831739961759082,0.006591517004203286,0.0033018867924528303,0.15500463346031573,15.157296897169342,0.0,737735.0565347421,723252.5546697879,12054.209244496464,0.0,754.6978048372727,0.0,0.0,496.0,0.1736838524476455,0.7486690627707218,0.0,0.0,0.0,0.0,0.0,8,30,24,moderate_d45_balanced_human_only,moderate,45,balanced,human_only,23
11959,11939,23,4865,4855,2,0,11939,0,0,0.0,0.0,177265.7826317339,315.42923622112176,177581.2118679444,0.0,15706,13889.295919706952,0,0.0,0.0,0.0,0,0,0,0.0,0.0,0,0.0,0.0,0.0,50518.51137772519,0.0,0,0,0,20261144,5d822c7e52056e81,human_only,0,1.0,0.98,20,10,0.0019264595024708936,0.0035956183627393595,0.0024665981500513875,0.026420071716318095,14.87404404623037,0.0,716827.9212353565,698945.7102149029,11649.095170248382,0.0,841.9751896287531,0.0,0.0,496.0,0.1971013427023337,0.8843305691905611,0.0,0.0,0.0,0.0,0.0,8,30,24,moderate_d45_balanced_human_only,moderate,45,balanced,human_only,24
10658,10645,95,4335,4329,26,0,10645,0,0,0.0,0.0,165088.07771309707,2395.9914541616126,167484.06916724576,0.0,14474,15159.694124843505,0,0.0,0.0,0.0,0,0,0,0.0,0.0,0,0.0,0.0,0.0,48736.35607075526,0.0,0,0,0,20261145,5d822c7e52056e81,human_only,0,1.0,0.98,13,6,0.008924377642085486,0.010133233252017265,0.007381776239907728,0.22508139541208197,15.733590339807023,0.0,730150.3586689165,715341.5971265634,11922.359952109391,0.0,812.2726011792544,0.0,0.0,496.0,0.18217925776331034,1.0473741968248933,0.0,0.0,0.0,0.0,0.0,8,30,24,moderate_d45_balanced_human_only,moderate,45,balanced,human_only,25
11411,11394,78,4515,4511,11,0,11394,0,0,0.0,0.0,173453.56800756993,1320.7592941210278,174774.32730167985,0.0,15207,14966.39228099976,0,0.0,0.0,0.0,0,0,0,0.0,0.0,0,0.0,0.0,0.0,50469.63722440975,0.0,0,0,0,20261146,5d822c7e52056e81,human_only,0,1.0,0.98,17,4,0.006845708267509215,0.008325300148979056,0.0033222591362126247,0.1159170874250507,15.339154581506042,0.0,721448.3913748073,704694.7103995162,11744.911839991935,0.0,841.1606204068291,0.0,0.0,496.0,0.19192608492965124,0.9841778313276622,0.0,0.0,0.0,0.0,0.0,8,30,24,moderate_d45_balanced_human_only,moderate,45,balanced,human_only,26
11731,11718,35,4692,4688,3,0,11718,0,0,0.0,0.0,174619.5415872192,398.76928810155914,175018.31087530963,0.0,15494,13054.383785166288,0,0.0,0.0,0.0,0,0,0,0.0,0.0,0,0.0,0.0,0.0,49626.29334631529,0.0,0,0,0,20261147,5d822c7e52056e81,human_only,0,1.0,0.98,13,4,0.002986857825567503,0.004091722785781264,0.0014919011082693947,0.034030490536060685,14.93585175587213,0.0,719485.448462128,702013.6921910624,11700.228203184373,0.0,827.1048891052548,0.0,0.0,496.0,0.1941247217046057,0.8425444549610358,0.0,0.0,0.0,0.0,0.0,8,30,24,moderate_d45_balanced_human_only,moderate,45,balanced,human_only,27
11047,11036,33,4371,4367,2,0,11036,0,0,0.0,0.0,165666.37794765356,96.89879252569517,165763.27674017148,0.0,14610,13703.97544665898,0,0.0,0.0,0.0,0,0,0,0.0,0.0,0,0.0,0.0,0.0,47001.94346624347,0.0,0,0,0,20261148,5d822c7e52056e81,human_only,0,1.0,0.98,11,4,0.0029902138455962304,0.003982981805014936,0.0013726835964310226,0.008780245788845158,15.02023167272304,0.0,728506.9466563902,712341.4001012122,11872.356668353537,0.0,783.3657244373912,0.0,0.0,496.0,0.18401999702465255,0.937985999086857,0.0,0.0,0.0,0.0,0.0,8,30,24,moderate_d45_balanced_human_only,moderate,45,balanced,human_only,28
10180,10168,109,3980,3976,25,0,10168,0,0,0.0,0.0,158409.83535458444,2335.8980934321808,160745.7334480045,0.0,13782,14515.907679005242,0,0.0,0.0,0.0,0,0,0,0.0,0.0,0,0.0,0.0,0.0,46441.56105348195,0.0,0,0,0,20261149,5d822c7e52056e81,human_only,0,1.0,0.98,12,4,0.010719905586152635,0.011886051080550098,0.00728643216080402,0.22973033963731124,15.808982439811615,0.0,736909.8726293171,722938.1416861747,12048.96902810291,0.0,774.0260175580325,0.0,0.0,496.0,0.17460811757468964,1.053251173922888,0.0,0.0,0.0,0.0,0.0,8,30,24,moderate_d45_balanced_human_only,moderate,45,balanced,human_only,29
10920,10910,57,4402,4397,25,198,10712,1,1,1854.8566737401661,803.1325899237638,161921.88564431143,434.4965907216283,168363.0771142273,6006.694879202956,14742,13987.741061018172,28,0.0,3042.733396319706,92.72085988005632,0,0,198,0.0,1386.0,594,1199.1325899237586,1596.8861311746425,1615.455401233883,47680.53369722916,1558.2636416458777,0,0,0,20261120,3649cf029fce821c,adaptive_hybrid,2,1.0,0.98,10,5,0.005224564619615032,0.006135531135531135,0.0068150840527033164,0.03982553535486969,15.43199606913174,1051.7240838164023,729330.2996636243,713204.7077738345,11886.745129563908,19.985543165395978,794.6755616204861,25.97106069409796,2.71962188759913,496.0,0.18309778263482945,0.9488360508084501,0.0,0.035216821716663266,0.0,0.0,0.016041666666666666,8,30,24,moderate_d45_balanced_adaptive_hybrid,moderate,45,balanced,adaptive_hybrid,0
10819,10800,82,4312,4304,36,328,10472,8,8,3031.6177421368066,1365.9740400145042,157644.98354698767,1258.706187675256,168860.5957616294,9956.906026974288,14758,12492.748856297017,47,0.0,5102.006161339131,153.06018484017386,0,0,328,0.0,2296.0,984,2021.974040014494,2700.783653718069,2710.236969118505,47121.74059728314,2631.782565505385,1,0,0,20261121,3649cf029fce821c,adaptive_hybrid,2,1.0,0.98,19,8,0.007592592592592593,0.00933542841297717,0.01020408163265306,0.11654686922919036,15.63524034829902,1665.6437021223023,732453.0790454991,715941.2856828754,11932.354761381257,33.6995673335749,785.3623432880523,43.86304275842308,2.75430586292531,496.0,0.17960004587197687,0.8465069017683302,0.0,0.05905099723772142,0.0,0.0,0.026574074074074073,8,30,24,moderate_d45_balanced_adaptive_hybrid,moderate,45,balanced,adaptive_hybrid,1
12518,12508,95,4892,4885,25,105,12403,0,0,985.1965852353525,408.3345797108191,187041.0875588353,240.3031235852559,190762.94891110502,3481.558228699072,16621,16609.35946347647,14,0.0,1524.6783370861067,48.3299597067475,0,0,105,0.0,735.0,315,618.3345797108187,989.7373181859115,993.0173152171192,54001.4162172891,813.9827937505876,0,0,0,20261122,3649cf029fce821c,adaptive_hybrid,2,1.0,0.98,10,7,0.0075951391109689795,0.008387921393193802,0.006541291905151268,0.01921195423610936,15.251275096826433,576.8620055245333,705799.1579530401,686144.1108335311,11435.735180558851,10.305576328513645,900.023603621485,13.566379895843125,3.1524359213241877,496.0,0.20945434817087805,0.9992996488464274,0.0,0.017646740012570678,0.0,0.0,0.008506944444444444,8,30,24,moderate_d45_balanced_adaptive_hybrid,moderate,45,balanced,adaptive_hybrid,2
10389,10381,51,4215,4211,19,65,10316,2,2,655.4509681030387,256.0684180553451,154460.61934066445,333.38086683323127,156993.60393763788,2199.6037301529213,13912,11172.525654520898,9,0.0,980.8609590612286,32.500079682407204,0,0,65,0.0,455.0,195,386.06841805534555,590.5014236178386,591.1940019569374,44138.937107599224,550.4615260551972,0,0,0,20261123,3649cf029fce821c,adaptive_hybrid,2,1.0,0.98,8,4,0.0049128215008188035,0.005679083646164212,0.005456702253855279,0.03211452334391978,15.123167704232529,399.3825500476936,739377.3702555425,724311.2541740232,12071.85423623372,6.434473634255759,735.6489517933204,9.17435876758662,3.0317641125996793,496.0,0.17184434335176701,0.8030855128321519,0.0,0.011352557396541998,0.0,0.0,0.0052662037037037035,8,30,24,moderate_d45_balanced_adaptive_hybrid,moderate,45,balanced,adaptive_hybrid,3
10405,10396,83,4163,4158,19,119,10277,2,2,1110.843999725933,457.9485548821277,154939.94924237576,1255.3540543287818,160043.73881924036,3848.435522545362,13951,12509.115149964944,17,0.0,1783.5340627003511,55.85083878146067,0,0,119,0.0,833.0,357,695.9485548821267,1157.0075308020607,1170.283064359468,45256.091846929085,948.2828478524118,0,0,0,20261124,3649cf029fce821c,adaptive_hybrid,2,1.0,0.98,9,5,0.00798383993843786,0.008841902931283037,0.005765073264472736,0.12075356428710868,15.394742094963481,652.8954448438052,738064.6338018442,722931.8400976122,12048.864001626871,11.599142581368778,754.2681974488181,15.80471413087353,3.2781038217352045,496.0,0.1733147022828806,0.8966464877044616,0.0,0.020642755355328137,0.0,0.0,0.009641203703703704,8,30,24,moderate_d45_balanced_adaptive_hybrid,moderate,45,balanced,adaptive_hybrid,4
11041,11030,68,4345,4338,34,224,10806,7,7,2151.894277009204,937.4225282016372,161588.06878669182,214.9751789151378,168799.53493516427,6996.490969568917,14940,13064.57152563495,33,0.0,3608.3366036822895,109.70707815996552,0,0,224,0.0,1568.0,672,1385.4225282016318,1835.0462780905125,1850.358014888916,47557.9095846503,1937.172017180116,0,0,0,20261125,3649cf029fce821c,adaptive_hybrid,2,1.0,0.98,11,7,0.006165004533091568,0.007155148990127706,0.009436133486766397,0.019490043419323463,15.303674971456415,1214.4717488075667,729582.4626054484,713365.210383377,11889.420173056284,23.090375470027197,792.6318264108382,32.286200286335266,2.7535089507275536,496.0,0.1828153420637898,0.874469312291496,0.0,0.041763155135211685,0.0,0.0,0.01814814814814815,8,30,24,moderate_d45_balanced_adaptive_hybrid,moderate,45,balanced,adaptive_hybrid,5
11828,11816,84,4715,4709,40,289,11527,4,4,2771.402280934297,1165.2525245833895,173595.37125025285,76.52742163034782,182712.45202496313,9040.553353090105,16051,15927.971906326702,41,0.0,4502.10326841176,136.45125499188381,0,0,289,0.0,2023.0,867,1743.2525245833813,2472.68970973411,2476.4824739689575,52322.55587743015,2268.2027457130207,0,0,0,20261126,3649cf029fce821c,adaptive_hybrid,2,1.0,0.98,12,6,0.0071090047393364926,0.008116334122421373,0.00975609756097561,0.006476592893563627,15.463139135491124,1606.1497563509074,716337.488660157,697804.8019454132,11630.080032423553,29.054208743056353,872.0425979571693,37.80337909521701,2.8563811695143686,496.0,0.1976506623430142,0.9923351757726436,0.0,0.0521076767177287,0.0,0.0,0.023414351851851853,8,30,24,moderate_d45_balanced_adaptive_hybrid,moderate,45,balanced,adaptive_hybrid,6
11430,11419,92,4570,4568,39,225,11194,6,6,2132.109445490881,934.1083848841589,170825.20862957748,602.7659438916817,178478.32294123503,7050.348367777769,15413,15865.58873704812,33,0.0,3522.4930845893045,106.26352564067766,0,0,225,0.0,1575.0,675,1384.1083848841538,1820.6107001593807,1838.697976798987,50872.06510321788,1803.808282166775,0,0,0,20261127,3649cf029fce821c,adaptive_hybrid,2,1.0,0.98,11,2,0.008056747526053069,0.009011373578302713,0.008971553610503282,0.05278622855693858,15.629943334901045,1198.0010606067221,720968.026711384,703767.2045777221,11729.453409628703,23.068473081402562,847.867751720298,30.063471369446248,2.7239970026651656,496.0,0.19246412778742839,1.0293640911599378,0.0,0.04076959588645029,0.0,0.0,0.018229166666666668,8,30,24,moderate_d45_balanced_adaptive_hybrid,moderate,45,balanced,adaptive_hybrid,7
11393,11384,112,4407,4402,43,167,11217,5,5,1671.5851290600674,678.1192633949968,169557.05822625497,2459.8938271465977,177704.4098567647,5687.45780337432,15269,14877.178448752298,25,0.0,2773.778475319746,85.67871416487186,0,0,167,0.0,1169.0,501,1012.1192633949942,1599.0818862939786,1621.150576556085,50161.404761897626,1481.0683733975131,0,0,0,20261128,3649cf029fce821c,adaptive_hybrid,2,1.0,0.98,9,5,0.009838369641602248,0.010620556482050382,0.010891763104152484,0.2160834352728916,15.610014920657473,993.4658656650706,722957.631467769,706334.9560864419,11772.249268107365,16.868654389916568,836.0234126982938,24.684472889958553,3.2358294941239225,496.0,0.19023562783628023,0.9743387549120636,0.0,0.03210391753842299,0.0,0.0,0.013530092592592592,8,30,24,moderate_d45_balanced_adaptive_hybrid,moderate,45,balanced,adaptive_hybrid,8
11998,11989,185,4782,4776,66,277,11712,3,3,2698.0079395870284,1121.0488293075025,181283.20257902867,2568.6106123816026,192915.8445692968,9064.031377897596,16294,20185.399676836336,42,0.0,4555.644782645253,137.02663887462649,0,0,277,0.0,1939.0,831,1675.048829307495,2436.0065988923357,2455.0741442599956,54986.350570564035,2364.00983001963,0,0,0,20261129,3649cf029fce821c,adaptive_hybrid,2,1.0,0.98,9,6,0.015430811577279173,0.016169361560260043,0.015056461731493099,0.21424727770302798,16.09107052875943,1576.959110279526,710105.2858909906,691812.606509342,11530.210108489033,27.91748048845825,916.4391761760672,39.4001638336605,2.9543611844283943,496.0,0.20463117619736715,1.2388240871999716,0.0,0.052727370169505246,0.0,0.0,0.02244212962962963,8,30,24,moderate_d45_balanced_adaptive_hybrid,moderate,45,balanced,adaptive_hybrid,9
10742,10728,108,4260,4256,51,350,10378,14,14,3289.350764861658,1489.0557844025066,159314.47594192816,1516.497615279637,171897.07353270624,11066.09997550589,14738,15071.214501013066,51,0.0,5496.9047386288385,167.47880245566066,0,0,350,0.0,2450.0,1050,2189.0557844025,3023.678301145827,3045.8200846414857,48352.18158969217,2898.3793757173553,0,0,0,20261130,3649cf029fce821c,adaptive_hybrid,2,1.0,0.98,14,4,0.010067114093959731,0.011357289145410537,0.012910798122065728,0.14135883811331443,16.023217145106845,1800.2949804591512,730470.9577574817,714018.5529552553,11900.30921592092,36.484263073375004,805.8696931615361,48.306322928622585,2.9007810329918913,496.0,0.18182016380210375,1.0226092075595783,0.0,0.06362158262301897,0.0,0.0,0.028356481481481483,8,30,24,moderate_d45_balanced_adaptive_hybrid,moderate,45,balanced,adaptive_hybrid,10
9340,9328,20,3731,3727,11,105,9223,5,5,969.942528072491,434.63668193610675,138669.555646851,8.237734155243743,141868.73816478153,3190.944783783105,12671,8686.56456328136,15,0.0,1627.4705895755162,49.672562049405414,0,0,105,0.0,735.0,315,644.6366819361066,858.2688046557465,858.2688046554267,39839.57272545591,846.9024529908967,0,0,0,20261131,3649cf029fce821c,adaptive_hybrid,2,1.0,0.98,12,4,0.002144082332761578,0.003426124197002141,0.004020369874028411,0.0008831190132122366,15.208912753514316,535.3058461363842,754255.1126481087,741181.2439986235,12353.020733310392,10.74394469893511,663.9928787575985,14.115040883181612,2.7246628719219896,496.0,0.15518020536726174,0.6855468836935805,0.0,0.01883646515712403,0.0,0.0,0.008506944444444444,8,30,24,moderate_d45_balanced_adaptive_hybrid,moderate,45,balanced,adaptive_hybrid,11
10130,10121,70,4100,4098,26,173,9948,1,1,1676.014149417722,689.5152450661884,150930.0583754992,862.1059302646499,157246.383955526,5454.2196497689,13780,12313.09022981485,25,0.0,2708.2520005024285,83.11242827766966,0,0,173,0.0,1211.0,519,1035.5152450661853,1555.4177365481562,1568.0248194753804,44100.46745412616,1394.3652730734643,0,0,0,20261132,3649cf029fce821c,adaptive_hybrid,2,1.0,0.98,9,2,0.006916312617330303,0.0077986179664363275,0.006829268292682927,0.08517991604235253,15.536644991159568,986.4989043515335,740549.6835729572,726078.5649661052,12101.309416101753,17.258587417769757,735.0077909021027,23.23942121789107,3.021242426734837,496.0,0.17053126839946553,0.8935479121781459,0.0,0.0313455092650744,0.0,0.0,0.014016203703703704,8,30,24,moderate_d45_balanced_adaptive_hybrid,moderate,45,balanced,adaptive_hybrid,12
9975,9972,44,3996,3996,15,58,9914,2,2,509.906974920099,239.44583742128245,150126.71205020024,370.47178717781753,152498.46300707594,2001.2791697034863,13478,10860.207978098855,7,0.0,773.5725145955696,26.16252557363809,0,0,58,0.0,406.0,174,355.4458374212828,636.2057744210781,645.9043761161738,43491.63749692888,459.17068308516525,0,0,0,20261133,3649cf029fce821c,adaptive_hybrid,2,1.0,0.98,3,0,0.004412354592860008,0.004711779448621554,0.0037537537537537537,0.03715120208361588,15.292665764849172,270.4611374988166,743140.1248670658,729193.3178642773,12153.221964404622,5.924097290354713,724.8606249488147,7.6528447180860875,3.7120941156101943,496.0,0.16762978845534748,0.8057729617227226,0.0,0.00895338558559687,0.0,0.0,0.004699074074074074,8,30,24,moderate_d45_balanced_adaptive_hybrid,moderate,45,balanced,adaptive_hybrid,13
11917,11906,71,4640,4636,33,366,11540,3,3,3315.3660319332157,1461.6097999463925,171350.78438548933,12.016282805543597,182259.73858322075,10896.937914937324,16082,14668.364810875322,52,0.0,5664.665068952073,169.16615542776472,0,0,364,0.0,2548.0,1096,2189.6097999463864,2845.920423236657,2846.077094438011,50462.088594641515,2973.2536668798766,0,0,0,20261134,3649cf029fce821c,adaptive_hybrid,2,1.0,0.98,11,4,0.005963379808499916,0.006880926407652933,0.007974137931034483,0.0010092627923352592,15.308225985488052,1853.7562319868232,718408.982551897,699134.8225711114,11652.247042851855,36.49349666577311,841.0348099106919,49.55422778133128,2.5967856701076744,496.0,0.19533044069007954,0.9120982969080539,0.0,0.06556325311287121,0.0,0.0,0.02949074074074074,8,30,24,moderate_d45_balanced_adaptive_hybrid,moderate,45,balanced,adaptive_hybrid,14
10733,10723,67,4241,4234,29,144,10579,1,1,1403.1412705931825,577.0744709853723,157731.83626899644,105.25833620477351,162457.67095390757,4620.576348714345,14249,11403.657109918971,19,0.0,2124.8659610635887,68.5417129778854,0,0,142,0.0,994.0,430,861.0744709853705,1305.2598339209574,1309.7679316435424,45373.1341962483,1142.0745903753811,0,0,0,20261135,3649cf029fce821c,adaptive_hybrid,2,1.0,0.98,10,7,0.006248251422176629,0.007174135842728035,0.008488564017920301,0.009816127595334656,15.150393635541132,826.0667996078103,734203.9603008963,718853.4792885408,11980.89132147568,14.351241183089508,756.218903270805,19.034576506256354,3.0459719340547498,496.0,0.1776389333547308,0.8003128015944256,0.0,0.024593356030828573,0.0,0.0,0.01150462962962963,8,30,24,moderate_d45_balanced_adaptive_hybrid,moderate,45,balanced,adaptive_hybrid,15
10624,10618,91,4117,4114,41,204,10414,7,7,1971.2774479996126,879.5958650081562,159602.93960348063,1314.8809520952855,167433.38803187507,6515.567476306658,14500,14604.52494076889,30,0.0,3288.8573824120804,99.52059568028542,0,0,204,0.0,1428.0,612,1287.5958650081511,1708.9945053033666,1724.4496046595796,47167.19648529634,1695.620949268538,0,0,0,20261136,3649cf029fce821c,adaptive_hybrid,2,1.0,0.98,6,3,0.008570352232058768,0.00913027108433735,0.010687393733300948,0.12383508684265261,15.768825393847719,1091.6815829914563,732291.1390849205,716462.6626658754,11941.04437776459,21.459931083469186,786.1199414216057,28.260349154475634,2.8177281121888553,496.0,0.17978143023642412,1.007208616604751,0.0,0.038065478963102785,0.0,0.0,0.016527777777777777,8,30,24,moderate_d45_balanced_adaptive_hybrid,moderate,45,balanced,adaptive_hybrid,16
11146,11140,43,4462,4457,8,44,11096,1,1,398.6917108808138,174.28650153275782,167537.64717649005,156.10247824781618,169229.01691581897,1535.267261093184,14885,13602.185361393658,5,0.0,537.1409388660857,18.993693764489336,0,0,44,0.0,308.0,132,262.28650153275805,504.42492656157873,513.748327205336,48025.073466262445,296.99785950097663,0,0,0,20261137,3649cf029fce821c,adaptive_hybrid,2,1.0,0.98,6,5,0.003859964093357271,0.0043961959447335365,0.00291349170775437,0.01401278978885244,15.191114624400265,224.40520934805596,726404.7789819628,709532.5096376999,11825.541827295,4.371441692212634,800.4178911043741,4.9499643250162775,3.892032781858606,496.0,0.1863745755130345,0.9138182977086771,0.0,0.006216909014653769,0.0,0.0,0.003564814814814815,8,30,24,moderate_d45_balanced_adaptive_hybrid,moderate,45,balanced,adaptive_hybrid,17
11582,11572,46,4675,4671,20,186,11386,5,5,1776.2581775391416,796.4921484507609,167663.26258072644,149.5301419807729,173630.79331164362,5818.000588947678,15507,11442.480984833497,28,0.0,3085.163312070377,92.05992604168183,0,0,186,0.0,1302.0,558,1168.4921484507572,1495.6210942581195,1499.2611957289992,48343.09116691505,1599.3838952303631,0,0,0,20261138,3649cf029fce821c,adaptive_hybrid,2,1.0,0.98,10,4,0.003975112340131351,0.004835088931099983,0.0051336898395721925,0.012921719839333988,15.00438932869371,979.7660290883807,724033.9520940328,706700.7733354542,11778.346222257569,19.474869140845954,805.7181861152509,26.656398253839384,2.6868480210197117,496.0,0.18903007157926432,0.7378913384170696,0.0,0.03570790870451825,0.0,0.0,0.015069444444444444,8,30,24,moderate_d45_balanced_adaptive_hybrid,moderate,45,balanced,adaptive_hybrid,18
10459,10452,43,4179,4178,13,85,10367,2,2,799.2247591942795,351.08272080383625,156254.7821468143,557.2114541980136,159490.59708302908,2678.603482026512,14113,12210.51533530255,11,0.0,1181.970228721585,38.84838701920353,0,0,85,0.0,595.0,255,521.082720803837,725.7917037481953,732.810503090408,45540.30218953686,632.4804262915083,0,0,0,20261139,3649cf029fce821c,adaptive_hybrid,2,1.0,0.98,7,1,0.004114045158821278,0.004780571756382064,0.0033500837520938024,0.05331146710658377,15.259337646673275,448.14203839044325,736894.6553295038,721778.2231354485,12029.637052257476,8.684712013397283,759.005036492281,10.541340438191805,2.873766678785914,496.0,0.1746251620413264,0.8651962966982605,0.0,0.013680210980573902,0.0,0.0,0.0068865740740740745,8,30,24,moderate_d45_balanced_adaptive_hybrid,moderate,45,balanced,adaptive_hybrid,19
11676,11659,71,4600,4593,28,258,11401,5,5,2544.58404894908,1038.6171001061432,168028.0538122152,180.44280897300632,176220.2929599761,8011.796338798144,15643,13010.336818419226,38,0.0,4135.89740203754,125.3954604696252,0,0,258,0.0,1806.0,774,1554.6171001061361,2097.2582420128474,2098.708821879929,48616.35800323822,2143.5333327767,0,0,0,20261140,3649cf029fce821c,adaptive_hybrid,2,1.0,0.98,17,7,0.006089716099150871,0.0075368276807125725,0.007608695652173913,0.015476696884210165,15.114528944161258,1505.966948842937,722633.553163608,704993.0855649251,11749.884759415418,25.910285001768937,810.2726333873037,35.72555554627833,2.711510105788022,496.0,0.19059861876836026,0.8317034340228362,0.0,0.047869182893953005,0.0,0.0,0.020902777777777777,8,30,24,moderate_d45_balanced_adaptive_hybrid,moderate,45,balanced,adaptive_hybrid,20
10787,10772,100,4266,4261,44,273,10499,9,9,2594.457678436955,1184.7856782686035,158845.60016051968,1309.6511706355232,168832.20622095015,8676.954889806657,14538,14900.9688634767,39,0.0,4326.974896380949,132.6048871581931,0,0,273,0.0,1911.0,819,1730.7856782685958,2286.82658032723,2312.920310636806,47623.945741961325,2267.587086327516,0,0,0,20261141,3649cf029fce821c,adaptive_hybrid,2,1.0,0.98,15,5,0.00928332714444857,0.010660980810234541,0.011486169714017815,0.12157920262119598,15.673246028680852,1409.6720001683516,731965.1692750998,716204.4786868262,11936.741311447104,28.846427971143264,793.7324290326887,37.793118105458596,2.8240785233660635,496.0,0.18014653979043482,1.0249669049027859,0.0,0.05008072796737209,0.0,0.0,0.022118055555555554,8,30,24,moderate_d45_balanced_adaptive_hybrid,moderate,45,balanced,adaptive_hybrid,21
11445,11437,92,4662,4660,33,143,11294,1,1,1376.7211314856388,570.4631920567539,174521.3159644772,308.62411737395814,179475.09009618626,4645.150014346431,15541,18196.204963685395,21,0.0,2278.1631406973893,69.21272672933313,0,0,143,0.0,1001.0,429,856.4631920567516,1287.3559884829099,1295.8892228523746,51787.29501665671,1174.3596895305625,0,0,0,20261142,3649cf029fce821c,adaptive_hybrid,2,1.0,0.98,8,2,0.008044067500218589,0.00873743993010048,0.0075075075075075074,0.026984709047298956,15.692497166755816,806.2579394288849,717747.6902651753,700713.7511973984,11678.56251995664,14.274386534279193,863.1215836109452,19.572661492176042,3.0207207991896845,496.0,0.19607113545567278,1.170851615963284,0.0,0.02636762894325682,0.0,0.0,0.011585648148148149,8,30,24,moderate_d45_balanced_adaptive_hybrid,moderate,45,balanced,adaptive_hybrid,22
10468,10461,62,4240,4237,23,77,10384,0,0,706.6764922853846,304.7173969088957,155462.78309173448,1552.3185417288096,159697.28816212932,2682.186528676346,14062,10846.857080972868,10,0.0,1117.0866185289754,36.87262705941701,0,0,77,0.0,539.0,231,458.71739690889626,800.1067626567774,816.5483173013527,45255.490885993255,660.1196417145471,0,0,0,20261143,3649cf029fce821c,adaptive_hybrid,2,1.0,0.98,7,3,0.005926775642863971,0.006591517004203286,0.006132075471698114,0.1483910277916843,15.265967705011883,401.9590953764889,737807.6886751573,722904.3215497776,12048.40535916296,7.645289948481604,754.2581814332209,11.001994028575785,3.534841200438756,496.0,0.17360249924377547,0.7713594852064335,0.0,0.01292924327001129,0.0,0.0,0.006238425925925926,8,30,24,moderate_d45_balanced_adaptive_hybrid,moderate,45,balanced,adaptive_hybrid,23
11959,11940,64,4865,4855,25,299,11641,5,5,2795.4467610828337,1189.0560187349988,172364.3060060407,620.5332913749826,181957.8302086426,8972.990911236458,15953,14703.130062194688,42,0.0,4595.476418073349,139.81956110179402,0,0,299,0.0,2093.0,897,1787.0560187349904,2337.8138535533503,2343.2856886252557,50809.219408943,2323.6939129350017,0,0,0,20261144,3649cf029fce821c,adaptive_hybrid,2,1.0,0.98,19,10,0.005360134003350084,0.00694037963040388,0.007194244604316547,0.05197096242671546,15.239349263705412,1606.390742347835,717546.926489274,699082.7069384195,11651.378448973659,29.784266978916506,846.8203234823833,38.72823188225003,2.6123586272299395,496.0,0.19629600527635083,0.9216529845292226,0.0,0.05318838446844154,0.0,0.0,0.024224537037037037,8,30,24,moderate_d45_balanced_adaptive_hybrid,moderate,45,balanced,adaptive_hybrid,24
10658,10645,127,4335,4332,54,161,10484,5,5,1535.2451105358966,654.8764158916998,162187.20228829276,2603.6846759719083,170081.66851457366,5290.7815503211605,14625,15697.261471793108,23,0.0,2486.2672349983923,76.978317953858,0,0,161,0.0,1127.0,483,976.876415891697,1539.184212033111,1556.811558400208,48969.18135595317,1309.3558356191425,0,0,0,20261145,3649cf029fce821c,adaptive_hybrid,2,1.0,0.98,13,3,0.011930483795209019,0.013135672734096453,0.01314878892733564,0.24459226641351886,15.977610945474275,880.3686946441968,730416.6640215135,714875.5941124671,11914.593235207785,16.28127359819495,816.1530225992195,21.82259726031904,3.2232123362323146,496.0,0.1818809766784123,1.0733170237123493,0.0,0.028776241145814726,0.0,0.0,0.013043981481481481,8,30,24,moderate_d45_balanced_adaptive_hybrid,moderate,45,balanced,adaptive_hybrid,25
11411,11396,118,4515,4510,43,333,11063,9,9,3049.211943926126,1451.5936284760123,167849.34733292705,1443.0752409732304,179556.92833903406,10264.505765143918,15495,15815.026232087752,46,0.0,5069.33102043486,153.38954748559695,0,0,333,0.0,2331.0,999,2117.5936284760023,2817.3707331427568,2833.6720994017614,50761.75647434803,2627.368254621667,0,0,0,20261146,3649cf029fce821c,adaptive_hybrid,2,1.0,0.98,15,5,0.010354510354510354,0.011655420208570678,0.0106312292358804,0.12662997902537998,15.756136217886457,1597.6183154501136,722072.8066201465,704292.7095210932,11738.211825351553,35.293227141266705,846.0292745724672,43.78947091036112,2.8365086080097712,496.0,0.19122669509392198,1.0206535161076316,0.0,0.05867281273651458,0.0,0.0,0.026979166666666665,8,30,24,moderate_d45_balanced_adaptive_hybrid,moderate,45,balanced,adaptive_hybrid,26
11731,11719,54,4692,4688,19,193,11526,6,6,1880.5934223009272,909.5462986862814,171114.94293196552,333.9364166026062,177465.22019339926,6016.340844843398,15702,13175.246598896527,29,0.0,3168.7470921838203,94.10897532417144,0,0,192,0.0,1344.0,578,1293.5462986862765,1489.1670091462252,1491.4136263584624,49612.11151384136,1628.9144972613346,0,0,0,20261147,3649cf029fce821c,adaptive_hybrid,2,1.0,0.98,12,4,0.004607901698097107,0.005626118830449237,0.004901960784313725,0.028495299650363185,15.143375731154473,971.0471236146458,720232.9878440439,701679.9182304695,11694.665303841157,21.559104978104607,826.8685252306893,27.148574954355578,2.5803003916236373,496.0,0.19328742400980747,0.8390807921854876,0.0,0.03667531356694236,0.0,0.0,0.015555555555555555,8,30,24,moderate_d45_balanced_adaptive_hybrid,moderate,45,balanced,adaptive_hybrid,27
11047,11035,68,4371,4366,27,272,10763,5,5,2537.282244843488,1157.7548043819816,161953.28012324253,112.9186853373576,170301.46896340046,8235.270154829992,14879,15079.372353187593,37,0.0,4063.646828533285,124.73015224933691,0,0,272,0.0,1904.0,816,1701.7548043819738,2158.0197430426765,2161.171823722545,47650.45604538075,2081.779456329058,0,0,0,20261148,3649cf029fce821c,adaptive_hybrid,2,1.0,0.98,12,5,0.006162211146352515,0.007241785100027156,0.0073209791809654545,0.010232776197313784,15.432847210095193,1379.5274404615066,728363.6542387771,711941.8025737187,11865.696709561978,28.3625800730329,794.1742674230125,34.69632427215097,2.6484948820129226,496.0,0.18418049480423715,1.01346678897692,0.0,0.04703294940432043,0.0,0.0,0.022037037037037036,8,30,24,moderate_d45_balanced_adaptive_hybrid,moderate,45,balanced,adaptive_hybrid,28
10180,10166,132,3980,3974,56,219,9947,1,1,2143.522861584389,855.7698222513321,154195.273679419,2386.7075198664243,163640.77081665603,7058.789617381741,13961,15033.269078113415,31,0.0,3395.8133911894747,106.18998978676805,0,0,219,0.0,1533.0,657,1293.7698222513275,2028.522749402633,2056.030531010636,46368.178016825594,1803.481969901865,0,0,0,20261149,3649cf029fce821c,adaptive_hybrid,2,1.0,0.98,14,6,0.012984457997245721,0.014341846758349706,0.015577889447236181,0.23477351169254615,16.096869055346847,1287.7530393330567,737733.7715246545,723297.4499533597,12054.95749922266,21.56283037085546,772.8029669470932,30.05803283169775,3.1294224216295827,496.0,0.17368529175105907,1.0768046041195771,0.0,0.03930339573135966,0.0,0.0,0.017743055555555557,8,30,24,moderate_d45_balanced_adaptive_hybrid,moderate,45,balanced,adaptive_hybrid,29
10920,10912,44,4402,4397,5,29,10883,1,1,328.79895959678356,120.09837273175671,164948.05618894025,333.96784479169764,166273.85702246652,991.8329887430991,14562,13898.015982214058,3,0.0,337.03730736679506,10.854897200422567,0,0,19,0.0,133.0,77,158.0983727317567,390.3558774266533,398.04324173867644,47898.01655643877,63.47117490141127,0,0,0,20261120,754858ce6eafc6c7,travel_aware_hybrid,2,1.0,0.98,8,5,0.004032258064516129,0.004761904761904762,0.002271694684234439,0.030605557623872584,15.237706838569146,208.70058686502685,728611.5886856151,712884.8946231486,11881.41491038581,2.634972878862612,798.3002759406462,1.0578529150235212,5.169392749852941,496.0,0.1839027904506999,0.9544029654040693,0.0,0.0039008947611897577,0.0,0.0,0.0015393518518518519,8,30,24,moderate_d45_balanced_travel_aware_hybrid,moderate,45,balanced,travel_aware_hybrid,0
10819,10800,53,4312,4305,9,16,10784,0,0,184.87360158009338,74.13542603113842,161850.6959849841,1224.415386429042,163719.5316830214,644.4203116174394,14416,11547.303058202571,2,0.0,214.77086414776554,6.427592250706264,0,0,6,0.0,42.0,38,86.13542603113841,259.6445650256527,298.6029621103862,46332.76030903081,39.35777852161037,0,0,0,20261121,754858ce6eafc6c7,travel_aware_hybrid,2,1.0,0.98,19,7,0.004907407407407407,0.006654958868656993,0.0037105751391465678,0.11337179503972611,15.159215896576056,110.73817554895496,732623.6958653084,716775.7092045484,11946.261820075806,1.435590433852307,772.2126718171802,0.6559629753601729,7.857972687115427,496.0,0.17940894280319397,0.8010060389985135,0.0,0.002485773890599138,0.0,0.0,0.0004861111111111111,8,30,24,moderate_d45_balanced_travel_aware_hybrid,moderate,45,balanced,travel_aware_hybrid,1
12518,12507,80,4892,4885,12,18,12489,1,1,209.7981649761175,75.1661756237828,188486.0769636558,336.56777077576953,189374.51874201815,551.8740076002014,16512,16433.52898670898,2,0.0,213.37390233422587,6.4665823167040255,0,0,10,0.0,70.0,46,95.16617562378279,212.71913425110563,212.71913425107778,53881.70258859726,15.17599661022035,0,0,0,20261122,754858ce6eafc6c7,travel_aware_hybrid,2,1.0,0.98,11,7,0.0063964180059166865,0.007269531874101294,0.003883892068683565,0.026910351865017154,15.141482269290648,134.6319893523347,705669.818964269,686385.7588057758,11439.762646762929,1.5861029270630465,898.028376476621,0.25293327683700584,4.624329005458213,496.0,0.2095992171099137,0.9952476372764645,0.0,0.0024696053510905773,0.0,0.0,0.0008101851851851852,8,30,24,moderate_d45_balanced_travel_aware_hybrid,moderate,45,balanced,travel_aware_hybrid,2
10389,10381,35,4215,4213,8,13,10368,0,0,145.93488463186387,54.65220520596325,155466.6876279597,381.95258983934764,156283.92588425006,435.28566646185755,13866,11122.883401745261,1,0.0,108.49106637061901,4.859903366753423,0,0,9,0.0,63.0,35,72.65220520596323,167.65873363355394,168.96721879447068,44404.217543363055,33.56821173346163,0,0,0,20261123,754858ce6eafc6c7,travel_aware_hybrid,2,1.0,0.98,8,2,0.0033715441672285905,0.0041389931658484935,0.002372479240806643,0.036793429326591624,15.054804535617961,91.28267942590062,739109.5364081018,724243.0268278095,12070.717113796825,1.2108700867660538,740.0702923893842,0.5594701955576938,4.827634822699163,496.0,0.17214433646045946,0.8021695803941483,0.0,0.001255683638548831,0.0,0.0,0.0007291666666666667,8,30,24,moderate_d45_balanced_travel_aware_hybrid,moderate,45,balanced,travel_aware_hybrid,3
10405,10398,79,4163,4160,13,23,10375,0,0,235.10905316583973,97.06247294694093,156837.55927756336,1310.5723534216359,158960.86088684466,812.7292558704175,13873,12623.217959839332,3,0.0,322.5661926867306,8.338565805617321,0,0,14,0.0,98.0,60,125.0624729469409,317.7191961422441,390.2591274080132,45299.64128507732,59.64710861919015,0,0,0,20261124,754858ce6eafc6c7,travel_aware_hybrid,2,1.0,0.98,7,3,0.007597614925947298,0.008265257087938491,0.003843382176315157,0.12604081106189996,15.287638092599025,138.04658021889878,737738.4370282356,722921.7484779157,12048.695807965261,2.0843745491156818,754.9940214179553,0.9941184769865025,6.504318790133554,496.0,0.17368006605260344,0.9099126331607679,0.0,0.0037334050079482705,0.0,0.0,0.0011342592592592593,8,30,24,moderate_d45_balanced_travel_aware_hybrid,moderate,45,balanced,travel_aware_hybrid,4
11041,11029,26,4345,4339,5,14,11015,0,0,129.36354500552704,58.09427025056443,164625.52402406913,103.98875030747513,165190.82798550164,461.31521113712733,14697,12268.316396466713,1,0.0,106.13316841865509,4.5609198808127,0,0,10,0.0,70.0,38,78.0942702505644,179.45112586314488,185.93973536008343,47229.23379883945,45.662656708285866,0,0,0,20261125,754858ce6eafc6c7,travel_aware_hybrid,2,1.0,0.98,12,6,0.002357421343730166,0.003441717235757631,0.002531645569620253,0.009428665364718028,14.977860910826154,71.26927475496262,729449.7589275902,713692.1330211834,11894.868883686391,1.3015711708427402,787.1538966473241,0.7610442784714311,4.8931509305285115,496.0,0.18296397969579947,0.8347497037808201,0.0,0.0012283931529936932,0.0,0.0,0.0008101851851851852,8,30,24,moderate_d45_balanced_travel_aware_hybrid,moderate,45,balanced,travel_aware_hybrid,5
11828,11815,35,4715,4707,3,45,11770,2,2,412.0917489152927,197.6737924878823,176220.47155742685,125.68711825149148,177715.2278040048,1369.0691283381038,15758,14076.10208905481,4,0.0,413.95951388686086,14.599429445349314,0,0,31,0.0,217.0,121,259.67379248788257,596.9973224424947,597.2820553878937,51192.358649010086,114.82041750020964,0,0,0,20261126,754858ce6eafc6c7,travel_aware_hybrid,2,1.0,0.98,13,8,0.0029623360135421074,0.004058167061210686,0.0023329798515376457,0.010637927909563392,15.041491985104088,214.41795642741042,717138.6795410281,699521.9059095128,11658.698431825213,4.3278965414647095,853.2059774835014,1.913673625003494,4.936215333784245,496.0,0.19675327112340046,0.8932670446157387,0.0,0.004791198077394223,0.0,0.0,0.002511574074074074,8,30,24,moderate_d45_balanced_travel_aware_hybrid,moderate,45,balanced,travel_aware_hybrid,6
11430,11418,69,4570,4566,12,21,11397,2,2,242.55331604215303,100.95955416273888,174042.24916326418,673.737080610741,175483.98154808357,767.9953042195266,15230,15271.629653349177,2,0.0,204.0850110217651,8.065617497187406,0,0,14,0.0,98.0,56,128.95955416273887,296.33965051797003,304.15074047932285,50944.325701065056,63.19168679237663,0,0,0,20261127,754858ce6eafc6c7,travel_aware_hybrid,2,1.0,0.98,12,4,0.00604308985811876,0.007086614173228346,0.00350109409190372,0.05900657563590305,15.369064770369905,141.59376187941416,720544.1857778069,703610.284761682,11726.838079361367,2.1493259027123144,849.0720950177509,1.0531947798729437,5.431263222845051,496.0,0.19293886001589733,1.0027333981187903,0.0,0.0023620950349741332,0.0,0.0,0.0011342592592592593,8,30,24,moderate_d45_balanced_travel_aware_hybrid,moderate,45,balanced,travel_aware_hybrid,7
11393,11386,87,4407,4403,11,41,11345,0,0,393.8274002645618,172.83892436166929,171242.91139034057,2351.255047623028,174990.26884869268,1396.1024107392204,15109,14132.944892819216,3,0.0,318.72371705687317,13.10405251563216,0,0,27,0.0,189.0,109,226.83892436166926,617.9980036173074,690.3948775644621,49858.45074624762,73.84587380429856,0,0,0,20261128,754858ce6eafc6c7,travel_aware_hybrid,2,1.0,0.98,7,4,0.007640962585631478,0.008250680242254015,0.0034036759700476512,0.20650404423177834,15.368897668074185,220.9884759028925,723020.811204518,706272.6929916147,11771.211549860245,3.7806487393611543,830.974179104127,1.230764563404976,6.333897959306992,496.0,0.19016486200210803,0.9353990927804101,0.0,0.0036889319103804766,0.0,0.0,0.0021875,8,30,24,moderate_d45_balanced_travel_aware_hybrid,moderate,45,balanced,travel_aware_hybrid,8
11998,11982,150,4782,4772,31,37,11945,0,0,363.6485813780483,157.07568377200235,184894.91481236456,2502.7521397352775,188697.57435703918,1299.90740495106,16047,19008.308850689093,5,0.0,520.8736164953353,12.818136013993938,0,0,20,0.0,140.0,94,197.07568377200244,527.6338860683389,615.9304881246135,54538.461030355735,94.76165997202627,0,0,0,20261129,754858ce6eafc6c7,travel_aware_hybrid,2,1.0,0.98,16,10,0.012518778167250876,0.013835639273212201,0.008573818485989126,0.2088759922997227,15.74842049382734,206.57289760604593,709769.8172386985,691634.6228544464,11527.243714240774,3.284594729533374,908.9743505059289,1.5793609995337712,6.552452001325675,496.0,0.20500692513586638,1.184539717747186,0.0,0.006028629820547863,0.0,0.0,0.0016203703703703703,8,30,24,moderate_d45_balanced_travel_aware_hybrid,moderate,45,balanced,travel_aware_hybrid,9
10742,10725,64,4260,4257,12,49,10676,1,1,516.2994653973237,235.07246836853534,163350.6826859306,1588.2658955304232,166532.56425532364,1593.6156738714344,14446,13990.648859070845,5,0.0,533.0692408486098,16.55353913488151,0,0,33,0.0,231.0,131,301.0724683685354,702.7174592270433,736.9113440757974,47652.848493952595,79.64841071936884,0,0,0,20261130,754858ce6eafc6c7,travel_aware_hybrid,2,1.0,0.98,17,3,0.005967365967365967,0.007540495252280767,0.0035211267605633804,0.14809006018931686,15.527511818678194,281.2269970287884,730769.6078392644,715107.5113275815,11918.458522126359,5.0178744728089235,794.2141415658766,1.3274735119894807,5.62527743569311,496.0,0.1814856543018991,0.9684790848034642,0.0,0.006169782880192242,0.0,0.0,0.002673611111111111,8,30,24,moderate_d45_balanced_travel_aware_hybrid,moderate,45,balanced,travel_aware_hybrid,10
9340,9327,8,3731,3727,0,25,9302,1,1,231.67650070824453,114.64278111389149,139747.01879828324,17.733138183757546,140446.6646520943,681.9127156359682,12586,8327.218347579097,1,0.0,103.56018989010562,7.3703218016180365,0,0,19,0.0,133.0,69,152.6427811138915,288.90281242373504,288.90281242373203,39691.30588887092,31.064928969136368,0,0,0,20261131,754858ce6eafc6c7,travel_aware_hybrid,2,1.0,0.98,13,4,0.0008577248847432186,0.0022483940042826553,0.0010720986330742428,0.0019012692380998763,15.058074906410882,117.03371959435304,754246.2235016354,741360.0805579646,12356.001342632744,2.5440463518981913,661.5217648145153,0.5177488161522728,4.186997281503363,496.0,0.15519016184852674,0.6616254844731525,0.0,0.0011986133089132594,0.0,0.0,0.0015393518518518519,8,30,24,moderate_d45_balanced_travel_aware_hybrid,moderate,45,balanced,travel_aware_hybrid,11
10130,10121,43,4100,4098,5,31,10090,0,0,341.3025461922383,134.26352461572873,153042.25281540406,582.7470658873935,154556.85397363326,931.8540923496112,13629,11615.626675509451,4,0.0,435.7014141095717,11.081686639825387,0,0,21,0.0,147.0,83,176.26352461572878,367.6304110225789,394.0172367414707,44009.74492909031,60.13756798623821,0,0,0,20261132,754858ce6eafc6c7,travel_aware_hybrid,2,1.0,0.98,9,2,0.004248592036360043,0.005133267522211254,0.0017073170731707317,0.057578012635845624,15.270907417610243,207.03902157650958,740547.3308840039,726238.9424495834,12103.982374159725,2.9377254102621464,733.4957488181718,1.0022927997706368,4.747195623391213,496.0,0.17053390357974474,0.8522728502098064,0.0,0.005042840441083006,0.0,0.0,0.0017013888888888888,8,30,24,moderate_d45_balanced_travel_aware_hybrid,moderate,45,balanced,travel_aware_hybrid,12
9975,9971,28,3996,3995,0,18,9953,0,0,177.55793966244306,82.24723981398229,151101.73956505224,432.5760254237048,152087.05504957843,552.7394591096072,13466,10741.889121364935,3,0.0,309.77064948306946,5.943260574911804,0,0,9,0.0,63.0,45,100.24723981398228,223.03921182182245,241.26783990341028,43523.24000762201,35.89177884970189,0,0,0,20261133,754858ce6eafc6c7,travel_aware_hybrid,2,1.0,0.98,4,1,0.0028081436164878147,0.0032080200501253134,0.00025025025025025025,0.043383414444258826,15.252939028139448,95.31069984846077,742855.9866618855,728693.1043032432,12144.88507172072,1.6707873302330378,725.3873334603668,0.5981963141616983,5.361507553409117,496.0,0.16794804361347948,0.7977045240876975,0.0,0.0035853084430910818,0.0,0.0,0.0007291666666666667,8,30,24,moderate_d45_balanced_travel_aware_hybrid,moderate,45,balanced,travel_aware_hybrid,13
11917,11904,45,4640,4634,3,26,11878,0,0,247.59902017482776,114.88117568895473,176619.5613119474,34.59842679603389,177473.8503027644,819.6905640350524,15748,14187.885427105628,3,0.0,313.3841274270002,8.542422410863749,0,0,18,0.0,126.0,70,150.8811756889547,342.38701005224806,342.3870100522581,50249.88214046785,61.38565916218795,0,0,0,20261134,754858ce6eafc6c7,travel_aware_hybrid,2,1.0,0.98,13,6,0.003780241935483871,0.00486699672736427,0.001939655172413793,0.0029064538639141375,14.908757585917707,132.71784448587303,717691.1635893208,699182.3358755803,11653.038931259673,2.5146862614825785,837.4980356744642,1.0230943193697992,4.891243000746544,496.0,0.19613444938472124,0.9009325264862603,0.0,0.003627131104479169,0.0,0.0,0.0014583333333333334,8,30,24,moderate_d45_balanced_travel_aware_hybrid,moderate,45,balanced,travel_aware_hybrid,14
10733,10725,37,4241,4235,5,40,10685,1,1,404.7819129984579,167.72237130877474,159793.19878945843,136.2874474736891,161008.1005686853,1078.6143317641072,14144,11086.650510289935,5,0.0,513.6336924744539,13.161280814773614,0,0,27,0.0,189.0,107,221.72237130877483,448.22674101861094,448.6389397606563,45661.78392552774,67.68332296214957,0,0,0,20261135,754858ce6eafc6c7,travel_aware_hybrid,2,1.0,0.98,8,6,0.00344988344988345,0.004192676791204696,0.0025937278943645365,0.012707454309901082,15.012410309434527,237.0595416896832,733682.8493509332,718643.482642286,11977.391377371434,3.695372855146247,761.029732092129,1.1280553827024928,4.192887287482769,496.0,0.17822261497431313,0.7838412408293224,0.0,0.005944834403639513,0.0,0.0,0.0021875,8,30,24,moderate_d45_balanced_travel_aware_hybrid,moderate,45,balanced,travel_aware_hybrid,15
10624,10616,76,4117,4113,15,23,10593,1,1,230.6320810519719,106.18458347642112,162497.0192913255,1285.488407020841,164612.65177677158,830.1440784353472,14305,14434.846567443907,2,0.0,208.43898025552306,7.729351691578057,0,0,13,0.0,91.0,59,132.18458347642112,346.6400788174361,375.47962910749266,47241.96195922205,46.3909236520458,0,0,0,20261136,754858ce6eafc6c7,travel_aware_hybrid,2,1.0,0.98,8,4,0.007159005275056519,0.007906626506024096,0.004615010930289046,0.12108971430113422,15.506090031723021,124.44749757555078,732103.7714165063,717207.3985061031,11953.456641768385,2.2030763912736853,787.3660326537008,0.77318206086743,6.3640615102964855,496.0,0.17999129545642223,1.009077005763293,0.0,0.0024124881974018873,0.0,0.0,0.0010532407407407407,8,30,24,moderate_d45_balanced_travel_aware_hybrid,moderate,45,balanced,travel_aware_hybrid,16
11146,11135,29,4462,4455,0,31,11104,0,0,352.64938274612246,135.25929036851738,167821.58757715012,179.52475104120458,168958.2824355816,957.1701073992936,14856,13469.965519853571,3,0.0,338.0907486168245,11.207575153842743,0,0,20,0.0,140.0,82,175.25929036851744,382.4146656028784,382.4146656028697,48196.33025249414,58.831426030117164,0,0,0,20261137,754858ce6eafc6c7,travel_aware_hybrid,2,1.0,0.98,11,7,0.0026044005388414907,0.0035887313834559484,0.0015688032272523531,0.016122564080934404,15.173622131619364,217.39009237760507,726335.6077773885,709827.2449368476,11830.454082280794,2.920988172808624,803.2721708749024,0.9805237671686194,4.663593482961826,496.0,0.18645205222066696,0.9067020409163685,0.0,0.0039130873682502836,0.0,0.0,0.0016203703703703703,8,30,24,moderate_d45_balanced_travel_aware_hybrid,moderate,45,balanced,travel_aware_hybrid,17
11582,11569,41,4675,4671,5,43,11526,0,0,371.892374015128,188.52985428410952,170780.71954478382,245.39951832775841,172187.68327238047,1161.564209281063,15348,11760.113501188924,4,0.0,421.3912785132815,12.537014378941597,0,0,30,0.0,210.0,116,248.5298542841097,491.5494728853998,493.0231857817762,48621.573722297464,90.10975863271254,0,0,0,20261138,754858ce6eafc6c7,travel_aware_hybrid,2,1.0,0.98,13,4,0.003543953669288616,0.004662407183560697,0.0019251336898395723,0.02121181764437362,14.883540779011192,183.36251973101847,722914.8344835676,706263.1550032534,11771.052583387556,4.142164238068495,810.3595620382911,1.501829310545209,4.250199877429105,496.0,0.1902835635264699,0.7662310073748322,0.0,0.004877213871681499,0.0,0.0,0.0024305555555555556,8,30,24,moderate_d45_balanced_travel_aware_hybrid,moderate,45,balanced,travel_aware_hybrid,18
10459,10450,33,4179,4178,7,28,10422,0,0,303.9880696165751,114.90463857443245,156878.9125885098,446.80831733448576,158228.01320548504,902.2922996513953,14034,11841.125635067376,3,0.0,318.45050637845753,11.086036737275947,0,0,20,0.0,140.0,76,154.90463857443248,343.38984638642063,347.60618553420863,45513.48097195714,77.02941332635974,0,0,0,20261139,754858ce6eafc6c7,travel_aware_hybrid,2,1.0,0.98,9,1,0.003157894736842105,0.0040156802753609335,0.00191433357262503,0.04275677677841969,15.141436670381344,189.08343104214265,736999.1162760386,722036.4804314135,12033.94134052356,2.581743976240541,758.5580161992857,1.2838235554393291,4.573765599134324,496.0,0.1745081582929675,0.8437455917819137,0.0,0.003685769749750666,0.0,0.0,0.0016203703703703703,8,30,24,moderate_d45_balanced_travel_aware_hybrid,moderate,45,balanced,travel_aware_hybrid,19
11676,11660,33,4600,4595,1,14,11646,1,1,124.6944414957061,73.74989895875137,171569.9398597147,233.40260669824966,172223.54465579247,420.20218939170445,15390,11945.788034356672,1,0.0,105.0653156974437,4.1512920421299215,0,0,9,0.0,63.0,37,91.74989895875134,205.2122963804805,207.6271095120792,48503.34121539071,24.48136716048652,0,0,0,20261140,754858ce6eafc6c7,travel_aware_hybrid,2,1.0,0.98,16,5,0.002830188679245283,0.004196642685851319,0.0013043478260869566,0.02001737621768865,14.770458375282374,50.94454253695473,722447.6234995867,705432.7656679862,11757.212761133103,1.5291649826458558,808.3890202565119,0.40802278600810865,5.611543500326465,496.0,0.1908068733203554,0.7762045506404596,0.0,0.001216033746498191,0.0,0.0,0.0007291666666666667,8,30,24,moderate_d45_balanced_travel_aware_hybrid,moderate,45,balanced,travel_aware_hybrid,20
10787,10774,78,4266,4261,16,33,10741,2,2,313.78548459116246,166.27561879264397,162684.89306445268,1472.7454641166478,165304.6917050195,1147.053176459849,14299,14019.150396797571,3,0.0,323.4843849207995,10.600705097375313,0,0,20,0.0,140.0,86,206.27561879264402,496.8990542086041,560.4345890643472,47444.38573505636,69.4305361521727,0,0,0,20261141,754858ce6eafc6c7,travel_aware_hybrid,2,1.0,0.98,13,5,0.007239651011694821,0.008436080467229072,0.004922644163150493,0.13669439986232113,15.342926647950575,147.5098657985185,731335.8854060288,715848.7351387817,11930.812252313028,3.4379269798774006,790.7397622509394,1.1571756025362119,6.516681268190084,496.0,0.18085138283374902,0.9804287290578062,0.0,0.003744032232879624,0.0,0.0,0.0016203703703703703,8,30,24,moderate_d45_balanced_travel_aware_hybrid,moderate,45,balanced,travel_aware_hybrid,21
11445,11434,65,4662,4658,8,28,11406,1,1,319.12575228301205,122.24628851688954,175984.92322991538,270.15324643470376,177150.30091707542,895.2244407354156,15410,17521.99060435631,4,0.0,427.45367157660695,10.58306681187061,0,0,19,0.0,133.0,75,160.24628851688956,345.49705598093755,347.7255544930922,51153.74712559263,64.30344181865185,0,0,0,20261142,754858ce6eafc6c7,travel_aware_hybrid,2,1.0,0.98,11,4,0.005684799720132937,0.006640454346876365,0.002574002574002574,0.023627186149615512,15.493292016536245,196.8794637661225,717932.6417473569,701190.4480718718,11686.507467864529,2.6707714752814926,852.5624520932105,1.0717240303108642,4.636340726574563,496.0,0.19586397653745868,1.1370532514183198,0.0,0.00494738045806258,0.0,0.0,0.0015393518518518519,8,30,24,moderate_d45_balanced_travel_aware_hybrid,moderate,45,balanced,travel_aware_hybrid,22
10468,10459,66,4240,4236,13,17,10442,0,0,241.28686015192125,73.21726682645024,156293.37701065294,1548.7664041315966,158575.46953303242,733.3261182601454,14005,10518.247440559891,3,0.0,321.8832302008829,8.260722143104465,0,0,12,0.0,84.0,46,97.21726682645021,284.1236051856879,309.9533892531599,45355.05521637267,47.965738154939956,0,0,0,20261143,754858ce6eafc6c7,travel_aware_hybrid,2,1.0,0.98,9,4,0.006310354718424323,0.0071646923958731375,0.004009433962264151,0.14807977857649837,15.161628218092783,168.069593325471,737870.2627354424,723014.8504874822,12050.247508124703,1.6202877804408369,755.9175869395444,0.7994289692489993,6.738117157677389,496.0,0.17353241181066037,0.7510351617679323,0.0,0.003725500349547256,0.0,0.0,0.0009722222222222222,8,30,24,moderate_d45_balanced_travel_aware_hybrid,moderate,45,balanced,travel_aware_hybrid,23
11959,11944,26,4865,4857,3,41,11903,2,2,358.7066634856443,183.7384973579308,176664.64270044968,360.39698852781294,178067.95562480943,1042.9159358439156,15725,14125.540061347278,3,0.0,319.21496756465535,11.663888014876864,0,0,22,0.0,154.0,104,227.73849735793095,417.56621026030234,417.5662102602946,50494.92019371415,56.99531804789875,0,0,0,20261144,754858ce6eafc6c7,travel_aware_hybrid,2,1.0,0.98,15,8,0.0021768251841929004,0.0034283802993561336,0.0022610483042137717,0.030173893882100882,14.908569626993422,174.9681661277135,716784.3057162173,698521.711421869,11642.028523697816,3.7956416226321825,841.5820032285691,0.9499219674649791,4.0150597140412945,496.0,0.19715019521033017,0.8982855364926726,0.0,0.003694617680146474,0.0,0.0,0.0017824074074074075,8,30,24,moderate_d45_balanced_travel_aware_hybrid,moderate,45,balanced,travel_aware_hybrid,24
10658,10645,101,4335,4332,31,18,10627,1,1,186.32394448944075,92.29008976649827,164450.9194511115,2335.32807620327,167606.52542073565,820.277893432658,14441,15372.48026407136,2,0.0,211.9308245411043,6.513500159556705,0,0,12,0.0,84.0,48,116.29008976649824,319.06444772321515,426.69798515959155,48744.12204400331,53.80039274944414,0,0,0,20261145,754858ce6eafc6c7,travel_aware_hybrid,2,1.0,0.98,13,3,0.009488022545796148,0.010696190654907112,0.00784313725490196,0.21938262810739972,15.745093980341537,94.03385472294248,730318.5429025048,715140.0612789381,11919.001021315635,1.9381681627749707,812.4020340667217,0.8966732124907357,8.88954135749149,496.0,0.18199087936547398,1.0645024765647366,0.0,0.0024529030618183367,0.0,0.0,0.0009722222222222222,8,30,24,moderate_d45_balanced_travel_aware_hybrid,moderate,45,balanced,travel_aware_hybrid,25
11411,11398,97,4515,4509,16,21,11377,0,0,199.7988298642923,91.39304780221647,173760.1383571218,1394.466511116727,175923.93555512288,769.3306868954114,15222,15652.146349112974,2,0.0,211.14989789446872,7.07084965214984,0,0,13,0.0,91.0,55,117.39304780221646,358.1555229877192,385.50120514128685,50925.8630804939,46.9234719403047,0,0,0,20261146,754858ce6eafc6c7,travel_aware_hybrid,2,1.0,0.98,13,6,0.008510264958764696,0.009639821225133642,0.0048726467331118494,0.12234308748172723,15.43463200167774,108.40578206207582,720729.3388093057,703486.3786439687,11724.772977399478,1.9565507967036075,848.7643846748983,0.7820578656717451,7.00911282075067,496.0,0.19273147534799995,1.0282582018862814,0.0,0.0024438645589637585,0.0,0.0,0.0010532407407407407,8,30,24,moderate_d45_balanced_travel_aware_hybrid,moderate,45,balanced,travel_aware_hybrid,26
11731,11718,39,4692,4688,3,45,11673,0,0,447.9451186577936,185.61872091133984,173772.60086027675,369.84294653791585,175415.84016447078,1273.3963576679835,15544,13166.224979087601,5,0.0,523.8692405742433,14.833488609561508,0,0,31,0.0,217.0,121,247.61872091134,507.8699125490698,508.8542039515087,49737.329528760594,81.77967020633514,0,0,0,20261147,754858ce6eafc6c7,travel_aware_hybrid,2,1.0,0.98,13,4,0.0033282130056323605,0.004432699684596368,0.0014919011082693947,0.03156195140279193,14.969776426392796,262.3263977464538,719626.4390047163,702017.1397788563,11700.285662980938,4.126978681855666,828.9554921460099,1.362994503438919,4.205406644227344,496.0,0.1939668021900579,0.8470293990663665,0.0,0.006063301395535224,0.0,0.0,0.002511574074074074,8,30,24,moderate_d45_balanced_travel_aware_hybrid,moderate,45,balanced,travel_aware_hybrid,27
11047,11040,40,4371,4368,4,29,11011,0,0,262.98336781979515,122.16843442955891,165736.59247042227,113.31506020198321,166637.1426897425,787.2351591269489,14602,14364.263914960044,3,0.0,315.07011094119525,8.301973531588674,0,0,23,0.0,161.0,81,168.16843442955897,314.4029631493954,314.780368133328,47053.973080930315,39.55893699814717,0,0,0,20261148,754858ce6eafc6c7,travel_aware_hybrid,2,1.0,0.98,7,3,0.0036231884057971015,0.004254548746265955,0.001601464195836193,0.010264045308150654,15.093944084215806,140.81493339023623,727975.5917754433,712023.3005488022,11867.055009146705,2.8028072404926494,784.2328846821719,0.6593156166357861,3.886177384362074,496.0,0.1846151525812687,0.9837189367867445,0.0,0.0036466448025601304,0.0,0.0,0.001863425925925926,8,30,24,moderate_d45_balanced_travel_aware_hybrid,moderate,45,balanced,travel_aware_hybrid,28
10180,10169,125,3980,3977,28,25,10144,0,0,260.0435272872371,110.15327029447002,158308.9707701671,2467.80599591339,161792.87460333252,1016.0978372651207,13810,15269.462447939197,2,0.0,206.00991942508296,8.999659368633665,0,0,13,0.0,91.0,63,136.15327029447002,430.86791052799373,511.27995668405856,46939.61642636444,72.9606559575466,0,0,0,20261149,754858ce6eafc6c7,travel_aware_hybrid,2,1.0,0.98,11,3,0.012292260792604976,0.013359528487229863,0.007788944723618091,0.2426793190985731,15.910401672075182,149.8902569927671,736377.1048671377,722351.9937460674,12039.19989576779,2.2692211715745003,782.3269404394073,1.2160109326257769,8.11555486800093,496.0,0.1752048556595679,1.1056815675553364,0.0,0.0023843740674199415,0.0,0.0,0.0010532407407407407,8,30,24,moderate_d45_balanced_travel_aware_hybrid,moderate,45,balanced,travel_aware_hybrid,29
10920,10910,15,9159,9152,0,0,10910,0,0,0.0,0.0,158052.60895553028,211.60959092142912,158264.21854644135,0.0,14504,13469.461973508181,0,0.0,0.0,0.0,0,0,0,0.0,0.0,0,0.0,0.0,0.0,47202.534720923584,0.0,0,0,0,20261120,411a19470bf4ec5a,human_only,0,1.0,0.98,10,7,0.001374885426214482,0.0022893772893772895,0.0007642755759362375,0.01939592950700542,14.506344504715065,0.0,735912.7933685125,720400.7296455089,12006.678827425148,0.0,786.708912015393,0.0,0.0,496.0,0.1757249178220066,0.9286722265242817,0.0,0.0,0.0,0.0,0.0,8,30,24,moderate_d60_source_human_only,moderate,60,source,human_only,0
10819,10800,23,9148,9130,6,0,10800,0,0,0.0,0.0,155045.97762770072,1114.5593162343866,156160.5369439263,0.0,14396,11337.200241470673,0,0.0,0.0,0.0,0,0,0,0.0,0.0,0,0.0,0.0,0.0,46176.61697865735,0.0,0,0,0,20261121,411a19470bf4ec5a,human_only,0,1.0,0.98,19,18,0.0021296296296296298,0.003882059340049912,0.0026235242675994755,0.10319993668836913,14.459308976289472,0.0,739588.6527964651,724266.2547839977,12071.10424639996,0.0,769.6102829776225,0.0,0.0,496.0,0.17160769176023172,0.7875243290824308,0.0,0.0,0.0,0.0,0.0,8,30,24,moderate_d60_source_human_only,moderate,60,source,human_only,1
12518,12506,25,10552,10542,0,0,12506,0,0,0.0,0.0,180625.4618129077,147.98148693735493,180773.44329983144,0.0,16515,16197.49498699122,0,0.0,0.0,0.0,0,0,0,0.0,0.0,0,0.0,0.0,0.0,53608.80384466846,0.0,0,0,0,20261122,411a19470bf4ec5a,human_only,0,1.0,0.98,12,10,0.0019990404605789223,0.0029557437290301967,0.0009476876421531463,0.01183283919217615,14.45493709418131,0.0,713683.8384955074,694588.894133607,11576.48156889345,0.0,893.4800640778077,0.0,0.0,496.0,0.20062294075323994,0.9807747494393715,0.0,0.0,0.0,0.0,0.0,8,30,24,moderate_d60_source_human_only,moderate,60,source,human_only,2
10389,10380,13,8735,8727,1,0,10380,0,0,0.0,0.0,148880.6616519723,388.578104670898,149269.23975663254,0.0,13840,10884.681521624843,0,0.0,0.0,0.0,0,0,0,0.0,0.0,0,0.0,0.0,0.0,44012.76439203556,0.0,0,0,0,20261123,411a19470bf4ec5a,human_only,0,1.0,0.98,9,8,0.0012524084778420038,0.002117624410434113,0.001030337721808815,0.03743527019950848,14.380466257864406,0.0,745789.3989230676,731083.2730492641,12184.721217487735,0.0,733.5460732005927,0.0,0.0,496.0,0.16466241160050676,0.7864654278630667,0.0,0.0,0.0,0.0,0.0,8,30,24,moderate_d60_source_human_only,moderate,60,source,human_only,3
10405,10398,23,8736,8733,8,0,10398,0,0,0.0,0.0,150211.5396464637,1040.261360681101,151251.8010071335,0.0,13824,12146.180449311723,0,0.0,0.0,0.0,0,0,0,0.0,0.0,0,0.0,0.0,0.0,44830.89210601815,0.0,0,0,0,20261124,411a19470bf4ec5a,human_only,0,1.0,0.98,7,3,0.0022119638391998463,0.0028832292167227293,0.0012591575091575092,0.10004437013667061,14.546239758331746,0.0,744669.7893626442,729890.1548564573,12164.835914274288,0.0,747.1815351003025,0.0,0.0,496.0,0.16591645456693083,0.8786299514837763,0.0,0.0,0.0,0.0,0.0,8,30,24,moderate_d60_source_human_only,moderate,60,source,human_only,4
11041,11032,18,9270,9264,0,0,11032,0,0,0.0,0.0,158320.66945457802,76.00286655418313,158396.67232112156,0.0,14713,12549.764003569022,0,0.0,0.0,0.0,0,0,0,0.0,0.0,0,0.0,0.0,0.0,47361.668815418285,0.0,0,0,0,20261125,411a19470bf4ec5a,human_only,0,1.0,0.98,9,6,0.0016316171138506164,0.0024454306675120007,0.0006472491909385113,0.0068893098761949895,14.357928963118344,0.0,735891.0978056387,720267.0872673534,12004.45145445589,0.0,789.3611469236381,0.0,0.0,496.0,0.17574921840766278,0.8529711142234093,0.0,0.0,0.0,0.0,0.0,8,30,24,moderate_d60_source_human_only,moderate,60,source,human_only,5
11828,11813,12,10005,9996,0,0,11813,0,0,0.0,0.0,169536.22243653864,109.0763349053559,169645.29877143353,0.0,15729,14148.328840348948,0,0.0,0.0,0.0,0,0,0,0.0,0.0,0,0.0,0.0,0.0,50858.29419291959,0.0,0,0,0,20261126,411a19470bf4ec5a,human_only,0,1.0,0.98,15,9,0.0010158300177770254,0.0022827189719310114,0.0008995502248875562,0.00923358460216337,14.360898905564508,0.0,724549.4061949367,707020.2740367523,11783.671233945872,0.0,847.6382365486598,0.0,0.0,496.0,0.18845272603613716,0.89950593428374,0.0,0.0,0.0,0.0,0.0,8,30,24,moderate_d60_source_human_only,moderate,60,source,human_only,6
11430,11421,21,9643,9634,2,0,11421,0,0,0.0,0.0,167025.02710915537,515.480498598472,167540.5076077424,0.0,15219,14750.389532015379,0,0.0,0.0,0.0,0,0,0,0.0,0.0,0,0.0,0.0,0.0,50685.4441930835,0.0,0,0,0,20261127,411a19470bf4ec5a,human_only,0,1.0,0.98,9,9,0.0018387181507748883,0.0026246719160104987,0.0011407238411282796,0.04513444519730952,14.669512968018772,0.0,727771.0953854804,711249.2811256731,11854.154685427884,0.0,844.7574032180584,0.0,0.0,496.0,0.18484420319726658,0.9692088528822773,0.0,0.0,0.0,0.0,0.0,8,30,24,moderate_d60_source_human_only,moderate,60,source,human_only,7
11393,11381,44,9621,9613,17,0,11381,0,0,0.0,0.0,164806.5320773385,2196.3132864668387,167002.84536379558,0.0,15087,14310.67376249098,0,0.0,0.0,0.0,0,0,0,0.0,0.0,0,0.0,0.0,0.0,49710.791105871525,0.0,0,0,0,20261128,411a19470bf4ec5a,human_only,0,1.0,0.98,12,8,0.0038660926104911696,0.004915298867725797,0.0025984824862280427,0.19298069470756865,14.673828781635672,0.0,730236.2087000789,714129.7158557463,11902.161930929105,0.0,828.5131850978588,0.0,0.0,496.0,0.18208309957428437,0.9485433659767336,0.0,0.0,0.0,0.0,0.0,8,30,24,moderate_d60_source_human_only,moderate,60,source,human_only,8
11998,11982,71,10141,10130,12,0,11982,0,0,0.0,0.0,178165.87627120005,2239.676039191556,180405.55231037943,0.0,15978,19257.459657729672,0,0.0,0.0,0.0,0,0,0,0.0,0.0,0,0.0,0.0,0.0,54474.71210940504,0.0,0,0,0,20261129,411a19470bf4ec5a,human_only,0,1.0,0.98,16,11,0.005925554999165415,0.007251208534755793,0.00226802090523617,0.18692005000764111,15.056380596760093,0.0,717120.9419122773,699611.9632434895,11660.199387391493,0.0,907.911868490084,0.0,0.0,496.0,0.19677313853911593,1.2052484452202825,0.0,0.0,0.0,0.0,0.0,8,30,24,moderate_d60_source_human_only,moderate,60,source,human_only,9
10742,10726,29,9026,9011,6,0,10726,0,0,0.0,0.0,157037.14008177174,1553.0991120067101,158590.23919377063,0.0,14354,13774.33314591758,0,0.0,0.0,0.0,0,0,0,0.0,0.0,0,0.0,0.0,0.0,47137.89846755732,0.0,0,0,0,20261130,411a19470bf4ec5a,human_only,0,1.0,0.98,16,15,0.002703710609733358,0.00418916402904487,0.002326612009749612,0.14479760507241377,14.785590079598231,0.0,737866.0093448187,722366.8728132173,12039.447880220288,0.0,785.6316411259554,0.0,0.0,496.0,0.1735371759130615,0.9596163540419103,0.0,0.0,0.0,0.0,0.0,8,30,24,moderate_d60_source_human_only,moderate,60,source,human_only,10
9340,9329,6,7811,7801,0,0,9329,0,0,0.0,0.0,134184.69696250354,12.927562163391485,134197.62452465753,0.0,12554,8407.183861796111,0,0.0,0.0,0.0,0,0,0,0.0,0.0,0,0.0,0.0,0.0,39527.52731696202,0.0,0,0,0,20261131,411a19470bf4ec5a,human_only,0,1.0,0.98,11,10,0.0006431557508843392,0.0018201284796573877,0.0012802458071949814,0.0013857393250500038,14.384995661341787,0.0,760128.1048103329,747462.9053739791,12457.715089566318,0.0,658.792121949367,0.0,0.0,496.0,0.14860203314254827,0.6696816840685129,0.0,0.0,0.0,0.0,0.0,8,30,24,moderate_d60_source_human_only,moderate,60,source,human_only,11
10130,10120,22,8463,8453,2,0,10120,0,0,0.0,0.0,147252.3332926707,559.6518048069811,147811.98509746924,0.0,13618,11436.728283787923,0,0.0,0.0,0.0,0,0,0,0.0,0.0,0,0.0,0.0,0.0,43689.493313853745,0.0,0,0,0,20261132,411a19470bf4ec5a,human_only,0,1.0,0.98,10,10,0.002173913043478261,0.0031589338598223098,0.0014179369018078695,0.05530156173982027,14.60592738117285,0.0,746783.7360903509,732542.4447523261,12209.040745872102,0.0,728.1582218975624,0.0,0.0,496.0,0.1635486826944994,0.8398243709640125,0.0,0.0,0.0,0.0,0.0,8,30,24,moderate_d60_source_human_only,moderate,60,source,human_only,12
9975,9972,14,8353,8351,2,0,9972,0,0,0.0,0.0,144897.7661520462,428.43093978951947,145326.19709182947,0.0,13371,10832.57387967097,0,0.0,0.0,0.0,0,0,0,0.0,0.0,0,0.0,0.0,0.0,43241.12802588267,0.0,0,0,0,20261133,411a19470bf4ec5a,human_only,0,1.0,0.98,3,2,0.0014039310068190934,0.0017042606516290727,0.00047886986711361186,0.04296339147508218,14.573425300023011,0.0,749291.4503563041,735355.4248191768,12255.92374698628,0.0,720.6854670980445,0.0,0.0,496.0,0.16073986295216836,0.8101543549226662,0.0,0.0,0.0,0.0,0.0,8,30,24,moderate_d60_source_human_only,moderate,60,source,human_only,13
11917,11908,19,10055,10048,0,0,11908,0,0,0.0,0.0,169723.00233864898,27.744390126015787,169750.74672876074,0.0,15683,14463.983713481302,0,0.0,0.0,0.0,0,0,0,0.0,0.0,0,0.0,0.0,0.0,50146.6217228457,0.0,0,0,0,20261134,411a19470bf4ec5a,human_only,0,1.0,0.98,9,7,0.0015955660060463553,0.0023495846270034405,0.00069617105917454,0.0023298950391346814,14.255185314810275,0.0,724943.4220917462,707064.2686932991,11784.404478221653,0.0,835.7770287140951,0.0,0.0,496.0,0.18801139998684335,0.9222714859071162,0.0,0.0,0.0,0.0,0.0,8,30,24,moderate_d60_source_human_only,moderate,60,source,human_only,14
10733,10726,14,8993,8988,0,0,10726,0,0,0.0,0.0,153707.82819486872,90.31498029972136,153798.14317515877,0.0,14138,11092.600413066484,0,0.0,0.0,0.0,0,0,0,0.0,0.0,0,0.0,0.0,0.0,45404.516154820725,0.0,0,0,0,20261135,411a19470bf4ec5a,human_only,0,1.0,0.98,7,5,0.0013052396046988625,0.001956582502562191,0.0005559879906594017,0.008420192084628133,14.338816257240236,0.0,740340.7886832753,725308.369225361,12088.472820422683,0.0,756.7419359136787,0.0,0.0,496.0,0.17076524565045326,0.7845947385108561,0.0,0.0,0.0,0.0,0.0,8,30,24,moderate_d60_source_human_only,moderate,60,source,human_only,15
10624,10617,27,9011,9006,4,0,10617,0,0,0.0,0.0,156202.71543127802,1019.755418676421,157222.47084994527,0.0,14294,14570.367522039256,0,0.0,0.0,0.0,0,0,0,0.0,0.0,0,0.0,0.0,0.0,47152.272550988586,0.0,0,0,0,20261136,411a19470bf4ec5a,human_only,0,1.0,0.98,7,5,0.002543091268719977,0.003200301204819277,0.0009987792697813782,0.09604930005429227,14.808558995002851,0.0,738613.8301951165,723818.1996792393,12063.636661320656,0.0,785.8712091831432,0.0,0.0,496.0,0.17269956295349864,1.0193345125254831,0.0,0.0,0.0,0.0,0.0,8,30,24,moderate_d60_source_human_only,moderate,60,source,human_only,16
11146,11140,9,9396,9392,0,0,11140,0,0,0.0,0.0,160515.04742056763,162.00332875706226,160677.05074931437,0.0,14825,12794.180854654063,0,0.0,0.0,0.0,0,0,0,0.0,0.0,0,0.0,0.0,0.0,47494.94538448703,0.0,0,0,0,20261137,411a19470bf4ec5a,human_only,0,1.0,0.98,6,4,0.000807899461400359,0.0013457742687959806,0.0004257130693912303,0.014542489116432878,14.423433639974359,0.0,734083.4317176361,717365.8397127663,11956.097328546106,0.0,791.5824230747838,0.0,0.0,496.0,0.1777739340080241,0.8630138856427698,0.0,0.0,0.0,0.0,0.0,8,30,24,moderate_d60_source_human_only,moderate,60,source,human_only,17
11582,11574,20,9757,9750,1,0,11574,0,0,0.0,0.0,164088.8611064957,206.32386026898712,164295.18496675132,0.0,15349,11683.87784108308,0,0.0,0.0,0.0,0,0,0,0.0,0.0,0,0.0,0.0,0.0,48446.35672017594,0.0,0,0,0,20261138,411a19470bf4ec5a,human_only,0,1.0,0.98,8,7,0.0017280110592707793,0.0024175444655499916,0.0008199241570154761,0.017826495616812436,14.195194830374229,0.0,730229.1840872874,713359.4641321041,11889.324402201735,0.0,807.439278669599,0.0,0.0,496.0,0.18209096764416732,0.7612142707070871,0.0,0.0,0.0,0.0,0.0,8,30,24,moderate_d60_source_human_only,moderate,60,source,human_only,18
10459,10450,18,8766,8758,1,0,10450,0,0,0.0,0.0,151110.52016760007,525.4244506503619,151635.94461824163,0.0,14036,12014.015904359045,0,0.0,0.0,0.0,0,0,0,0.0,0.0,0,0.0,0.0,0.0,45456.56156003904,0.0,0,0,0,20261139,411a19470bf4ec5a,human_only,0,1.0,0.98,9,8,0.001722488038277512,0.002581508748446314,0.001026694045174538,0.05027985173687674,14.510616709879582,0.0,743134.8611029509,728390.3416805377,12139.83902800896,0.0,757.609359333984,0.0,0.0,496.0,0.16763568424848696,0.855942996890784,0.0,0.0,0.0,0.0,0.0,8,30,24,moderate_d60_source_human_only,moderate,60,source,human_only,19
11676,11661,16,9844,9830,0,0,11661,0,0,0.0,0.0,164017.95680255376,160.58385655841994,164178.54065910119,0.0,15327,12030.310610714101,0,0.0,0.0,0.0,0,0,0,0.0,0.0,0,0.0,0.0,0.0,48147.06125575149,0.0,0,0,0,20261140,411a19470bf4ec5a,human_only,0,1.0,0.98,15,14,0.0013720950175799675,0.0026550188420692016,0.0014221861032100772,0.013771019342974011,14.079284851993927,0.0,730150.0248237811,712980.6737971322,11883.011229952204,0.0,802.4510209291915,0.0,0.0,496.0,0.1821796316937936,0.7849096764346644,0.0,0.0,0.0,0.0,0.0,8,30,24,moderate_d60_source_human_only,moderate,60,source,human_only,20
10787,10770,40,9060,9045,10,0,10770,0,0,0.0,0.0,155609.7161059217,1236.4051117699073,156846.12121768,0.0,14257,13515.550016813244,0,0.0,0.0,0.0,0,0,0,0.0,0.0,0,0.0,0.0,0.0,46729.01267761623,0.0,0,0,0,20261141,411a19470bf4ec5a,human_only,0,1.0,0.98,17,15,0.003714020427112349,0.00528413831463799,0.0027593818984547464,0.11480084603248908,14.563242452895079,0.0,739110.5226235708,724164.8017988597,12069.413363314328,0.0,778.8168779602705,0.0,0.0,496.0,0.17214323182843783,0.9479939690547271,0.0,0.0,0.0,0.0,0.0,8,30,24,moderate_d60_source_human_only,moderate,60,source,human_only,21
11445,11435,32,9600,9591,0,0,11435,0,0,0.0,0.0,169572.7655337642,281.37967336413203,169854.14520711635,0.0,15370,17734.948807505505,0,0.0,0.0,0.0,0,0,0,0.0,0.0,0,0.0,0.0,0.0,51110.870243757665,0.0,0,0,0,20261142,411a19470bf4ec5a,human_only,0,1.0,0.98,10,9,0.0027984258854394403,0.003669724770642202,0.0009375,0.024606880049333802,14.853882396774495,0.0,724703.8651429107,707809.088321792,11796.818138696533,0.0,851.847837395961,0.0,0.0,496.0,0.18827972094208023,1.1538678469424533,0.0,0.0,0.0,0.0,0.0,8,30,24,moderate_d60_source_human_only,moderate,60,source,human_only,22
10468,10459,30,8859,8852,8,0,10459,0,0,0.0,0.0,149961.91084635086,1391.3807223384774,151353.29156867813,0.0,13967,10431.5319715112,0,0.0,0.0,0.0,0,0,0,0.0,0.0,0,0.0,0.0,0.0,44908.251409132296,0.0,0,0,0,20261143,411a19470bf4ec5a,human_only,0,1.0,0.98,9,7,0.002868343053829238,0.003725640045854031,0.0016931933626820183,0.13303190767171597,14.471105418173643,0.0,744483.2717899609,729905.8033108641,12165.096721847736,0.0,748.4708568188715,0.0,0.0,496.0,0.1661253676187714,0.7468699055997136,0.0,0.0,0.0,0.0,0.0,8,30,24,moderate_d60_source_human_only,moderate,60,source,human_only,23
11959,11942,18,10031,10018,0,0,11942,0,0,0.0,0.0,169956.16746062975,254.88795692459826,170211.05541754424,0.0,15728,14088.197226523622,0,0.0,0.0,0.0,0,0,0,0.0,0.0,0,0.0,0.0,0.0,50471.12453600922,0.0,0,0,0,20261144,411a19470bf4ec5a,human_only,0,1.0,0.98,17,13,0.0015072852118573103,0.0029266661092064556,0.0012959824543913867,0.021343824897387228,14.253144818082752,0.0,724057.2679578355,706487.9426993377,11774.799044988962,0.0,841.185408933487,0.0,0.0,496.0,0.18900395614041732,0.8957399050434652,0.0,0.0,0.0,0.0,0.0,8,30,24,moderate_d60_source_human_only,moderate,60,source,human_only,24
10658,10641,54,8952,8936,13,0,10641,0,0,0.0,0.0,157429.94592776074,2194.3306717187006,159624.2765994678,0.0,14374,14946.02673514662,0,0.0,0.0,0.0,0,0,0,0.0,0.0,0,0.0,0.0,0.0,48001.6601225606,0.0,0,0,0,20261145,411a19470bf4ec5a,human_only,0,1.0,0.98,17,16,0.005074711023400056,0.006661662600863202,0.0032394995531724756,0.20621470460658778,15.000871778918127,0.0,737638.5174541948,722344.2165816748,12039.070276361246,0.0,800.0276687093433,0.0,0.0,496.0,0.17379198313822264,1.0397959325968151,0.0,0.0,0.0,0.0,0.0,8,30,24,moderate_d60_source_human_only,moderate,60,source,human_only,25
11411,11394,39,9622,9606,6,0,11394,0,0,0.0,0.0,165889.4130226943,1080.9654967016977,166970.37851938495,0.0,15180,14768.432674713333,0,0.0,0.0,0.0,0,0,0,0.0,0.0,0,0.0,0.0,0.0,50281.46973099926,0.0,0,0,0,20261146,411a19470bf4ec5a,human_only,0,1.0,0.98,17,16,0.0034228541337546076,0.004907545350977128,0.0022864269382664726,0.09487146714952586,14.654237187939701,0.0,728952.9812466708,711657.0562603328,11860.950937672214,0.0,838.0244955166544,0.0,0.0,496.0,0.18352040630973254,0.9728875279784804,0.0,0.0,0.0,0.0,0.0,8,30,24,moderate_d60_source_human_only,moderate,60,source,human_only,26
11731,11718,15,9831,9820,1,0,11718,0,0,0.0,0.0,166867.4475201597,389.04632586527623,167256.49384601504,0.0,15491,12871.55136508158,0,0.0,0.0,0.0,0,0,0,0.0,0.0,0,0.0,0.0,0.0,49425.6316765565,0.0,0,0,0,20261147,411a19470bf4ec5a,human_only,0,1.0,0.98,13,11,0.0012800819252432156,0.002386838291705737,0.0012206286237412267,0.03320074465482815,14.273467643455799,0.0,727163.3274572243,710004.7027408304,11833.411712347173,0.0,823.7605279426083,0.0,0.0,496.0,0.18552494684450693,0.8309051297580259,0.0,0.0,0.0,0.0,0.0,8,30,24,moderate_d60_source_human_only,moderate,60,source,human_only,27
11047,11036,18,9294,9285,0,0,11036,0,0,0.0,0.0,158936.49378036422,72.527843928925,159009.02162428538,0.0,14575,14081.166984281961,0,0.0,0.0,0.0,0,0,0,0.0,0.0,0,0.0,0.0,0.0,46923.47498058273,0.0,0,0,0,20261148,411a19470bf4ec5a,human_only,0,1.0,0.98,11,9,0.0016310257339615802,0.0026251470987598445,0.0009683666881859264,0.006571932215379213,14.408211455625715,0.0,735149.6507370522,719219.1017916147,11986.985029860245,0.0,782.0579163430455,0.0,0.0,496.0,0.17657969227480708,0.9661178033812666,0.0,0.0,0.0,0.0,0.0,8,30,24,moderate_d60_source_human_only,moderate,60,source,human_only,28
10180,10169,62,8580,8569,22,0,10169,0,0,0.0,0.0,151449.46739604286,2403.6155333967035,153853.0829294282,0.0,13745,14432.972868586063,0,0.0,0.0,0.0,0,0,0,0.0,0.0,0,0.0,0.0,0.0,46029.53590316637,0.0,0,0,0,20261149,411a19470bf4ec5a,human_only,0,1.0,0.98,11,11,0.006096961353132068,0.007170923379174853,0.0038461538461538464,0.23636695185334877,15.129617752918497,0.0,743665.248212633,729673.4093894621,12161.223489824368,0.0,767.1589317194395,0.0,0.0,496.0,0.16704161266506168,1.0500525913849446,0.0,0.0,0.0,0.0,0.0,8,30,24,moderate_d60_source_human_only,moderate,60,source,human_only,29
10920,10913,32,9159,9154,6,247,10666,6,6,2403.9178797412756,1079.2089715381617,154214.56765156187,362.56103579414594,162336.4932056305,7759.36451828266,14778,14069.396018359432,36,0.0,3902.5097931412715,120.66969529172957,0,0,247,0.0,1729.0,741,1573.208971538155,2038.1074595401647,2052.0430764496923,47740.284295924364,2030.937617708989,0,0,0,20261120,edc390fb6c31ec0e,adaptive_hybrid,2,1.0,0.98,7,5,0.002932282598735453,0.0035714285714285713,0.0012010044764712304,0.03322285675745862,14.875514817706453,1324.7089082031139,736083.0773296198,719558.5122922937,11992.641871538228,26.220149525635918,795.6714049320727,33.848960295149816,2.7692889020913527,496.0,0.17553418757883088,0.9520500756773198,0.0,0.04516793742061657,0.0,0.0,0.020011574074074074,8,30,24,moderate_d60_source_adaptive_hybrid,moderate,60,source,adaptive_hybrid,0
10819,10801,40,9148,9132,19,458,10343,10,10,4494.503221800976,1939.0856134271842,148402.74019818965,1354.3392506896998,163750.12376213382,13993.044313264087,14853,13024.376692138028,67,0.0,7398.921632488758,226.20592008913698,0,0,458,0.0,3206.0,1374,2855.085613427198,3428.7875641508276,3444.8193324093936,46669.586557658404,3878.100051720062,0,0,0,20261121,edc390fb6c31ec0e,adaptive_hybrid,2,1.0,0.98,18,16,0.003703360799925933,0.005360939088640355,0.003825972890249235,0.12539017227013238,15.16064473309266,2555.417608373791,740015.7497744245,723599.7731049149,12059.996218415248,47.58476022378663,777.8264426276401,64.63500086200104,2.507146530137841,496.0,0.17112931252864638,0.8768852549746199,0.0,0.08563566704269396,0.0,0.0,0.03710648148148148,8,30,24,moderate_d60_source_adaptive_hybrid,moderate,60,source,adaptive_hybrid,1
12518,12503,39,10552,10541,10,406,12097,8,8,3832.1079134960855,1643.4285273976775,174417.39009801782,290.81358356882083,187268.22344562557,12560.019764052391,16886,17859.49523696168,58,0.0,6434.232921780332,196.40806557473547,0,0,406,0.0,2842.0,1218,2455.4285273976793,3331.0815791532514,3338.798281495874,54262.094211187185,3414.6062762267916,0,0,0,20261122,edc390fb6c31ec0e,adaptive_hybrid,2,1.0,0.98,15,11,0.0031192513796688796,0.004313788145071097,0.0019901440485216074,0.0232595044044486,14.97786318848481,2188.679386098408,714016.9754531974,693903.9754232576,11565.066257054294,40.92380878996132,904.3682368531197,56.91010460377986,2.7412136958094204,496.0,0.20024980347984167,1.0576510267062467,0.0,0.07447028844653161,0.0,0.0,0.032893518518518516,8,30,24,moderate_d60_source_adaptive_hybrid,moderate,60,source,adaptive_hybrid,2
10389,10379,25,8735,8726,5,320,10059,3,3,3109.641605413371,1290.0870007608087,143510.85711226377,366.2062955576548,153426.61050553358,9549.547097723356,14116,11165.120651718655,47,0.0,5124.126957650101,156.77361619891445,0,0,320,0.0,2240.0,960,1930.087000760798,2314.981754380563,2318.448303068013,44029.81291363925,2668.603339784705,0,0,0,20261123,edc390fb6c31ec0e,adaptive_hybrid,2,1.0,0.98,10,9,0.0024087098949802485,0.003368947925690634,0.0016027475672581567,0.03528338910855138,14.782407795118372,1819.5546046525624,746785.7265712676,731582.0730617841,12193.034551029736,32.16811667934663,733.8302152273209,44.47672232974508,2.4150503156958467,496.0,0.16354645321318595,0.7909549909123444,0.0,0.059307024972802096,0.0,0.0,0.025925925925925925,8,30,24,moderate_d60_source_adaptive_hybrid,moderate,60,source,adaptive_hybrid,3
10405,10399,39,8736,8732,23,161,10238,2,2,1535.4129047922504,674.4016023217175,147373.16452206956,1325.8887617509718,153831.3704462148,5132.317162403697,13993,12526.475729911635,23,0.0,2529.710009725927,79.5096542770783,0,0,161,0.0,1127.0,483,996.4016023217139,1335.2954355249071,1340.5494637156426,44960.02176991137,1394.4561023663234,0,0,0,20261124,edc390fb6c31ec0e,adaptive_hybrid,2,1.0,0.98,6,4,0.003750360611597269,0.004324843825084094,0.0030906593406593405,0.12750156378026462,14.792900321782364,861.0113024705329,745141.4459903551,729844.8133105421,12164.080221842369,16.606693372028566,749.3336961651895,23.240935039438725,2.775464728189736,496.0,0.16538816533338363,0.8951958643544369,0.0,0.029279051038494527,0.0,0.0,0.013043981481481481,8,30,24,moderate_d60_source_adaptive_hybrid,moderate,60,source,adaptive_hybrid,4
11041,11033,29,9270,9264,6,130,10903,1,1,1245.1498128244948,505.5183373752619,156050.3815837377,171.68137785265571,160379.00513677445,4156.942175193963,14847,12882.60494669932,19,0.0,2038.8083214485446,64.20534741537213,0,0,130,0.0,910.0,390,765.5183373752606,1102.5041343957118,1105.910817867927,47224.64394658728,1111.5230033068087,1,0,0,20261125,edc390fb6c31ec0e,adaptive_hybrid,2,1.0,0.98,8,6,0.0026284782017583614,0.0033511457295534825,0.0012944983818770227,0.015560715839087802,14.536300655920824,739.6314754492329,736314.4039263921,720197.9226940013,12003.29871156669,12.758638956254343,787.0773991097881,18.525383388446812,2.8356687637639157,496.0,0.17527508520789414,0.8676907756920132,0.0,0.02359731853528408,0.0,0.0,0.010532407407407407,8,30,24,moderate_d60_source_adaptive_hybrid,moderate,60,source,adaptive_hybrid,5
11828,11814,12,10005,9996,3,375,11439,11,11,3603.458396447874,1581.5826652239653,162739.825242087,41.077944557604496,174595.5710380001,11814.667851365468,16114,14517.558172308076,56,0.0,6143.599720794177,186.80358713413014,0,0,375,0.0,2625.0,1125,2331.5826652239643,3011.3033389538778,3013.1743306677345,50794.91305027605,3283.1349203871514,0,0,0,20261126,edc390fb6c31ec0e,adaptive_hybrid,2,1.0,0.98,14,9,0.001015744032503809,0.002198173824822455,0.0011994002998500749,0.003477056420992424,14.778700781953624,2021.8757312239086,725933.2199989852,707711.7131882996,11795.195219804993,38.859711087066074,846.5818841712676,54.71891533978586,2.678377182815764,496.0,0.1869027553774808,0.9009282718324485,0.0,0.0711064782499326,0.0,0.0,0.030381944444444444,8,30,24,moderate_d60_source_adaptive_hybrid,moderate,60,source,adaptive_hybrid,6
11430,11419,34,9643,9633,16,402,11017,8,8,3933.579103443814,1620.2687987893316,159879.27685948368,506.83890446659825,172878.09607514532,12491.98031120481,15585,15367.037182163709,60,0.0,6595.218142890341,199.10694757085543,0,0,402,0.0,2814.0,1206,2424.2687987893282,3108.230571904525,3127.7918734365976,50605.067777145814,3384.4978386573757,0,0,0,20261127,edc390fb6c31ec0e,adaptive_hybrid,2,1.0,0.98,11,10,0.002977493650932656,0.003937007874015748,0.0026962563517577516,0.04438557706161645,15.139512748502087,2313.310304654482,729292.5054940718,711692.1561513367,11861.535935855612,40.404479979822135,843.4177962857635,56.408297310956264,2.593525599864509,496.0,0.18314011481398773,0.9860145769755347,0.0,0.07633354332049007,0.0,0.0,0.03256944444444444,8,30,24,moderate_d60_source_adaptive_hybrid,moderate,60,source,adaptive_hybrid,7
11393,11385,65,9621,9616,32,326,11059,1,1,3225.6292185422394,1308.2584284245256,159371.87715692612,2280.554013955072,171757.63529845283,10105.204127582523,15413,15123.452644349862,48,0.0,5254.709244978533,161.18858658019468,0,0,326,0.0,2282.0,978,1960.2584284245154,2603.8536657799527,2629.2244526037484,49909.2271123128,2745.484160855411,0,0,0,20261128,edc390fb6c31ec0e,adaptive_hybrid,2,1.0,0.98,8,5,0.005709266578831796,0.006407443166856842,0.0038457540796175034,0.2003121663552984,15.08630964413288,1917.3707901177138,731118.3365859147,714358.4581931212,11905.974303218687,32.670973807075256,831.82045187188,45.75806934759019,2.6883685609445283,496.0,0.18109505310717433,0.9812140819016325,0.0,0.06081839403910339,0.0,0.0,0.026412037037037036,8,30,24,moderate_d60_source_adaptive_hybrid,moderate,60,source,adaptive_hybrid,8
11998,11986,90,10141,10131,32,423,11563,8,8,4103.433410656929,1716.7081242280765,171080.87725622684,2549.299352815524,186890.8612436137,13260.684634582116,16394,20374.087759862785,64,0.0,6991.357980846274,209.97770527878987,0,0,423,0.0,2961.0,1269,2562.708124228079,3371.63400818507,3387.458293007354,54696.95661351698,3676.9287920045754,0,0,0,20261129,edc390fb6c31ec0e,adaptive_hybrid,2,1.0,0.98,12,10,0.007508760220256966,0.008501416902817137,0.0041416033921703975,0.2126897507772004,15.592429604840122,2386.725286428852,718301.5584697785,699660.5630354172,11661.00938392362,42.71180207046799,911.6159435586163,61.28214653340959,2.669391877862375,496.0,0.19545076336270328,1.2427770989302662,0.0,0.08091849514868373,0.0,0.0,0.034270833333333334,8,30,24,moderate_d60_source_adaptive_hybrid,moderate,60,source,adaptive_hybrid,9
10742,10724,41,9026,9010,18,444,10280,15,15,4223.793276323522,1870.387537112477,149886.75610245243,1539.5668727634766,165037.7813799097,13611.458404701509,14842,14475.238018724804,66,0.0,7242.062739912303,216.16924250989442,0,0,444,0.0,3108.0,1332,2758.3875371124877,3483.2418885046936,3498.219931191539,47722.01275959281,3690.161072171856,0,0,0,20261130,edc390fb6c31ec0e,adaptive_hybrid,2,1.0,0.98,18,16,0.003823200298396121,0.005492459504747719,0.0037668956348327056,0.1435627445695148,15.38957304922694,2353.4057392110453,738705.5578020795,722260.7984900271,12037.679974833785,45.97312561854146,795.3668793265468,61.502684536197606,2.6262912396332876,496.0,0.1725968214582443,0.9752889111120336,0.0,0.08382017060083684,0.0,0.0,0.035972222222222225,8,30,24,moderate_d60_source_adaptive_hybrid,moderate,60,source,adaptive_hybrid,10
9340,9327,8,7811,7798,1,227,9100,8,8,2254.7867628402732,963.3650774817844,130594.8139699265,3.0466003130386525,137509.63245689298,6911.771886661354,12785,9005.788013973846,35,0.0,3796.5333751696367,115.55584918212011,0,0,227,0.0,1589.0,681,1417.3650774817788,1566.7999996762699,1566.7999996758172,39629.110734683614,1996.0986684194695,0,0,0,20261131,edc390fb6c31ec0e,adaptive_hybrid,2,1.0,0.98,13,13,0.0008577248847432186,0.0022483940042826553,0.001792344130072974,0.0003266431127949665,14.74317920627136,1291.421685358489,760679.946554948,747502.0851596465,12458.368085994107,23.62275129136298,660.4851789113935,33.26831114032449,2.300734213914563,496.0,0.14798393083003136,0.7044026604594327,0.0,0.04394135850890783,0.0,0.0,0.018391203703703705,8,30,24,moderate_d60_source_adaptive_hybrid,moderate,60,source,adaptive_hybrid,11
10130,10119,29,8463,8452,8,217,9902,7,7,2080.6989530579426,958.3331702788417,143289.01003121276,748.2731637307552,150682.00350882718,6644.720313890401,13822,11696.021510892386,31,0.0,3346.738646843996,104.84509572203845,0,0,217,0.0,1519.0,651,1392.3331702788357,1670.3344679489453,1684.3609461607848,43637.63197747948,1778.809372595436,0,0,0,20261132,edc390fb6c31ec0e,adaptive_hybrid,2,1.0,0.98,11,11,0.002865895839509833,0.003948667324777887,0.0022450667611957935,0.07394734299147694,14.890997480860479,1122.3657827791008,747667.9696391879,733280.2690146965,12221.337816911608,23.205552837980594,727.2938662913247,29.646822876590598,2.5873440033191777,496.0,0.16255827773388454,0.8461887940162339,0.0,0.03873540100513884,0.0,0.0,0.01758101851851852,8,30,24,moderate_d60_source_adaptive_hybrid,moderate,60,source,adaptive_hybrid,12
9975,9967,26,8353,8346,9,234,9733,4,4,2264.9813408002738,960.3990625107381,140491.39579334835,498.4337777334622,148325.49533910357,7335.665768028286,13641,10830.170333578093,35,0.0,3854.52687694067,116.17961248471941,0,0,234,0.0,1638.0,702,1428.3990625107322,1888.8263040644003,1894.9987863382958,43180.3750526395,2007.6140501336783,1,0,0,20261133,edc390fb6c31ec0e,adaptive_hybrid,2,1.0,0.98,8,7,0.0026086084077455605,0.0034085213032581455,0.0019154794684544474,0.05000840551153428,14.881659008638865,1304.5822782895357,750229.4850626946,735600.5365209691,12260.008942016151,23.806651041845537,719.6729175439917,33.46023416889464,2.699428470567373,496.0,0.15968919683837968,0.7939425506618352,0.0,0.044612579594220714,0.0,0.0,0.018958333333333334,8,30,24,moderate_d60_source_adaptive_hybrid,moderate,60,source,adaptive_hybrid,13
11917,11905,21,10055,10045,10,498,11407,11,11,4729.80046850663,2112.273884041781,160787.28448519262,7.500329073780449,175826.24304925214,15031.458234997186,16116,14603.040854027116,73,0.0,8011.358516112791,240.75509307132654,0,0,498,0.0,3486.0,1494,3108.2738840417974,3715.4916921088993,3718.952249050186,50043.00153436266,4192.828133188404,0,0,0,20261134,edc390fb6c31ec0e,adaptive_hybrid,2,1.0,0.98,12,10,0.001763964720705586,0.002769153310396912,0.001989060169070114,0.0006300150418967198,14.7691090339565,2617.526584464849,727080.2013145097,707561.263112049,11792.68771853415,51.80456473402996,834.050025572711,69.8804688864734,2.4892585335007937,496.0,0.18561805408321042,0.9061206784578751,0.0,0.09272405689945361,0.0,0.0,0.04034722222222222,8,30,24,moderate_d60_source_adaptive_hybrid,moderate,60,source,adaptive_hybrid,14
10733,10724,18,8993,8988,4,168,10556,2,2,1630.499025622595,674.3664220557612,150793.16368219498,36.654895151023084,156098.75229863648,5268.933721300444,14278,11775.169795365695,24,0.0,2681.088232336556,82.91174305405626,0,0,168,0.0,1176.0,504,1010.366422055758,1361.305739695557,1364.0338502619343,45606.60091285319,1439.8148431598192,0,0,0,20261135,edc390fb6c31ec0e,adaptive_hybrid,2,1.0,0.98,9,5,0.0016784781797836627,0.0025156060747228174,0.001000778383186923,0.003418024538513902,14.556019423595345,956.1326035668337,740872.3846588444,725474.7625920883,12091.246043201472,16.839440367595966,760.1100152142197,23.996914052663655,2.70641636956733,496.0,0.17016982005057746,0.824707227578491,0.0,0.031031113800191617,0.0,0.0,0.01361111111111111,8,30,24,moderate_d60_source_adaptive_hybrid,moderate,60,source,adaptive_hybrid,15
10624,10615,56,9011,9006,25,328,10287,5,5,3093.148218303706,1357.2783387197874,151153.54810770304,1341.4178911733616,162460.88933256082,9965.923333693027,14622,15425.336595658164,47,0.0,5165.23223414902,157.45996234764004,0,0,328,0.0,2296.0,984,2013.2783387197776,2583.5386718738173,2589.5592648200472,47444.630564076535,2695.0965061402367,0,0,0,20261136,edc390fb6c31ec0e,adaptive_hybrid,2,1.0,0.98,9,5,0.005275553462081959,0.006118222891566265,0.003329264232604594,0.1263700321406841,15.304841199487596,1735.8698795839186,739060.5728783273,723410.1060108078,12056.83510018013,33.55463897866296,790.743842734609,44.918275102337276,2.6316659195325682,496.0,0.17219917912373728,1.0549402677922421,0.0,0.059782780487835877,0.0,0.0,0.026574074074074073,8,30,24,moderate_d60_source_adaptive_hybrid,moderate,60,source,adaptive_hybrid,16
11146,11140,11,9396,9391,2,209,10931,2,2,1981.1695867130734,847.1845142785121,157049.8422519565,58.03397851641785,163480.67458066694,6372.798350205152,15055,13416.055904910201,29,0.0,3147.1540558189695,98.88976975725438,0,0,209,0.0,1463.0,627,1265.1845142785078,1645.3473003595711,1648.6347896437946,47804.43297121397,1667.7992759699646,0,0,0,20261137,edc390fb6c31ec0e,adaptive_hybrid,2,1.0,0.98,6,5,0.0009874326750448834,0.001525210837968778,0.000744997871434653,0.005209513331814888,14.67510543812091,1133.9850724345613,734623.7148721856,717498.7967166436,11958.313278610727,21.086408571308464,796.7405495202329,27.79665459949941,2.629401578379258,496.0,0.17716877814495335,0.891136227493205,0.0,0.036425394164571405,0.0,0.0,0.01693287037037037,8,30,24,moderate_d60_source_adaptive_hybrid,moderate,60,source,adaptive_hybrid,17
11582,11575,14,9757,9750,3,145,11430,1,1,1461.5438717372203,579.9802459699293,160988.67707941745,54.05491945837821,165771.86794870772,4729.135949844549,15493,11473.613610320568,21,0.0,2341.0274891603262,74.87224112226833,0,0,145,0.0,1015.0,435,869.980245969927,1263.7518328941658,1263.8412479610015,48273.2298220994,1272.6633575967994,0,0,0,20261138,edc390fb6c31ec0e,adaptive_hybrid,2,1.0,0.98,7,7,0.0012095032397408207,0.0018131583491624935,0.0010249051962693452,0.004669971443488398,14.321543667274964,881.563625767291,731182.8448640599,713903.4031307141,11898.390052178567,14.49967076616545,804.5538303683232,21.211055959946655,2.9053821792206933,496.0,0.1810227992114024,0.7405675860272748,0.0,0.02709522556898526,0.0,0.0,0.011747685185185186,8,30,24,moderate_d60_source_adaptive_hybrid,moderate,60,source,adaptive_hybrid,18
10459,10452,20,8766,8761,2,84,10368,0,0,778.7486925671352,328.2233952625916,150163.74458279557,454.21999811356545,153235.22177665966,2617.2571957593445,14145,12695.838126146411,11,0.0,1190.3649134726797,38.92882396496592,0,0,84,0.0,588.0,252,496.2233952625923,713.7280697352024,720.9941475192845,45711.93392823299,663.8314966977138,0,0,0,20261139,edc390fb6c31ec0e,adaptive_hybrid,2,1.0,0.98,7,5,0.0019135093761959434,0.002581508748446314,0.0007985398129135296,0.04345771126230056,14.660851681655153,450.5252973045436,742909.896938984,727568.8157138671,12126.14692856445,8.270389921043206,761.8655654705498,11.06385827829523,2.861087886981288,496.0,0.16788766023859314,0.8975495317176678,0.0,0.013777371683711572,0.0,0.0,0.006805555555555555,8,30,24,moderate_d60_source_adaptive_hybrid,moderate,60,source,adaptive_hybrid,19
11676,11662,33,9844,9831,8,302,11360,2,2,2928.9722573477816,1181.1652362404116,159798.21733069053,122.64826948602422,169202.88552381334,9282.019923648419,15686,12983.017291392027,45,0.0,4934.644500329884,148.84005287415434,0,0,302,0.0,2114.0,906,1785.1652362404038,2352.4658399533514,2355.4581485826693,48818.76695026993,2585.9731337643634,0,0,0,20261140,edc390fb6c31ec0e,adaptive_hybrid,2,1.0,0.98,14,13,0.0028297033098953865,0.004025351147653306,0.0021332791548151157,0.010516915579319518,14.508908036684389,1747.80702110737,730204.4810484888,712517.2710245448,11875.28785040908,29.752753937340064,813.6461158378321,43.09955222940606,2.599843431106699,496.0,0.18211863681844898,0.827681836758385,0.0,0.05711394097604033,0.0,0.0,0.024467592592592593,8,30,24,moderate_d60_source_adaptive_hybrid,moderate,60,source,adaptive_hybrid,20
10787,10772,56,9060,9047,19,309,10463,7,7,3053.174292790258,1289.5211390805596,151907.79167205366,1404.658419935884,163198.02844011397,9885.578348136023,14604,15388.039925751296,48,0.0,5142.344732929609,153.14054798775055,0,0,309,0.0,2163.0,927,1907.5211390805505,2555.162324969081,2562.4004064929086,47778.94629716091,2662.135055044028,0,0,0,20261141,edc390fb6c31ec0e,adaptive_hybrid,2,1.0,0.98,15,13,0.0051986632008912,0.006581996848057848,0.003532008830022075,0.1303990363846903,15.150206873385997,1763.6531537096982,738559.7369696749,723357.4498895081,12055.957498158468,31.792018984675842,796.3157716193485,44.368917584067134,2.764185983271746,496.0,0.17276015124364363,1.0536866561045808,0.0,0.059517878853351955,0.0,0.0,0.025034722222222222,8,30,24,moderate_d60_source_adaptive_hybrid,moderate,60,source,adaptive_hybrid,21
11445,11432,33,9600,9589,5,202,11230,4,4,1930.2951101433134,782.0463316127891,166631.29796840195,412.03428406404055,173375.13567101175,6331.8034185559445,15554,18639.799845755424,30,0.0,3295.777252967806,98.83153852341954,0,0,202,0.0,1414.0,606,1186.0463316127853,1648.138315485875,1652.971417416502,51432.438137694204,1717.4753343524753,0,0,0,20261142,edc390fb6c31ec0e,adaptive_hybrid,2,1.0,0.98,13,11,0.002886634009797061,0.004019222367846221,0.0016666666666666668,0.036042187199443715,15.165774638821881,1148.2487785305243,724813.8624374631,707762.172147878,11796.036202464633,19.767438860213087,857.2073022949033,28.62458890587459,2.7276756062978578,496.0,0.18815651608707085,1.198392686495784,0.0,0.03814557005749775,0.0,0.0,0.01636574074074074,8,30,24,moderate_d60_source_adaptive_hybrid,moderate,60,source,adaptive_hybrid,22
10468,10458,42,8859,8852,25,129,10329,3,3,1287.485710081282,554.2933332820397,147864.63178595187,1555.4420247229336,153701.1906542603,4281.116843596221,14109,10836.16631720203,20,0.0,2159.457586553514,65.59361433473393,0,0,129,0.0,903.0,387,812.2933332820378,1091.5269816318237,1099.9343545856173,45010.659510611615,1130.3684385934582,0,0,0,20261143,edc390fb6c31ec0e,adaptive_hybrid,2,1.0,0.98,10,7,0.004016064257028112,0.004967520061138708,0.0036121458403883056,0.14873226474688597,14.696996620219958,733.1923767992422,744650.8543255551,729783.9721507836,12163.06620251306,13.538222221367297,750.1776585101936,18.83947397655764,2.842207634588158,496.0,0.16593766316582081,0.7680322005246318,0.0,0.024993722066591596,0.0,0.0,0.010451388888888889,8,30,24,moderate_d60_source_adaptive_hybrid,moderate,60,source,adaptive_hybrid,23
11959,11941,26,10031,10016,3,299,11642,5,5,2884.6211703646436,1192.5215340863406,165017.40681737717,269.80841123507525,174356.0895766968,9068.874348094801,16008,14704.425940720226,43,0.0,4727.028699870183,144.28364561731107,0,0,299,0.0,2093.0,897,1790.5215340863306,2337.326812734175,2353.698939361382,50773.79377270487,2365.5350393742037,0,0,0,20261144,edc390fb6c31ec0e,adaptive_hybrid,2,1.0,0.98,18,15,0.002177372079390336,0.0036792373944309724,0.00179443724454192,0.02259512697722764,14.601464665999229,1692.099636278303,724769.5118333771,706587.7525459956,11776.46254243326,29.84202556810551,846.2298962117478,39.425583989570065,2.6239676024095675,496.0,0.188206191942902,0.918567337626201,0.0,0.054710980322571566,0.0,0.0,0.024224537037037037,8,30,24,moderate_d60_source_adaptive_hybrid,moderate,60,source,adaptive_hybrid,24
10658,10644,74,8952,8939,26,341,10303,11,11,3330.426002929944,1432.38567109941,152529.67162133788,2375.685595940002,165454.69529872312,10549.338081457441,14726,16330.138425191511,51,0.0,5546.627526442449,165.8804297090589,0,0,341,0.0,2387.0,1023,2114.3856710994028,2729.7178364144443,2744.2984887925086,48591.68688405179,2825.8798804370217,0,0,0,20261145,edc390fb6c31ec0e,adaptive_hybrid,2,1.0,0.98,14,13,0.0069522735813603905,0.00825670857571777,0.00435656836461126,0.2231948135982715,15.54440955455873,1898.040331830534,737797.9717302135,721713.317004643,12028.555283410717,35.239761184990044,809.8614480675299,47.09799800728369,2.682598718272247,496.0,0.17361338291866768,1.108932393398853,0.0,0.06419707785234316,0.0,0.0,0.027627314814814816,8,30,24,moderate_d60_source_adaptive_hybrid,moderate,60,source,adaptive_hybrid,25
11411,11394,47,9622,9607,20,424,10970,12,12,3996.9233104017267,1756.2718412938598,159519.0559338108,1360.4430234352585,173697.63324269344,12818.134285457301,15571,16214.243572859572,62,0.0,6783.159042852941,205.19991344705124,0,0,424,0.0,2968.0,1272,2604.2718412938666,3076.642924305707,3082.845160703975,50517.86559801858,3573.0894915648128,0,0,0,20261146,edc390fb6c31ec0e,adaptive_hybrid,2,1.0,0.98,17,15,0.004124978058627347,0.005608623258259574,0.00363749740178757,0.1193999493975126,15.244657999183206,2240.651469107867,729507.0410624015,711712.7151598183,11861.878585996972,43.40453068823111,841.964426633643,59.55149152608021,2.4236204093584712,496.0,0.1828998195985646,1.0413103572576952,0.0,0.07850878521820533,0.0,0.0,0.03435185185185185,8,30,24,moderate_d60_source_adaptive_hybrid,moderate,60,source,adaptive_hybrid,26
11731,11712,20,9831,9815,10,467,11245,12,12,4438.9374719786465,1987.2909228843412,159275.63538615662,386.68195673678565,173513.12254995716,13850.80520707458,15938,13622.00859555396,70,0.0,7616.488062453194,227.23967418079812,0,0,467,0.0,3269.0,1401,2921.2909228843578,3305.579162470695,3310.8305965446525,49592.691166396384,3925.1453185573523,0,0,0,20261147,edc390fb6c31ec0e,adaptive_hybrid,2,1.0,0.98,19,16,0.0017076502732240437,0.0033245247634472765,0.0026446953514393245,0.033015877453618996,14.814986556519566,2451.6465490943056,728463.4119277489,709756.3433708411,11829.272389514019,48.688182048072626,826.5448527732731,65.41908864262254,2.363191003957639,496.0,0.18406875904149989,0.854687451095116,0.0,0.08815379701913419,0.0,0.0,0.037835648148148146,8,30,24,moderate_d60_source_adaptive_hybrid,moderate,60,source,adaptive_hybrid,27
11047,11036,22,9294,9285,3,321,10715,10,10,3153.107218208031,1322.2766367441052,153016.72485268896,63.09703011275269,162850.83134016383,9771.00945736934,14881,14237.401902841397,47,0.0,5197.419025216664,158.1766914811536,0,0,321,0.0,2247.0,963,1964.276636744094,2382.60566099676,2386.6768364639247,46700.20625940335,2714.4261523589716,0,0,0,20261148,edc390fb6c31ec0e,adaptive_hybrid,2,1.0,0.98,11,9,0.0019934758970641536,0.002987236353761202,0.0012911555842479018,0.0057173822139138,14.756327595158012,1830.830581463926,736754.1199210775,720151.3376408255,12002.52229401376,32.7379439457349,778.3367709900558,45.24043587264953,2.4783767772211056,496.0,0.17478257177298662,0.9567503462698338,0.0,0.06015531279185953,0.0,0.0,0.026006944444444444,8,30,24,moderate_d60_source_adaptive_hybrid,moderate,60,source,adaptive_hybrid,28
10180,10167,80,8580,8570,36,322,9845,13,13,3181.8234759508177,1426.8647168438904,146073.02050946665,2446.846244974513,158830.07713399403,10310.210379564374,14077,15346.3000736403,49,0.0,5397.961971483652,163.50445686324937,0,0,322,0.0,2254.0,966,2070.864716843881,2581.57369167009,2602.19190935169,46358.74716614548,2878.030362506666,0,0,0,20261149,edc390fb6c31ec0e,adaptive_hybrid,2,1.0,0.98,13,10,0.007868594472312383,0.009135559921414538,0.005361305361305362,0.24066551047255955,15.622118337168686,1754.9587591069273,744454.1079713263,729987.3891608941,12166.456486014902,34.51441194739802,772.6457861024246,47.96717270844443,2.693780444463447,496.0,0.16615803318623845,1.0901683649669887,0.0,0.06247641170698671,0.0,0.0,0.026087962962962962,8,30,24,moderate_d60_source_adaptive_hybrid,moderate,60,source,adaptive_hybrid,29
10920,10910,20,9159,9151,3,56,10854,2,2,516.9492107432264,235.83943007246538,157305.45653579288,269.373224712348,159073.68363929322,1498.8538787962389,14544,13729.753261832695,5,0.0,541.3288278375102,16.760492131239225,0,0,52,0.0,364.0,164,339.8394300724657,637.4348241732658,643.7165129612185,47454.37127153462,102.2626160007985,0,0,0,20261120,f4571f723d6a07a4,travel_aware_hybrid,2,1.0,0.98,10,8,0.0018331805682859762,0.0027472527472527475,0.0012010044764712304,0.024690488057960404,14.580539288661157,281.1097806707611,735671.8327777213,719566.0393914797,11992.767323191329,5.663990501207762,790.9061878589104,1.7043769333466416,3.925100688787918,496.0,0.17599481095685332,0.9440149382448223,0.0,0.006265379951823034,0.0,0.0,0.004212962962962963,8,30,24,moderate_d60_source_travel_aware_hybrid,moderate,60,source,travel_aware_hybrid,0
10819,10802,30,9148,9132,10,31,10771,1,1,279.9172486450613,155.6171565355472,154936.10588143676,1053.6214275229358,157066.81447749204,1077.087168540711,14406,11937.736559480894,3,0.0,317.0369433778707,10.100417895615745,0,0,28,0.0,196.0,90,211.6171565355474,491.23442101746235,508.4590097937453,46381.33689783133,78.27363943284233,0,0,0,20261121,f4571f723d6a07a4,travel_aware_hybrid,2,1.0,0.98,17,16,0.002777263469727828,0.004344209261484425,0.0028421512898994315,0.09753947671939787,14.540530871828553,124.30009210951411,739077.4360497802,723574.5149446541,12059.575249077569,3.52695260892579,773.0222816305221,1.304560657214039,5.649544553263836,496.0,0.17218029116288058,0.8286642065445574,0.0,0.003669409066873504,0.0,0.0,0.0022685185185185187,8,30,24,moderate_d60_source_travel_aware_hybrid,moderate,60,source,travel_aware_hybrid,1
12518,12507,21,10552,10543,0,43,12464,0,0,437.1510018770968,169.56884400776644,179834.11525085778,217.21449348780698,181339.74626073526,1288.41651640274,16485,16409.960726036683,5,0.0,525.871924022701,15.095122677735759,0,0,40,0.0,280.0,126,249.56884400776661,505.15258760008555,505.1525876000942,53625.93605432553,114.26659101033346,0,0,0,20261122,f4571f723d6a07a4,travel_aware_hybrid,2,1.0,0.98,11,9,0.0016790597265531303,0.0025563189007828725,0.0008529188779378317,0.017367433716143518,14.499060227131627,267.58215786933033,713710.2815469998,694617.8363566607,11576.963939277679,4.159480733462777,893.7656009054256,1.9044431835055575,4.009147520635668,496.0,0.20059332264000918,0.9954480270571237,0.0,0.006086480602114595,0.0,0.0,0.0032407407407407406,8,30,24,moderate_d60_source_travel_aware_hybrid,moderate,60,source,travel_aware_hybrid,2
10389,10379,24,8735,8726,3,35,10344,0,0,301.7302677986369,141.86181444859042,148654.98242293842,350.73910134143443,149982.41323174298,976.69170747518,13857,11353.832716446004,3,0.0,318.81354650822186,10.642771919500717,0,0,32,0.0,224.0,102,205.8618144485905,409.9033710824453,416.23612344106186,44282.95474795608,82.86437733247203,0,0,0,20261123,f4571f723d6a07a4,travel_aware_hybrid,2,1.0,0.98,10,9,0.0023123614991810387,0.0032726922706709017,0.0013737836290784202,0.033793149758303734,14.450564912972634,159.86845335004645,745473.3167216907,730686.5298344115,12178.108830573525,3.4310302408098416,738.049245799268,1.3810729555412005,4.080746308245705,496.0,0.16501644632427115,0.8193571997146571,0.0,0.0036899716031044195,0.0,0.0,0.0025925925925925925,8,30,24,moderate_d60_source_travel_aware_hybrid,moderate,60,source,travel_aware_hybrid,3
10405,10399,30,8736,8731,15,28,10371,0,0,284.87555097781916,109.45871607110163,149948.7502511853,1177.4990860429934,152078.4628093578,952.2134721388029,13855,12526.285815070305,2,0.0,209.24639377681686,9.633997470338707,0,0,26,0.0,182.0,82,161.45871607110172,441.62641495516186,491.0833348968954,45102.52993282263,67.11819105476843,0,0,0,20261124,f4571f723d6a07a4,travel_aware_hybrid,2,1.0,0.98,6,5,0.0028848927781517453,0.003459875060067275,0.0022893772893772895,0.11323195365352375,14.62433530237117,175.41683490671753,744394.1974947706,729724.2449646046,12162.070749410077,2.6909786011850287,751.7088322137105,1.118636517579474,5.9888211572792125,496.0,0.1662251372146386,0.9040985792183548,0.0,0.002421833261305751,0.0,0.0,0.0021064814814814813,8,30,24,moderate_d60_source_travel_aware_hybrid,moderate,60,source,travel_aware_hybrid,4
11041,11035,18,9270,9266,0,18,11017,0,0,184.6340305824844,71.8637706751963,157621.65565433848,88.65858881647,158228.10601421975,517.7917710757938,14725,12334.68268595296,2,0.0,206.9360174841371,5.752578350592202,0,0,17,0.0,119.0,53,105.86377067519628,239.59855434935605,240.62787192478572,47138.77871259545,27.780665331658568,0,0,0,20261125,f4571f723d6a07a4,travel_aware_hybrid,2,1.0,0.98,6,4,0.0016311735387403716,0.0021737161488995563,0.0004314994606256742,0.008034308003304938,14.338749978633416,112.7702599072881,736250.956061569,720767.8784627746,12012.797974379577,1.764396177919938,785.6463118765909,0.46301108886097614,4.540148526882749,496.0,0.17534615136472997,0.8376694523567375,0.0,0.0023950927949552905,0.0,0.0,0.0013773148148148147,8,30,24,moderate_d60_source_travel_aware_hybrid,moderate,60,source,travel_aware_hybrid,5
11828,11813,11,10005,9993,0,44,11769,0,0,389.61851281880314,175.12686825847155,168202.7746037428,84.34695802647548,169471.12660773413,1184.0050459762733,15742,13764.0676454385,4,0.0,431.05912074466795,13.623308070752614,0,0,34,0.0,238.0,122,243.12686825847175,508.0321585101766,509.5368860739527,50534.19830698577,101.03627351107242,0,0,0,20261126,f4571f723d6a07a4,travel_aware_hybrid,2,1.0,0.98,15,12,0.0009311775162956066,0.002198173824822455,0.0011994002998500749,0.0071401809892893825,14.346154796218922,214.4916445603316,725115.5542307126,707530.7657933936,11792.179429889893,4.052114470974529,842.2366384497628,1.6839378918512071,4.176531853065186,496.0,0.18781859965197967,0.8743531727505082,0.0,0.004989110193804027,0.0,0.0,0.0027546296296296294,8,30,24,moderate_d60_source_travel_aware_hybrid,moderate,60,source,travel_aware_hybrid,6
11430,11423,22,9643,9638,2,46,11377,0,0,432.91295466890705,179.7956464608532,165636.9247468474,497.1215752285716,167440.41908488912,1306.3727628247088,15224,14558.862407714452,5,0.0,527.6464387781276,14.882281578067289,0,0,39,0.0,273.0,131,257.7956464608534,530.7934899422111,531.6805934935564,50426.9059105851,93.35306223108003,0,0,0,20261127,f4571f723d6a07a4,travel_aware_hybrid,2,1.0,0.98,7,5,0.0019259388952114155,0.002537182852143482,0.000725915171627087,0.043519353517339716,14.658182533913081,253.11730820805386,728370.3598575663,711553.8383127594,11859.23063854599,4.29659410768089,840.4484318430849,1.5558843705180005,4.058630484683637,496.0,0.18417298403050364,0.95630993219354,0.0,0.00610701896733944,0.0,0.0,0.003159722222222222,8,30,24,moderate_d60_source_travel_aware_hybrid,moderate,60,source,travel_aware_hybrid,7
11393,11385,55,9621,9616,20,45,11340,0,0,453.76666990420136,179.34501751028566,163860.16945536493,2244.8398270176713,167621.11976615916,1516.1104837862786,15111,14566.341842726746,5,0.0,533.1383139310099,15.143794668083986,0,0,40,0.0,280.0,130,259.34501751028586,647.2896652244797,729.6003392867169,49794.77052035348,96.67158428240784,0,0,0,20261128,f4571f723d6a07a4,travel_aware_hybrid,2,1.0,0.98,8,5,0.004830917874396135,0.005529711226191521,0.0025984824862280427,0.19717521537265448,14.722979338266066,274.4216523939157,730282.3215677482,713858.1525321426,11897.63587553571,4.322416958504764,829.9128420058913,1.611193071373464,5.612310302205515,496.0,0.18203144985691289,0.9639561804464791,0.0,0.006170582337164466,0.0,0.0,0.0032407407407407406,8,30,24,moderate_d60_source_travel_aware_hybrid,moderate,60,source,travel_aware_hybrid,8
11998,11983,76,10141,10133,20,60,11923,0,0,456.8091331129147,229.61337654200938,176769.1250740975,2279.410494253556,180853.2789142255,1804.7433458876476,16011,19173.397423974533,6,0.0,632.1640496147925,16.376929319834353,0,0,51,0.0,357.0,171,331.6133765420097,897.4913393873602,948.7586804885632,54543.61081726593,132.42535362270624,0,0,0,20261129,f4571f723d6a07a4,travel_aware_hybrid,2,1.0,0.98,15,8,0.006342318284236001,0.007584597432905484,0.0027610689281135983,0.1902203533550493,15.092487600285862,227.19575657090533,717326.1698618293,699559.8800135413,11659.331333559023,5.5268896090334945,909.0601802877655,2.207089227045104,5.548296377126101,496.0,0.19654326852393678,1.1975140480903461,0.0,0.0073167135372082465,0.0,0.0,0.004131944444444444,8,30,24,moderate_d60_source_travel_aware_hybrid,moderate,60,source,travel_aware_hybrid,9
10742,10726,42,9026,9012,13,42,10684,1,1,397.1368799053474,190.8310951242343,156288.86920746224,1623.072755872361,159200.15825254156,1288.216289216205,14409,13842.234334848847,4,0.0,419.90834323860696,13.01838758056939,0,0,38,0.0,266.0,122,266.83109512423437,551.6550711800518,561.4177512721399,47198.76588677235,83.91692863604646,0,0,0,20261130,f4571f723d6a07a4,travel_aware_hybrid,2,1.0,0.98,16,14,0.003915718814096587,0.0053993669707689445,0.0029913582982495014,0.1513213458765953,14.842453687538836,206.30578478111312,737766.1631687949,722360.9624207644,12039.349373679406,4.447184918737239,786.6460981128726,1.398615477267441,4.60178484649295,496.0,0.17364901078764006,0.9606658570927091,0.0,0.004860050268965358,0.0,0.0,0.0030787037037037037,8,30,24,moderate_d60_source_travel_aware_hybrid,moderate,60,source,travel_aware_hybrid,10
9340,9326,11,7811,7797,0,20,9306,0,0,224.93683418814828,78.03735480526828,133554.7865166698,16.95676299274055,134094.95584627794,523.212566622622,12561,8288.750884593243,1,0.0,111.6439367402795,6.6861117693536904,0,0,19,0.0,133.0,59,116.03735480526822,204.41769608629747,204.4176960863315,39659.35122143854,19.014367531075848,0,0,0,20261131,f4571f723d6a07a4,travel_aware_hybrid,2,1.0,0.98,14,14,0.0011794981771391809,0.0026766595289079227,0.001792344130072974,0.0018182246400107818,14.378614180385796,146.89947938288,760417.6527806497,747302.2430037288,12455.03738339548,1.933955913421137,660.9891870239757,0.3169061255179308,3.4647067133276526,496.0,0.14827771865966655,0.6598798570649823,0.0,0.001292175193753235,0.0,0.0,0.0015393518518518519,8,30,24,moderate_d60_source_travel_aware_hybrid,moderate,60,source,travel_aware_hybrid,11
10130,10120,22,8463,8453,4,30,10090,0,0,367.9644169753366,113.2304588078412,146093.67769825953,529.9094415952568,147533.89212235837,910.3049825119488,13592,11293.687050727705,4,0.0,420.54426927110694,11.992511082956417,0,0,23,0.0,161.0,83,159.23045880784122,323.8682466028351,337.14179683573275,43469.984837124124,71.05363350459888,0,0,0,20261132,f4571f723d6a07a4,travel_aware_hybrid,2,1.0,0.98,10,10,0.002173913043478261,0.0031589338598223098,0.0016542597187758478,0.05236259304300957,14.578447838177706,254.73395816749536,747466.6620340891,733319.6018348477,12221.993363914129,2.653840980130687,724.4997472854021,1.184227225076648,4.061949359466659,496.0,0.16278375668224787,0.8309069342795545,0.0,0.004867410523971145,0.0,0.0,0.001863425925925926,8,30,24,moderate_d60_source_travel_aware_hybrid,moderate,60,source,travel_aware_hybrid,12
9975,9971,15,8353,8350,3,35,9936,0,0,370.2390419178485,138.51613754952257,143925.17946904013,404.4246139342413,145392.6072357331,1063.0031527653773,13414,10648.683150782985,4,0.0,405.3250832504639,12.337081563555053,0,0,31,0.0,217.0,101,200.51613754952274,381.6960083709755,393.1292260183691,43197.48467384413,78.8234529055412,0,0,0,20261133,f4571f723d6a07a4,travel_aware_hybrid,2,1.0,0.98,4,3,0.0015043626516899008,0.0019047619047619048,0.0007183048006704178,0.04056008564178531,14.581547210483713,231.72290436832594,749674.7021547842,735661.191640548,12261.019860675799,3.341935625825379,719.9580778974021,1.3137242150923534,3.8923685744392977,496.0,0.1603105934646234,0.7938484531670631,0.0,0.00469126253762111,0.0,0.0,0.002511574074074074,8,30,24,moderate_d60_source_travel_aware_hybrid,moderate,60,source,travel_aware_hybrid,13
11917,11906,17,10055,10046,0,22,11884,0,0,220.78095583460123,91.20341877774112,169429.97819991605,35.35226179001984,170110.35095352377,645.0204918299314,15714,14433.340235006797,3,0.0,326.2969621646637,7.506280287144611,0,0,20,0.0,140.0,64,131.2034187777411,257.2139478691827,257.2139478691515,50303.93156006712,57.76441876010784,0,0,0,20261134,f4571f723d6a07a4,travel_aware_hybrid,2,1.0,0.98,11,9,0.0014278515034436418,0.0023495846270034405,0.0008950770760815514,0.002969281185118414,14.287783550606733,129.5775370568601,724860.7683777512,706801.2992798749,11780.02165466458,2.1867236462956847,838.3988593344519,0.9627403126684639,4.018967935455493,496.0,0.18810397807151524,0.9185019877183911,0.0,0.003776585210239163,0.0,0.0,0.0016203703703703703,8,30,24,moderate_d60_source_travel_aware_hybrid,moderate,60,source,travel_aware_hybrid,14
10733,10724,11,8993,8986,0,20,10704,1,1,245.6024631078577,100.35298772297882,152689.6592904931,66.7379196088732,153376.3999569583,620.0027468662302,14119,10874.697131289113,3,0.0,328.5498173434365,7.847113490896994,0,0,16,0.0,112.0,56,132.3529877229788,227.06171689532297,227.06171689526673,45084.878861479665,40.82834883780808,0,0,0,20261135,f4571f723d6a07a4,travel_aware_hybrid,2,1.0,0.98,9,7,0.0010257366654233494,0.001863411907202087,0.0007783831869231625,0.006223230101536106,14.30216336786258,145.24947538487885,741008.2008906234,725936.8314510349,12098.947190850582,2.2058831287163136,751.4146476913278,0.6804724806301347,4.054673515986906,496.0,0.17001769613505446,0.7702172343146904,0.0,0.0038026599229564408,0.0,0.0,0.0012962962962962963,8,30,24,moderate_d60_source_travel_aware_hybrid,moderate,60,source,travel_aware_hybrid,15
10624,10614,46,9011,9003,14,32,10582,0,0,327.94437542396054,123.7222723267736,155164.22756028795,1098.3544782742465,157357.2285491134,1094.6465105612224,14276,14419.629013332202,3,0.0,318.73113195036314,11.094529414971248,0,0,31,0.0,217.0,95,185.72227232677366,454.5267597644989,490.2171851427265,46944.81158925343,66.68629086842128,0,0,0,20261136,f4571f723d6a07a4,travel_aware_hybrid,2,1.0,0.98,10,8,0.004333898624458263,0.005271084337349397,0.002441460437243369,0.1034816730991376,14.825440790381892,204.22210309718693,739081.0647079444,724237.2021722418,12070.620036204029,3.0953712054462277,782.4135264875572,1.1114381811403546,5.160180896239226,496.0,0.17217622680561784,1.0100608723264362,0.0,0.003689017730906981,0.0,0.0,0.002511574074074074,8,30,24,moderate_d60_source_travel_aware_hybrid,moderate,60,source,travel_aware_hybrid,16
11146,11141,17,9396,9394,1,47,11094,2,2,426.8282358376163,208.95051068163207,160410.07947716035,232.21303909869312,161915.65922146593,1273.3667052171713,14846,13712.08811192457,4,0.0,421.461452711129,13.881618554027948,0,0,39,0.0,273.0,133,286.9505106816323,532.0274714730532,532.4473120488801,48009.24957082559,73.17971161333023,0,0,0,20261137,f4571f723d6a07a4,travel_aware_hybrid,2,1.0,0.98,5,2,0.0015258953415312809,0.0019738022609007717,0.00031928480204342275,0.020843105564912767,14.533314713353015,217.87772515598425,733397.4967681281,716720.590508878,11945.343175147967,4.782508511360538,800.1541595137599,1.2196618602221705,4.003363248487821,496.0,0.1785422303224371,0.9236217238262542,0.0,0.004878026073045475,0.0,0.0,0.003159722222222222,8,30,24,moderate_d60_source_travel_aware_hybrid,moderate,60,source,travel_aware_hybrid,17
11582,11573,15,9757,9750,0,30,11543,3,3,298.7564551958936,167.1068767268187,162807.6677847132,119.91757449567376,163815.8454778975,888.2601187012206,15327,11418.578221454305,4,0.0,428.1009482150164,10.220030092586848,0,0,26,0.0,182.0,86,219.10687672681888,344.719669183733,344.71966918373073,47841.12196684242,62.32034990871844,0,0,0,20261138,f4571f723d6a07a4,travel_aware_hybrid,2,1.0,0.98,9,7,0.0012961202799619805,0.002072180970471421,0.0007174336373885415,0.010361840015179622,14.155002633534735,131.64957846907487,730885.9660688727,713853.1955021385,11897.553258368975,3.6517812787803146,797.352032780707,1.0386724984786406,4.00836824632245,496.0,0.18135532474364613,0.744997600408058,0.0,0.004954872085821949,0.0,0.0,0.0021064814814814813,8,30,24,moderate_d60_source_travel_aware_hybrid,moderate,60,source,travel_aware_hybrid,18
10459,10451,19,8766,8759,1,41,10410,2,2,424.07549638943726,199.41137169613864,149787.79864014065,471.82486877160954,151498.48750586205,1238.8639969599535,14030,11708.512973128903,4,0.0,424.00101540642436,13.962620933035645,0,0,30,0.0,210.0,112,259.41137169613876,476.100333858477,490.40923918314365,45183.9179038692,72.455889887878,0,0,0,20261139,f4571f723d6a07a4,travel_aware_hybrid,2,1.0,0.98,8,7,0.0018180078461391255,0.002581508748446314,0.0009126169290440338,0.04514638491738681,14.496075734940394,224.66412469329862,743692.4280645973,728877.0933293749,12147.951555489582,4.323522861602313,753.06529839782,1.2075981647979668,4.378653921278068,496.0,0.16701116928248505,0.8345340679350608,0.0,0.004907419159796578,0.0,0.0,0.0024305555555555556,8,30,24,moderate_d60_source_travel_aware_hybrid,moderate,60,source,travel_aware_hybrid,19
11676,11664,16,9844,9832,1,26,11638,0,0,181.80568832757103,103.22992682826771,163859.742406834,206.19081639259275,164730.8440419804,664.9108187644306,15348,12288.202499488349,2,0.0,212.10860951387133,6.0853847509971075,0,0,23,0.0,161.0,75,149.2299268282677,338.30849437898513,339.7961009582559,48130.64224629085,38.10009054850413,0,0,0,20261140,f4571f723d6a07a4,travel_aware_hybrid,2,1.0,0.98,12,12,0.0013717421124828531,0.002398081534772182,0.0013206013815522145,0.017677539128308706,14.12301474982685,78.57576149930333,729901.5885824848,713031.0436770626,11883.850727951043,2.4871654471377953,802.1773707715142,0.6350015091417355,4.530614679443413,496.0,0.18245789809309498,0.8006386825311669,0.0,0.0024549607582623994,0.0,0.0,0.001863425925925926,8,30,24,moderate_d60_source_travel_aware_hybrid,moderate,60,source,travel_aware_hybrid,20
10787,10772,51,9060,9047,14,33,10739,0,0,358.80205057528013,135.51543589367276,155507.15107230464,1245.016835541599,157986.56893499292,1234.4010271589814,14299,14198.759064476722,4,0.0,428.9211448713248,12.224784097312375,0,0,26,0.0,182.0,92,187.51543589367282,543.9495206150982,588.9543861501497,47368.3024934186,78.80292862507953,0,0,0,20261141,f4571f723d6a07a4,travel_aware_hybrid,2,1.0,0.98,15,13,0.004734496843668771,0.0061184759432650416,0.002980132450331126,0.11557898584678787,14.66641003852515,223.28661468160738,738348.352188381,723278.924728265,12054.648745471084,3.125257264894547,789.4717082236434,1.3133821437513256,6.4016781103277145,496.0,0.17299691735172373,0.992989654135025,0.0,0.004964365102677371,0.0,0.0,0.0021064814814814813,8,30,24,moderate_d60_source_travel_aware_hybrid,moderate,60,source,travel_aware_hybrid,21
11445,11438,26,9600,9594,0,28,11410,0,0,252.25207334616084,114.23146386207118,169081.00206300247,217.59890772330618,170158.61113572732,860.0101650145898,15419,17871.38256950472,3,0.0,312.2943606121666,9.1931991019324,0,0,25,0.0,175.0,81,164.23146386207122,341.7411570750994,341.74115707506826,51152.48191222139,68.69190752037342,0,0,0,20261142,f4571f723d6a07a4,travel_aware_hybrid,2,1.0,0.98,7,6,0.00227312467214548,0.0028833551769331584,0.000625,0.019024209452990572,14.876605275024245,138.02060948408968,724670.1884556965,707845.2068553715,11797.42011425619,2.737191064367854,852.5413652036898,1.144865125339557,4.219026630556399,496.0,0.1883174412458597,1.1590493916275193,0.0,0.003614518062640817,0.0,0.0,0.002025462962962963,8,30,24,moderate_d60_source_travel_aware_hybrid,moderate,60,source,travel_aware_hybrid,22
10468,10457,30,8859,8851,10,32,10425,1,1,310.3252723709254,127.79452198929899,149446.4454454726,1425.124510154923,151778.14462624484,906.5746706278551,13979,10452.854357541097,3,0.0,310.4284914395191,10.33486827384107,0,0,30,0.0,210.0,94,187.79452198929914,370.35242507744385,375.90721119337286,44922.11727045016,68.97924859076892,0,0,0,20261143,f4571f723d6a07a4,travel_aware_hybrid,2,1.0,0.98,11,8,0.002868891651525294,0.003916698509743982,0.002031832035218422,0.13628426031891774,14.51450173340775,182.53075038162643,744446.6625925775,729944.1229520054,12165.735382533423,3.1299086998216525,748.7019545075026,1.149654143179482,3.9990128850358815,496.0,0.166166372544156,0.7477540852379353,0.0,0.0035929223546240638,0.0,0.0,0.0024305555555555556,8,30,24,moderate_d60_source_travel_aware_hybrid,moderate,60,source,travel_aware_hybrid,23
11959,11940,22,10031,10015,0,44,11896,0,0,354.35903447354144,174.2276021859242,168575.63168695598,220.40277551103645,169953.62968855162,1157.5952260955219,15749,13556.942270033935,5,0.0,523.4221876105499,12.209357322021807,0,0,38,0.0,266.0,126,250.2276021859244,543.4636373414179,545.0236255219879,50334.772451398494,83.93924067648076,0,0,0,20261144,f4571f723d6a07a4,travel_aware_hybrid,2,1.0,0.98,19,16,0.0018425460636515912,0.0034283802993561336,0.0015950553284817066,0.018459193928897524,14.23397233572459,180.13143228761723,724648.6824733231,706559.2648451132,11775.987747418552,4.170460036432074,838.9128741899749,1.3989873446080128,4.325584329539587,496.0,0.1883415294877654,0.8608128941541644,0.0,0.006058127171418402,0.0,0.0,0.0030787037037037037,8,30,24,moderate_d60_source_travel_aware_hybrid,moderate,60,source,travel_aware_hybrid,24
10658,10642,59,8952,8938,19,29,10613,0,0,304.46712591093666,111.01682384996022,157231.70402785717,2401.5961215706666,160716.05369745192,1082.7535480365477,14438,15528.335015676643,3,0.0,315.69330462079347,10.598096817782196,0,0,25,0.0,175.0,83,161.01682384996022,565.1525325874944,593.451247673298,48443.42852937825,72.18782999157429,0,0,0,20261145,f4571f723d6a07a4,travel_aware_hybrid,2,1.0,0.98,16,14,0.005544070663409134,0.0070369675361231,0.003686327077747989,0.2256715017450354,15.10205353293102,193.45030206097644,736912.3561486945,721247.6448008417,12020.794080014028,2.68361373083267,807.3904754896375,1.2031304998595715,7.150015032208409,496.0,0.17460533585495686,1.075518424690168,0.0,0.0036538576923702947,0.0,0.0,0.002025462962962963,8,30,24,moderate_d60_source_travel_aware_hybrid,moderate,60,source,travel_aware_hybrid,25
11411,11393,37,9622,9607,8,31,11362,0,0,315.44893882586126,123.67064429316662,164479.18403243902,1044.0861980070076,166514.02656520385,990.7563347689156,15195,14511.016522413234,4,0.0,418.9821408393319,10.651056281136269,0,0,29,0.0,203.0,91,181.67064429316667,392.92007769538026,423.7317222396323,49991.152413860415,65.81582050708053,0,0,0,20261146,f4571f723d6a07a4,travel_aware_hybrid,2,1.0,0.98,18,15,0.003247608180461687,0.004819910612566821,0.0023903554354604032,0.09164278047985672,14.615467968507316,191.77829453269464,729756.760596692,712657.9604346812,11877.632673911352,3.027844071552778,833.1858735643402,1.0969303417846754,4.656392552083871,496.0,0.1826201158191174,0.9549862798560865,0.0,0.004849330333788564,0.0,0.0,0.002349537037037037,8,30,24,moderate_d60_source_travel_aware_hybrid,moderate,60,source,travel_aware_hybrid,26
11731,11721,19,9831,9824,6,48,11673,0,0,432.53811648575305,188.58300142459748,165990.15624210847,365.56517217449255,167659.1355472526,1303.4141329819377,15512,13129.620382734112,4,0.0,435.34779683230863,14.000429933310684,0,0,45,0.0,315.0,141,278.5830014245977,544.5935591242479,572.7969044895035,49522.9904553749,73.47008201029817,0,0,0,20261147,f4571f723d6a07a4,travel_aware_hybrid,2,1.0,0.98,10,7,0.001621022097090692,0.0024720825164095133,0.0013223476757196623,0.031188906422190302,14.304166500064209,243.95511506115557,727165.664657509,709721.241000223,11828.687350003716,4.643050023743295,825.3831742562484,1.224501366838303,4.062389393542578,496.0,0.18552232901264676,0.8464169921824466,0.0,0.005038747648522091,0.0,0.0,0.0036458333333333334,8,30,24,moderate_d60_source_travel_aware_hybrid,moderate,60,source,travel_aware_hybrid,27
11047,11037,22,9294,9285,0,44,10993,0,0,407.7853754435195,174.07691593107577,158162.25743754633,72.05237211316489,159503.7827537754,1269.472944124609,14602,14295.592186177506,4,0.0,423.2108711743507,13.74636602266384,0,0,39,0.0,273.0,127,252.07691593107592,524.9000501503247,524.900050150376,47086.19486743885,83.53329966785799,0,0,0,20261148,f4571f723d6a07a4,travel_aware_hybrid,2,1.0,0.98,10,9,0.001993295279514361,0.0028967140400108626,0.0009683666881859264,0.006528256964135625,14.451733510353845,233.70845951244374,735143.2144627483,718967.2814381254,11982.788023968757,4.201281932184599,784.7699144573141,1.3922216611309666,4.133071261026583,496.0,0.17658690136340915,0.9790160379521645,0.0,0.004898273971925355,0.0,0.0,0.003159722222222222,8,30,24,moderate_d60_source_travel_aware_hybrid,moderate,60,source,travel_aware_hybrid,28
10180,10167,66,8580,8569,25,41,10126,0,0,384.0375090314839,148.25449159013908,150822.8255272105,2290.3192886824836,154477.52547369397,1364.3806578129588,13772,14942.850818715515,3,0.0,326.168303453732,13.42052936813174,0,0,38,0.0,266.0,120,224.2544915901392,645.7549806439321,673.3690733321819,46444.71802140215,99.71060355930896,0,0,0,20261149,f4571f723d6a07a4,travel_aware_hybrid,2,1.0,0.98,13,11,0.006491590439657716,0.007760314341846758,0.004195804195804196,0.22526992118446776,15.194012537985046,235.78301744134484,743510.389573394,729814.2970390334,12163.571617317222,3.7375748598356533,774.0786336900359,1.6618433926551495,5.6114089444348485,496.0,0.16721506544198705,1.0850167599996743,0.0,0.003775096104788565,0.0,0.0,0.0030787037037037037,8,30,24,moderate_d60_source_travel_aware_hybrid,moderate,60,source,travel_aware_hybrid,29
10920,10910,37,4402,4397,0,0,10910,0,0,0.0,0.0,165799.9495331803,368.9589220983744,166168.9084552682,0.0,14528,13919.04566704589,0,0.0,0.0,0.0,0,0,0,0.0,0.0,0,0.0,0.0,0.0,47972.04115794639,0.0,0,0,0,20261120,411a19470bf4ec5a,human_only,0,1.0,0.98,10,5,0.003391384051329056,0.004304029304029304,0.0011358473421172195,0.03381841632432396,15.230880701674444,0.0,728275.5411023488,712520.7177936139,11875.345296560232,0.0,799.5340192991065,0.0,0.0,496.0,0.1842791878333907,0.9580840905180266,0.0,0.0,0.0,0.0,0.0,8,30,24,moderate_d60_balanced_human_only,moderate,60,balanced,human_only,0
10819,10800,38,4312,4304,1,0,10800,0,0,0.0,0.0,162655.77500488027,1061.9945204136602,163717.76952528505,0.0,14429,11614.379270995058,0,0.0,0.0,0.0,0,0,0,0.0,0.0,0,0.0,0.0,0.0,46655.0519176346,0.0,0,0,0,20261121,411a19470bf4ec5a,human_only,0,1.0,0.98,19,8,0.0035185185185185185,0.005268509104353452,0.0020871985157699443,0.0983328259642278,15.15905273382269,0.0,732155.6365749165,716743.2849973689,11945.721416622815,0.0,777.5841986272433,0.0,0.0,496.0,0.17993320276107017,0.8049330702747978,0.0,0.0,0.0,0.0,0.0,8,30,24,moderate_d60_balanced_human_only,moderate,60,balanced,human_only,1
12518,12507,65,4892,4885,0,0,12507,0,0,0.0,0.0,189155.1852272778,341.1262248993953,189496.311452164,0.0,16538,16361.813883534807,0,0.0,0.0,0.0,0,0,0,0.0,0.0,0,0.0,0.0,0.0,54147.45557852642,0.0,0,0,0,20261122,411a19470bf4ec5a,human_only,0,1.0,0.98,11,7,0.005197089629807308,0.006071257389359323,0.0014309076042518397,0.027274824090460968,15.151220232842727,0.0,705288.7253991347,685643.6859263692,11427.394765439485,0.0,902.4575929754403,0.0,0.0,496.0,0.21002606922139933,0.9893465886766724,0.0,0.0,0.0,0.0,0.0,8,30,24,moderate_d60_balanced_human_only,moderate,60,balanced,human_only,2
10389,10382,29,4215,4212,0,0,10382,0,0,0.0,0.0,155700.155510576,401.49577638904157,156101.65128695287,0.0,13843,11026.094089570044,0,0.0,0.0,0.0,0,0,0,0.0,0.0,0,0.0,0.0,0.0,44189.24158874073,0.0,0,0,0,20261123,411a19470bf4ec5a,human_only,0,1.0,0.98,7,3,0.002793296089385475,0.0034652035807103665,0.0007117437722419929,0.03867229593421707,15.035797658153811,0.0,739142.5834640254,724531.4553171115,12075.52425528519,0.0,736.4873598123455,0.0,0.0,496.0,0.17210732138886042,0.7965104449591883,0.0,0.0,0.0,0.0,0.0,8,30,24,moderate_d60_balanced_human_only,moderate,60,balanced,human_only,3
10405,10393,64,4163,4157,1,0,10393,0,0,0.0,0.0,156500.56653651607,1082.0650079758452,157582.63154448252,0.0,13803,11891.42293767966,0,0.0,0.0,0.0,0,0,0,0.0,0.0,0,0.0,0.0,0.0,44715.872739999344,0.0,0,0,0,20261124,411a19470bf4ec5a,human_only,0,1.0,0.98,12,6,0.006157990955450784,0.007304180682364248,0.0016814797021378813,0.10411478956757868,15.162381559172761,0.0,738523.5470021409,723530.9973724242,12058.84995620707,0.0,745.2645456666557,0.0,0.0,496.0,0.17280068660154468,0.8615100295355835,0.0,0.0,0.0,0.0,0.0,8,30,24,moderate_d60_balanced_human_only,moderate,60,balanced,human_only,4
11041,11032,25,4345,4342,0,0,11032,0,0,0.0,0.0,165128.91598511138,127.09401022946622,165256.00999532742,0.0,14710,12201.670091645025,0,0.0,0.0,0.0,0,0,0,0.0,0.0,0,0.0,0.0,0.0,47360.453047318035,0.0,0,0,0,20261125,411a19470bf4ec5a,human_only,0,1.0,0.98,9,3,0.0022661348803480782,0.0030794312109410377,0.0006904487917146145,0.011520486786572356,14.979696337502485,0.0,729254.8752754327,713753.2036231655,11895.886727052759,0.0,789.3408841219673,0.0,0.0,496.0,0.18318226335637022,0.8294813114646515,0.0,0.0,0.0,0.0,0.0,8,30,24,moderate_d60_balanced_human_only,moderate,60,balanced,human_only,5
11828,11816,33,4715,4708,0,0,11816,0,0,0.0,0.0,176879.2893682491,126.44063012239349,177005.72999836094,0.0,15760,13812.770202687028,0,0.0,0.0,0.0,0,0,0,0.0,0.0,0,0.0,0.0,0.0,51096.898823105395,0.0,0,0,0,20261126,411a19470bf4ec5a,human_only,0,1.0,0.98,12,7,0.0027928232904536224,0.0038045316198850186,0.0014846235418875928,0.010700798080771283,14.980173493429328,0.0,717290.1056586247,700069.6416659039,11667.827361098398,0.0,851.6149803850899,0.0,0.0,496.0,0.19658366301677344,0.8764448098151668,0.0,0.0,0.0,0.0,0.0,8,30,24,moderate_d60_balanced_human_only,moderate,60,balanced,human_only,6
11430,11422,54,4570,4568,0,0,11422,0,0,0.0,0.0,174947.62093391837,665.8551824078768,175613.4761163154,0.0,15234,15251.996332414006,0,0.0,0.0,0.0,0,0,0,0.0,0.0,0,0.0,0.0,0.0,51222.43492261628,0.0,0,0,0,20261127,411a19470bf4ec5a,human_only,0,1.0,0.98,8,2,0.004727718438101909,0.005424321959755031,0.000437636761487965,0.05829584857361905,15.37501979656062,0.0,720073.28254016,703443.8461545313,11724.064102575523,0.0,853.7072487102713,0.0,0.0,496.0,0.19346630539856635,1.0011813267962457,0.0,0.0,0.0,0.0,0.0,8,30,24,moderate_d60_balanced_human_only,moderate,60,balanced,human_only,7
11393,11385,71,4407,4403,1,0,11385,0,0,0.0,0.0,172478.09350992084,2518.5407538542895,174996.63426376216,0.0,15107,14099.106171635676,0,0.0,0.0,0.0,0,0,0,0.0,0.0,0,0.0,0.0,0.0,49740.82037543326,0.0,0,0,0,20261128,411a19470bf4ec5a,human_only,0,1.0,0.98,8,4,0.0062362758014931925,0.006934082331256034,0.0011345586566825505,0.2212157008216328,15.370806698617669,0.0,722717.7664737322,706291.4384007787,11771.523973346311,0.0,829.0136729238876,0.0,0.0,496.0,0.19050429382422474,0.9332829927606855,0.0,0.0,0.0,0.0,0.0,8,30,24,moderate_d60_balanced_human_only,moderate,60,balanced,human_only,8
11998,11984,112,4782,4776,5,0,11984,0,0,0.0,0.0,185682.4487415314,2543.572369643507,188226.02111116285,0.0,16001,18992.98036857818,0,0.0,0.0,0.0,0,0,0,0.0,0.0,0,0.0,0.0,0.0,54473.05698335647,0.0,0,0,0,20261129,411a19470bf4ec5a,human_only,0,1.0,0.98,14,6,0.009345794392523364,0.010501750291715286,0.002300292764533668,0.21224736061778263,15.706443684175804,0.0,709762.6729126356,692106.7794532663,11535.112990887772,0.0,907.8842830559412,0.0,0.0,496.0,0.20501492729319493,1.18698708634324,0.0,0.0,0.0,0.0,0.0,8,30,24,moderate_d60_balanced_human_only,moderate,60,balanced,human_only,9
10742,10725,52,4260,4255,0,0,10725,0,0,0.0,0.0,164254.46724777404,1559.3283782768794,165813.7956260431,0.0,14347,13714.679835685443,0,0.0,0.0,0.0,0,0,0,0.0,0.0,0,0.0,0.0,0.0,47431.186593637045,0.0,0,0,0,20261130,411a19470bf4ec5a,human_only,0,1.0,0.98,17,5,0.0048484848484848485,0.006423384844535468,0.0011737089201877935,0.14539192338245963,15.460493764666024,0.0,730852.8689412023,715128.265137055,11918.804418950916,0.0,790.5197765606174,0.0,0.0,496.0,0.18139239589919098,0.9559266631132253,0.0,0.0,0.0,0.0,0.0,8,30,24,moderate_d60_balanced_human_only,moderate,60,balanced,human_only,10
9340,9329,5,3731,3727,0,0,9329,0,0,0.0,0.0,140305.9426543175,18.73603935450592,140324.6786936631,0.0,12570,8490.5914068295,0,0.0,0.0,0.0,0,0,0,0.0,0.0,0,0.0,0.0,0.0,39728.014831460416,0.0,0,0,0,20261131,411a19470bf4ec5a,human_only,0,1.0,0.98,11,4,0.0005359631257369493,0.0017130620985010706,0.0010720986330742428,0.002008365243274297,15.041770682137752,0.0,754150.3189960922,741433.6729526987,12357.227882544978,0.0,662.1335805243402,0.0,0.0,496.0,0.15529758176960995,0.6754647101694113,0.0,0.0,0.0,0.0,0.0,8,30,24,moderate_d60_balanced_human_only,moderate,60,balanced,human_only,11
10130,10120,38,4100,4097,0,0,10120,0,0,0.0,0.0,153788.90396400157,567.4836653013735,154356.38762929675,0.0,13601,11689.596437497328,0,0.0,0.0,0.0,0,0,0,0.0,0.0,0,0.0,0.0,0.0,43839.43297914164,0.0,0,0,0,20261132,411a19470bf4ec5a,human_only,0,1.0,0.98,10,3,0.0037549407114624506,0.004738400789733465,0.0007317073170731707,0.056075460998159445,15.252607473250666,0.0,740346.3950206361,726259.4092337881,12104.323487229802,0.0,730.6572163190273,0.0,0.0,496.0,0.17075896615072117,0.859465953789966,0.0,0.0,0.0,0.0,0.0,8,30,24,moderate_d60_balanced_human_only,moderate,60,balanced,human_only,12
9975,9970,26,3996,3994,0,0,9970,0,0,0.0,0.0,151432.2264689352,435.9353918929628,151868.16186082043,0.0,13452,10709.520712469763,0,0.0,0.0,0.0,0,0,0,0.0,0.0,0,0.0,0.0,0.0,43617.776708442005,0.0,0,0,0,20261133,411a19470bf4ec5a,human_only,0,1.0,0.98,5,2,0.002607823470411234,0.0031077694235588974,0.0005005005005005005,0.04372471332928413,15.232513727263834,0.0,742779.2836899703,728989.9416516477,12149.832360860795,0.0,726.9629451407001,0.0,0.0,496.0,0.1680339564404455,0.7961285096989119,0.0,0.0,0.0,0.0,0.0,8,30,24,moderate_d60_balanced_human_only,moderate,60,balanced,human_only,13
11917,11906,25,4640,4635,0,0,11906,0,0,0.0,0.0,177088.84819863777,34.493247578517185,177123.3414462034,0.0,15697,14006.859609544972,0,0.0,0.0,0.0,0,0,0,0.0,0.0,0,0.0,0.0,0.0,50048.79519196968,0.0,0,0,0,20261134,411a19470bf4ec5a,human_only,0,1.0,0.98,11,5,0.002099781622711238,0.003020894520432995,0.0010775862068965517,0.002897131494919972,14.876813492877828,0.0,717787.5580177229,699729.3298052001,11662.155496753336,0.0,834.146586532828,0.0,0.0,496.0,0.19602648071491613,0.8923271714050438,0.0,0.0,0.0,0.0,0.0,8,30,24,moderate_d60_balanced_human_only,moderate,60,balanced,human_only,14
10733,10726,42,4241,4237,0,0,10726,0,0,0.0,0.0,161005.9360813214,130.8087321589046,161136.74481346947,0.0,14151,11194.438108547463,0,0.0,0.0,0.0,0,0,0,0.0,0.0,0,0.0,0.0,0.0,45778.57399902863,0.0,0,0,0,20261135,411a19470bf4ec5a,human_only,0,1.0,0.98,7,4,0.003915718814096587,0.004565359172645113,0.0009431737797689225,0.012195481275303432,15.023004364485313,0.0,733152.1272015441,717824.0469453499,11963.734115755831,0.0,762.9762333171439,0.0,0.0,496.0,0.17881706182622747,0.7910704620555059,0.0,0.0,0.0,0.0,0.0,8,30,24,moderate_d60_balanced_human_only,moderate,60,balanced,human_only,15
10624,10620,56,4117,4115,3,0,10620,0,0,0.0,0.0,163071.07691506823,1343.9342737835686,164415.01118884177,0.0,14309,14344.31937596947,0,0.0,0.0,0.0,0,0,0,0.0,0.0,0,0.0,0.0,0.0,47281.597067458686,0.0,0,0,0,20261136,411a19470bf4ec5a,human_only,0,1.0,0.98,4,2,0.005273069679849341,0.005647590361445783,0.0012144765606023804,0.1265474834071157,15.481639471642351,0.0,732015.0131064685,717195.8649150074,11953.264415250123,0.0,788.0266177909781,0.0,0.0,496.0,0.1800907111262674,1.0024683329351785,0.0,0.0,0.0,0.0,0.0,8,30,24,moderate_d60_balanced_human_only,moderate,60,balanced,human_only,16
11146,11140,30,4462,4457,0,0,11140,0,0,0.0,0.0,168469.02196265713,209.62500581988934,168678.64696846594,0.0,14859,13392.660042506748,0,0.0,0.0,0.0,0,0,0,0.0,0.0,0,0.0,0.0,0.0,48103.597893548824,0.0,0,0,0,20261137,411a19470bf4ec5a,human_only,0,1.0,0.98,6,5,0.0026929982046678637,0.0032298582451103534,0.0011205737337516809,0.018817325477548413,15.141709781729437,0.0,726224.1492201377,709689.8019599722,11828.163365999537,0.0,801.7266315591471,0.0,0.0,496.0,0.1865768937946486,0.9013163767754726,0.0,0.0,0.0,0.0,0.0,8,30,24,moderate_d60_balanced_human_only,moderate,60,balanced,human_only,17
11582,11569,28,4675,4669,0,0,11569,0,0,0.0,0.0,170800.72552581178,206.25206295582757,171006.9775887552,0.0,15321,11275.20972329034,0,0.0,0.0,0.0,0,0,0,0.0,0.0,0,0.0,0.0,0.0,48088.16157508039,0.0,0,0,0,20261138,411a19470bf4ec5a,human_only,0,1.0,0.98,13,6,0.002420261042441006,0.0035399758245553445,0.0012834224598930481,0.017827994031967116,14.781483065844515,0.0,723573.5116245254,706846.5488838126,11780.77581473021,0.0,801.4693595846732,0.0,0.0,496.0,0.18954579791159787,0.7359317096332054,0.0,0.0,0.0,0.0,0.0,8,30,24,moderate_d60_balanced_human_only,moderate,60,balanced,human_only,18
10459,10453,21,4179,4178,0,0,10453,0,0,0.0,0.0,157985.6770600349,482.81420513962803,158468.4912651645,0.0,14040,12104.801005283727,0,0.0,0.0,0.0,0,0,0,0.0,0.0,0,0.0,0.0,0.0,45586.861935038374,0.0,0,0,0,20261139,411a19470bf4ec5a,human_only,0,1.0,0.98,6,1,0.0020089926336936763,0.002581508748446314,0.00023929169657812874,0.04618905626515144,15.160096744012677,0.0,736510.9822039482,721769.5276289546,12029.492127149244,0.0,759.7810322506396,0.0,0.0,496.0,0.17505490344539854,0.8621653137666472,0.0,0.0,0.0,0.0,0.0,8,30,24,moderate_d60_balanced_human_only,moderate,60,balanced,human_only,19
11676,11660,30,4600,4594,0,0,11660,0,0,0.0,0.0,171790.18324998667,263.28663274078644,172053.46988271506,0.0,15375,12070.260405762489,0,0.0,0.0,0.0,0,0,0,0.0,0.0,0,0.0,0.0,0.0,48209.0852281031,0.0,0,0,0,20261140,411a19470bf4ec5a,human_only,0,1.0,0.98,16,6,0.002572898799313894,0.0039397053785543,0.0013043478260869566,0.02258032870847225,14.755872202634224,0.0,722529.9440958683,705467.3455863398,11757.789093105665,0.0,803.4847538017183,0.0,0.0,496.0,0.19071466835140205,0.7850575873666659,0.0,0.0,0.0,0.0,0.0,8,30,24,moderate_d60_balanced_human_only,moderate,60,balanced,human_only,20
10787,10772,47,4266,4261,0,0,10772,0,0,0.0,0.0,163123.99575947862,1318.8249601631014,164442.82071963086,0.0,14282,13701.377956053333,0,0.0,0.0,0.0,0,0,0,0.0,0.0,0,0.0,0.0,0.0,47359.48373862322,0.0,0,0,0,20261141,411a19470bf4ec5a,human_only,0,1.0,0.98,15,5,0.004363163757890828,0.005747659219430796,0.0011720581340834506,0.12243083551458424,15.26576501296239,0.0,731762.4486135994,716744.8993872817,11945.748323121363,0.0,789.3247289770536,0.0,0.0,496.0,0.1803736014632623,0.9593458868543154,0.0,0.0,0.0,0.0,0.0,8,30,24,moderate_d60_balanced_human_only,moderate,60,balanced,human_only,21
11445,11433,53,4662,4657,0,0,11433,0,0,0.0,0.0,176266.4662136265,212.44074431069384,176478.90695792512,0.0,15383,17175.791125894015,0,0.0,0.0,0.0,0,0,0,0.0,0.0,0,0.0,0.0,0.0,50896.47472374021,0.0,0,0,0,20261142,411a19470bf4ec5a,human_only,0,1.0,0.98,12,5,0.004635703664829878,0.005679335954565312,0.0010725010725010724,0.018581364848306994,15.43592293867971,0.0,718083.4333610458,701390.7609297538,11689.846015495896,0.0,848.2745787290036,0.0,0.0,496.0,0.1956950791206924,1.116543660267439,0.0,0.0,0.0,0.0,0.0,8,30,24,moderate_d60_balanced_human_only,moderate,60,balanced,human_only,22
10468,10460,50,4240,4237,0,0,10460,0,0,0.0,0.0,156923.97707840832,1621.3484659949027,158545.32554439132,0.0,13982,10467.890835660231,0,0.0,0.0,0.0,0,0,0,0.0,0.0,0,0.0,0.0,0.0,45281.86829023636,0.0,0,0,0,20261143,411a19470bf4ec5a,human_only,0,1.0,0.98,8,3,0.004780114722753346,0.00554069545280856,0.0007075471698113207,0.15500463346031573,15.157296897169342,0.0,737735.0565347421,723252.5546697879,12054.209244496464,0.0,754.6978048372727,0.0,0.0,496.0,0.1736838524476455,0.7486690627707218,0.0,0.0,0.0,0.0,0.0,8,30,24,moderate_d60_balanced_human_only,moderate,60,balanced,human_only,23
11959,11939,21,4865,4855,0,0,11939,0,0,0.0,0.0,177265.7826317339,315.42923622112176,177581.2118679444,0.0,15706,13889.295919706952,0,0.0,0.0,0.0,0,0,0,0.0,0.0,0,0.0,0.0,0.0,50518.51137772519,0.0,0,0,0,20261144,411a19470bf4ec5a,human_only,0,1.0,0.98,20,10,0.001758941284864729,0.0034283802993561336,0.0020554984583761563,0.026420071716318095,14.87404404623037,0.0,716827.9212353565,698945.7102149029,11649.095170248382,0.0,841.9751896287531,0.0,0.0,496.0,0.1971013427023337,0.8843305691905611,0.0,0.0,0.0,0.0,0.0,8,30,24,moderate_d60_balanced_human_only,moderate,60,balanced,human_only,24
10658,10645,73,4335,4329,4,0,10645,0,0,0.0,0.0,165088.07771309707,2395.9914541616126,167484.06916724576,0.0,14474,15159.694124843505,0,0.0,0.0,0.0,0,0,0,0.0,0.0,0,0.0,0.0,0.0,48736.35607075526,0.0,0,0,0,20261145,411a19470bf4ec5a,human_only,0,1.0,0.98,13,6,0.006857679661813058,0.008069056108087821,0.002306805074971165,0.22508139541208197,15.733590339807023,0.0,730150.3586689165,715341.5971265634,11922.359952109391,0.0,812.2726011792544,0.0,0.0,496.0,0.18217925776331034,1.0473741968248933,0.0,0.0,0.0,0.0,0.0,8,30,24,moderate_d60_balanced_human_only,moderate,60,balanced,human_only,25
11411,11394,67,4515,4511,0,0,11394,0,0,0.0,0.0,173453.56800756993,1320.7592941210278,174774.32730167985,0.0,15207,14966.39228099976,0,0.0,0.0,0.0,0,0,0,0.0,0.0,0,0.0,0.0,0.0,50469.63722440975,0.0,0,0,0,20261146,411a19470bf4ec5a,human_only,0,1.0,0.98,17,4,0.005880287870809198,0.007361318026465691,0.0008859357696566999,0.1159170874250507,15.339154581506042,0.0,721448.3913748073,704694.7103995162,11744.911839991935,0.0,841.1606204068291,0.0,0.0,496.0,0.19192608492965124,0.9841778313276622,0.0,0.0,0.0,0.0,0.0,8,30,24,moderate_d60_balanced_human_only,moderate,60,balanced,human_only,26
11731,11718,32,4692,4688,0,0,11718,0,0,0.0,0.0,174619.5415872192,398.76928810155914,175018.31087530963,0.0,15494,13054.383785166288,0,0.0,0.0,0.0,0,0,0,0.0,0.0,0,0.0,0.0,0.0,49626.29334631529,0.0,0,0,0,20261147,411a19470bf4ec5a,human_only,0,1.0,0.98,13,4,0.00273084144051886,0.003835990111669934,0.0008525149190110827,0.034030490536060685,14.93585175587213,0.0,719485.448462128,702013.6921910624,11700.228203184373,0.0,827.1048891052548,0.0,0.0,496.0,0.1941247217046057,0.8425444549610358,0.0,0.0,0.0,0.0,0.0,8,30,24,moderate_d60_balanced_human_only,moderate,60,balanced,human_only,27
11047,11036,31,4371,4367,0,0,11036,0,0,0.0,0.0,165666.37794765356,96.89879252569517,165763.27674017148,0.0,14610,13703.97544665898,0,0.0,0.0,0.0,0,0,0,0.0,0.0,0,0.0,0.0,0.0,47001.94346624347,0.0,0,0,0,20261148,411a19470bf4ec5a,human_only,0,1.0,0.98,11,4,0.0028089887640449437,0.0038019371775142572,0.0009151223976206818,0.008780245788845158,15.02023167272304,0.0,728506.9466563902,712341.4001012122,11872.356668353537,0.0,783.3657244373912,0.0,0.0,496.0,0.18401999702465255,0.937985999086857,0.0,0.0,0.0,0.0,0.0,8,30,24,moderate_d60_balanced_human_only,moderate,60,balanced,human_only,28
10180,10168,86,3980,3976,2,0,10168,0,0,0.0,0.0,158409.83535458444,2335.8980934321808,160745.7334480045,0.0,13782,14515.907679005242,0,0.0,0.0,0.0,0,0,0,0.0,0.0,0,0.0,0.0,0.0,46441.56105348195,0.0,0,0,0,20261149,411a19470bf4ec5a,human_only,0,1.0,0.98,12,4,0.008457907159716758,0.00962671905697446,0.001507537688442211,0.22973033963731124,15.808982439811615,0.0,736909.8726293171,722938.1416861747,12048.96902810291,0.0,774.0260175580325,0.0,0.0,496.0,0.17460811757468964,1.053251173922888,0.0,0.0,0.0,0.0,0.0,8,30,24,moderate_d60_balanced_human_only,moderate,60,balanced,human_only,29
10920,10910,33,4402,4398,2,208,10702,4,4,1932.177387491559,860.8439623165655,161654.2725476373,373.5705953877241,168392.6491444668,6364.806001451228,14733,13881.197578184225,30,0.0,3247.8414296757755,97.43524289027327,0,0,208,0.0,1456.0,624,1276.8439623165611,1719.2418879763368,1731.7530604108433,47612.7677016777,1630.4659149863594,0,0,0,20261120,edc390fb6c31ec0e,adaptive_hybrid,2,1.0,0.98,10,4,0.0030247479376718607,0.003937728937728938,0.0013630168105406633,0.03424111781738993,15.434706612691732,1071.3334251749936,729394.1962748321,713270.7215847127,11887.845359745212,21.28073270527602,793.546128361295,27.174431916439325,2.7752452891199413,496.0,0.1830262138498744,0.9421840479321404,0.0,0.03759075728791407,0.0,0.0,0.01685185185185185,8,30,24,moderate_d60_balanced_adaptive_hybrid,moderate,60,balanced,adaptive_hybrid,0
10819,10800,57,4312,4304,5,331,10469,9,9,3077.9539553353993,1402.920748521806,157881.5700312272,1179.6869446655983,169142.49386776364,10081.236891879318,14799,12569.615092283151,47,0.0,5101.3240032318445,155.77966522110415,0,0,331,0.0,2317.0,993,2064.9207485217953,2693.17068086545,2704.5921011507926,47280.20814507088,2666.576473273841,0,0,0,20261121,edc390fb6c31ec0e,adaptive_hybrid,2,1.0,0.98,19,8,0.005277777777777778,0.007024678805804603,0.0030148423005565863,0.10923027265422207,15.66134202479293,1675.0332068135933,732156.0722542482,715725.2698539516,11928.75449756586,34.415345808696586,788.0034690845147,44.44294122123069,2.7236577050863975,496.0,0.1799327147689872,0.8493557059452093,0.0,0.05904310188925746,0.0,0.0,0.026817129629629628,8,30,24,moderate_d60_balanced_adaptive_hybrid,moderate,60,balanced,adaptive_hybrid,1
12518,12508,75,4892,4885,5,105,12403,0,0,992.8392949635686,407.2898098928594,187008.18243495375,240.3031235852559,190736.90473745545,3488.4191789310535,16623,16589.273124980955,14,0.0,1524.191938179962,48.53212616809827,0,0,105,0.0,735.0,315,617.2898098928591,989.2145993505758,992.4945963817663,53990.691107175706,817.2968048163088,0,0,0,20261122,edc390fb6c31ec0e,adaptive_hybrid,2,1.0,0.98,10,7,0.005996162456028142,0.006790222080204506,0.0024529844644317253,0.01921195423610936,15.249192895543288,585.5494850707091,705833.3195672358,686194.161819535,11436.569363658917,10.288163498214319,899.8448517862618,13.621613413605148,3.1507764964500518,496.0,0.20941608471411766,0.9979710717067289,0.0,0.017641110395601414,0.0,0.0,0.008506944444444444,8,30,24,moderate_d60_balanced_adaptive_hybrid,moderate,60,balanced,adaptive_hybrid,2
10389,10380,36,4215,4212,3,77,10303,1,1,790.2777108978721,298.0229443371027,154160.6867422921,333.38086683323127,157171.08106746187,2677.013458349,13916,11108.977515546001,11,0.0,1182.6796745559234,40.33388752669099,0,0,77,0.0,539.0,231,452.022944337103,718.1097172192383,718.8022955582419,44223.08959070667,692.1094228212025,0,0,0,20261123,edc390fb6c31ec0e,adaptive_hybrid,2,1.0,0.98,9,3,0.003468208092485549,0.004331504475887958,0.0014234875444839859,0.032117617228634994,15.141722646190932,492.25476656076944,739462.1611815982,724328.5931453685,12072.143219089476,7.533715738951717,737.0514931784445,11.535157047020043,3.111698249169878,496.0,0.17174937143638191,0.7982881227037942,0.0,0.013688422159212076,0.0,0.0,0.006238425925925926,8,30,24,moderate_d60_balanced_adaptive_hybrid,moderate,60,balanced,adaptive_hybrid,3
10405,10396,74,4163,4158,7,121,10275,2,2,1160.1818912276676,495.0435563635612,154611.398091363,1181.463810309353,159782.46785396148,3989.6059522987416,13950,12377.393477665266,16,0.0,1748.8202341279118,57.78509307020792,0,0,121,0.0,847.0,363,737.0435563635608,1140.333321644417,1143.519350008657,45035.55846605623,974.0724479683155,0,0,0,20261124,edc390fb6c31ec0e,adaptive_hybrid,2,1.0,0.98,9,5,0.007118122354751828,0.007976934166266218,0.002882536632236368,0.11364599945261188,15.369610220658089,665.1383348641064,738388.1404369718,723325.4761755306,12055.42460292551,12.284059272726013,750.5926411009372,16.234540799471926,3.1501910468558045,496.0,0.1729523516610979,0.887268349653424,0.0,0.020240974932036016,0.0,0.0,0.00980324074074074,8,30,24,moderate_d60_balanced_adaptive_hybrid,moderate,60,balanced,adaptive_hybrid,4
11041,11030,37,4345,4338,3,224,10806,7,7,2151.894277009204,937.4225282016372,161588.06878669182,214.9751789151378,168799.53493516427,6996.490969568917,14940,13064.57152563495,33,0.0,3608.3366036822895,109.70707815996552,0,0,224,0.0,1568.0,672,1385.4225282016318,1835.0462780905125,1850.358014888916,47557.9095846503,1937.172017180116,0,0,0,20261125,edc390fb6c31ec0e,adaptive_hybrid,2,1.0,0.98,11,7,0.0033544877606527653,0.004347432297799113,0.0023014959723820483,0.019490043419323463,15.303674971456415,1214.4717488075667,729582.4626054484,713365.210383377,11889.420173056284,23.090375470027197,792.6318264108382,32.286200286335266,2.7535089507275536,496.0,0.1828153420637898,0.874469312291496,0.0,0.041763155135211685,0.0,0.0,0.01814814814814815,8,30,24,moderate_d60_balanced_adaptive_hybrid,moderate,60,balanced,adaptive_hybrid,5
11828,11816,41,4715,4710,3,294,11522,5,5,2834.141962903505,1220.328189933605,173018.89290424166,93.8923630777681,182324.0972116693,9211.311944361663,16068,15580.086044929403,43,0.0,4661.100489121484,140.58966515606963,0,0,294,0.0,2058.0,882,1808.328189933596,2504.0607466179663,2509.354825605624,51961.4042960053,2373.1319450915953,0,0,0,20261126,edc390fb6c31ec0e,adaptive_hybrid,2,1.0,0.98,12,5,0.0034698713608666215,0.004480892796753466,0.001696712619300106,0.007946205406039955,15.4302722758691,1613.8137729699,716872.3680805052,698371.244091782,11639.520734863034,30.13880316555993,866.0234049334216,39.55219908485992,2.8450734984190746,496.0,0.19705155904961336,0.9696344314743218,0.0,0.05394792232779496,0.0,0.0,0.023819444444444445,8,30,24,moderate_d60_balanced_adaptive_hybrid,moderate,60,balanced,adaptive_hybrid,6
11430,11419,58,4570,4568,5,225,11194,6,6,2132.109445490881,934.1083848841589,170825.20862957748,602.7659438916817,178478.32294123503,7050.348367777769,15413,15865.58873704812,33,0.0,3522.4930845893045,106.26352564067766,0,0,225,0.0,1575.0,675,1384.1083848841538,1820.6107001593807,1838.697976798987,50872.06510321788,1803.808282166775,0,0,0,20261127,edc390fb6c31ec0e,adaptive_hybrid,2,1.0,0.98,11,2,0.005079253875120413,0.006036745406824147,0.0015317286652078775,0.05278622855693858,15.629943334901045,1198.0010606067221,720968.026711384,703767.2045777221,11729.453409628703,23.068473081402562,847.867751720298,30.063471369446248,2.7239970026651656,496.0,0.19246412778742839,1.0293640911599378,0.0,0.04076959588645029,0.0,0.0,0.018229166666666668,8,30,24,moderate_d60_balanced_adaptive_hybrid,moderate,60,balanced,adaptive_hybrid,7
11393,11382,75,4407,4402,8,172,11210,3,3,1738.5305150134611,691.9736531529927,169189.62869132223,2515.79919830747,177595.5399139638,5890.1120243444275,15274,14761.441998738826,26,0.0,2846.6357640933984,89.18519586692193,0,0,172,0.0,1204.0,516,1035.973653152989,1662.5725480531125,1685.907671524148,49973.09551934946,1539.8929593781797,0,0,0,20261128,edc390fb6c31ec0e,adaptive_hybrid,2,1.0,0.98,11,5,0.006589351607801793,0.007548494689721759,0.0029498525073746312,0.2210331398969838,15.603192752940062,1046.5568618604684,723168.3433397865,706527.1863000185,11775.453105000308,17.266227552549818,832.884925322491,25.664882656302996,3.2672629293103643,496.0,0.1899996154348269,0.9664424511417328,0.0,0.032947173195525446,0.0,0.0,0.013935185185185186,8,30,24,moderate_d60_balanced_adaptive_hybrid,moderate,60,balanced,adaptive_hybrid,8
11998,11986,127,4782,4775,15,283,11703,4,4,2742.71897943356,1188.4148503450053,180699.1129742351,2473.941370313987,192289.04426726812,9115.989922729847,16287,19767.631221436728,42,0.0,4603.975058229305,139.17571050899932,0,0,283,0.0,1981.0,849,1754.4148503449974,2362.142676166875,2405.8012632154587,54670.62322208693,2375.4599957626747,0,0,0,20261129,edc390fb6c31ec0e,adaptive_hybrid,2,1.0,0.98,12,7,0.01059569497747372,0.011585264210701784,0.004600585529067336,0.2064025838740186,16.042803626503265,1554.3041290885546,710645.5842309612,692457.9805597401,11540.966342662336,29.240247505749956,911.1770537014488,39.59099992937791,2.833688178110081,496.0,0.20402600332553633,1.2137060982032744,0.0,0.05328674835913548,0.0,0.0,0.022928240740740742,8,30,24,moderate_d60_balanced_adaptive_hybrid,moderate,60,balanced,adaptive_hybrid,9
10742,10728,57,4260,4256,4,288,10440,3,3,2757.5823757209196,1158.4542152918946,159767.71268597926,1500.9786909454433,170316.32538374292,9047.634006825574,14670,14527.837914592672,42,0.0,4557.037826335146,137.96977926404682,0,0,288,0.0,2016.0,864,1734.4542152918873,2507.1229779073865,2527.1902048808206,47874.26451305994,2339.21394791945,0,0,0,20261130,edc390fb6c31ec0e,adaptive_hybrid,2,1.0,0.98,14,4,0.005313199105145414,0.006609569912493018,0.0018779342723004694,0.13991225679953798,15.875869256501018,1599.128160429025,730888.8131623854,714867.1948248128,11914.453247080213,28.907570254864787,797.904408550999,38.98689913199084,2.924988663056505,496.0,0.18135213579481924,0.9903093329647357,0.0,0.05274349336036049,0.0,0.0,0.023333333333333334,8,30,24,moderate_d60_balanced_adaptive_hybrid,moderate,60,balanced,adaptive_hybrid,10
9340,9328,10,3731,3727,1,105,9223,5,5,969.942528072491,434.63668193610675,138669.555646851,8.237734155243743,141868.73816478153,3190.944783783105,12671,8686.56456328136,15,0.0,1627.4705895755162,49.672562049405414,0,0,105,0.0,735.0,315,644.6366819361066,858.2688046557465,858.2688046554267,39839.57272545591,846.9024529908967,0,0,0,20261131,edc390fb6c31ec0e,adaptive_hybrid,2,1.0,0.98,12,4,0.001072041166380789,0.002355460385438972,0.0013401232913428035,0.0008831190132122366,15.208912753514316,535.3058461363842,754255.1126481087,741181.2439986235,12353.020733310392,10.74394469893511,663.9928787575985,14.115040883181612,2.7246628719219896,496.0,0.15518020536726174,0.6855468836935805,0.0,0.01883646515712403,0.0,0.0,0.008506944444444444,8,30,24,moderate_d60_balanced_adaptive_hybrid,moderate,60,balanced,adaptive_hybrid,11
10130,10120,45,4100,4098,5,176,9944,2,2,1720.281689971153,703.221986477922,150729.64256069835,770.5934523243232,157055.15665722455,5554.920644209538,13776,12260.91084052121,25,0.0,2763.5476827561165,84.7748626570959,0,0,176,0.0,1232.0,528,1055.221986477918,1577.5911652112686,1593.6027796908966,44038.94337201298,1415.6187912562134,0,0,0,20261132,edc390fb6c31ec0e,adaptive_hybrid,2,1.0,0.98,10,2,0.004446640316205534,0.005429417571569595,0.0017073170731707317,0.07614559805576315,15.519284254666458,1017.0597034932309,740721.2606591772,726079.3380937121,12101.322301561868,17.5870331079653,733.9823895335497,23.59364652093689,3.01818708274791,496.0,0.17033908976346634,0.8900196603165803,0.0,0.031985505587455054,0.0,0.0,0.01425925925925926,8,30,24,moderate_d60_balanced_adaptive_hybrid,moderate,60,balanced,adaptive_hybrid,12
9975,9972,32,3996,3996,3,58,9914,2,2,509.906974920099,239.44583742128245,150126.71205020024,370.47178717781753,152498.46300707594,2001.2791697034863,13478,10860.207978098855,7,0.0,773.5725145955696,26.16252557363809,0,0,58,0.0,406.0,174,355.4458374212828,636.2057744210781,645.9043761161738,43491.63749692888,459.17068308516525,0,0,0,20261133,edc390fb6c31ec0e,adaptive_hybrid,2,1.0,0.98,3,0,0.003208985158443642,0.0035087719298245615,0.0007507507507507507,0.03715120208361588,15.292665764849172,270.4611374988166,743140.1248670658,729193.3178642773,12153.221964404622,5.924097290354713,724.8606249488147,7.6528447180860875,3.7120941156101943,496.0,0.16762978845534748,0.8057729617227226,0.0,0.00895338558559687,0.0,0.0,0.004699074074074074,8,30,24,moderate_d60_balanced_adaptive_hybrid,moderate,60,balanced,adaptive_hybrid,13
11917,11905,45,4640,4635,5,333,11572,10,10,2965.896585061525,1420.4635721615057,172031.78683035073,148.54662093155457,182250.19320958003,10069.859758309374,16045,14885.43927240766,47,0.0,5063.136732981285,152.48917033345643,0,0,331,0.0,2317.0,997,2082.4635721614964,2700.201522165087,2701.9306761281186,50740.91766156705,2663.7497745288238,1,0,0,20261134,edc390fb6c31ec0e,adaptive_hybrid,2,1.0,0.98,12,5,0.0037799244015119695,0.004783082990685575,0.0021551724137931034,0.012477666604918485,15.308710055403614,1545.4330129000193,717986.934527751,699191.9646319471,11653.199410532452,34.7077262026916,845.6819610261175,44.3958295754804,2.710060858704231,496.0,0.19580316473146175,0.927730711898265,0.0,0.0586011195946908,0.0,0.0,0.026817129629629628,8,30,24,moderate_d60_balanced_adaptive_hybrid,moderate,60,balanced,adaptive_hybrid,14
10733,10724,45,4241,4235,4,145,10579,0,0,1412.3398660138039,567.103988452768,158186.61947055208,99.14025804740231,162973.81054110941,4688.05081251806,14258,11747.304832606653,20,0.0,2199.931395249315,70.1646006541283,0,0,143,0.0,1001.0,433,853.103988452766,1319.0071403018467,1322.8040808953701,45695.39348852944,1172.5659235922792,0,0,0,20261135,edc390fb6c31ec0e,adaptive_hybrid,2,1.0,0.98,9,6,0.004196195449459157,0.005031212149445635,0.002357934449422306,0.009244708881704804,15.197110270524936,845.2358775610359,733755.0379602491,718296.7440287942,11971.612400479904,14.218399807546099,761.5898914754906,19.542765393204654,3.054974782668291,496.0,0.1781417585570686,0.8239097231453677,0.0,0.0254621689264967,0.0,0.0,0.011585648148148149,8,30,24,moderate_d60_balanced_adaptive_hybrid,moderate,60,balanced,adaptive_hybrid,15
10624,10618,61,4117,4114,11,204,10414,7,7,1971.2774479996126,879.5958650081562,159602.93960348063,1314.8809520952855,167433.38803187507,6515.567476306658,14500,14604.52494076889,30,0.0,3288.8573824120804,99.52059568028542,0,0,204,0.0,1428.0,612,1287.5958650081511,1708.9945053033666,1724.4496046595796,47167.19648529634,1695.620949268538,0,0,0,20261136,edc390fb6c31ec0e,adaptive_hybrid,2,1.0,0.98,6,3,0.005744961386325108,0.006306475903614458,0.003400534369686665,0.12383508684265261,15.768825393847719,1091.6815829914563,732291.1390849205,716462.6626658754,11941.04437776459,21.459931083469186,786.1199414216057,28.260349154475634,2.8177281121888553,496.0,0.17978143023642412,1.007208616604751,0.0,0.038065478963102785,0.0,0.0,0.016527777777777777,8,30,24,moderate_d60_balanced_adaptive_hybrid,moderate,60,balanced,adaptive_hybrid,16
11146,11140,36,4462,4457,1,44,11096,1,1,398.6917108808138,174.28650153275782,167537.64717649005,156.10247824781618,169229.01691581897,1535.267261093184,14885,13602.185361393658,5,0.0,537.1409388660857,18.993693764489336,0,0,44,0.0,308.0,132,262.28650153275805,504.42492656157873,513.748327205336,48025.073466262445,296.99785950097663,0,0,0,20261137,edc390fb6c31ec0e,adaptive_hybrid,2,1.0,0.98,6,5,0.003231597845601436,0.0037681679526287456,0.001344688480502017,0.01401278978885244,15.191114624400265,224.40520934805596,726404.7789819628,709532.5096376999,11825.541827295,4.371441692212634,800.4178911043741,4.9499643250162775,3.892032781858606,496.0,0.1863745755130345,0.9138182977086771,0.0,0.006216909014653769,0.0,0.0,0.003564814814814815,8,30,24,moderate_d60_balanced_adaptive_hybrid,moderate,60,balanced,adaptive_hybrid,17
11582,11571,30,4675,4670,2,186,11385,5,5,1790.259700000155,795.7075053423025,167643.99332748193,136.42135066416085,173592.09974685288,5811.685068718169,15511,11488.831302814679,28,0.0,3104.04507761331,92.62637900796983,0,0,186,0.0,1302.0,558,1167.7075053422993,1473.9934716550933,1477.6335731259605,48288.66522747116,1614.9340666733622,0,0,0,20261138,edc390fb6c31ec0e,adaptive_hybrid,2,1.0,0.98,11,5,0.0025926886180969665,0.0035399758245553445,0.001497326203208556,0.01178993610441283,15.002342040173959,994.5521946578524,724066.6966330712,706776.1388635795,11779.60231439299,19.46179175570499,804.8110871245193,26.91556777788937,2.648088840727528,496.0,0.18899339534826254,0.7406892723109199,0.0,0.03592644765756146,0.0,0.0,0.015069444444444444,8,30,24,moderate_d60_balanced_adaptive_hybrid,moderate,60,balanced,adaptive_hybrid,18
10459,10452,32,4179,4178,2,85,10367,2,2,799.2247591942795,351.08272080383625,156254.7821468143,557.2114541980136,159490.59708302908,2678.603482026512,14113,12210.51533530255,11,0.0,1181.970228721585,38.84838701920353,0,0,85,0.0,595.0,255,521.082720803837,725.7917037481953,732.810503090408,45540.30218953686,632.4804262915083,0,0,0,20261139,edc390fb6c31ec0e,adaptive_hybrid,2,1.0,0.98,7,1,0.0030616150019135095,0.0037288459699780095,0.0007178750897343862,0.05331146710658377,15.259337646673275,448.14203839044325,736894.6553295038,721778.2231354485,12029.637052257476,8.684712013397283,759.005036492281,10.541340438191805,2.873766678785914,496.0,0.1746251620413264,0.8651962966982605,0.0,0.013680210980573902,0.0,0.0,0.0068865740740740745,8,30,24,moderate_d60_balanced_adaptive_hybrid,moderate,60,balanced,adaptive_hybrid,19
11676,11659,48,4600,4594,6,258,11401,5,5,2552.4587993299388,1053.3297891888485,168042.8807933433,192.73497201260034,176329.52631106952,8093.910545723411,15631,13024.251575000435,38,0.0,4111.106325624923,127.4667606769583,0,0,258,0.0,1806.0,774,1569.3297891888403,2093.1250016711947,2094.575581538218,48646.834043936266,2212.1656768050807,0,0,0,20261140,edc390fb6c31ec0e,adaptive_hybrid,2,1.0,0.98,17,6,0.004116991165623124,0.005566974991435423,0.0026086956521739132,0.016531003689218657,15.123897959607987,1499.1290101410902,722565.6944940327,704971.4275613634,11749.523792689391,26.155496486480672,810.7805673989377,36.869427946751344,2.706170001987362,496.0,0.1906746253427054,0.833232139658399,0.0,0.04758224913917734,0.0,0.0,0.020902777777777777,8,30,24,moderate_d60_balanced_adaptive_hybrid,moderate,60,balanced,adaptive_hybrid,20
10787,10772,62,4266,4261,7,274,10498,8,8,2575.5323586735963,1159.5631614756333,158976.82562785962,1311.9511191476922,168907.83939023816,8619.062643242418,14543,14914.336030304286,39,0.0,4282.172091500736,131.31351541535815,0,0,274,0.0,1918.0,822,1707.563161475626,2310.459902665381,2336.553632975001,47656.9560460229,2245.962578954431,0,0,0,20261141,edc390fb6c31ec0e,adaptive_hybrid,2,1.0,0.98,15,5,0.005755662829558114,0.007138221933809215,0.0028129395218002813,0.12179271436573452,15.680267303215574,1415.969197197963,731835.5804016351,716058.0553874127,11934.300923123545,28.459386024593766,794.2826007670483,37.43270964924052,2.8425226678527995,496.0,0.1802916886182402,1.0255336608886947,0.0,0.04956217698496223,0.0,0.0,0.022199074074074072,8,30,24,moderate_d60_balanced_adaptive_hybrid,moderate,60,balanced,adaptive_hybrid,21
11445,11437,62,4662,4660,6,147,11290,1,1,1416.5762906851578,577.5229277023627,174450.09469062334,386.28793692614636,179605.7772722355,4769.3946446981445,15557,18163.148480960128,21,0.0,2300.99653585401,71.45975065044891,0,0,147,0.0,1029.0,441,871.5229277023607,1306.176373877192,1317.8804077608565,51777.70046102613,1218.2300539011799,0,0,0,20261142,edc390fb6c31ec0e,adaptive_hybrid,2,1.0,0.98,8,2,0.005421002011016875,0.0061162079510703364,0.001716001716001716,0.03377528520819676,15.703923867468347,839.0533629827951,717777.1382074631,700887.8363276073,11681.463938793455,14.525382128372678,862.9616743504355,20.30383423168633,2.9883909473035297,496.0,0.1960381516493469,1.1675225609667756,0.0,0.02663190435016215,0.0,0.0,0.011909722222222223,8,30,24,moderate_d60_balanced_adaptive_hybrid,moderate,60,balanced,adaptive_hybrid,22
10468,10461,52,4240,4236,5,80,10381,1,1,723.0241984686452,324.8265747075056,155538.11425760944,1485.694615487524,159769.88341983737,2746.074546752152,14076,10758.7874874124,11,0.0,1186.4010867059535,37.65752794264265,0,0,80,0.0,560.0,240,484.82657470750627,827.757372142744,841.2554186761299,45364.30781592255,664.3941830790851,0,0,0,20261143,edc390fb6c31ec0e,adaptive_hybrid,2,1.0,0.98,7,4,0.00497084408756333,0.005636224684753535,0.0021226415094339622,0.14202223644847758,15.272907314772715,398.1976237611396,737762.7545951881,722746.0282528469,12045.76713754745,8.08044291179177,756.0717969320425,11.073236384651418,3.5052309111505413,496.0,0.173652828634422,0.7643355702907361,0.0,0.013731494059096684,0.0,0.0,0.006481481481481481,8,30,24,moderate_d60_balanced_adaptive_hybrid,moderate,60,balanced,adaptive_hybrid,23
11959,11944,39,4865,4858,4,206,11738,4,4,1904.5756221121978,866.3603678324704,173877.00124340985,615.068806819183,180878.56992402498,6386.499873806315,15888,14475.63137181159,29,0.0,3078.8132388962567,95.26682941928851,0,0,206,0.0,1442.0,618,1278.3603678324653,1734.9196570368108,1752.9974086834409,50783.165343399865,1629.9772653359696,0,0,0,20261144,edc390fb6c31ec0e,adaptive_hybrid,2,1.0,0.98,15,7,0.0032652377762893503,0.0045154277113471026,0.0022610483042137717,0.051496048795979826,15.143885626592848,1038.2152542797276,717185.5975160506,698875.0012090848,11647.91668681808,21.30600613054109,846.3860890566644,27.166287755599495,2.83656538621916,496.0,0.19670071962807956,0.9111046935933781,0.0,0.035634412487225195,0.0,0.0,0.016689814814814814,8,30,24,moderate_d60_balanced_adaptive_hybrid,moderate,60,balanced,adaptive_hybrid,24
10658,10645,86,4335,4331,14,143,10502,4,4,1338.6518877715578,588.3260548807644,162688.97528134898,2587.174148827453,170047.19413078978,4771.0447006256545,14586,15774.747036683893,21,0.0,2252.8789861941495,66.75506729471341,0,0,143,0.0,1001.0,429,874.3260548807629,1384.5899380071396,1422.4888337437515,49081.41400596541,1111.56357341982,0,0,0,20261145,edc390fb6c31ec0e,adaptive_hybrid,2,1.0,0.98,13,4,0.008078910286519492,0.009288797147682493,0.004152249134948097,0.24304125399976073,15.974372393686217,750.3258328907933,730240.8954283763,715041.8719583652,11917.36453263942,14.57210091467938,818.0235667660902,18.526059556996998,3.315824787281472,496.0,0.18207785010262512,1.081499179808302,0.0,0.02607498826613599,0.0,0.0,0.011585648148148149,8,30,24,moderate_d60_balanced_adaptive_hybrid,moderate,60,balanced,adaptive_hybrid,25
11411,11398,92,4515,4511,9,328,11070,5,5,3001.550342728397,1374.7797525632684,168560.24684289773,1325.2039988649813,179901.87673748165,10016.42589573004,15501,16096.845639538971,45,0.0,4948.813014926858,151.13255864589686,0,0,328,0.0,2296.0,984,2030.7797525632593,2750.758259074553,2774.4206206321305,51131.70472848712,2543.583240914163,0,0,0,20261146,edc390fb6c31ec0e,adaptive_hybrid,2,1.0,0.98,13,4,0.00807159150728198,0.009201647533082113,0.0028792912513842745,0.1162663624201598,15.783635439329853,1626.7705901651286,721547.5601819955,703551.176872143,11725.85294786905,33.846329209387655,852.1950788081188,42.39305401523605,2.8195331510489132,496.0,0.1918150087567254,1.0384391742170809,0.0,0.057277928413505305,0.0,0.0,0.026574074074074073,8,30,24,moderate_d60_balanced_adaptive_hybrid,moderate,60,balanced,adaptive_hybrid,26
11731,11719,41,4692,4688,6,193,11526,6,6,1880.5934223009272,909.5462986862814,171114.94293196552,333.9364166026062,177465.22019339926,6016.340844843398,15702,13175.246598896527,29,0.0,3168.7470921838203,94.10897532417144,0,0,192,0.0,1344.0,578,1293.5462986862765,1489.1670091462252,1491.4136263584624,49612.11151384136,1628.9144972613346,0,0,0,20261147,edc390fb6c31ec0e,adaptive_hybrid,2,1.0,0.98,12,4,0.0034985920300366923,0.004517943909300145,0.002131287297527707,0.028495299650363185,15.143375731154473,971.0471236146458,720232.9878440439,701679.9182304695,11694.665303841157,21.559104978104607,826.8685252306893,27.148574954355578,2.5803003916236373,496.0,0.19328742400980747,0.8390807921854876,0.0,0.03667531356694236,0.0,0.0,0.015555555555555555,8,30,24,moderate_d60_balanced_adaptive_hybrid,moderate,60,balanced,adaptive_hybrid,27
11047,11035,45,4371,4366,6,272,10763,4,4,2522.0044360303928,1206.718859461843,161959.74996123847,93.27336909858059,170322.36662845794,8269.343298128446,14869,15245.846392515972,38,0.0,4133.926170054583,124.10101817863017,0,0,272,0.0,1904.0,816,1750.7188594618349,2152.1788503617067,2155.7061245070963,47597.71776461997,2061.4402829624246,0,0,0,20261148,edc390fb6c31ec0e,adaptive_hybrid,2,1.0,0.98,12,5,0.0040779338468509285,0.005159771883769349,0.0025165865934568747,0.00845250286348714,15.434740972220927,1315.2855765685497,728343.8269945169,711926.288092647,11865.43813487745,29.178647657697248,793.2952960769995,34.357338049373745,2.6417967212096767,496.0,0.18420270273911643,1.0253444342266442,0.0,0.04784636770896508,0.0,0.0,0.022037037037037036,8,30,24,moderate_d60_balanced_adaptive_hybrid,moderate,60,balanced,adaptive_hybrid,28
10180,10166,94,3980,3975,14,223,9943,4,4,2221.6169997714233,878.5036369765456,154446.57847618253,2504.011026022912,164362.13045398472,7411.540951791745,13994,15397.57113134275,33,0.0,3632.630170273589,112.17235548809886,0,0,223,0.0,1561.0,669,1324.5036369765403,2120.26551114285,2144.759103444876,46881.332251505475,1947.5596946606427,0,0,0,20261149,edc390fb6c31ec0e,adaptive_hybrid,2,1.0,0.98,14,5,0.009246507967735589,0.010609037328094302,0.004773869346733669,0.24631231812147472,16.167827115284744,1343.1133627948775,737384.4275234184,723202.4434178291,12053.37405696382,22.07506061627567,781.3555375250912,32.45932824434404,3.2059179423690223,496.0,0.1740765820750242,1.1002980656954944,0.0,0.04204433067446284,0.0,0.0,0.01806712962962963,8,30,24,moderate_d60_balanced_adaptive_hybrid,moderate,60,balanced,adaptive_hybrid,29
10920,10912,41,4402,4397,2,29,10883,1,1,328.79895959678356,120.09837273175671,164948.05618894025,333.96784479169764,166273.85702246652,991.8329887430991,14562,13898.015982214058,3,0.0,337.03730736679506,10.854897200422567,0,0,19,0.0,133.0,77,158.0983727317567,390.3558774266533,398.04324173867644,47898.01655643877,63.47117490141127,0,0,0,20261120,f4571f723d6a07a4,travel_aware_hybrid,2,1.0,0.98,8,5,0.0037573313782991204,0.004487179487179487,0.0015901862789641072,0.030605557623872584,15.237706838569146,208.70058686502685,728611.5886856151,712884.8946231486,11881.41491038581,2.634972878862612,798.3002759406462,1.0578529150235212,5.169392749852941,496.0,0.1839027904506999,0.9544029654040693,0.0,0.0039008947611897577,0.0,0.0,0.0015393518518518519,8,30,24,moderate_d60_balanced_travel_aware_hybrid,moderate,60,balanced,travel_aware_hybrid,0
10819,10800,44,4312,4305,0,16,10784,0,0,184.87360158009338,74.13542603113842,161850.6959849841,1224.415386429042,163719.5316830214,644.4203116174394,14416,11547.303058202571,2,0.0,214.77086414776554,6.427592250706264,0,0,6,0.0,42.0,38,86.13542603113841,259.6445650256527,298.6029621103862,46332.76030903081,39.35777852161037,0,0,0,20261121,f4571f723d6a07a4,travel_aware_hybrid,2,1.0,0.98,19,7,0.004074074074074074,0.005823089010074868,0.0016233766233766235,0.11337179503972611,15.159215896576056,110.73817554895496,732623.6958653084,716775.7092045484,11946.261820075806,1.435590433852307,772.2126718171802,0.6559629753601729,7.857972687115427,496.0,0.17940894280319397,0.8010060389985135,0.0,0.002485773890599138,0.0,0.0,0.0004861111111111111,8,30,24,moderate_d60_balanced_travel_aware_hybrid,moderate,60,balanced,travel_aware_hybrid,1
12518,12507,69,4892,4885,1,18,12489,1,1,209.7981649761175,75.1661756237828,188486.0769636558,336.56777077576953,189374.51874201815,551.8740076002014,16512,16433.52898670898,2,0.0,213.37390233422587,6.4665823167040255,0,0,10,0.0,70.0,46,95.16617562378279,212.71913425110563,212.71913425107778,53881.70258859726,15.17599661022035,0,0,0,20261122,f4571f723d6a07a4,travel_aware_hybrid,2,1.0,0.98,11,7,0.005516910530103142,0.006390797251957182,0.001635322976287817,0.026910351865017154,15.141482269290648,134.6319893523347,705669.818964269,686385.7588057758,11439.762646762929,1.5861029270630465,898.028376476621,0.25293327683700584,4.624329005458213,496.0,0.2095992171099137,0.9952476372764645,0.0,0.0024696053510905773,0.0,0.0,0.0008101851851851852,8,30,24,moderate_d60_balanced_travel_aware_hybrid,moderate,60,balanced,travel_aware_hybrid,2
10389,10381,29,4215,4213,2,13,10368,0,0,145.93488463186387,54.65220520596325,155466.6876279597,381.95258983934764,156283.92588425006,435.28566646185755,13866,11122.883401745261,1,0.0,108.49106637061901,4.859903366753423,0,0,9,0.0,63.0,35,72.65220520596323,167.65873363355394,168.96721879447068,44404.217543363055,33.56821173346163,0,0,0,20261123,f4571f723d6a07a4,travel_aware_hybrid,2,1.0,0.98,8,2,0.0027935651671322607,0.003561459235730099,0.0009489916963226571,0.036793429326591624,15.054804535617961,91.28267942590062,739109.5364081018,724243.0268278095,12070.717113796825,1.2108700867660538,740.0702923893842,0.5594701955576938,4.827634822699163,496.0,0.17214433646045946,0.8021695803941483,0.0,0.001255683638548831,0.0,0.0,0.0007291666666666667,8,30,24,moderate_d60_balanced_travel_aware_hybrid,moderate,60,balanced,travel_aware_hybrid,3
10405,10398,66,4163,4160,0,23,10375,0,0,235.10905316583973,97.06247294694093,156837.55927756336,1310.5723534216359,158960.86088684466,812.7292558704175,13873,12623.217959839332,3,0.0,322.5661926867306,8.338565805617321,0,0,14,0.0,98.0,60,125.0624729469409,317.7191961422441,390.2591274080132,45299.64128507732,59.64710861919015,0,0,0,20261124,f4571f723d6a07a4,travel_aware_hybrid,2,1.0,0.98,7,3,0.006347374495095211,0.007015857760691975,0.000720634158059092,0.12604081106189996,15.287638092599025,138.04658021889878,737738.4370282356,722921.7484779157,12048.695807965261,2.0843745491156818,754.9940214179553,0.9941184769865025,6.504318790133554,496.0,0.17368006605260344,0.9099126331607679,0.0,0.0037334050079482705,0.0,0.0,0.0011342592592592593,8,30,24,moderate_d60_balanced_travel_aware_hybrid,moderate,60,balanced,travel_aware_hybrid,4
11041,11029,21,4345,4339,0,14,11015,0,0,129.36354500552704,58.09427025056443,164625.52402406913,103.98875030747513,165190.82798550164,461.31521113712733,14697,12268.316396466713,1,0.0,106.13316841865509,4.5609198808127,0,0,10,0.0,70.0,38,78.0942702505644,179.45112586314488,185.93973536008343,47229.23379883945,45.662656708285866,0,0,0,20261125,f4571f723d6a07a4,travel_aware_hybrid,2,1.0,0.98,12,6,0.0019040710853205187,0.00298885970473689,0.001380897583429229,0.009428665364718028,14.977860910826154,71.26927475496262,729449.7589275902,713692.1330211834,11894.868883686391,1.3015711708427402,787.1538966473241,0.7610442784714311,4.8931509305285115,496.0,0.18296397969579947,0.8347497037808201,0.0,0.0012283931529936932,0.0,0.0,0.0008101851851851852,8,30,24,moderate_d60_balanced_travel_aware_hybrid,moderate,60,balanced,travel_aware_hybrid,5
11828,11815,32,4715,4707,0,45,11770,2,2,412.0917489152927,197.6737924878823,176220.47155742685,125.68711825149148,177715.2278040048,1369.0691283381038,15758,14076.10208905481,4,0.0,413.95951388686086,14.599429445349314,0,0,31,0.0,217.0,121,259.67379248788257,596.9973224424947,597.2820553878937,51192.358649010086,114.82041750020964,0,0,0,20261126,f4571f723d6a07a4,travel_aware_hybrid,2,1.0,0.98,13,8,0.002708421498095641,0.0038045316198850186,0.001696712619300106,0.010637927909563392,15.041491985104088,214.41795642741042,717138.6795410281,699521.9059095128,11658.698431825213,4.3278965414647095,853.2059774835014,1.913673625003494,4.936215333784245,496.0,0.19675327112340046,0.8932670446157387,0.0,0.004791198077394223,0.0,0.0,0.002511574074074074,8,30,24,moderate_d60_balanced_travel_aware_hybrid,moderate,60,balanced,travel_aware_hybrid,6
11430,11418,60,4570,4566,3,21,11397,2,2,242.55331604215303,100.95955416273888,174042.24916326418,673.737080610741,175483.98154808357,767.9953042195266,15230,15271.629653349177,2,0.0,204.0850110217651,8.065617497187406,0,0,14,0.0,98.0,56,128.95955416273887,296.33965051797003,304.15074047932285,50944.325701065056,63.19168679237663,0,0,0,20261127,f4571f723d6a07a4,travel_aware_hybrid,2,1.0,0.98,12,4,0.005254860746190226,0.006299212598425197,0.0015317286652078775,0.05900657563590305,15.369064770369905,141.59376187941416,720544.1857778069,703610.284761682,11726.838079361367,2.1493259027123144,849.0720950177509,1.0531947798729437,5.431263222845051,496.0,0.19293886001589733,1.0027333981187903,0.0,0.0023620950349741332,0.0,0.0,0.0011342592592592593,8,30,24,moderate_d60_balanced_travel_aware_hybrid,moderate,60,balanced,travel_aware_hybrid,7
11393,11386,79,4407,4403,3,41,11345,0,0,393.8274002645618,172.83892436166929,171242.91139034057,2351.255047623028,174990.26884869268,1396.1024107392204,15109,14132.944892819216,3,0.0,318.72371705687317,13.10405251563216,0,0,27,0.0,189.0,109,226.83892436166926,617.9980036173074,690.3948775644621,49858.45074624762,73.84587380429856,0,0,0,20261128,f4571f723d6a07a4,travel_aware_hybrid,2,1.0,0.98,7,4,0.006938345336378008,0.007548494689721759,0.0015883821193555707,0.20650404423177834,15.368897668074185,220.9884759028925,723020.811204518,706272.6929916147,11771.211549860245,3.7806487393611543,830.974179104127,1.230764563404976,6.333897959306992,496.0,0.19016486200210803,0.9353990927804101,0.0,0.0036889319103804766,0.0,0.0,0.0021875,8,30,24,moderate_d60_balanced_travel_aware_hybrid,moderate,60,balanced,travel_aware_hybrid,8
11998,11982,125,4782,4772,6,37,11945,0,0,363.6485813780483,157.07568377200235,184894.91481236456,2502.7521397352775,188697.57435703918,1299.90740495106,16047,19008.308850689093,5,0.0,520.8736164953353,12.818136013993938,0,0,20,0.0,140.0,94,197.07568377200244,527.6338860683389,615.9304881246135,54538.461030355735,94.76165997202627,0,0,0,20261129,f4571f723d6a07a4,travel_aware_hybrid,2,1.0,0.98,16,10,0.01043231513937573,0.011751958659776629,0.003345880384776244,0.2088759922997227,15.74842049382734,206.57289760604593,709769.8172386985,691634.6228544464,11527.243714240774,3.284594729533374,908.9743505059289,1.5793609995337712,6.552452001325675,496.0,0.20500692513586638,1.184539717747186,0.0,0.006028629820547863,0.0,0.0,0.0016203703703703703,8,30,24,moderate_d60_balanced_travel_aware_hybrid,moderate,60,balanced,travel_aware_hybrid,9
10742,10725,54,4260,4257,2,49,10676,1,1,516.2994653973237,235.07246836853534,163350.6826859306,1588.2658955304232,166532.56425532364,1593.6156738714344,14446,13990.648859070845,5,0.0,533.0692408486098,16.55353913488151,0,0,33,0.0,231.0,131,301.0724683685354,702.7174592270433,736.9113440757974,47652.848493952595,79.64841071936884,0,0,0,20261130,f4571f723d6a07a4,travel_aware_hybrid,2,1.0,0.98,17,3,0.005034965034965035,0.006609569912493018,0.0011737089201877935,0.14809006018931686,15.527511818678194,281.2269970287884,730769.6078392644,715107.5113275815,11918.458522126359,5.0178744728089235,794.2141415658766,1.3274735119894807,5.62527743569311,496.0,0.1814856543018991,0.9684790848034642,0.0,0.006169782880192242,0.0,0.0,0.002673611111111111,8,30,24,moderate_d60_balanced_travel_aware_hybrid,moderate,60,balanced,travel_aware_hybrid,10
9340,9327,8,3731,3727,0,25,9302,1,1,231.67650070824453,114.64278111389149,139747.01879828324,17.733138183757546,140446.6646520943,681.9127156359682,12586,8327.218347579097,1,0.0,103.56018989010562,7.3703218016180365,0,0,19,0.0,133.0,69,152.6427811138915,288.90281242373504,288.90281242373203,39691.30588887092,31.064928969136368,0,0,0,20261131,f4571f723d6a07a4,travel_aware_hybrid,2,1.0,0.98,13,4,0.0008577248847432186,0.0022483940042826553,0.0010720986330742428,0.0019012692380998763,15.058074906410882,117.03371959435304,754246.2235016354,741360.0805579646,12356.001342632744,2.5440463518981913,661.5217648145153,0.5177488161522728,4.186997281503363,496.0,0.15519016184852674,0.6616254844731525,0.0,0.0011986133089132594,0.0,0.0,0.0015393518518518519,8,30,24,moderate_d60_balanced_travel_aware_hybrid,moderate,60,balanced,travel_aware_hybrid,11
10130,10121,38,4100,4098,0,31,10090,0,0,341.3025461922383,134.26352461572873,153042.25281540406,582.7470658873935,154556.85397363326,931.8540923496112,13629,11615.626675509451,4,0.0,435.7014141095717,11.081686639825387,0,0,21,0.0,147.0,83,176.26352461572878,367.6304110225789,394.0172367414707,44009.74492909031,60.13756798623821,0,0,0,20261132,f4571f723d6a07a4,travel_aware_hybrid,2,1.0,0.98,9,2,0.003754569706550736,0.004639684106614018,0.0004878048780487805,0.057578012635845624,15.270907417610243,207.03902157650958,740547.3308840039,726238.9424495834,12103.982374159725,2.9377254102621464,733.4957488181718,1.0022927997706368,4.747195623391213,496.0,0.17053390357974474,0.8522728502098064,0.0,0.005042840441083006,0.0,0.0,0.0017013888888888888,8,30,24,moderate_d60_balanced_travel_aware_hybrid,moderate,60,balanced,travel_aware_hybrid,12
9975,9971,28,3996,3995,0,18,9953,0,0,177.55793966244306,82.24723981398229,151101.73956505224,432.5760254237048,152087.05504957843,552.7394591096072,13466,10741.889121364935,3,0.0,309.77064948306946,5.943260574911804,0,0,9,0.0,63.0,45,100.24723981398228,223.03921182182245,241.26783990341028,43523.24000762201,35.89177884970189,0,0,0,20261133,f4571f723d6a07a4,travel_aware_hybrid,2,1.0,0.98,4,1,0.0028081436164878147,0.0032080200501253134,0.00025025025025025025,0.043383414444258826,15.252939028139448,95.31069984846077,742855.9866618855,728693.1043032432,12144.88507172072,1.6707873302330378,725.3873334603668,0.5981963141616983,5.361507553409117,496.0,0.16794804361347948,0.7977045240876975,0.0,0.0035853084430910818,0.0,0.0,0.0007291666666666667,8,30,24,moderate_d60_balanced_travel_aware_hybrid,moderate,60,balanced,travel_aware_hybrid,13
11917,11904,42,4640,4634,0,26,11878,0,0,247.59902017482776,114.88117568895473,176619.5613119474,34.59842679603389,177473.8503027644,819.6905640350524,15748,14187.885427105628,3,0.0,313.3841274270002,8.542422410863749,0,0,18,0.0,126.0,70,150.8811756889547,342.38701005224806,342.3870100522581,50249.88214046785,61.38565916218795,0,0,0,20261134,f4571f723d6a07a4,travel_aware_hybrid,2,1.0,0.98,13,6,0.003528225806451613,0.004615255517328187,0.001293103448275862,0.0029064538639141375,14.908757585917707,132.71784448587303,717691.1635893208,699182.3358755803,11653.038931259673,2.5146862614825785,837.4980356744642,1.0230943193697992,4.891243000746544,496.0,0.19613444938472124,0.9009325264862603,0.0,0.003627131104479169,0.0,0.0,0.0014583333333333334,8,30,24,moderate_d60_balanced_travel_aware_hybrid,moderate,60,balanced,travel_aware_hybrid,14
10733,10725,32,4241,4235,0,40,10685,1,1,404.7819129984579,167.72237130877474,159793.19878945843,136.2874474736891,161008.1005686853,1078.6143317641072,14144,11086.650510289935,5,0.0,513.6336924744539,13.161280814773614,0,0,27,0.0,189.0,107,221.72237130877483,448.22674101861094,448.6389397606563,45661.78392552774,67.68332296214957,0,0,0,20261135,f4571f723d6a07a4,travel_aware_hybrid,2,1.0,0.98,8,6,0.0029836829836829837,0.003726823814404174,0.0014147606696533837,0.012707454309901082,15.012410309434527,237.0595416896832,733682.8493509332,718643.482642286,11977.391377371434,3.695372855146247,761.029732092129,1.1280553827024928,4.192887287482769,496.0,0.17822261497431313,0.7838412408293224,0.0,0.005944834403639513,0.0,0.0,0.0021875,8,30,24,moderate_d60_balanced_travel_aware_hybrid,moderate,60,balanced,travel_aware_hybrid,15
10624,10616,63,4117,4113,2,23,10593,1,1,230.6320810519719,106.18458347642112,162497.0192913255,1285.488407020841,164612.65177677158,830.1440784353472,14305,14434.846567443907,2,0.0,208.43898025552306,7.729351691578057,0,0,13,0.0,91.0,59,132.18458347642112,346.6400788174361,375.47962910749266,47241.96195922205,46.3909236520458,0,0,0,20261136,f4571f723d6a07a4,travel_aware_hybrid,2,1.0,0.98,8,4,0.005934438583270535,0.006682981927710843,0.0014573718727228565,0.12108971430113422,15.506090031723021,124.44749757555078,732103.7714165063,717207.3985061031,11953.456641768385,2.2030763912736853,787.3660326537008,0.77318206086743,6.3640615102964855,496.0,0.17999129545642223,1.009077005763293,0.0,0.0024124881974018873,0.0,0.0,0.0010532407407407407,8,30,24,moderate_d60_balanced_travel_aware_hybrid,moderate,60,balanced,travel_aware_hybrid,16
11146,11135,29,4462,4455,0,31,11104,0,0,352.64938274612246,135.25929036851738,167821.58757715012,179.52475104120458,168958.2824355816,957.1701073992936,14856,13469.965519853571,3,0.0,338.0907486168245,11.207575153842743,0,0,20,0.0,140.0,82,175.25929036851744,382.4146656028784,382.4146656028697,48196.33025249414,58.831426030117164,0,0,0,20261137,f4571f723d6a07a4,travel_aware_hybrid,2,1.0,0.98,11,7,0.0026044005388414907,0.0035887313834559484,0.0015688032272523531,0.016122564080934404,15.173622131619364,217.39009237760507,726335.6077773885,709827.2449368476,11830.454082280794,2.920988172808624,803.2721708749024,0.9805237671686194,4.663593482961826,496.0,0.18645205222066696,0.9067020409163685,0.0,0.0039130873682502836,0.0,0.0,0.0016203703703703703,8,30,24,moderate_d60_balanced_travel_aware_hybrid,moderate,60,balanced,travel_aware_hybrid,17
11582,11569,36,4675,4671,0,43,11526,0,0,371.892374015128,188.52985428410952,170780.71954478382,245.39951832775841,172187.68327238047,1161.564209281063,15348,11760.113501188924,4,0.0,421.3912785132815,12.537014378941597,0,0,30,0.0,210.0,116,248.5298542841097,491.5494728853998,493.0231857817762,48621.573722297464,90.10975863271254,0,0,0,20261138,f4571f723d6a07a4,travel_aware_hybrid,2,1.0,0.98,13,4,0.0031117641974241507,0.004230702814712485,0.000855614973262032,0.02121181764437362,14.883540779011192,183.36251973101847,722914.8344835676,706263.1550032534,11771.052583387556,4.142164238068495,810.3595620382911,1.501829310545209,4.250199877429105,496.0,0.1902835635264699,0.7662310073748322,0.0,0.004877213871681499,0.0,0.0,0.0024305555555555556,8,30,24,moderate_d60_balanced_travel_aware_hybrid,moderate,60,balanced,travel_aware_hybrid,18
10459,10450,27,4179,4178,1,28,10422,0,0,303.9880696165751,114.90463857443245,156878.9125885098,446.80831733448576,158228.01320548504,902.2922996513953,14034,11841.125635067376,3,0.0,318.45050637845753,11.086036737275947,0,0,20,0.0,140.0,76,154.90463857443248,343.38984638642063,347.60618553420863,45513.48097195714,77.02941332635974,0,0,0,20261139,f4571f723d6a07a4,travel_aware_hybrid,2,1.0,0.98,9,1,0.002583732057416268,0.0034420116645950856,0.0004785833931562575,0.04275677677841969,15.141436670381344,189.08343104214265,736999.1162760386,722036.4804314135,12033.94134052356,2.581743976240541,758.5580161992857,1.2838235554393291,4.573765599134324,496.0,0.1745081582929675,0.8437455917819137,0.0,0.003685769749750666,0.0,0.0,0.0016203703703703703,8,30,24,moderate_d60_balanced_travel_aware_hybrid,moderate,60,balanced,travel_aware_hybrid,19
11676,11660,32,4600,4595,0,14,11646,1,1,124.6944414957061,73.74989895875137,171569.9398597147,233.40260669824966,172223.54465579247,420.20218939170445,15390,11945.788034356672,1,0.0,105.0653156974437,4.1512920421299215,0,0,9,0.0,63.0,37,91.74989895875134,205.2122963804805,207.6271095120792,48503.34121539071,24.48136716048652,0,0,0,20261140,f4571f723d6a07a4,travel_aware_hybrid,2,1.0,0.98,16,5,0.0027444253859348197,0.0041109969167523125,0.0010869565217391304,0.02001737621768865,14.770458375282374,50.94454253695473,722447.6234995867,705432.7656679862,11757.212761133103,1.5291649826458558,808.3890202565119,0.40802278600810865,5.611543500326465,496.0,0.1908068733203554,0.7762045506404596,0.0,0.001216033746498191,0.0,0.0,0.0007291666666666667,8,30,24,moderate_d60_balanced_travel_aware_hybrid,moderate,60,balanced,travel_aware_hybrid,20
10787,10774,64,4266,4261,2,33,10741,2,2,313.78548459116246,166.27561879264397,162684.89306445268,1472.7454641166478,165304.6917050195,1147.053176459849,14299,14019.150396797571,3,0.0,323.4843849207995,10.600705097375313,0,0,20,0.0,140.0,86,206.27561879264402,496.8990542086041,560.4345890643472,47444.38573505636,69.4305361521727,0,0,0,20261141,f4571f723d6a07a4,travel_aware_hybrid,2,1.0,0.98,13,5,0.005940226471134212,0.007138221933809215,0.0016408813877168307,0.13669439986232113,15.342926647950575,147.5098657985185,731335.8854060288,715848.7351387817,11930.812252313028,3.4379269798774006,790.7397622509394,1.1571756025362119,6.516681268190084,496.0,0.18085138283374902,0.9804287290578062,0.0,0.003744032232879624,0.0,0.0,0.0016203703703703703,8,30,24,moderate_d60_balanced_travel_aware_hybrid,moderate,60,balanced,travel_aware_hybrid,21
11445,11434,58,4662,4658,1,28,11406,1,1,319.12575228301205,122.24628851688954,175984.92322991538,270.15324643470376,177150.30091707542,895.2244407354156,15410,17521.99060435631,4,0.0,427.45367157660695,10.58306681187061,0,0,19,0.0,133.0,75,160.24628851688956,345.49705598093755,347.7255544930922,51153.74712559263,64.30344181865185,0,0,0,20261142,f4571f723d6a07a4,travel_aware_hybrid,2,1.0,0.98,11,4,0.005072590519503236,0.0060288335517693315,0.0010725010725010724,0.023627186149615512,15.493292016536245,196.8794637661225,717932.6417473569,701190.4480718718,11686.507467864529,2.6707714752814926,852.5624520932105,1.0717240303108642,4.636340726574563,496.0,0.19586397653745868,1.1370532514183198,0.0,0.00494738045806258,0.0,0.0,0.0015393518518518519,8,30,24,moderate_d60_balanced_travel_aware_hybrid,moderate,60,balanced,travel_aware_hybrid,22
10468,10459,57,4240,4236,4,17,10442,0,0,241.28686015192125,73.21726682645024,156293.37701065294,1548.7664041315966,158575.46953303242,733.3261182601454,14005,10518.247440559891,3,0.0,321.8832302008829,8.260722143104465,0,0,12,0.0,84.0,46,97.21726682645021,284.1236051856879,309.9533892531599,45355.05521637267,47.965738154939956,0,0,0,20261143,f4571f723d6a07a4,travel_aware_hybrid,2,1.0,0.98,9,4,0.005449851802275552,0.006304929308368361,0.0018867924528301887,0.14807977857649837,15.161628218092783,168.069593325471,737870.2627354424,723014.8504874822,12050.247508124703,1.6202877804408369,755.9175869395444,0.7994289692489993,6.738117157677389,496.0,0.17353241181066037,0.7510351617679323,0.0,0.003725500349547256,0.0,0.0,0.0009722222222222222,8,30,24,moderate_d60_balanced_travel_aware_hybrid,moderate,60,balanced,travel_aware_hybrid,23
11959,11944,23,4865,4857,0,41,11903,2,2,358.7066634856443,183.7384973579308,176664.64270044968,360.39698852781294,178067.95562480943,1042.9159358439156,15725,14125.540061347278,3,0.0,319.21496756465535,11.663888014876864,0,0,22,0.0,154.0,104,227.73849735793095,417.56621026030234,417.5662102602946,50494.92019371415,56.99531804789875,0,0,0,20261144,f4571f723d6a07a4,travel_aware_hybrid,2,1.0,0.98,15,8,0.001925653047555258,0.0031775232042812944,0.001644398766700925,0.030173893882100882,14.908569626993422,174.9681661277135,716784.3057162173,698521.711421869,11642.028523697816,3.7956416226321825,841.5820032285691,0.9499219674649791,4.0150597140412945,496.0,0.19715019521033017,0.8982855364926726,0.0,0.003694617680146474,0.0,0.0,0.0017824074074074075,8,30,24,moderate_d60_balanced_travel_aware_hybrid,moderate,60,balanced,travel_aware_hybrid,24
10658,10645,76,4335,4332,6,18,10627,1,1,186.32394448944075,92.29008976649827,164450.9194511115,2335.32807620327,167606.52542073565,820.277893432658,14441,15372.48026407136,2,0.0,211.9308245411043,6.513500159556705,0,0,12,0.0,84.0,48,116.29008976649824,319.06444772321515,426.69798515959155,48744.12204400331,53.80039274944414,0,0,0,20261145,f4571f723d6a07a4,travel_aware_hybrid,2,1.0,0.98,13,3,0.007139502113668389,0.008350534809532746,0.0020761245674740486,0.21938262810739972,15.745093980341537,94.03385472294248,730318.5429025048,715140.0612789381,11919.001021315635,1.9381681627749707,812.4020340667217,0.8966732124907357,8.88954135749149,496.0,0.18199087936547398,1.0645024765647366,0.0,0.0024529030618183367,0.0,0.0,0.0009722222222222222,8,30,24,moderate_d60_balanced_travel_aware_hybrid,moderate,60,balanced,travel_aware_hybrid,25
11411,11398,83,4515,4509,2,21,11377,0,0,199.7988298642923,91.39304780221647,173760.1383571218,1394.466511116727,175923.93555512288,769.3306868954114,15222,15652.146349112974,2,0.0,211.14989789446872,7.07084965214984,0,0,13,0.0,91.0,55,117.39304780221646,358.1555229877192,385.50120514128685,50925.8630804939,46.9234719403047,0,0,0,20261146,f4571f723d6a07a4,travel_aware_hybrid,2,1.0,0.98,13,6,0.00728197929461309,0.00841293488738936,0.0017718715393133999,0.12234308748172723,15.43463200167774,108.40578206207582,720729.3388093057,703486.3786439687,11724.772977399478,1.9565507967036075,848.7643846748983,0.7820578656717451,7.00911282075067,496.0,0.19273147534799995,1.0282582018862814,0.0,0.0024438645589637585,0.0,0.0,0.0010532407407407407,8,30,24,moderate_d60_balanced_travel_aware_hybrid,moderate,60,balanced,travel_aware_hybrid,26
11731,11718,36,4692,4688,0,45,11673,0,0,447.9451186577936,185.61872091133984,173772.60086027675,369.84294653791585,175415.84016447078,1273.3963576679835,15544,13166.224979087601,5,0.0,523.8692405742433,14.833488609561508,0,0,31,0.0,217.0,121,247.61872091134,507.8699125490698,508.8542039515087,49737.329528760594,81.77967020633514,0,0,0,20261147,f4571f723d6a07a4,travel_aware_hybrid,2,1.0,0.98,13,4,0.0030721966205837174,0.004176967010485039,0.0008525149190110827,0.03156195140279193,14.969776426392796,262.3263977464538,719626.4390047163,702017.1397788563,11700.285662980938,4.126978681855666,828.9554921460099,1.362994503438919,4.205406644227344,496.0,0.1939668021900579,0.8470293990663665,0.0,0.006063301395535224,0.0,0.0,0.002511574074074074,8,30,24,moderate_d60_balanced_travel_aware_hybrid,moderate,60,balanced,travel_aware_hybrid,27
11047,11040,36,4371,4368,0,29,11011,0,0,262.98336781979515,122.16843442955891,165736.59247042227,113.31506020198321,166637.1426897425,787.2351591269489,14602,14364.263914960044,3,0.0,315.07011094119525,8.301973531588674,0,0,23,0.0,161.0,81,168.16843442955897,314.4029631493954,314.780368133328,47053.973080930315,39.55893699814717,0,0,0,20261148,f4571f723d6a07a4,travel_aware_hybrid,2,1.0,0.98,7,3,0.003260869565217391,0.0038924594912645967,0.0006863417982155113,0.010264045308150654,15.093944084215806,140.81493339023623,727975.5917754433,712023.3005488022,11867.055009146705,2.8028072404926494,784.2328846821719,0.6593156166357861,3.886177384362074,496.0,0.1846151525812687,0.9837189367867445,0.0,0.0036466448025601304,0.0,0.0,0.001863425925925926,8,30,24,moderate_d60_balanced_travel_aware_hybrid,moderate,60,balanced,travel_aware_hybrid,28
10180,10169,101,3980,3977,4,25,10144,0,0,260.0435272872371,110.15327029447002,158308.9707701671,2467.80599591339,161792.87460333252,1016.0978372651207,13810,15269.462447939197,2,0.0,206.00991942508296,8.999659368633665,0,0,13,0.0,91.0,63,136.15327029447002,430.86791052799373,511.27995668405856,46939.61642636444,72.9606559575466,0,0,0,20261149,f4571f723d6a07a4,travel_aware_hybrid,2,1.0,0.98,11,3,0.00993214672042482,0.01100196463654224,0.0017587939698492463,0.2426793190985731,15.910401672075182,149.8902569927671,736377.1048671377,722351.9937460674,12039.19989576779,2.2692211715745003,782.3269404394073,1.2160109326257769,8.11555486800093,496.0,0.1752048556595679,1.1056815675553364,0.0,0.0023843740674199415,0.0,0.0,0.0010532407407407407,8,30,24,moderate_d60_balanced_travel_aware_hybrid,moderate,60,balanced,travel_aware_hybrid,29
10920,10910,280,9159,9151,279,0,10910,0,0,0.0,0.0,136647.9272451293,0.0,136647.9272451206,0.0,12640,5970.739021395339,0,0.0,0.0,0.0,0,0,0,0.0,0.0,0,0.0,0.0,0.0,29260.96882086384,0.0,0,0,0,20261120,12c8bfc70c6de8ad,human_only,0,1.0,0.98,10,8,0.025664527956003668,0.026556776556776556,0.03133529861338574,0.0,12.525016246115547,0.0,1664374.9419662063,1653661.996935561,27561.033282259352,0.0,487.682813681064,0.0,0.0,1000.0,0.07534725446321877,0.4723685934648211,0.0,0.0,0.0,0.0,0.0,15,60,50,high_d25_source_human_only,high,25,source,human_only,0
10819,10804,343,9148,9135,335,0,10804,0,0,0.0,0.0,136450.08992202536,0.0,136450.08992201832,0.0,12481,6421.749821660807,0,0.0,0.0,0.0,0,0,0,0.0,0.0,0,0.0,0.0,0.0,29303.569281100597,0.0,0,0,0,20261121,12c8bfc70c6de8ad,human_only,0,1.0,0.98,15,13,0.031747500925583115,0.03308993437471116,0.03804110188019239,0.0,12.629589959461155,0.0,1665251.0294604343,1655111.4284573717,27585.190474289528,0.0,488.3928213516766,0.0,0.0,1000.0,0.07486053918864755,0.5145220592629443,0.0,0.0,0.0,0.0,0.0,15,60,50,high_d25_source_human_only,high,25,source,human_only,1
12518,12510,274,10552,10545,270,0,12510,0,0,0.0,0.0,154980.58693979375,0.0,154980.58693978327,0.0,14354,6743.401674958552,0,0.0,0.0,0.0,0,0,0,0.0,0.0,0,0.0,0.0,0.0,32678.43772965674,0.0,0,0,0,20261122,12c8bfc70c6de8ad,human_only,0,1.0,0.98,8,7,0.021902478017585932,0.022527560313149064,0.02625094768764215,0.0,12.388536126281636,0.0,1646332.1478548779,1633660.0501290811,27227.66750215135,0.0,544.6406288276123,0.0,0.0,1000.0,0.08537102896951232,0.46979250905382136,0.0,0.0,0.0,0.0,0.0,15,60,50,high_d25_source_human_only,high,25,source,human_only,2
10389,10380,344,8735,8727,343,0,10380,0,0,0.0,0.0,130142.19710602808,0.0,130142.19710601719,0.0,12052,5250.5806415734005,0,0.0,0.0,0.0,0,0,0,0.0,0.0,0,0.0,0.0,0.0,27908.031906150758,0.0,0,0,0,20261123,12c8bfc70c6de8ad,human_only,0,1.0,0.98,9,8,0.03314065510597303,0.03397824622196554,0.04018317115054379,0.0,12.537783921581617,0.0,1671453.4535742602,1661548.2951469019,27692.4715857817,0.0,465.13386510251263,0.0,0.0,1000.0,0.07141474801429992,0.4356605245248424,0.0,0.0,0.0,0.0,0.0,15,60,50,high_d25_source_human_only,high,25,source,human_only,3
10405,10397,369,8736,8730,358,0,10397,0,0,0.0,0.0,131419.9051020953,0.0,131419.90510208646,0.0,12085,6468.09538744026,0,0.0,0.0,0.0,0,0,0,0.0,0.0,0,0.0,0.0,0.0,28756.977640934325,0.0,0,0,0,20261124,12c8bfc70c6de8ad,human_only,0,1.0,0.98,8,6,0.035491007021256134,0.03623258049014896,0.041666666666666664,0.0,12.640175541222128,0.0,1670419.1572281942,1660279.826391352,27671.33043985587,0.0,479.28296068223875,0.0,0.0,1000.0,0.07198935709544763,0.5352168297426777,0.0,0.0,0.0,0.0,0.0,15,60,50,high_d25_source_human_only,high,25,source,human_only,4
11041,11032,304,9270,9264,297,0,11032,0,0,0.0,0.0,136953.84887293258,0.0,136953.84887292134,0.0,12837,5083.434128727638,0,0.0,0.0,0.0,0,0,0,0.0,0.0,0,0.0,0.0,0.0,29746.049106060596,0.0,0,0,0,20261125,12c8bfc70c6de8ad,human_only,0,1.0,0.98,9,6,0.02755620014503263,0.02834888144189838,0.03268608414239482,0.0,12.414235757153856,0.0,1664333.9063710994,1653632.677354332,27560.5446225722,0.0,495.7674851010099,0.0,0.0,1000.0,0.07537005201605584,0.39599860783108504,0.0,0.0,0.0,0.0,0.0,15,60,50,high_d25_source_human_only,high,25,source,human_only,5
11828,11812,310,10005,9994,309,0,11812,0,0,0.0,0.0,147217.41403580204,0.0,147217.41403579258,0.0,13752,6839.09218248039,0,0.0,0.0,0.0,0,0,0,0.0,0.0,0,0.0,0.0,0.0,32063.907912312814,0.0,0,0,0,20261126,12c8bfc70c6de8ad,human_only,0,1.0,0.98,16,11,0.026244497121571283,0.027561717957389247,0.031984007996002,0.0,12.46337741583073,0.0,1653963.9562329964,1642588.0139416596,27376.46689902766,0.0,534.3984652052136,0.0,0.0,1000.0,0.08113113542611305,0.49731618546250655,0.0,0.0,0.0,0.0,0.0,15,60,50,high_d25_source_human_only,high,25,source,human_only,6
11430,11419,346,9643,9634,344,0,11419,0,0,0.0,0.0,144511.7332750575,0.0,144511.7332750481,0.0,13316,7054.064083762132,0,0.0,0.0,0.0,0,0,0,0.0,0.0,0,0.0,0.0,0.0,31954.651651740263,0.0,0,0,0,20261127,12c8bfc70c6de8ad,human_only,0,1.0,0.98,11,9,0.030300376565373502,0.031233595800524934,0.036606865083480246,0.0,12.655375538580268,0.0,1657289.391420899,1646092.170198577,27434.869503309616,0.0,532.5775275290044,0.0,0.0,1000.0,0.07928367143283388,0.5297434727967958,0.0,0.0,0.0,0.0,0.0,15,60,50,high_d25_source_human_only,high,25,source,human_only,7
11393,11381,441,9621,9613,419,0,11381,0,0,0.0,0.0,144815.07462908005,0.0,144815.07462906928,0.0,13177,9044.929211457731,0,0.0,0.0,0.0,0,0,0,0.0,0.0,0,0.0,0.0,0.0,31903.6776692412,0.0,0,0,0,20261128,12c8bfc70c6de8ad,human_only,0,1.0,0.98,12,8,0.03874879184605922,0.03976125691213903,0.04438208086477497,0.0,12.724283861617545,0.0,1657307.875772473,1645981.5459030652,27433.025765051087,0.0,531.72796115402,0.0,0.0,1000.0,0.07927340234862612,0.6864179412201359,0.0,0.0,0.0,0.0,0.0,15,60,50,high_d25_source_human_only,high,25,source,human_only,8
11998,11986,450,10141,10132,434,0,11986,0,0,0.0,0.0,153208.79418935755,0.0,153208.7941893482,0.0,13878,10534.002615597878,0,0.0,0.0,0.0,0,0,0,0.0,0.0,0,0.0,0.0,0.0,33282.494309704474,0.0,0,0,0,20261129,12c8bfc70c6de8ad,human_only,0,1.0,0.98,12,9,0.03754380110128483,0.038506417736289385,0.04368405482694014,0.0,12.782312213361273,0.0,1649164.5312935123,1637422.6531200453,27290.377552000755,0.0,554.7082384950746,0.0,0.0,1000.0,0.08379748261471542,0.7590432782531977,0.0,0.0,0.0,0.0,0.0,15,60,50,high_d25_source_human_only,high,25,source,human_only,9
10742,10729,416,9026,9015,405,0,10729,0,0,0.0,0.0,138068.97435552467,0.0,138068.97435551666,0.0,12553,8450.957879268697,0,0.0,0.0,0.0,0,0,0,0.0,0.0,0,0.0,0.0,0.0,30440.908723619785,0.0,0,0,0,20261130,12c8bfc70c6de8ad,human_only,0,1.0,0.98,13,11,0.03877341783950042,0.039936697076894435,0.046089076002658984,0.0,12.86876450326374,0.0,1663892.8910247013,1653514.6414124856,27558.57735687476,0.0,507.3484787269964,0.0,0.0,1000.0,0.07561506054183265,0.6732221683477015,0.0,0.0,0.0,0.0,0.0,15,60,50,high_d25_source_human_only,high,25,source,human_only,10
9340,9328,327,7811,7799,325,0,9328,0,0,0.0,0.0,117669.75389535789,0.0,117669.75389535062,0.0,10891,3598.4811674493194,0,0.0,0.0,0.0,0,0,0,0.0,0.0,0,0.0,0.0,0.0,25317.488721660604,0.0,0,0,0,20261131,12c8bfc70c6de8ad,human_only,0,1.0,0.98,12,12,0.0350557461406518,0.03629550321199144,0.04314428370247087,0.0,12.614682021371207,0.0,1683421.9145763083,1674830.6339094015,27913.843898490024,0.0,421.95814536101005,0.0,0.0,1000.0,0.06476560301316203,0.3304087014460857,0.0,0.0,0.0,0.0,0.0,15,60,50,high_d25_source_human_only,high,25,source,human_only,11
10130,10121,291,8463,8454,288,0,10121,0,0,0.0,0.0,127359.1960763686,0.0,127359.19607636245,0.0,11793,4601.200046891869,0,0.0,0.0,0.0,0,0,0,0.0,0.0,0,0.0,0.0,0.0,27052.667244515796,0.0,0,0,0,20261132,12c8bfc70c6de8ad,human_only,0,1.0,0.98,9,9,0.02875209959490169,0.029615004935834157,0.03509393831974477,0.0,12.583657353656996,0.0,1673681.8771559258,1664434.357242436,27740.572620707266,0.0,450.8777874085966,0.0,0.0,1000.0,0.0701767349133745,0.3901636603825887,0.0,0.0,0.0,0.0,0.0,15,60,50,high_d25_source_human_only,high,25,source,human_only,12
9975,9971,278,8353,8350,278,0,9971,0,0,0.0,0.0,125535.84530466268,0.0,125535.84530465669,0.0,11657,4326.86755314551,0,0.0,0.0,0.0,0,0,0,0.0,0.0,0,0.0,0.0,0.0,27081.3063014524,0.0,0,0,0,20261133,12c8bfc70c6de8ad,human_only,0,1.0,0.98,4,3,0.02788085447798616,0.028270676691729325,0.03364060816473123,0.0,12.590095808309767,0.0,1675622.9733360256,1665952.1264724727,27765.86877454121,0.0,451.3551050242067,0.0,0.0,1000.0,0.06909834814665239,0.371181912425625,0.0,0.0,0.0,0.0,0.0,15,60,50,high_d25_source_human_only,high,25,source,human_only,13
11917,11908,299,10055,10047,297,0,11908,0,0,0.0,0.0,145709.84948430836,0.0,145709.84948429768,0.0,13589,5707.9759229554475,0,0.0,0.0,0.0,0,0,0,0.0,0.0,0,0.0,0.0,0.0,30449.119770955578,0.0,0,0,0,20261134,12c8bfc70c6de8ad,human_only,0,1.0,0.98,9,8,0.025109170305676855,0.025845430897037846,0.030333167578319244,0.0,12.236299083330339,0.0,1655795.0471320604,1643645.4587274936,27394.090978791563,0.0,507.4853295159263,0.0,0.0,1000.0,0.0801138627044109,0.4200438533339795,0.0,0.0,0.0,0.0,0.0,15,60,50,high_d25_source_human_only,high,25,source,human_only,14
10733,10722,275,8993,8986,275,0,10722,0,0,0.0,0.0,132513.5265365793,0.0,132513.5265365692,0.0,12204,3823.88415618255,0,0.0,0.0,0.0,0,0,0,0.0,0.0,0,0.0,0.0,0.0,27813.5738854599,0.0,0,0,0,20261135,12c8bfc70c6de8ad,human_only,0,1.0,0.98,11,7,0.02564819996269353,0.026646790272989846,0.03135772267319026,0.0,12.359030641351353,0.0,1668605.6541084829,1658567.440253297,27642.790670888284,0.0,463.559564757665,0.0,0.0,1000.0,0.07299685882862061,0.31333039627847836,0.0,0.0,0.0,0.0,0.0,15,60,50,high_d25_source_human_only,high,25,source,human_only,15
10624,10617,387,9011,9006,373,0,10617,0,0,0.0,0.0,135789.22321290805,0.0,135789.2232129001,0.0,12461,7905.459206583519,0,0.0,0.0,0.0,0,0,0,0.0,0.0,0,0.0,0.0,0.0,29575.52647403893,0.0,0,0,0,20261136,12c8bfc70c6de8ad,human_only,0,1.0,0.98,7,5,0.03645097485165301,0.03708584337349398,0.04194872933081789,0.0,12.78979214588868,0.0,1666138.4729658554,1656136.2866806134,27602.27144467689,0.0,492.92544123398216,0.0,0.0,1000.0,0.07436751501896921,0.6344161148048727,0.0,0.0,0.0,0.0,0.0,15,60,50,high_d25_source_human_only,high,25,source,human_only,16
11146,11139,266,9396,9392,266,0,11139,0,0,0.0,0.0,138606.6976259803,0.0,138606.69762597047,0.0,12869,5310.752002574563,0,0.0,0.0,0.0,0,0,0,0.0,0.0,0,0.0,0.0,0.0,29262.589208712758,0.0,0,0,0,20261137,12c8bfc70c6de8ad,human_only,0,1.0,0.98,7,4,0.0238800610467726,0.024493091692086848,0.028735632183908046,0.0,12.443369927818518,0.0,1662954.7724384563,1652012.4409073945,27533.54068178991,0.0,487.70982014521263,0.0,0.0,1000.0,0.07613623753419096,0.4126779083514308,0.0,0.0,0.0,0.0,0.0,15,60,50,high_d25_source_human_only,high,25,source,human_only,17
11582,11571,246,9757,9748,244,0,11571,0,0,0.0,0.0,141540.12695031066,0.0,141540.1269503,0.0,13250,4249.644457244096,0,0.0,0.0,0.0,0,0,0,0.0,0.0,0,0.0,0.0,0.0,29577.133591431924,0.0,0,0,0,20261138,12c8bfc70c6de8ad,human_only,0,1.0,0.98,11,9,0.021260046668395125,0.022189604558798134,0.02593010146561443,0.0,12.232315871601418,0.0,1659780.348821894,1648336.837318993,27472.280621983216,0.0,492.9522265238654,0.0,0.0,1000.0,0.07789980621005888,0.3207278835655922,0.0,0.0,0.0,0.0,0.0,15,60,50,high_d25_source_human_only,high,25,source,human_only,18
10459,10450,345,8766,8758,344,0,10450,0,0,0.0,0.0,131521.42576913908,0.0,131521.42576913052,0.0,12207,5639.914392229126,0,0.0,0.0,0.0,0,0,0,0.0,0.0,0,0.0,0.0,0.0,28719.799365627252,0.0,0,0,0,20261139,12c8bfc70c6de8ad,human_only,0,1.0,0.98,9,8,0.03301435406698565,0.03384644803518501,0.04015514487793748,0.0,12.585782370251724,0.0,1669680.915472359,1659660.427717682,27661.007128628033,0.0,478.6633227604542,0.0,0.0,1000.0,0.07239949140424506,0.4620229697902127,0.0,0.0,0.0,0.0,0.0,15,60,50,high_d25_source_human_only,high,25,source,human_only,19
11676,11660,303,9844,9828,299,0,11660,0,0,0.0,0.0,142314.94905793658,0.0,142314.94905792666,0.0,13291,5324.364793245226,0,0.0,0.0,0.0,0,0,0,0.0,0.0,0,0.0,0.0,0.0,29579.6354094601,0.0,0,0,0,20261140,12c8bfc70c6de8ad,human_only,0,1.0,0.98,16,16,0.025986277873070326,0.027321000342583078,0.03199918732222674,0.0,12.20539871851858,0.0,1658867.724211012,1647914.2599449798,27465.237665749664,0.0,492.9939234910017,0.0,0.0,1000.0,0.0784068198827711,0.4005992621507205,0.0,0.0,0.0,0.0,0.0,15,60,50,high_d25_source_human_only,high,25,source,human_only,20
10787,10768,376,9060,9044,364,0,10768,0,0,0.0,0.0,135509.48820303346,0.0,135509.48820302324,0.0,12410,7206.415826389291,0,0.0,0.0,0.0,0,0,0,0.0,0.0,0,0.0,0.0,0.0,29612.013579748134,0.0,0,0,0,20261141,12c8bfc70c6de8ad,human_only,0,1.0,0.98,19,16,0.034918276374442794,0.036618151478631684,0.04194260485651214,0.0,12.584462128809736,0.0,1666216.3059840507,1655897.2510212346,27598.287517020577,0.0,493.5335596624689,0.0,0.0,1000.0,0.07432427445330514,0.5806942648178317,0.0,0.0,0.0,0.0,0.0,15,60,50,high_d25_source_human_only,high,25,source,human_only,21
11445,11437,349,9600,9593,346,0,11437,0,0,0.0,0.0,144997.0278155296,0.0,144997.0278155201,0.0,13431,7873.043355055886,0,0.0,0.0,0.0,0,0,0,0.0,0.0,0,0.0,0.0,0.0,31376.45199061676,0.0,0,0,0,20261142,12c8bfc70c6de8ad,human_only,0,1.0,0.98,8,7,0.030514995191046602,0.031192660550458717,0.036770833333333336,0.0,12.67788998999039,0.0,1656272.694765934,1645210.6906146666,27420.178176911108,0.0,522.9408665102793,0.0,0.0,1000.0,0.07984850290781442,0.5861844505290661,0.0,0.0,0.0,0.0,0.0,15,60,50,high_d25_source_human_only,high,25,source,human_only,22
10468,10459,378,8859,8852,366,0,10459,0,0,0.0,0.0,132646.98332037884,0.0,132646.98332036912,0.0,12171,6234.695931222846,0,0.0,0.0,0.0,0,0,0,0.0,0.0,0,0.0,0.0,0.0,29217.745988797054,0.0,0,0,0,20261143,12c8bfc70c6de8ad,human_only,0,1.0,0.98,9,7,0.0361411224782484,0.03696981276270539,0.042104074952026185,0.0,12.682568440612785,0.0,1668811.8385125604,1658920.9020388364,27648.681700647274,0.0,486.96243314661757,0.0,0.0,1000.0,0.07288231193746642,0.5122583133039887,0.0,0.0,0.0,0.0,0.0,15,60,50,high_d25_source_human_only,high,25,source,human_only,23
11959,11942,258,10031,10019,256,0,11942,0,0,0.0,0.0,145046.9665696429,0.0,145046.96656963357,0.0,13580,5053.956712226469,0,0.0,0.0,0.0,0,0,0,0.0,0.0,0,0.0,0.0,0.0,30196.277547873848,0.0,0,0,0,20261144,12c8bfc70c6de8ad,human_only,0,1.0,0.98,17,12,0.02160442136995478,0.02299523371519358,0.026717176752068587,0.0,12.145952651953909,0.0,1655988.1189969182,1643874.7639040418,27397.91273173403,0.0,503.2712924645641,0.0,0.0,1000.0,0.08000660055726772,0.37216176084141894,0.0,0.0,0.0,0.0,0.0,15,60,50,high_d25_source_human_only,high,25,source,human_only,24
10658,10644,443,8952,8940,411,0,10644,0,0,0.0,0.0,138434.6271766594,0.0,138434.62717664734,0.0,12526,9679.26143174289,0,0.0,0.0,0.0,0,0,0,0.0,0.0,0,0.0,0.0,0.0,31096.982248033015,0.0,0,0,0,20261145,12c8bfc70c6de8ad,human_only,0,1.0,0.98,14,12,0.04161969184517099,0.04287858885344342,0.04725201072386059,0.0,13.005883800887574,0.0,1663726.3747788528,1653585.9365077352,27559.765608462254,0.0,518.2830374672169,0.0,0.0,1000.0,0.07570756956730396,0.7727336285919599,0.0,0.0,0.0,0.0,0.0,15,60,50,high_d25_source_human_only,high,25,source,human_only,25
11411,11399,361,9622,9611,353,0,11399,0,0,0.0,0.0,143681.1527672057,0.0,143681.1527671949,0.0,13209,7056.82690352883,0,0.0,0.0,0.0,0,0,0,0.0,0.0,0,0.0,0.0,0.0,31485.397964485477,0.0,0,0,0,20261146,12c8bfc70c6de8ad,human_only,0,1.0,0.98,12,11,0.03166944468813054,0.03268775742704408,0.03782997297859073,0.0,12.60471556866347,0.0,1658264.394789459,1646715.5116346895,27445.258527244827,0.0,524.7566327414246,0.0,0.0,1000.0,0.07874200289474498,0.5342438415874654,0.0,0.0,0.0,0.0,0.0,15,60,50,high_d25_source_human_only,high,25,source,human_only,26
11731,11719,310,9831,9820,307,0,11719,0,0,0.0,0.0,145553.51299573964,0.0,145553.5129957307,0.0,13547,6336.499903341037,0,0.0,0.0,0.0,0,0,0,0.0,0.0,0,0.0,0.0,0.0,31240.60110454587,0.0,0,0,0,20261147,12c8bfc70c6de8ad,human_only,0,1.0,0.98,12,11,0.026452769007594506,0.027448640354615975,0.03234665852914251,0.0,12.420301475870868,0.0,1655554.9350899267,1643878.1277222463,27397.968795370773,0.0,520.6766850757645,0.0,0.0,1000.0,0.08024725828337409,0.4677419283487884,0.0,0.0,0.0,0.0,0.0,15,60,50,high_d25_source_human_only,high,25,source,human_only,27
11047,11037,284,9294,9285,284,0,11037,0,0,0.0,0.0,136409.98433486753,0.0,136409.9843348602,0.0,12658,5564.684846539529,0,0.0,0.0,0.0,0,0,0,0.0,0.0,0,0.0,0.0,0.0,28520.83410170969,0.0,0,0,0,20261148,12c8bfc70c6de8ad,human_only,0,1.0,0.98,10,9,0.025731629971912657,0.0266135602425998,0.03152571551538627,0.0,12.359335356968398,0.0,1664728.5857461754,1653986.970286669,27566.449504777815,0.0,475.3472350284948,0.0,0.0,1000.0,0.07515078569656919,0.43961801600091077,0.0,0.0,0.0,0.0,0.0,15,60,50,high_d25_source_human_only,high,25,source,human_only,28
10180,10166,452,8580,8567,431,0,10166,0,0,0.0,0.0,132262.28313975187,0.0,132262.2831397419,0.0,11985,8393.750268576634,0,0.0,0.0,0.0,0,0,0,0.0,0.0,0,0.0,0.0,0.0,29424.85104604089,0.0,0,0,0,20261149,12c8bfc70c6de8ad,human_only,0,1.0,0.98,14,13,0.044461931929962624,0.045776031434184676,0.05174825174825175,0.0,13.010258030665147,0.0,1669803.1472300328,1660499.8671492408,27674.99778582068,0.0,490.4141841006815,0.0,0.0,1000.0,0.07233158487220404,0.700354632338476,0.0,0.0,0.0,0.0,0.0,15,60,50,high_d25_source_human_only,high,25,source,human_only,29
10920,10910,283,9159,9151,282,3,10907,0,0,30.174701612634163,11.988702984816094,136593.17927080297,0.0,136683.16304569627,89.98377490198618,12642,5970.739021395339,0,0.0,0.0,1.4791950649257841,0,0,3,0.0,21.0,9,17.988702984816094,24.227269320121554,24.227269320115738,29257.61850372561,26.431505837365822,0,0,0,20261120,f02c1cbbf38b1d71,adaptive_hybrid,2,1.0,0.98,10,8,0.025939505041246563,0.02683150183150183,0.03166284528878698,0.0,12.528245925361711,18.18599862781807,1664381.4656554533,1653668.4625769202,27561.141042948668,0.29981171641360155,487.6269750620935,0.4405250972894304,2.6919188133461933,1000.0,0.07534363019141488,0.4722938634231402,0.0,0.0,0.0,0.0,0.00024305555555555555,15,60,50,high_d25_source_adaptive_hybrid,high,25,source,adaptive_hybrid,0
10819,10801,393,9148,9132,385,120,10681,2,2,990.8328010696412,494.258717920531,134713.57564345803,0.0,137651.91549296805,2938.3398495185465,12595,6412.396049366405,14,0.0,1507.1675247224434,48.81322477117428,0,0,120,0.0,840.0,360,734.2587179205307,667.8876335604933,667.8876335602363,29367.785997696643,818.2884956461423,0,0,0,20261121,f02c1cbbf38b1d71,adaptive_hybrid,2,1.0,0.98,18,16,0.03638551985927229,0.037988723541917,0.04383471797114123,0.0,12.744367696784376,496.57408314911015,1665565.485868471,1655177.5355511548,27586.292259185913,12.237645298675512,489.46309996161074,13.638141594102372,1.8552434265562119,1000.0,0.07468584118418276,0.5091223540584681,0.0,0.01744406857317643,0.0,0.0,0.009722222222222222,15,60,50,high_d25_source_adaptive_hybrid,high,25,source,adaptive_hybrid,1
12518,12510,274,10552,10545,270,0,12510,0,0,0.0,0.0,154980.58693979375,0.0,154980.58693978327,0.0,14354,6743.401674958552,0,0.0,0.0,0.0,0,0,0,0.0,0.0,0,0.0,0.0,0.0,32678.43772965674,0.0,0,0,0,20261122,f02c1cbbf38b1d71,adaptive_hybrid,2,1.0,0.98,8,7,0.021902478017585932,0.022527560313149064,0.02625094768764215,0.0,12.388536126281636,0.0,1646332.1478548779,1633660.0501290811,27227.66750215135,0.0,544.6406288276123,0.0,0.0,1000.0,0.08537102896951232,0.46979250905382136,0.0,0.0,0.0,0.0,0.0,15,60,50,high_d25_source_adaptive_hybrid,high,25,source,adaptive_hybrid,2
10389,10380,344,8735,8727,343,0,10380,0,0,0.0,0.0,130142.19710602808,0.0,130142.19710601719,0.0,12052,5250.5806415734005,0,0.0,0.0,0.0,0,0,0,0.0,0.0,0,0.0,0.0,0.0,27908.031906150758,0.0,0,0,0,20261123,f02c1cbbf38b1d71,adaptive_hybrid,2,1.0,0.98,9,8,0.03314065510597303,0.03397824622196554,0.04018317115054379,0.0,12.537783921581617,0.0,1671453.4535742602,1661548.2951469019,27692.4715857817,0.0,465.13386510251263,0.0,0.0,1000.0,0.07141474801429992,0.4356605245248424,0.0,0.0,0.0,0.0,0.0,15,60,50,high_d25_source_adaptive_hybrid,high,25,source,adaptive_hybrid,3
10405,10397,373,8736,8730,361,2,10395,0,0,14.880832030602942,7.600346178661524,131364.72682573408,0.0,131431.23766301456,66.51083728966478,12089,6399.467725015047,0,0.0,0.0,0.4630366778418957,0,0,2,0.0,14.0,6,11.600346178661525,31.18758994495188,31.18758994495147,28695.799222264443,1.3418237650816698,0,0,0,20261124,f02c1cbbf38b1d71,adaptive_hybrid,2,1.0,0.98,8,6,0.03587573338463018,0.03661701105237866,0.042010073260073263,0.0,12.641265524960524,7.280485851941418,1670426.5832741903,1660301.2084666507,27671.68680777751,0.19333910297769208,478.26332037107403,0.02236372941802783,5.197931657491911,1000.0,0.07198523151433867,0.5293628691384769,0.0,0.0,0.0,0.0,0.00016203703703703703,15,60,50,high_d25_source_adaptive_hybrid,high,25,source,adaptive_hybrid,4
11041,11031,303,9270,9264,296,6,11025,0,0,56.69169162303828,22.987739033759105,136845.96321599247,0.0,136980.2008888844,134.2376729028474,12837,5080.033208726416,0,0.0,0.0,2.330809161910148,0,0,6,0.0,42.0,18,34.987739033759105,28.817567392692467,28.81756739269622,29746.922825361737,29.581953067418137,0,0,0,20261125,f02c1cbbf38b1d71,adaptive_hybrid,2,1.0,0.98,10,6,0.027468044601577372,0.02834888144189838,0.0325782092772384,0.0,12.417750057917178,33.703952589279176,1664384.1979873136,1653610.551650684,27560.175860844734,0.5831289838959851,495.78204708936227,0.49303255112363564,1.600975966260901,1000.0,0.07534211222927023,0.39573367677233123,0.0,0.0,0.0,0.0,0.0004861111111111111,15,60,50,high_d25_source_adaptive_hybrid,high,25,source,adaptive_hybrid,5
11828,11813,352,10005,9995,352,130,11683,3,3,1074.1438757925275,536.1396657761209,145466.12963042076,0.0,148576.44078904798,3110.3111586366285,13881,6936.764635509951,15,0.0,1620.668298934434,52.282691383166316,0,0,130,0.0,910.0,390,796.1396657761188,723.9092613678453,723.9092613675384,32135.65479110389,859.0454114211902,0,0,0,20261126,f02c1cbbf38b1d71,adaptive_hybrid,2,1.0,0.98,15,10,0.02979768052145941,0.03102806898884004,0.03618190904547726,0.0,12.577367373998813,538.0042100164067,1654189.117802835,1642552.1179581324,27375.868632635542,13.26899442960198,535.5942465183982,14.317423523686504,1.8561775932500986,1000.0,0.08100604566509162,0.4997309009084325,0.0,0.018757734941370764,0.0,0.0,0.010532407407407407,15,60,50,high_d25_source_adaptive_hybrid,high,25,source,adaptive_hybrid,6
11430,11421,347,9643,9636,345,6,11415,1,1,44.395570351249354,26.891185058865503,144438.81084665292,0.0,144580.35837700468,141.54753036128386,13320,7054.286092234892,0,0.0,0.0,2.289262609836303,0,0,6,0.0,42.0,18,38.8911850588655,33.88584090900493,33.885840908980754,31947.35111796587,35.131636019720005,0,0,0,20261127,f02c1cbbf38b1d71,adaptive_hybrid,2,1.0,0.98,9,7,0.030382628491375536,0.03114610673665792,0.03650316291610495,0.0,12.659168056825557,17.50438529238385,1657291.392815569,1646069.6211301473,27434.493685502453,0.6481864176477584,532.4558519660978,0.5855272669953334,1.8825467171655974,1000.0,0.0792825595469061,0.5296010579755924,0.0,0.0,0.0,0.0,0.0004861111111111111,15,60,50,high_d25_source_adaptive_hybrid,high,25,source,adaptive_hybrid,7
11393,11380,442,9621,9612,421,4,11376,0,0,29.24554525609601,15.889938835924568,144718.58983083317,0.0,144853.25250456802,134.66267374550807,13180,9081.10081618883,0,0.0,0.0,1.2200756728078161,0,0,4,0.0,28.0,12,23.889938835924568,47.13981227894401,47.13981227894692,31902.196502304996,15.693836702803594,0,0,0,20261128,f02c1cbbf38b1d71,adaptive_hybrid,2,1.0,0.98,13,9,0.03884007029876977,0.0399368033002721,0.04469389876312234,0.0,12.72875681059473,13.35560642017144,1657353.0912716165,1646067.390120648,27434.456502010802,0.3981656472654095,531.7032750384166,0.2615639450467266,3.928317689912243,1000.0,0.07924828262687966,0.6890061317290462,0.0,0.0,0.0,0.0,0.00032407407407407406,15,60,50,high_d25_source_adaptive_hybrid,high,25,source,adaptive_hybrid,8
11998,11986,496,10141,10132,480,73,11913,3,3,589.0607071807183,313.27204714922595,152502.14294369097,0.0,154295.83112673456,1793.6881830524362,13955,10730.484669028658,9,0.0,945.2515595521043,29.543689766945096,0,0,73,0.0,511.0,219,459.2720471492267,403.565980031067,403.5659800310168,33535.06119736655,507.56334546559873,0,0,0,20261129,f02c1cbbf38b1d71,adaptive_hybrid,2,1.0,0.98,12,9,0.04138161188052728,0.042340390065010836,0.04822009663741248,0.0,12.873004432399012,275.7886600314923,1649045.9125291265,1637187.276264053,27286.454604400886,7.654534119153778,558.9176866227758,8.459389091093312,1.8427670321050995,1000.0,0.08386338192826304,0.7689347666806634,0.0,0.010940411568890095,0.0,0.0,0.005914351851851852,15,60,50,high_d25_source_adaptive_hybrid,high,25,source,adaptive_hybrid,9
10742,10726,466,9026,9011,456,190,10536,4,4,1613.3702558728019,761.490627521495,135508.59044580598,0.0,139974.3211258073,4465.730680007186,12732,8393.609092186818,24,0.0,2585.4011785137254,77.5620353554117,0,0,190,0.0,1330.0,570,1141.4906275214903,947.0359717102737,947.0359717099454,30473.994848020564,1241.360461389345,0,0,0,20261130,f02c1cbbf38b1d71,adaptive_hybrid,2,1.0,0.98,16,15,0.043445832556404995,0.044870601377769506,0.0521825836472413,0.0,13.050001969588598,851.8796283513069,1664283.4139123375,1653446.7890276285,27557.446483793807,19.02484379202484,507.8999141336761,20.689341023155748,1.661466617034992,1000.0,0.07539810338203468,0.6592529918462785,0.0,0.029923624751316266,0.0,0.0,0.015393518518518518,15,60,50,high_d25_source_adaptive_hybrid,high,25,source,adaptive_hybrid,10
9340,9328,327,7811,7799,325,0,9328,0,0,0.0,0.0,117669.75389535789,0.0,117669.75389535062,0.0,10891,3598.4811674493194,0,0.0,0.0,0.0,0,0,0,0.0,0.0,0,0.0,0.0,0.0,25317.488721660604,0.0,0,0,0,20261131,f02c1cbbf38b1d71,adaptive_hybrid,2,1.0,0.98,12,12,0.0350557461406518,0.03629550321199144,0.04314428370247087,0.0,12.614682021371207,0.0,1683421.9145763083,1674830.6339094015,27913.843898490024,0.0,421.95814536101005,0.0,0.0,1000.0,0.06476560301316203,0.3304087014460857,0.0,0.0,0.0,0.0,0.0,15,60,50,high_d25_source_adaptive_hybrid,high,25,source,adaptive_hybrid,11
10130,10121,291,8463,8454,288,1,10120,0,0,13.316629006188673,3.4923790128057757,127322.08191017061,0.0,127358.20989522288,36.12798505819228,11794,4605.473192560579,0,0.0,0.0,0.5716702117897132,0,0,1,0.0,7.0,3,5.492379012805776,11.568797573787716,11.568797573789197,27043.66899245829,8.565526621924235,0,0,0,20261132,f02c1cbbf38b1d71,adaptive_hybrid,2,1.0,0.98,9,9,0.02875209959490169,0.029615004935834157,0.03509393831974477,0.0,12.583559914556158,9.824249993382898,1673700.3132920293,1664461.8560283703,27741.03093380617,0.0915396502134296,450.7278165409715,0.14275877703207057,3.8562658579297326,1000.0,0.07016649261553931,0.3904928940614363,0.0,0.0,0.0,0.0,8.101851851851852e-05,15,60,50,high_d25_source_adaptive_hybrid,high,25,source,adaptive_hybrid,12
9975,9971,278,8353,8350,278,0,9971,0,0,0.0,0.0,125535.84530466268,0.0,125535.84530465669,0.0,11657,4326.86755314551,0,0.0,0.0,0.0,0,0,0,0.0,0.0,0,0.0,0.0,0.0,27081.3063014524,0.0,0,0,0,20261133,f02c1cbbf38b1d71,adaptive_hybrid,2,1.0,0.98,4,3,0.02788085447798616,0.028270676691729325,0.03364060816473123,0.0,12.590095808309767,0.0,1675622.9733360256,1665952.1264724727,27765.86877454121,0.0,451.3551050242067,0.0,0.0,1000.0,0.06909834814665239,0.371181912425625,0.0,0.0,0.0,0.0,0.0,15,60,50,high_d25_source_adaptive_hybrid,high,25,source,adaptive_hybrid,13
11917,11908,311,10055,10047,309,63,11845,1,1,521.8199987933608,266.354984888073,144953.5915866605,0.0,146347.3822401931,1393.790653544056,13643,5758.83794719031,7,0.0,730.0447386343872,24.34657418776483,0,0,63,0.0,441.0,189,392.3549848880735,265.4980069812534,265.49800698114996,30472.16598602015,390.8888357325788,0,0,0,20261134,f02c1cbbf38b1d71,adaptive_hybrid,2,1.0,0.98,9,8,0.026116896204232447,0.026852395737182178,0.03152660367976131,0.0,12.289837272438119,255.46501390528783,1655861.809476875,1643540.4278301247,27392.34046383541,6.539249748134558,507.86943310033587,6.514813928876313,1.404751359688624,1000.0,0.08007677251284717,0.42210935624058565,0.0,0.008449591882342443,0.0,0.0,0.005104166666666667,15,60,50,high_d25_source_adaptive_hybrid,high,25,source,adaptive_hybrid,14
10733,10723,277,8993,8986,277,3,10720,0,0,21.923374681128426,12.804752149170817,132487.0246299664,0.0,132543.1970968252,56.17246686894214,12210,3785.0257829816874,0,0.0,0.0,0.9447132475322165,0,0,3,0.0,21.0,9,18.804752149170817,10.979184818502006,10.97918481848319,27844.905236613726,11.386559269499902,0,0,0,20261135,f02c1cbbf38b1d71,adaptive_hybrid,2,1.0,0.98,10,7,0.025832323043924275,0.026739960868349948,0.03158011786945402,0.0,12.360645071045901,9.118622531957609,1668618.41953182,1658587.3234086975,27643.122056811626,0.3134125358195136,464.0817539435621,0.18977598782499835,1.21990942427591,1000.0,0.07298976692676662,0.3099939216201218,0.0,0.0,0.0,0.0,0.00024305555555555555,15,60,50,high_d25_source_adaptive_hybrid,high,25,source,adaptive_hybrid,15
10624,10617,387,9011,9006,373,0,10617,0,0,0.0,0.0,135789.22321290805,0.0,135789.2232129001,0.0,12461,7905.459206583519,0,0.0,0.0,0.0,0,0,0,0.0,0.0,0,0.0,0.0,0.0,29575.52647403893,0.0,0,0,0,20261136,f02c1cbbf38b1d71,adaptive_hybrid,2,1.0,0.98,7,5,0.03645097485165301,0.03708584337349398,0.04194872933081789,0.0,12.78979214588868,0.0,1666138.4729658554,1656136.2866806134,27602.27144467689,0.0,492.92544123398216,0.0,0.0,1000.0,0.07436751501896921,0.6344161148048727,0.0,0.0,0.0,0.0,0.0,15,60,50,high_d25_source_adaptive_hybrid,high,25,source,adaptive_hybrid,16
11146,11139,266,9396,9392,266,0,11139,0,0,0.0,0.0,138606.6976259803,0.0,138606.69762597047,0.0,12869,5310.752002574563,0,0.0,0.0,0.0,0,0,0,0.0,0.0,0,0.0,0.0,0.0,29262.589208712758,0.0,0,0,0,20261137,f02c1cbbf38b1d71,adaptive_hybrid,2,1.0,0.98,7,4,0.0238800610467726,0.024493091692086848,0.028735632183908046,0.0,12.443369927818518,0.0,1662954.7724384563,1652012.4409073945,27533.54068178991,0.0,487.70982014521263,0.0,0.0,1000.0,0.07613623753419096,0.4126779083514308,0.0,0.0,0.0,0.0,0.0,15,60,50,high_d25_source_adaptive_hybrid,high,25,source,adaptive_hybrid,17
11582,11570,250,9757,9748,248,25,11545,0,0,210.26604975273938,94.34331465492971,141139.92270440928,0.0,141709.35061727965,569.4279128819398,13278,4173.379990715272,2,0.0,207.15377447271453,9.457980798705107,0,0,25,0.0,175.0,75,144.34331465492969,141.76536627893057,141.76536627886526,29535.086965642182,144.12899474664223,0,0,0,20261138,f02c1cbbf38b1d71,adaptive_hybrid,2,1.0,0.98,12,9,0.021607605877268798,0.02262130892764635,0.026340063544122168,0.0,12.247999189047507,115.92273509780966,1659889.0658487238,1648683.6841042398,27478.06140173733,2.405721910915495,492.2514494273697,2.4021499124440373,1.8902048837182035,1000.0,0.07783940786182009,0.31430787699316703,0.0,0.002397613130471233,0.0,0.0,0.002025462962962963,15,60,50,high_d25_source_adaptive_hybrid,high,25,source,adaptive_hybrid,18
10459,10450,345,8766,8758,344,0,10450,0,0,0.0,0.0,131521.42576913908,0.0,131521.42576913052,0.0,12207,5639.914392229126,0,0.0,0.0,0.0,0,0,0,0.0,0.0,0,0.0,0.0,0.0,28719.799365627252,0.0,0,0,0,20261139,f02c1cbbf38b1d71,adaptive_hybrid,2,1.0,0.98,9,8,0.03301435406698565,0.03384644803518501,0.04015514487793748,0.0,12.585782370251724,0.0,1669680.915472359,1659660.427717682,27661.007128628033,0.0,478.6633227604542,0.0,0.0,1000.0,0.07239949140424506,0.4620229697902127,0.0,0.0,0.0,0.0,0.0,15,60,50,high_d25_source_adaptive_hybrid,high,25,source,adaptive_hybrid,19
11676,11663,306,9844,9831,303,38,11625,0,0,307.6245223025773,147.6457923219512,142090.44647212903,0.0,142946.76468298116,856.3182108629553,13337,5498.836455096014,4,0.0,426.4500811838392,14.475503475885247,0,0,38,0.0,266.0,114,223.64579232195132,198.0522795056531,198.0522795056022,29800.13287629386,219.05458811440778,0,0,0,20261140,f02c1cbbf38b1d71,adaptive_hybrid,2,1.0,0.98,13,13,0.026236817285432566,0.027321000342583078,0.0321007720438846,0.0,12.256431851408827,159.9787299806261,1658696.397815481,1647569.2116738025,27459.48686123004,3.727429872032522,496.6688812715644,3.6509098019067965,1.737300697417563,1000.0,0.07850200121362161,0.4122993518104532,0.0,0.004935764828516658,0.0,0.0,0.0030787037037037037,15,60,50,high_d25_source_adaptive_hybrid,high,25,source,adaptive_hybrid,20
10787,10768,403,9060,9044,393,82,10686,2,2,671.0251278736876,372.8429550877935,134524.56110782537,0.0,136562.56013154896,2037.9990237337115,12495,7280.612543000085,9,0.0,961.2648560364033,32.9969664156652,0,0,82,0.0,574.0,246,536.8429550877939,455.31773610329986,455.3177361031776,29693.6582150476,523.5280045242245,0,0,0,20261141,f02c1cbbf38b1d71,adaptive_hybrid,2,1.0,0.98,19,16,0.03742570579494799,0.039121164364512837,0.04514348785871965,0.0,12.682258556050238,298.18217278589407,1666215.121495188,1655959.8077551038,27599.33012925173,8.947382584796566,494.89430358412665,8.725466742070408,1.850885106110478,1000.0,0.07432493250267336,0.5826820762705149,0.0,0.011125750648569483,0.0,0.0,0.006643518518518518,15,60,50,high_d25_source_adaptive_hybrid,high,25,source,adaptive_hybrid,21
11445,11437,349,9600,9593,346,0,11437,0,0,0.0,0.0,144997.0278155296,0.0,144997.0278155201,0.0,13431,7873.043355055886,0,0.0,0.0,0.0,0,0,0,0.0,0.0,0,0.0,0.0,0.0,31376.45199061676,0.0,0,0,0,20261142,f02c1cbbf38b1d71,adaptive_hybrid,2,1.0,0.98,8,7,0.030514995191046602,0.031192660550458717,0.036770833333333336,0.0,12.67788998999039,0.0,1656272.694765934,1645210.6906146666,27420.178176911108,0.0,522.9408665102793,0.0,0.0,1000.0,0.07984850290781442,0.5861844505290661,0.0,0.0,0.0,0.0,0.0,15,60,50,high_d25_source_adaptive_hybrid,high,25,source,adaptive_hybrid,22
10468,10459,373,8859,8852,362,11,10448,1,1,88.15206059474038,52.8649423333146,132409.5747982402,0.0,132709.25755026905,299.68275203873054,12169,6201.315350762732,0,0.0,0.0,3.7938024276289375,0,0,11,0.0,77.0,33,74.86494233331459,87.9346904252767,87.93469042526704,29167.862335983715,48.11599141177731,0,0,0,20261143,f02c1cbbf38b1d71,adaptive_hybrid,2,1.0,0.98,9,7,0.035663065302610195,0.03649216660298051,0.04165255672197765,0.0,12.688522569104986,35.287118261425775,1668884.6623436387,1659002.0716715548,27650.034527859247,1.2477490388885764,486.1310389330619,0.8019331901962885,2.6646875886444557,1000.0,0.07284185425353407,0.50959942072173,0.0,0.0,0.0,0.0,0.0008912037037037037,15,60,50,high_d25_source_adaptive_hybrid,high,25,source,adaptive_hybrid,23
11959,11943,304,10031,10019,301,128,11815,4,4,1093.9039472095737,580.6488548345436,143473.93102232408,0.0,146555.87982050117,3081.9487981859347,13728,5101.323239212803,15,0.0,1584.683893038625,51.577823661987345,0,0,128,0.0,896.0,384,836.6488548345418,675.7781386939952,675.778138693735,30352.536906290494,804.4398490652201,0,0,0,20261144,f02c1cbbf38b1d71,adaptive_hybrid,2,1.0,0.98,16,12,0.025454240977978732,0.026758090141316162,0.031203269863423387,0.0,12.271278558193181,513.2550923750301,1656025.2033047795,1643600.1893554325,27393.33648925721,13.944147580575697,505.8756151048416,13.407330817753667,1.7598389028482682,1000.0,0.07998599816401142,0.3715998863062939,0.0,0.018341248762021124,0.0,0.0,0.01037037037037037,15,60,50,high_d25_source_adaptive_hybrid,high,25,source,adaptive_hybrid,24
10658,10644,454,8952,8940,420,35,10609,0,0,284.4677081706651,137.5980478010237,138025.09689904933,0.0,138830.51595518368,805.4190561464566,12554,9723.345888945414,4,0.0,423.92387253947817,12.717716176184343,0,0,35,0.0,245.0,105,207.59804780102385,193.2565170277828,193.2565170277594,31166.521886881772,178.47318590053854,0,0,0,20261145,f02c1cbbf38b1d71,adaptive_hybrid,2,1.0,0.98,14,12,0.042653137918075915,0.04391067742540814,0.04825737265415549,0.0,13.043077410295348,146.8696603696414,1663778.4723878822,1653629.0452992548,27560.484088320914,3.4599674633503974,519.4420314480295,2.974553098342309,1.8405382574072324,1000.0,0.07567862645117651,0.7745217372108821,0.0,0.004906526302540256,0.0,0.0,0.0028356481481481483,15,60,50,high_d25_source_adaptive_hybrid,high,25,source,adaptive_hybrid,25
11411,11398,410,9622,9610,402,101,11297,1,1,806.5965992109199,396.14992911434257,142619.6320709245,0.0,144828.45838918834,2208.8263182747905,13312,7203.060289173,11,0.0,1194.2808557441779,38.33423260040648,0,0,101,0.0,707.0,303,598.1499291143426,461.107085144545,461.107085144351,31646.993981878306,615.1306315834672,0,0,0,20261146,f02c1cbbf38b1d71,adaptive_hybrid,2,1.0,0.98,13,12,0.03597122302158273,0.03706949434755937,0.04302639783828726,0.0,12.70647994290124,410.4466700965773,1658279.7408706122,1646482.4841822144,27441.37473637024,9.969165485239044,527.4498996979718,10.252177193057786,1.5218055615325115,1000.0,0.07873347729410429,0.5410952741265775,0.0,0.013822695089631689,0.0,0.0,0.00818287037037037,15,60,50,high_d25_source_adaptive_hybrid,high,25,source,adaptive_hybrid,26
11731,11720,311,9831,9821,308,4,11716,0,0,30.18862794023843,16.48143232385728,145479.35584149905,0.0,145557.5961972035,78.24035571299464,13550,6325.243351152751,0,0.0,0.0,1.375530954529778,0,0,4,0.0,28.0,12,24.481432323857284,13.937685207942543,13.937685207936738,31223.992296068576,20.21760415352066,0,0,0,20261147,f02c1cbbf38b1d71,adaptive_hybrid,2,1.0,0.98,11,10,0.026535836177474403,0.027448640354615975,0.03234665852914251,0.0,12.419590119215316,13.70719561638115,1655590.91468963,1643954.6117475226,27399.243529125375,0.4080238720642881,520.399871601143,0.3369600692253443,1.1614737673280615,1000.0,0.08022726961687221,0.4668076273913469,0.0,0.0,0.0,0.0,0.00032407407407407406,15,60,50,high_d25_source_adaptive_hybrid,high,25,source,adaptive_hybrid,27
11047,11037,297,9294,9285,297,30,11007,0,0,265.5936492062107,120.88307860767885,135896.09821224262,0.0,136617.33997900694,721.241766771207,12681,5539.745562839815,3,0.0,326.6823368883001,12.326153950333612,0,0,30,0.0,210.0,90,180.8830786076789,161.31253015029296,161.31253015022958,28496.876447518527,178.71474027833494,0,0,0,20261148,f02c1cbbf38b1d71,adaptive_hybrid,2,1.0,0.98,10,9,0.02690948627344387,0.027790350321354212,0.0329244673983215,0.0,12.378122676361958,144.7105705985319,1664884.1143749135,1654120.248748925,27568.670812482083,3.0147179767946484,474.94794079197544,2.978579004638916,1.7923614461136619,1000.0,0.07506438090282586,0.4368539991199286,0.0,0.0037810455658368065,0.0,0.0,0.0024305555555555556,15,60,50,high_d25_source_adaptive_hybrid,high,25,source,adaptive_hybrid,28
10180,10168,481,8580,8569,458,78,10090,3,3,655.6939589068355,328.8582696149409,131003.15378385296,0.0,133067.5629867412,2064.40920289926,12066,8349.021539155536,10,0.0,1066.9402080860116,33.25411241226152,0,0,78,0.0,546.0,234,484.8582696149414,503.7479211104537,503.7479211102036,29387.28698420036,559.2432425442408,0,0,0,20261149,f02c1cbbf38b1d71,adaptive_hybrid,2,1.0,0.98,12,11,0.04730527143981117,0.04842829076620825,0.05466200466200466,0.0,13.086896438507198,326.8356892918946,1670094.8042701082,1660441.8399886151,27674.03066647692,8.080971160249023,489.78811640333936,9.320720709070681,2.1527688936333487,1000.0,0.07216955318327323,0.6919460914267807,0.0,0.012348845000995505,0.0,0.0,0.006319444444444444,15,60,50,high_d25_source_adaptive_hybrid,high,25,source,adaptive_hybrid,29
10920,10906,285,9159,9148,283,5,10901,0,0,38.7042077119831,19.274436597888243,136524.49426649077,0.0,136645.26252770916,120.76826122615603,12639,6014.949904318399,0,0.0,0.0,1.2701428577291125,0,0,5,0.0,35.0,15,29.274436597888247,52.66062542385386,52.66062542385043,29243.146181180877,8.374874549162984,0,0,0,20261120,b5e62c8f74705188,travel_aware_hybrid,2,1.0,0.98,14,11,0.02613240418118467,0.02738095238095238,0.03209957418932198,0.0,12.529365718660292,19.42977111409486,1664393.656794362,1653537.8005093646,27558.963341822742,0.48790727663147077,487.38576968634794,0.13958124248604972,3.5107083615900287,1000.0,0.07533685733646556,0.47590394052681373,0.0,0.0,0.0,0.0,0.0004050925925925926,15,60,50,high_d25_source_travel_aware_hybrid,high,25,source,travel_aware_hybrid,0
10819,10804,355,9148,9135,345,12,10792,1,1,140.74249416098883,51.92563719681594,136129.93299377352,0.0,136471.67046057887,341.73746681319426,12488,6335.941798857524,1,0.0,106.39371125502196,4.440498792370898,0,0,12,0.0,84.0,36,75.92563719681594,131.53879584349875,131.53879584352217,29288.265656095682,23.694037812871848,0,0,0,20261121,b5e62c8f74705188,travel_aware_hybrid,2,1.0,0.98,15,13,0.03285820066641985,0.03419909418615399,0.039134236991692176,0.0,12.631587417676682,88.81685696417289,1665335.8974015524,1655153.1933717434,27585.886556195725,1.265427286613599,488.13776093492805,0.3949006302145308,3.653855440097838,1000.0,0.07481339033247092,0.5073624118239529,0.0,0.0012314086950812727,0.0,0.0,0.0009722222222222222,15,60,50,high_d25_source_travel_aware_hybrid,high,25,source,travel_aware_hybrid,1
12518,12506,298,10552,10542,296,16,12490,1,1,215.4510962714321,76.92504500486375,154508.00647399612,0.0,155018.78474924667,510.7782752628318,14376,6638.721113301635,2,0.0,209.1726756013128,6.979796383093732,0,0,16,0.0,112.0,48,108.9250450048637,180.50174810367304,180.50174810367753,32733.102793733564,28.180684166777333,0,0,0,20261122,b5e62c8f74705188,travel_aware_hybrid,2,1.0,0.98,12,10,0.02382856229010075,0.02476433935133408,0.028999241849886278,0.0,12.395552914540755,138.52605126656834,1646539.967249492,1634040.2788772064,27234.00464795344,1.8154174167477284,545.5517132288927,0.46967806944628887,3.760453085493282,1000.0,0.08525557375028225,0.4617919527894849,0.0,0.002420980041681861,0.0,0.0,0.0012962962962962963,15,60,50,high_d25_source_travel_aware_hybrid,high,25,source,travel_aware_hybrid,2
10389,10379,321,8735,8726,318,6,10373,0,0,67.14889983942716,24.00001666014316,129763.40613633672,0.0,129907.09633092207,143.6901945950849,12048,5169.107647829493,0,0.0,0.0,1.8406316685658424,0,0,6,0.0,42.0,18,36.00001666014316,56.7258388784111,56.7258388784212,27836.900115950517,3.9660346806319273,0,0,0,20261123,b5e62c8f74705188,travel_aware_hybrid,2,1.0,0.98,10,9,0.030927835051546393,0.031860621811531424,0.03743560389238695,0.0,12.516340334417773,43.148883179284,1671717.6871416115,1661785.3529497483,27696.42254916247,0.6000002776690526,463.94833526584193,0.06610057801053212,3.1514354932456223,1000.0,0.0712679515879936,0.4290427994546392,0.0,0.0,0.0,0.0,0.0004861111111111111,15,60,50,high_d25_source_travel_aware_hybrid,high,25,source,travel_aware_hybrid,3
10405,10395,375,8736,8729,367,10,10385,1,1,112.9836235459088,43.19052211777045,130924.61399535238,0.0,131215.76616966756,291.1521743233825,12095,6261.814786666211,0,0.0,0.0,3.515263111140636,0,0,9,0.0,63.0,29,61.190522117770435,122.43300032697488,122.43300032696425,28514.493497208412,13.04942883648186,0,0,0,20261124,b5e62c8f74705188,travel_aware_hybrid,2,1.0,0.98,10,7,0.03607503607503607,0.03700144161460836,0.04281135531135531,0.0,12.622969328491347,69.79310142813836,1670729.651661967,1660675.0357015412,27677.917261692353,1.019842035296174,475.2415582868069,0.217490480608031,4.221827597481526,1000.0,0.0718168601877962,0.5177192878599596,0.0,0.0,0.0,0.0,0.0007291666666666667,15,60,50,high_d25_source_travel_aware_hybrid,high,25,source,travel_aware_hybrid,4
11041,11032,287,9270,9265,279,17,11015,0,0,134.58557794337386,63.839420730594426,136622.33670144048,0.0,136978.40016786198,356.06346643229335,12833,5183.009388711222,1,0.0,105.14558768571987,4.159618672705304,0,0,15,0.0,105.0,49,93.8394207305944,153.04968243570386,153.04968243571784,29765.84090108234,15.073193553929084,0,0,0,20261125,b5e62c8f74705188,travel_aware_hybrid,2,1.0,0.98,9,5,0.02601522842639594,0.02680916583642786,0.03063646170442287,0.0,12.416461218986765,70.74615721277944,1664449.9740669217,1653575.7997782254,27559.596662970423,1.5639903455099067,496.0973483513724,0.2512198925654847,3.1234629068513846,1000.0,0.07530556996282123,0.4038813518827415,0.0,0.0012169628204365727,0.0,0.0,0.0012152777777777778,15,60,50,high_d25_source_travel_aware_hybrid,high,25,source,travel_aware_hybrid,5
11828,11813,348,10005,9994,347,12,11801,0,0,119.97502565865193,46.0551900252343,147523.4715061067,0.0,147777.15512194915,253.68361585289676,13739,7190.305869439506,1,0.0,107.02684878553852,3.4234835143290288,0,0,11,0.0,77.0,35,68.05519002523428,92.43904063206107,92.43904063205264,32201.13331900939,5.089423636740563,0,0,0,20261126,b5e62c8f74705188,travel_aware_hybrid,2,1.0,0.98,15,11,0.029459070515533734,0.030689888400405818,0.03578210894552724,0.0,12.509705842880653,73.91983563341762,1653513.6446562181,1641940.9218216185,27365.68203036031,1.134253167087238,536.6855553168232,0.08482372727900939,2.6411154466300752,1000.0,0.08138130852432324,0.5233500159720144,0.0,0.0012387366757585477,0.0,0.0,0.0008912037037037037,15,60,50,high_d25_source_travel_aware_hybrid,high,25,source,travel_aware_hybrid,6
11430,11422,341,9643,9637,338,13,11409,0,0,93.33760089195023,51.6134509319098,144162.84263314298,0.0,144493.5823258304,330.739692697558,13314,6939.991562537281,0,0.0,0.0,2.880241152768909,0,0,13,0.0,91.0,39,77.6134509319098,168.81837057203478,168.81837057202574,31924.33495537777,13.443750860299602,0,0,0,20261127,b5e62c8f74705188,travel_aware_hybrid,2,1.0,0.98,8,6,0.02985466643319909,0.0305336832895888,0.03567354557710256,0.0,12.650462469430082,41.72414996004043,1657371.7504746409,1645962.957188191,27432.715953136514,1.29355751553183,532.0722492562961,0.2240625143383267,4.32867616851348,1000.0,0.07923791640297728,0.5212551872117531,0.0,0.0,0.0,0.0,0.0010532407407407407,15,60,50,high_d25_source_travel_aware_hybrid,high,25,source,travel_aware_hybrid,7
11393,11384,434,9621,9615,416,9,11375,0,0,56.13441206068683,34.48740732405796,144764.1205996799,0.0,145024.884594161,260.76399449089513,13196,8921.784046064013,0,0.0,0.0,1.9777504743638168,0,0,8,0.0,56.0,26,50.48740732405796,125.62223915737303,125.62223915737741,31958.244147448073,15.554394520327682,0,0,0,20261128,b5e62c8f74705188,travel_aware_hybrid,2,1.0,0.98,9,6,0.038123682361208715,0.03888352497147371,0.043862384367529365,0.0,12.739360909536279,21.647004736628865,1657179.6569236708,1646058.2303050847,27434.30383841808,0.8414567887342994,532.6374024574678,0.25923990867212804,4.831624582976054,1000.0,0.07934463504240508,0.6760976088257057,0.0,0.0,0.0,0.0,0.0006481481481481481,15,60,50,high_d25_source_travel_aware_hybrid,high,25,source,travel_aware_hybrid,8
11998,11984,456,10141,10130,438,8,11976,0,0,76.04314889146843,30.44412507808805,152935.2765908033,0.0,153193.07669605827,257.80010526545084,13862,10554.238856356016,0,0.0,0.0,2.37419794012372,0,0,7,0.0,49.0,23,44.44412507808805,125.24041780883985,125.24041780881089,33346.462207571225,9.386016627878991,0,0,0,20261129,b5e62c8f74705188,travel_aware_hybrid,2,1.0,0.98,14,11,0.038050734312416554,0.039173195532588766,0.04427571245439306,0.0,12.783133903209135,45.599023813380384,1649246.46733669,1637708.344628157,27295.13907713595,0.7407354179681341,555.7743701261871,0.15643361046464985,5.445235556904821,1000.0,0.0837519625907277,0.7613792278427367,0.0,0.0,0.0,0.0,0.0005671296296296297,15,60,50,high_d25_source_travel_aware_hybrid,high,25,source,travel_aware_hybrid,9
10742,10726,406,9026,9012,394,10,10716,0,0,141.9664684834248,41.77358822813969,137535.58684248975,0.0,137865.7520914561,330.1652489735625,12540,8358.91165528667,1,0.0,106.50189241915584,4.062322339795172,0,0,8,0.0,56.0,28,57.77358822813967,128.10341858659407,128.10341858658285,30233.463511210084,12.95317455619931,0,0,0,20261130,b5e62c8f74705188,travel_aware_hybrid,2,1.0,0.98,16,14,0.03785194853626701,0.03928504933904301,0.045202747617992464,0.0,12.853417125811681,100.1928802552851,1664196.577357768,1653929.667602214,27565.4944600369,0.9628931371356612,503.8910585201681,0.21588624260332182,4.575122092377959,1000.0,0.07544634591235111,0.6665798768171188,0.0,0.0012326607918883778,0.0,0.0,0.0006481481481481481,15,60,50,high_d25_source_travel_aware_hybrid,high,25,source,travel_aware_hybrid,10
9340,9329,314,7811,7800,312,11,9318,0,0,77.83382292545295,42.89381171917702,117551.29050412633,0.0,117788.44487863182,237.15437451360594,10903,3596.7806897596965,0,0.0,0.0,2.425313721121898,0,0,10,0.0,70.0,32,62.89381171917701,107.34500851460285,107.34500851460871,25316.743903325318,9.93603191046212,0,0,0,20261131,b5e62c8f74705188,travel_aware_hybrid,2,1.0,0.98,11,11,0.03365848429628042,0.034796573875803,0.0413519395723979,0.0,12.626052618569174,34.940011206275926,1683398.3224912775,1674910.038086753,27915.167301445887,1.048230195319617,421.9457317220886,0.16560053184103532,3.354531516081522,1000.0,0.06477870972706812,0.32988908463355926,0.0,0.0,0.0,0.0,0.0008101851851851852,15,60,50,high_d25_source_travel_aware_hybrid,high,25,source,travel_aware_hybrid,11
10130,10121,311,8463,8454,306,14,10107,0,0,140.77357137188605,52.10454199965277,127041.54034540601,0.0,127375.06807047497,333.5277250770596,11794,4614.460090034268,1,0.0,113.17457245741315,4.308373036599315,0,0,11,0.0,77.0,39,74.10454199965275,135.579823342726,135.5798233427231,27088.872745017237,10.829378113576432,0,0,0,20261132,b5e62c8f74705188,travel_aware_hybrid,2,1.0,0.98,9,9,0.030728188914138917,0.0315893385982231,0.03722084367245657,0.0,12.585225577559033,88.66902937223328,1673813.5504912853,1664437.2778540563,27740.621297567606,1.2350756999942125,451.48121241695395,0.18048963522627387,3.47640572673649,1000.0,0.0701035830603971,0.3912548829942571,0.0,0.0013098908849237634,0.0,0.0,0.0008912037037037037,15,60,50,high_d25_source_travel_aware_hybrid,high,25,source,travel_aware_hybrid,12
9975,9968,307,8353,8348,306,9,9959,0,0,98.04632695500202,35.72487217301781,125354.19469621808,0.0,125596.62534299301,242.43064678047813,11664,4345.797365953878,1,0.0,102.10053370705016,2.9916222737489617,0,0,9,0.0,63.0,27,53.7248721730178,98.3978386237385,98.39783862372497,27076.750960286165,12.346828270049961,0,0,0,20261133,b5e62c8f74705188,travel_aware_hybrid,2,1.0,0.98,7,5,0.030798555377207062,0.031478696741854634,0.037232132168083326,0.0,12.599982478229636,62.32145478198421,1675619.9884004744,1665962.058738824,27766.03431231373,0.8954145362169633,451.2791826714361,0.20578047116749937,3.644364393471295,1000.0,0.0691000064441809,0.3725820786997495,0.0,0.0011817191401278953,0.0,0.0,0.0007291666666666667,15,60,50,high_d25_source_travel_aware_hybrid,high,25,source,travel_aware_hybrid,13
11917,11906,297,10055,10046,296,6,11900,0,0,33.719352381297504,24.342500601714992,145663.47827208557,0.0,145773.3505007071,109.87222863178977,13587,5861.390681193261,0,0.0,0.0,1.1208738275847947,0,0,4,0.0,28.0,16,32.342500601715,52.69477492668324,52.69477492668557,30424.25700084491,5.997865462835886,0,0,0,20261134,b5e62c8f74705188,travel_aware_hybrid,2,1.0,0.98,11,9,0.024945405677809507,0.025845430897037846,0.030333167578319244,0.0,12.243688098497154,9.376851779582513,1655718.4665314963,1643620.1864779722,27393.66977463287,0.53904167669525,507.07095001408186,0.0999644243805981,3.293423432917848,1000.0,0.08015640748250208,0.4313969736655083,0.0,0.0,0.0,0.0,0.00032407407407407406,15,60,50,high_d25_source_travel_aware_hybrid,high,25,source,travel_aware_hybrid,14
10733,10724,282,8993,8987,279,12,10712,0,0,164.50495754988498,51.807957469463666,132019.3762537809,0.0,132372.67923169635,353.3029779235767,12213,3756.5399316165676,1,0.0,107.60496038751268,5.28208923770105,0,0,11,0.0,77.0,35,73.80795746946366,105.63588568570425,105.63588568568957,27665.955588237775,16.730200966006954,0,0,0,20261135,b5e62c8f74705188,travel_aware_hybrid,2,1.0,0.98,9,6,0.02629615814994405,0.027112643249790368,0.0316913154675859,0.0,12.343591871661353,112.6970000804213,1668905.1891565905,1658744.1279550102,27645.735465916838,1.230132624491061,461.0992598039629,0.2788366827667826,3.0181681624482737,1000.0,0.07283045046856085,0.30758535426320865,0.0,0.0012454277822628783,0.0,0.0,0.0008912037037037037,15,60,50,high_d25_source_travel_aware_hybrid,high,25,source,travel_aware_hybrid,15
10624,10614,381,9011,9003,371,14,10600,0,0,113.44239836391583,54.780525369842124,135054.146908414,0.0,135395.7431112769,341.59620287234793,12453,7770.914664582331,1,0.0,105.39241380964205,3.6973936767480886,0,0,14,0.0,98.0,42,82.78052536984211,144.41922437370036,144.4192243737125,29395.713901045092,18.1951962661514,0,0,0,20261136,b5e62c8f74705188,travel_aware_hybrid,2,1.0,0.98,10,8,0.035895986433013,0.036803463855421686,0.04205970480523804,0.0,12.756335322336247,58.661872994073704,1666498.3819260674,1656439.3838919601,27607.323064866003,1.3796754228307018,489.9285650174182,0.3032532711025233,3.438552961278869,1000.0,0.07416756559662918,0.6240194864355842,0.0,0.0012198196042782644,0.0,0.0,0.0011342592592592593,15,60,50,high_d25_source_travel_aware_hybrid,high,25,source,travel_aware_hybrid,16
11146,11141,271,9396,9393,271,15,11126,0,0,156.4069853998968,62.10250000200386,138554.7938700993,0.0,138933.2172257133,378.4233556240033,12879,5333.163509624275,1,0.0,105.80483690573334,4.746655852621021,0,0,13,0.0,91.0,43,88.10250000200385,153.8729660819028,153.87296608186807,29355.91365831177,12.828407877349589,0,0,0,20261137,b5e62c8f74705188,travel_aware_hybrid,2,1.0,0.98,5,3,0.024324566914998652,0.024762246545846044,0.029161345253299276,0.0,12.470444055804085,94.30448539789293,1662710.9036765061,1651298.3909352508,27521.639848920848,1.4683750000333975,489.2652276385295,0.2138067979558265,3.5784410716713504,1000.0,0.07627172017971884,0.41409764031557383,0.0,0.001224593019742284,0.0,0.0,0.0010532407407407407,15,60,50,high_d25_source_travel_aware_hybrid,high,25,source,travel_aware_hybrid,17
11582,11573,239,9757,9749,236,18,11555,1,1,146.846881745223,73.91807335228314,141158.50955406728,0.0,141549.0210214953,390.5114674386459,13250,4204.525058740619,1,0.0,104.32413617283342,4.294263213548112,0,0,16,0.0,112.0,52,105.91807335228313,174.77854675133065,174.7785467512913,29549.64527392079,6.574916476269442,0,0,0,20261138,b5e62c8f74705188,travel_aware_hybrid,2,1.0,0.98,9,8,0.020651516460727555,0.02141253669487135,0.02500768678897202,0.0,12.230970450314985,72.92880839293984,1659834.2566493736,1648679.3118252156,27477.988530420258,1.7653012225380522,492.4940878986798,0.10958194127115736,3.361125899063294,1000.0,0.07786985741701469,0.3173226459426882,0.0,0.0012074552797781647,0.0,0.0,0.0012962962962962963,15,60,50,high_d25_source_travel_aware_hybrid,high,25,source,travel_aware_hybrid,18
10459,10451,348,8766,8759,345,11,10440,0,0,89.9683022898755,44.05336588067441,131509.95397595316,0.0,131761.6238814236,251.66990547956811,12202,5821.666975589376,0,0.0,0.0,2.579593806510703,0,0,8,0.0,56.0,30,60.0533658806744,114.88390917647006,114.8839091764421,28835.366233518125,3.167767312261652,0,0,0,20261139,b5e62c8f74705188,travel_aware_hybrid,2,1.0,0.98,8,7,0.0332982489713903,0.03403767090544029,0.04015514487793748,0.0,12.607561370340026,45.91493640920108,1669581.2558218515,1659563.979858143,27659.399664302382,1.0008894313445733,480.5894372253021,0.052796121871027536,3.8294636392147368,1000.0,0.0724548578767491,0.47710760331006197,0.0,0.0,0.0,0.0,0.0006481481481481481,15,60,50,high_d25_source_travel_aware_hybrid,high,25,source,travel_aware_hybrid,19
11676,11663,302,9844,9831,300,12,11651,0,0,126.53633087765124,45.814955716510426,142572.1398671752,0.0,142902.17609547093,330.03622830688437,13321,5531.784069516338,1,0.0,106.08892043559837,4.233192177263533,0,0,11,0.0,77.0,35,67.81495571651041,137.0935854998361,137.09358549983153,29681.44751660637,25.517302385063857,0,0,0,20261140,b5e62c8f74705188,travel_aware_hybrid,2,1.0,0.98,13,13,0.025893852353596845,0.02697841726618705,0.03179601787891101,0.0,12.252608770939803,80.72137516114081,1658456.6113956922,1647333.7191895694,27455.561986492823,1.1302492619418403,494.69079194343954,0.4252883730843976,3.9169595857094723,1000.0,0.07863521589128208,0.41526792804716894,0.0,0.0012278810235601663,0.0,0.0,0.0008912037037037037,15,60,50,high_d25_source_travel_aware_hybrid,high,25,source,travel_aware_hybrid,20
10787,10768,374,9060,9043,362,11,10757,0,0,146.47516178610383,45.22879106232131,135130.96900576062,0.0,135448.87820577924,317.9092000285291,12420,7029.15688667189,0,0.0,0.0,4.358172262594336,0,0,11,0.0,77.0,33,67.22879106232128,116.3013390292984,116.30133902929083,29511.58239518696,13.079309115828902,0,0,0,20261141,b5e62c8f74705188,travel_aware_hybrid,2,1.0,0.98,19,17,0.03473254086181278,0.036432743116714565,0.04183222958057395,0.0,12.578833414355428,101.24637072378252,1666422.7352934813,1656149.6623006237,27602.49437167706,1.120479851038688,491.85970658644936,0.21798848526381503,3.5242830008876007,1000.0,0.0742095915036215,0.565954660762632,0.0,0.0,0.0,0.0,0.0008912037037037037,15,60,50,high_d25_source_travel_aware_hybrid,high,25,source,travel_aware_hybrid,21
11445,11435,378,9600,9593,374,8,11427,0,0,90.39828496060774,32.77204844834364,144939.97216948247,0.0,145143.8215256827,203.84935621120167,13433,7909.907744956263,0,0.0,0.0,2.8010641876710904,0,0,7,0.0,49.0,23,46.772048448343625,74.03474025602742,74.03474025601827,31446.49120427845,17.022949572588903,0,0,0,20261142,b5e62c8f74705188,travel_aware_hybrid,2,1.0,0.98,10,7,0.03305640577175339,0.033901266928789864,0.0396875,0.0,12.692944602158521,57.6262365122641,1656231.962915717,1645212.3095129784,27420.20515854964,0.7795341408057271,524.1081867379742,0.28371582620981506,3.2189017502616637,1000.0,0.07987113171349058,0.588841490728524,0.0,0.0,0.0,0.0,0.0005671296296296297,15,60,50,high_d25_source_travel_aware_hybrid,high,25,source,travel_aware_hybrid,22
10468,10457,382,8859,8852,373,19,10438,0,0,179.92288939262116,73.50449445202824,132413.05768871916,0.0,132923.63825243595,510.5805637265821,12188,6376.426542394749,0,0.0,0.0,5.453873672210288,0,0,18,0.0,126.0,56,109.5044944520282,230.13030524916397,230.13030524911665,29365.64807431049,20.701385923678302,0,0,0,20261143,b5e62c8f74705188,travel_aware_hybrid,2,1.0,0.98,11,7,0.03653055369608874,0.03754298815437524,0.04289423185461113,0.0,12.711450535759392,106.41839494059292,1668673.2325948877,1658546.4791086488,27642.441318477482,1.8250749075338033,489.42746790517486,0.3450230987279717,4.109469736591369,1000.0,0.07295931522506238,0.523172509221755,0.0,0.0,0.0,0.0,0.0014583333333333334,15,60,50,high_d25_source_travel_aware_hybrid,high,25,source,travel_aware_hybrid,23
11959,11945,252,10031,10021,250,13,11932,1,1,91.82850210525717,58.57261751962707,145360.30848173695,0.0,145608.2381746171,247.92969288950553,13597,5006.586344477764,0,0.0,0.0,2.5010420205285926,0,0,13,0.0,91.0,39,84.57261751962704,111.04189525802909,111.04189525802576,30303.29733893653,0.0,0,0,0,20261144,b5e62c8f74705188,travel_aware_hybrid,2,1.0,0.98,14,10,0.021096693177061532,0.02224266242996906,0.025919649087827734,0.0,12.189890177866646,33.2558845856301,1655497.3001114004,1643333.2698412333,27388.88783068722,1.4095436253271174,505.05495564894215,0.0,2.847228083539122,1000.0,0.08027927771588861,0.3682125722201783,0.0,0.0,0.0,0.0,0.0010532407407407407,15,60,50,high_d25_source_travel_aware_hybrid,high,25,source,travel_aware_hybrid,24
10658,10645,444,8952,8941,414,11,10634,1,1,99.21593593038078,45.34959220227511,138232.16824395012,0.0,138569.85443107385,337.68618713563774,12549,9663.25522212505,0,0.0,0.0,3.330739199295736,0,0,9,0.0,63.0,31,63.3495922022751,122.48229579658876,122.48229579657345,31063.169519880248,20.26440096194783,0,0,0,20261145,b5e62c8f74705188,travel_aware_hybrid,2,1.0,0.98,13,11,0.04170972287458901,0.04287858885344342,0.047475424486148346,0.0,13.017365376333851,53.86634372810567,1663739.3729162903,1653339.320275291,27555.65533792152,1.055826536704585,517.7194919980042,0.3377400160324638,3.9510417998894662,1000.0,0.07570034837983874,0.7700418537034863,0.0,0.0,0.0,0.0,0.0007291666666666667,15,60,50,high_d25_source_travel_aware_hybrid,high,25,source,travel_aware_hybrid,25
11411,11396,377,9622,9608,367,9,11387,0,0,73.86637961293067,38.81671307760428,143312.9993017829,0.0,143535.92134512973,222.92204335779934,13210,6950.593271942313,0,0.0,0.0,2.2816561961663497,0,0,8,0.0,56.0,26,54.81671307760428,108.24839479077653,108.24839479077309,31502.398510791783,11.717477567537555,0,0,0,20261146,b5e62c8f74705188,travel_aware_hybrid,2,1.0,0.98,15,14,0.033081783081783084,0.03435281745683989,0.03959675743088755,0.0,12.595289693324826,35.049666535326395,1658439.8580110525,1646836.1124422776,27447.268540704627,0.9136118846267379,525.0399751798631,0.1952912927922926,4.163399799645119,1000.0,0.07864452332719307,0.5261614891705005,0.0,0.0,0.0,0.0,0.0006481481481481481,15,60,50,high_d25_source_travel_aware_hybrid,high,25,source,travel_aware_hybrid,26
11731,11720,317,9831,9823,313,13,11707,0,0,154.54391448800536,52.40946500905836,145110.81720385843,0.0,145484.21620193744,373.39899808742484,13546,6209.950149676753,1,0.0,100.36773219697477,5.021781734989204,0,0,11,0.0,77.0,37,74.40946500905834,135.0184907928345,135.01849079285057,31060.464522506896,23.962858094552665,0,0,0,20261147,b5e62c8f74705188,travel_aware_hybrid,2,1.0,0.98,11,8,0.02704778156996587,0.027960105702838634,0.032651815685077815,0.0,12.413329027469064,102.134449478947,1655794.1297835782,1643988.3610250559,27399.806017084265,1.2401577501509722,517.6744087084483,0.39938096824254443,3.649148399806772,1000.0,0.08011437234245655,0.4584342351747197,0.0,0.0011616635670946155,0.0,0.0,0.0008912037037037037,15,60,50,high_d25_source_travel_aware_hybrid,high,25,source,travel_aware_hybrid,27
11047,11037,282,9294,9284,282,8,11029,0,0,94.30121911883968,33.40430586559438,136083.78751705273,0.0,136301.21328125912,217.4257642154207,12661,5405.648269343237,0,0.0,0.0,2.883540231102457,0,0,7,0.0,49.0,23,47.40430586559438,83.67984910574272,83.67984910572522,28578.137868863832,7.55928957453221,0,0,0,20261148,b5e62c8f74705188,travel_aware_hybrid,2,1.0,0.98,10,10,0.025550421310138623,0.02643251561509912,0.031418119216698945,0.0,12.349480228436995,60.8969132532453,1664919.5784986056,1653986.965307695,27566.449421794918,0.790071764426573,476.3022978143972,0.12598815957553683,3.638254308944575,1000.0,0.0750446786118858,0.4269527106344868,0.0,0.0,0.0,0.0,0.0005671296296296297,15,60,50,high_d25_source_travel_aware_hybrid,high,25,source,travel_aware_hybrid,28
10180,10167,436,8580,8568,416,21,10146,0,0,143.47400244289713,84.56880878991909,131886.20285650718,0.0,132409.09132718746,522.8884706909212,11988,8554.084185494126,1,0.0,104.7698529057676,4.725832671481611,0,0,19,0.0,133.0,61,122.56880878991906,235.68190661946193,235.68190661940753,29400.90980038893,24.228330540392005,0,0,0,20261149,b5e62c8f74705188,travel_aware_hybrid,2,1.0,0.98,13,12,0.04288383987410249,0.04410609037328094,0.049883449883449886,0.0,13.02341805126266,58.90519365297804,1669885.860024252,1660457.4291179788,27674.290485299647,2.042813479831984,490.0151633398155,0.4038055090065334,3.86363781343291,1000.0,0.07228563331986004,0.7135539026938711,0.0,0.0012126140382611992,0.0,0.0,0.0015393518518518519,15,60,50,high_d25_source_travel_aware_hybrid,high,25,source,travel_aware_hybrid,29
10920,10910,116,4402,4399,108,0,10910,0,0,0.0,0.0,143497.99006398473,0.0,143497.99006397458,0.0,12666,5913.328276194035,0,0.0,0.0,0.0,0,0,0,0.0,0.0,0,0.0,0.0,0.0,29327.33458931536,0.0,0,0,0,20261120,12c8bfc70c6de8ad,human_only,0,1.0,0.98,10,3,0.010632447296058662,0.011538461538461539,0.025215810995002273,0.0,13.152886348668615,0.0,1657605.7312466495,1647153.49052031,27452.558175338498,0.0,488.7889098219227,0.0,0.0,1000.0,0.07910792708519476,0.46686627792468305,0.0,0.0,0.0,0.0,0.0,15,60,50,high_d25_balanced_human_only,high,25,balanced,human_only,0
10819,10801,175,4312,4303,153,0,10801,0,0,0.0,0.0,143729.79982813308,0.0,143729.79982812682,0.0,12521,6522.627626934536,0,0.0,0.0,0.0,0,0,0,0.0,0.0,0,0.0,0.0,0.0,29663.319795052303,0.0,0,0,0,20261121,12c8bfc70c6de8ad,human_only,0,1.0,0.98,18,9,0.016202203499675955,0.017838986967372215,0.037569573283859,0.0,13.307082661617148,0.0,1658149.8293930667,1647770.7762675812,27462.846271126353,0.0,494.38866325087173,0.0,0.0,1000.0,0.07880565033718512,0.5209350392887578,0.0,0.0,0.0,0.0,0.0,15,60,50,high_d25_balanced_human_only,high,25,balanced,human_only,1
12518,12510,122,4892,4887,114,0,12510,0,0,0.0,0.0,163330.93668961743,0.0,163330.9366896059,0.0,14375,6704.224564773087,0,0.0,0.0,0.0,0,0,0,0.0,0.0,0,0.0,0.0,0.0,32874.05886366287,0.0,0,0,0,20261122,12c8bfc70c6de8ad,human_only,0,1.0,0.98,8,5,0.009752198241406874,0.01038504553443042,0.024325429272281276,0.0,13.05603011107961,0.0,1638105.026253165,1625602.8261676831,27093.380436128053,0.0,547.9009810610478,0.0,0.0,1000.0,0.08994165208157501,0.46638083928856255,0.0,0.0,0.0,0.0,0.0,15,60,50,high_d25_balanced_human_only,high,25,balanced,human_only,2
10389,10380,164,4215,4212,161,0,10380,0,0,0.0,0.0,137002.5547752236,0.0,137002.55477521336,0.0,12074,5385.788331442443,0,0.0,0.0,0.0,0,0,0,0.0,0.0,0,0.0,0.0,0.0,28199.362844723375,0.0,0,0,0,20261123,12c8bfc70c6de8ad,human_only,0,1.0,0.98,9,3,0.01579961464354528,0.016652228318413707,0.038908659549228945,0.0,13.198704698960825,0.0,1664777.6387107966,1655228.9460784032,27587.14910130672,0.0,469.9893807453896,0.0,0.0,1000.0,0.0751235340495574,0.4460649603646218,0.0,0.0,0.0,0.0,0.0,15,60,50,high_d25_balanced_human_only,high,25,balanced,human_only,3
10405,10395,201,4163,4158,172,0,10395,0,0,0.0,0.0,137960.9536498244,0.0,137960.9536498162,0.0,12109,6329.084530217131,0,0.0,0.0,0.0,0,0,0,0.0,0.0,0,0.0,0.0,0.0,28713.092989021006,0.0,0,0,0,20261124,12c8bfc70c6de8ad,human_only,0,1.0,0.98,10,5,0.019336219336219335,0.020278712157616532,0.042517415325486425,0.0,13.271857012969331,0.0,1664011.2075122586,1653894.004213363,27564.900070222717,0.0,478.5515498170168,0.0,0.0,1000.0,0.07554932915985635,0.5226760698833207,0.0,0.0,0.0,0.0,0.0,15,60,50,high_d25_balanced_human_only,high,25,balanced,human_only,4
11041,11032,147,4345,4341,143,0,11032,0,0,0.0,0.0,144026.97274661122,0.0,144026.9727466005,0.0,12835,4990.548800549743,0,0.0,0.0,0.0,0,0,0,0.0,0.0,0,0.0,0.0,0.0,29786.87202054992,0.0,0,0,0,20261125,12c8bfc70c6de8ad,human_only,0,1.0,0.98,9,4,0.0133248730964467,0.014129154967847115,0.03383199079401611,0.0,13.05538186608054,0.0,1657418.0184871566,1646588.6496479488,27443.144160799147,0.0,496.44786700916535,0.0,0.0,1000.0,0.07921221195157968,0.3888234359602449,0.0,0.0,0.0,0.0,0.0,15,60,50,high_d25_balanced_human_only,high,25,balanced,human_only,5
11828,11816,159,4715,4710,153,0,11816,0,0,0.0,0.0,155184.50927337227,0.0,155184.509273361,0.0,13775,7246.907717879169,0,0.0,0.0,0.0,0,0,0,0.0,0.0,0,0.0,0.0,0.0,32349.882257441328,0.0,0,0,0,20261126,12c8bfc70c6de8ad,human_only,0,1.0,0.98,12,5,0.013456330399458361,0.014457220155563071,0.03351007423117709,0.0,13.13342157018966,0.0,1646178.8875073504,1634897.5682219001,27248.292803698336,0.0,539.1647042906887,0.0,0.0,1000.0,0.08545617360702751,0.5260913043832427,0.0,0.0,0.0,0.0,0.0,15,60,50,high_d25_balanced_human_only,high,25,balanced,human_only,6
11430,11422,184,4570,4568,177,0,11422,0,0,0.0,0.0,152061.7526103916,0.0,152061.7526103814,0.0,13341,7056.046938696441,0,0.0,0.0,0.0,0,0,0,0.0,0.0,0,0.0,0.0,0.0,32229.948967139335,0.0,0,0,0,20261127,12c8bfc70c6de8ad,human_only,0,1.0,0.98,8,2,0.016109262826125022,0.01679790026246719,0.039168490153172864,0.0,13.313058361966503,0.0,1649906.0824565922,1638558.847058277,27309.31411763795,0.0,537.1658161189889,0.0,0.0,1000.0,0.08338550974633763,0.528899403245367,0.0,0.0,0.0,0.0,0.0,15,60,50,high_d25_balanced_human_only,high,25,balanced,human_only,7
11393,11383,209,4407,4403,175,0,11383,0,0,0.0,0.0,152825.48754829017,0.0,152825.4875482805,0.0,13194,9227.364974519724,0,0.0,0.0,0.0,0,0,0,0.0,0.0,0,0.0,0.0,0.0,32204.61296876085,0.0,0,0,0,20261128,12c8bfc70c6de8ad,human_only,0,1.0,0.98,10,4,0.018360713344461037,0.019222329500570526,0.040617199909235305,0.0,13.425765400007073,0.0,1649452.5081975295,1638471.5497196312,27307.859161993852,0.0,536.7435494793475,0.0,0.0,1000.0,0.083637495445817,0.6993606923237626,0.0,0.0,0.0,0.0,0.0,15,60,50,high_d25_balanced_human_only,high,25,balanced,human_only,8
11998,11984,226,4782,4774,187,0,11984,0,0,0.0,0.0,160548.0615487446,0.0,160548.06154873318,0.0,13887,10314.051612433925,0,0.0,0.0,0.0,0,0,0,0.0,0.0,0,0.0,0.0,0.0,33225.868221983874,0.0,0,0,0,20261129,12c8bfc70c6de8ad,human_only,0,1.0,0.98,14,8,0.018858477970627504,0.020003333888981498,0.04077791718946048,0.0,13.396867619220059,0.0,1641942.055103286,1630197.4371905064,27169.95728650844,0.0,553.7644703663979,0.0,0.0,1000.0,0.08780996938706331,0.7427127250258461,0.0,0.0,0.0,0.0,0.0,15,60,50,high_d25_balanced_human_only,high,25,balanced,human_only,9
10742,10727,189,4260,4256,166,0,10727,0,0,0.0,0.0,144587.07244548644,0.0,144587.07244547855,0.0,12526,8162.479906610606,0,0.0,0.0,0.0,0,0,0,0.0,0.0,0,0.0,0.0,0.0,30257.136676008813,0.0,0,0,0,20261130,12c8bfc70c6de8ad,human_only,0,1.0,0.98,15,4,0.017619092010813835,0.01899087693167008,0.03990610328638498,0.0,13.478798587254456,0.0,1657467.6342021131,1647117.8824312768,27451.964707187948,0.0,504.28561126681353,0.0,0.0,1000.0,0.07918464766549271,0.6516429751405561,0.0,0.0,0.0,0.0,0.0,15,60,50,high_d25_balanced_human_only,high,25,balanced,human_only,10
9340,9331,167,3731,3726,164,0,9331,0,0,0.0,0.0,123811.72464617653,0.0,123811.72464616894,0.0,10921,3688.0335315298325,0,0.0,0.0,0.0,0,0,0,0.0,0.0,0,0.0,0.0,0.0,25496.18331457195,0.0,0,0,0,20261131,12c8bfc70c6de8ad,human_only,0,1.0,0.98,9,5,0.017897331475726076,0.018843683083511777,0.04529616724738676,0.0,13.268859141160533,0.0,1677423.513908648,1669010.6459421013,27816.84409903502,0.0,424.9363885761992,0.0,0.0,1000.0,0.06809804782852891,0.3377010833742178,0.0,0.0,0.0,0.0,0.0,15,60,50,high_d25_balanced_human_only,high,25,balanced,human_only,11
10130,10123,137,4100,4098,132,0,10123,0,0,0.0,0.0,133821.29839385138,0.0,133821.2983938444,0.0,11801,4576.124086731583,0,0.0,0.0,0.0,0,0,0,0.0,0.0,0,0.0,0.0,0.0,27213.749211125323,0.0,0,0,0,20261132,12c8bfc70c6de8ad,human_only,0,1.0,0.98,7,2,0.013533537488886693,0.014215202369200396,0.032682926829268294,0.0,13.219529624996976,0.0,1667324.50670952,1657894.8892852932,27631.58148808822,0.0,453.56248685208874,0.0,0.0,1000.0,0.07370860738359997,0.38777426376845886,0.0,0.0,0.0,0.0,0.0,15,60,50,high_d25_balanced_human_only,high,25,balanced,human_only,12
9975,9969,139,3996,3995,131,0,9969,0,0,0.0,0.0,132108.01860392303,0.0,132108.01860391695,0.0,11671,4328.770456313741,0,0.0,0.0,0.0,0,0,0,0.0,0.0,0,0.0,0.0,0.0,27204.999904471162,0.0,0,0,0,20261133,12c8bfc70c6de8ad,human_only,0,1.0,0.98,6,1,0.013943223994382586,0.014536340852130326,0.03303303303303303,0.0,13.251882696751625,0.0,1669173.5854172718,1659487.0450414151,27658.11741735692,0.0,453.41666507451936,0.0,0.0,1000.0,0.07268134143484895,0.3708997049364871,0.0,0.0,0.0,0.0,0.0,15,60,50,high_d25_balanced_human_only,high,25,balanced,human_only,13
11917,11906,141,4640,4636,137,0,11906,0,0,0.0,0.0,153851.93244316353,0.0,153851.93244315198,0.0,13612,5997.138234912682,0,0.0,0.0,0.0,0,0,0,0.0,0.0,0,0.0,0.0,0.0,30684.779832667606,0.0,0,0,0,20261134,12c8bfc70c6de8ad,human_only,0,1.0,0.98,11,4,0.011842768352091382,0.012754887975161534,0.030387931034482757,0.0,12.922218414509658,0.0,1647848.3638854148,1635608.4302418567,27260.140504030944,0.0,511.41299721112676,0.0,0.0,1000.0,0.0845286867303251,0.44057730200651496,0.0,0.0,0.0,0.0,0.0,15,60,50,high_d25_balanced_human_only,high,25,balanced,human_only,14
10733,10724,138,4241,4234,135,0,10724,0,0,0.0,0.0,139472.75678944847,0.0,139472.7567894398,0.0,12217,3819.2591078492424,0,0.0,0.0,0.0,0,0,0,0.0,0.0,0,0.0,0.0,0.0,28025.632456231564,0.0,0,0,0,20261135,12c8bfc70c6de8ad,human_only,0,1.0,0.98,9,7,0.012868332711674748,0.01369607751793534,0.033482669181796744,0.0,13.0056654969638,0.0,1661758.4427456942,1651662.5421002903,27527.70903500484,0.0,467.09387427052604,0.0,0.0,1000.0,0.07680086514128104,0.31261840941714353,0.0,0.0,0.0,0.0,0.0,15,60,50,high_d25_balanced_human_only,high,25,balanced,human_only,15
10624,10615,183,4117,4113,158,0,10615,0,0,0.0,0.0,142908.9149950147,0.0,142908.91499500675,0.0,12469,8138.193492456256,0,0.0,0.0,0.0,0,0,0,0.0,0.0,0,0.0,0.0,0.0,29806.22151333073,0.0,0,0,0,20261136,12c8bfc70c6de8ad,human_only,0,1.0,0.98,9,4,0.01723975506358926,0.018072289156626505,0.039349040563517124,0.0,13.462921808290792,0.0,1659117.3882200974,1648936.0825640073,27482.268042733453,0.0,496.77035855551213,0.0,0.0,1000.0,0.07826811765550146,0.6526741111922573,0.0,0.0,0.0,0.0,0.0,15,60,50,high_d25_balanced_human_only,high,25,balanced,human_only,16
11146,11143,120,4462,4459,114,0,11143,0,0,0.0,0.0,145905.6743354405,0.0,145905.67433542927,0.0,12880,5300.604892561394,0,0.0,0.0,0.0,0,0,0,0.0,0.0,0,0.0,0.0,0.0,29498.485425907525,0.0,0,0,0,20261137,12c8bfc70c6de8ad,human_only,0,1.0,0.98,3,3,0.010769092703939694,0.01103534900412704,0.02622142536978933,0.0,13.093931107908936,0.0,1655793.6335792565,1644748.6918350898,27412.478197251497,0.0,491.6414237651254,0.0,0.0,1000.0,0.08011464801152413,0.41153764693799644,0.0,0.0,0.0,0.0,0.0,15,60,50,high_d25_balanced_human_only,high,25,balanced,human_only,17
11582,11572,118,4675,4672,115,0,11572,0,0,0.0,0.0,148990.65889687257,0.0,148990.65889686122,0.0,13279,4168.369455933667,0,0.0,0.0,0.0,0,0,0,0.0,0.0,0,0.0,0.0,0.0,29728.803633449417,0.0,0,0,0,20261138,12c8bfc70c6de8ad,human_only,0,1.0,0.98,10,3,0.010197027307293468,0.011051631842514247,0.025240641711229948,0.0,12.875100146635086,0.0,1652491.9215627084,1641334.6257842812,27355.577096404686,0.0,495.4800605574903,0.0,0.0,1000.0,0.081948932465162,0.3139068797299245,0.0,0.0,0.0,0.0,0.0,15,60,50,high_d25_balanced_human_only,high,25,balanced,human_only,18
10459,10454,164,4179,4178,159,0,10454,0,0,0.0,0.0,138330.55903571923,0.0,138330.55903571084,0.0,12207,5823.224973751281,0,0.0,0.0,0.0,0,0,0,0.0,0.0,0,0.0,0.0,0.0,28880.310317895313,0.0,0,0,0,20261139,12c8bfc70c6de8ad,human_only,0,1.0,0.98,5,1,0.015687775014348575,0.016158332536571375,0.0382866714525006,0.0,13.232309071715214,0.0,1663056.1787747603,1653193.3669517057,27553.222782528428,0.0,481.3385052982552,0.0,0.0,1000.0,0.0760799006806887,0.4770398110716213,0.0,0.0,0.0,0.0,0.0,15,60,50,high_d25_balanced_human_only,high,25,balanced,human_only,19
11676,11663,124,4600,4596,119,0,11663,0,0,0.0,0.0,149875.94467748818,0.0,149875.94467747907,0.0,13289,5290.974219079937,0,0.0,0.0,0.0,0,0,0,0.0,0.0,0,0.0,0.0,0.0,29524.942116936596,0.0,0,0,0,20261140,12c8bfc70c6de8ad,human_only,0,1.0,0.98,13,4,0.010631912886907314,0.011733470366563891,0.02673913043478261,0.0,12.85054828753143,0.0,1651445.5573883406,1640449.0038735676,27340.816731226125,0.0,492.08236861560994,0.0,0.0,1000.0,0.0825302458953664,0.3981469048897537,0.0,0.0,0.0,0.0,0.0,15,60,50,high_d25_balanced_human_only,high,25,balanced,human_only,20
10787,10770,180,4266,4259,161,0,10770,0,0,0.0,0.0,142480.8928683477,0.0,142480.89286833696,0.0,12434,7080.362975666525,0,0.0,0.0,0.0,0,0,0,0.0,0.0,0,0.0,0.0,0.0,29659.19824518486,0.0,0,0,0,20261141,12c8bfc70c6de8ad,human_only,0,1.0,0.98,17,7,0.016713091922005572,0.018262723648836562,0.03938115330520394,0.0,13.229423664655242,0.0,1659331.864743254,1649060.440839359,27484.340680655983,0.0,494.319970753081,0.0,0.0,1000.0,0.0781489640315256,0.5694356583293008,0.0,0.0,0.0,0.0,0.0,15,60,50,high_d25_balanced_human_only,high,25,balanced,human_only,21
11445,11434,189,4662,4658,179,0,11434,0,0,0.0,0.0,152242.69679273225,0.0,152242.69679272128,0.0,13449,7988.126551853304,0,0.0,0.0,0.0,0,0,0,0.0,0.0,0,0.0,0.0,0.0,31557.059345316575,0.0,0,0,0,20261142,12c8bfc70c6de8ad,human_only,0,1.0,0.98,11,4,0.016529648417001924,0.01747487986020096,0.039253539253539256,0.0,13.314911386454547,0.0,1649093.1925759402,1638296.9756414485,27304.949594024143,0.0,525.9509890886096,0.0,0.0,1000.0,0.08383711523558879,0.5939569151500709,0.0,0.0,0.0,0.0,0.0,15,60,50,high_d25_balanced_human_only,high,25,balanced,human_only,22
10468,10457,196,4240,4235,163,0,10457,0,0,0.0,0.0,139331.15845277224,0.0,139331.15845276212,0.0,12164,6446.901940241129,0,0.0,0.0,0.0,0,0,0,0.0,0.0,0,0.0,0.0,0.0,29348.14680859514,0.0,0,0,0,20261143,12c8bfc70c6de8ad,human_only,0,1.0,0.98,11,5,0.01874342545663192,0.01977455101260986,0.03962264150943396,0.0,13.324199909415904,0.0,1662267.3358557948,1652384.7509979797,27539.745849966326,0.0,489.1357801432523,0.0,0.0,1000.0,0.07651814674678059,0.5299985153108459,0.0,0.0,0.0,0.0,0.0,15,60,50,high_d25_balanced_human_only,high,25,balanced,human_only,23
11959,11945,109,4865,4856,105,0,11945,0,0,0.0,0.0,152665.34579568004,0.0,152665.34579566945,0.0,13611,4983.1667157371885,0,0.0,0.0,0.0,0,0,0,0.0,0.0,0,0.0,0.0,0.0,30296.325498488543,0.0,0,0,0,20261144,12c8bfc70c6de8ad,human_only,0,1.0,0.98,14,9,0.009125156969443281,0.0102851408980684,0.02343268242548818,0.0,12.780690313576345,0.0,1648474.8251920966,1636529.5279294406,27275.492132157342,0.0,504.9387583081424,0.0,0.0,1000.0,0.08418065267105745,0.36611319636596784,0.0,0.0,0.0,0.0,0.0,15,60,50,high_d25_balanced_human_only,high,25,balanced,human_only,24
10658,10643,248,4335,4330,215,0,10643,0,0,0.0,0.0,145177.4350399512,0.0,145177.43503994006,0.0,12557,9602.69811478725,0,0.0,0.0,0.0,0,0,0,0.0,0.0,0,0.0,0.0,0.0,31174.27602027866,0.0,0,0,0,20261145,12c8bfc70c6de8ad,human_only,0,1.0,0.98,15,5,0.023301700648313446,0.024676299493338338,0.05074971164936563,0.0,13.64064972657522,0.0,1657250.3372537387,1647111.8201309212,27451.863668848688,0.0,519.5712670046444,0.0,0.0,1000.0,0.07930536819236744,0.7647286863731186,0.0,0.0,0.0,0.0,0.0,15,60,50,high_d25_balanced_human_only,high,25,balanced,human_only,25
11411,11399,176,4515,4511,150,0,11399,0,0,0.0,0.0,151089.2364147851,0.0,151089.23641477438,0.0,13227,6988.291655388435,0,0.0,0.0,0.0,0,0,0,0.0,0.0,0,0.0,0.0,0.0,31643.188812889126,0.0,0,0,0,20261146,12c8bfc70c6de8ad,human_only,0,1.0,0.98,12,4,0.015439950872883586,0.016475330821137498,0.034108527131782945,0.0,13.254604475372785,0.0,1650968.8104737822,1639101.1854313563,27318.353090522603,0.0,527.3864802148188,0.0,0.0,1000.0,0.08279510529234324,0.5283353485588898,0.0,0.0,0.0,0.0,0.0,15,60,50,high_d25_balanced_human_only,high,25,balanced,human_only,26
11731,11720,169,4692,4689,167,0,11720,0,0,0.0,0.0,152993.0728280859,0.0,152993.0728280759,0.0,13563,6186.62351663387,0,0.0,0.0,0.0,0,0,0,0.0,0.0,0,0.0,0.0,0.0,31267.034172625143,0.0,0,0,0,20261147,12c8bfc70c6de8ad,human_only,0,1.0,0.98,11,3,0.014419795221843003,0.015343960446679737,0.036231884057971016,0.0,13.0540164529075,0.0,1648226.9300681374,1636619.2204639374,27276.98700773229,0.0,521.117236210419,0.0,0.0,1000.0,0.0843183721843681,0.4561397564428128,0.0,0.0,0.0,0.0,0.0,15,60,50,high_d25_balanced_human_only,high,25,balanced,human_only,27
11047,11036,114,4371,4368,111,0,11036,0,0,0.0,0.0,143548.3319131482,0.0,143548.33191314188,0.0,12635,5759.616478179827,0,0.0,0.0,0.0,0,0,0,0.0,0.0,0,0.0,0.0,0.0,28652.15026133406,0.0,0,0,0,20261148,12c8bfc70c6de8ad,human_only,0,1.0,0.98,11,3,0.010329829648423342,0.011315289218792433,0.02608098833218943,0.0,13.007279078755154,0.0,1657692.2438772176,1647047.99651058,27450.799941843,0.0,477.535837688901,0.0,0.0,1000.0,0.0790598645126569,0.4558461795156175,0.0,0.0,0.0,0.0,0.0,15,60,50,high_d25_balanced_human_only,high,25,balanced,human_only,28
10180,10169,250,3980,3977,215,0,10169,0,0,0.0,0.0,138824.8429589788,0.0,138824.84295896767,0.0,12000,8405.615095870628,0,0.0,0.0,0.0,0,0,0,0.0,0.0,0,0.0,0.0,0.0,29480.504971202943,0.0,0,0,0,20261149,12c8bfc70c6de8ad,human_only,0,1.0,0.98,11,3,0.02458452158520995,0.025638506876227898,0.054773869346733665,0.0,13.65176939315249,0.0,1663431.1005832232,1654030.7847160946,27567.179745268244,0.0,491.34174952004906,0.0,0.0,1000.0,0.07587161078709825,0.7004679246558856,0.0,0.0,0.0,0.0,0.0,15,60,50,high_d25_balanced_human_only,high,25,balanced,human_only,29
10920,10910,117,4402,4399,109,1,10909,0,0,6.464404962049917,3.3518361154332093,143487.49465004742,0.0,143514.54922201647,27.054571979177126,12668,5913.328276194035,0,0.0,0.0,0.41149828447728987,0,0,1,0.0,7.0,3,5.351836115433209,9.042804484673754,9.042804484663066,29333.466634988934,8.818637113511752,0,0,0,20261120,f02c1cbbf38b1d71,adaptive_hybrid,2,1.0,0.98,10,3,0.010724106324472961,0.01163003663003663,0.025442980463425715,0.0,13.154404145006094,3.112568846616708,1657602.878819575,1647147.3701033825,27452.45616838971,0.08919726859055349,488.8911105831489,0.14697728522519588,3.014268161554355,1000.0,0.07910951176690273,0.4667925699553233,0.0,0.0,0.0,0.0,8.101851851851852e-05,15,60,50,high_d25_balanced_adaptive_hybrid,high,25,balanced,adaptive_hybrid,0
10819,10802,195,4312,4303,174,64,10738,2,2,547.9593531715863,259.1818163018912,142730.91085626738,0.0,144239.97270913658,1509.0618528778505,12583,6516.203254825319,7,0.0,741.697591676326,25.616270456546626,0,0,64,0.0,448.0,192,387.1818163018916,339.872534404015,339.87253440383574,29700.065896888023,391.5749281429356,0,0,0,20261121,f02c1cbbf38b1d71,adaptive_hybrid,2,1.0,0.98,17,9,0.018052212553230883,0.019595156668823367,0.042439703153988866,0.0,13.353080235987463,288.77753686969504,1658391.1723266616,1648007.5085281632,27466.791808802718,6.453030271698194,495.0010982814671,6.52624880238226,1.7701694500199778,1000.0,0.0786715709296324,0.5178576853552666,0.0,0.008584462866624145,0.0,0.0,0.005185185185185185,15,60,50,high_d25_balanced_adaptive_hybrid,high,25,balanced,adaptive_hybrid,1
12518,12510,123,4892,4887,115,1,12509,0,0,9.862130616666626,5.007496131252129,163315.62066214695,0.0,163341.07574635214,25.455084216686373,14377,6704.224564773087,0,0.0,0.0,0.3325973843603589,0,0,1,0.0,7.0,3,7.007496131252129,8.943692711031911,8.943692711021868,32881.61286529933,1.266183892498716,0,0,0,20261122,f02c1cbbf38b1d71,adaptive_hybrid,2,1.0,0.98,8,5,0.009832134292565946,0.010464930500079885,0.024529844644317254,0.0,13.056840587238382,4.854634485414497,1638103.143525194,1625603.8237296336,27093.39706216056,0.11679160218753548,548.0268810883222,0.0211030648749786,2.9812309036739557,1000.0,0.08994269804155897,0.4663159605462257,0.0,0.0,0.0,0.0,8.101851851851852e-05,15,60,50,high_d25_balanced_adaptive_hybrid,high,25,balanced,adaptive_hybrid,2
10389,10380,167,4215,4212,164,2,10378,0,0,22.565036880748817,7.641811934797248,136992.2703743752,0.0,137033.83654222288,41.56616785721417,12077,5397.7700135563755,0,0.0,0.0,0.8322113971171833,0,0,2,0.0,14.0,6,11.64181193479725,4.235900037740677,4.23590003773279,28185.48422385389,7.838778389001726,0,0,0,20261123,f02c1cbbf38b1d71,adaptive_hybrid,2,1.0,0.98,9,3,0.016088631984585742,0.016940995283472905,0.03962040332147094,0.0,13.201718356668872,14.923224945951569,1664776.436378301,1655239.3685601864,27587.322809336438,0.1940301989132875,469.75807039756484,0.13064630648336212,0.7059833396221317,1000.0,0.07512420201205505,0.4469462626112756,0.0,0.0,0.0,0.0,0.00016203703703703703,15,60,50,high_d25_balanced_adaptive_hybrid,high,25,balanced,adaptive_hybrid,3
10405,10394,206,4163,4158,177,17,10377,0,0,135.8431028645606,68.74695227961031,137633.97921384271,0.0,138058.92726920743,424.948055372588,12117,6331.855602498023,1,0.0,106.73669275299085,5.862542746439872,0,0,17,0.0,119.0,51,102.74695227961028,120.2763316978746,120.27633169785258,28670.029854756835,76.30047433270128,0,0,0,20261124,f02c1cbbf38b1d71,adaptive_hybrid,2,1.0,0.98,11,5,0.019819126419087934,0.020855358000961076,0.043718472255584916,0.0,13.282559868116936,67.09615058495028,1664112.5152523383,1654038.0249164405,27567.300415274007,1.7124492046601714,477.8338309126139,1.271674572211688,2.358359445055933,1000.0,0.0754930470820343,0.5225596766937379,0.0,0.0012353783883448015,0.0,0.0,0.0013773148148148147,15,60,50,high_d25_balanced_adaptive_hybrid,high,25,balanced,adaptive_hybrid,4
11041,11032,147,4345,4341,143,0,11032,0,0,0.0,0.0,144026.97274661122,0.0,144026.9727466005,0.0,12835,4990.548800549743,0,0.0,0.0,0.0,0,0,0,0.0,0.0,0,0.0,0.0,0.0,29786.87202054992,0.0,0,0,0,20261125,f02c1cbbf38b1d71,adaptive_hybrid,2,1.0,0.98,9,4,0.0133248730964467,0.014129154967847115,0.03383199079401611,0.0,13.05538186608054,0.0,1657418.0184871566,1646588.6496479488,27443.144160799147,0.0,496.44786700916535,0.0,0.0,1000.0,0.07921221195157968,0.3888234359602449,0.0,0.0,0.0,0.0,0.0,15,60,50,high_d25_balanced_adaptive_hybrid,high,25,balanced,adaptive_hybrid,5
11828,11818,160,4715,4711,154,27,11791,0,0,217.76158416550302,107.22029391691565,154685.50379209575,0.0,155301.59290360738,616.0891115214836,13809,7123.949867574402,2,0.0,213.07715743911342,10.240996610652344,0,0,27,0.0,189.0,81,161.2202939169157,152.6915538732419,152.69155387323553,32351.908563314228,163.20540233656388,0,0,0,20261126,f02c1cbbf38b1d71,adaptive_hybrid,2,1.0,0.98,10,4,0.013538669825689626,0.014372675008454515,0.03351007423117709,0.0,13.141106185785022,110.54129024858737,1646349.008361581,1634852.8539692615,27247.547566154357,2.6870048986152617,539.1984760552372,2.720090038942731,1.8850809120152534,1000.0,0.08536166202134388,0.5158918000995294,0.0,0.0024661708036934423,0.0,0.0,0.0021875,15,60,50,high_d25_balanced_adaptive_hybrid,high,25,balanced,adaptive_hybrid,6
11430,11422,184,4570,4568,177,0,11422,0,0,0.0,0.0,152061.7526103916,0.0,152061.7526103814,0.0,13341,7056.046938696441,0,0.0,0.0,0.0,0,0,0,0.0,0.0,0,0.0,0.0,0.0,32229.948967139335,0.0,0,0,0,20261127,f02c1cbbf38b1d71,adaptive_hybrid,2,1.0,0.98,8,2,0.016109262826125022,0.01679790026246719,0.039168490153172864,0.0,13.313058361966503,0.0,1649906.0824565922,1638558.847058277,27309.31411763795,0.0,537.1658161189889,0.0,0.0,1000.0,0.08338550974633763,0.528899403245367,0.0,0.0,0.0,0.0,0.0,15,60,50,high_d25_balanced_adaptive_hybrid,high,25,balanced,adaptive_hybrid,7
11393,11384,209,4407,4403,175,1,11383,0,0,8.02590413707702,3.9870833274990893,152763.01683622733,0.0,152815.95451250317,52.93767628599744,13194,9178.437082850263,0,0.0,0.0,0.21359607671646771,0,0,1,0.0,7.0,3,5.987083327499089,31.42906188391823,31.42906188392226,32177.07894012448,0.0,0,0,0,20261128,f02c1cbbf38b1d71,adaptive_hybrid,2,1.0,0.98,9,4,0.01835910049191848,0.019134556306503993,0.040617199909235305,0.0,13.423748639538227,4.038820809577931,1649478.53176014,1638474.1536823814,27307.902561373023,0.09978472212498482,536.2846490020746,0.0,10.476353961307419,1000.0,0.08362303791103332,0.6956523482530137,0.0,0.0,0.0,0.0,8.101851851851852e-05,15,60,50,high_d25_balanced_adaptive_hybrid,high,25,balanced,adaptive_hybrid,8
11998,11985,243,4782,4774,203,53,11932,1,1,432.65183987548943,208.4088008266678,159976.117385055,0.0,161231.40124542045,1255.2838603750643,13937,10426.886067054025,6,0.0,640.9179165341105,20.65185782191822,0,0,53,0.0,371.0,159,314.40880082666814,284.7505898641653,284.7505898640775,33247.634467956654,334.76451556300833,0,0,0,20261129,f02c1cbbf38b1d71,adaptive_hybrid,2,1.0,0.98,13,8,0.020275344180225283,0.021336889481580263,0.04412379757423672,0.0,13.45276606136174,224.24303904882163,1641977.9096101061,1630251.2666159624,27170.85444359937,5.240146680444469,554.127241132611,5.579408592716805,1.7908842129816194,1000.0,0.08779005021660768,0.7481442252316872,0.0,0.0074180314413670205,0.0,0.0,0.004293981481481481,15,60,50,high_d25_balanced_adaptive_hybrid,high,25,balanced,adaptive_hybrid,9
10742,10727,219,4260,4256,199,68,10659,2,2,566.5546226838075,290.7924380980614,143977.81455006544,0.0,145632.29200928524,1654.4774592266622,12618,8318.341143126661,8,0.0,880.5449413216353,28.012267561223414,0,0,68,0.0,476.0,204,426.79243809806184,367.50073904796693,367.50073904780584,30397.07901636658,462.5142739984009,0,0,0,20261130,f02c1cbbf38b1d71,adaptive_hybrid,2,1.0,0.98,15,4,0.020415773282371586,0.021783652951033326,0.04765258215962441,0.0,13.576236786546588,275.76218458574607,1657317.257800075,1646810.5719161734,27446.84286526956,7.113207301634364,506.6179836061097,7.708571233306682,1.8014742110186561,1000.0,0.07926819011106945,0.6592440278274418,0.0,0.010191492376407816,0.0,0.0,0.005509259259259259,15,60,50,high_d25_balanced_adaptive_hybrid,high,25,balanced,adaptive_hybrid,10
9340,9331,167,3731,3726,164,0,9331,0,0,0.0,0.0,123811.72464617653,0.0,123811.72464616894,0.0,10921,3688.0335315298325,0,0.0,0.0,0.0,0,0,0,0.0,0.0,0,0.0,0.0,0.0,25496.18331457195,0.0,0,0,0,20261131,f02c1cbbf38b1d71,adaptive_hybrid,2,1.0,0.98,9,5,0.017897331475726076,0.018843683083511777,0.04529616724738676,0.0,13.268859141160533,0.0,1677423.513908648,1669010.6459421013,27816.84409903502,0.0,424.9363885761992,0.0,0.0,1000.0,0.06809804782852891,0.3377010833742178,0.0,0.0,0.0,0.0,0.0,15,60,50,high_d25_balanced_adaptive_hybrid,high,25,balanced,adaptive_hybrid,11
10130,10121,135,4100,4098,130,2,10119,0,0,16.805389699819365,7.018185156615874,133739.1301543991,0.0,133787.00739017065,47.877235778592876,11801,4546.138915283565,0,0.0,0.0,0.7320236151099266,0,0,2,0.0,14.0,6,11.018185156615875,15.178106017598694,15.178106017585378,27180.4102601657,7.9886984178834535,0,0,0,20261132,f02c1cbbf38b1d71,adaptive_hybrid,2,1.0,0.98,9,2,0.0133386029048513,0.014215202369200396,0.03219512195121951,0.0,13.218753817821426,9.78720454320349,1667378.4323977344,1657954.4183494032,27632.57363915672,0.18363641927693125,453.0068376694283,0.13314497363139088,2.52968433626423,1000.0,0.0736786486679254,0.38523336287463483,0.0,0.0,0.0,0.0,0.00016203703703703703,15,60,50,high_d25_balanced_adaptive_hybrid,high,25,balanced,adaptive_hybrid,12
9975,9969,139,3996,3995,131,0,9969,0,0,0.0,0.0,132108.01860392303,0.0,132108.01860391695,0.0,11671,4328.770456313741,0,0.0,0.0,0.0,0,0,0,0.0,0.0,0,0.0,0.0,0.0,27204.999904471162,0.0,0,0,0,20261133,f02c1cbbf38b1d71,adaptive_hybrid,2,1.0,0.98,6,1,0.013943223994382586,0.014536340852130326,0.03303303303303303,0.0,13.251882696751625,0.0,1669173.5854172718,1659487.0450414151,27658.11741735692,0.0,453.41666507451936,0.0,0.0,1000.0,0.07268134143484895,0.3708997049364871,0.0,0.0,0.0,0.0,0.0,15,60,50,high_d25_balanced_adaptive_hybrid,high,25,balanced,adaptive_hybrid,13
11917,11907,144,4640,4636,140,44,11863,0,0,370.994347924872,172.19880458146082,153581.90029134403,0.0,154543.2069720737,961.3066807407668,13671,6149.628217649131,5,0.0,543.3168158489899,17.114530873888093,0,0,44,0.0,308.0,132,260.198804581461,183.72664120390385,183.72664120383706,30791.437342465237,282.97397824531686,0,0,0,20261134,f02c1cbbf38b1d71,adaptive_hybrid,2,1.0,0.98,10,4,0.012093726379440665,0.012922715448518923,0.03103448275862069,0.0,12.979189298066155,198.79554334341117,1647689.6068004663,1635333.123398615,27255.552056643584,4.33664674302435,513.1906223744206,4.716232970755281,1.3918684939684627,1000.0,0.08461688511085208,0.4498301673359031,0.0,0.006288389072326272,0.0,0.0,0.003564814814814815,15,60,50,high_d25_balanced_adaptive_hybrid,high,25,balanced,adaptive_hybrid,14
10733,10724,138,4241,4234,135,0,10724,0,0,0.0,0.0,139472.75678944847,0.0,139472.7567894398,0.0,12217,3819.2591078492424,0,0.0,0.0,0.0,0,0,0,0.0,0.0,0,0.0,0.0,0.0,28025.632456231564,0.0,0,0,0,20261135,f02c1cbbf38b1d71,adaptive_hybrid,2,1.0,0.98,9,7,0.012868332711674748,0.01369607751793534,0.033482669181796744,0.0,13.0056654969638,0.0,1661758.4427456942,1651662.5421002903,27527.70903500484,0.0,467.09387427052604,0.0,0.0,1000.0,0.07680086514128104,0.31261840941714353,0.0,0.0,0.0,0.0,0.0,15,60,50,high_d25_balanced_adaptive_hybrid,high,25,balanced,adaptive_hybrid,15
10624,10615,180,4117,4113,155,3,10612,0,0,29.68541176048702,11.884100794557082,142843.62194767912,0.0,142912.28919117572,68.66724350438017,12464,8166.401940940388,0,0.0,0.0,1.1453406503483428,0,0,3,0.0,21.0,9,17.884100794557085,16.369516695891015,16.369516695885977,29785.253279650842,11.816694908967984,0,0,0,20261136,f02c1cbbf38b1d71,adaptive_hybrid,2,1.0,0.98,9,4,0.016957136128120585,0.017789909638554216,0.0386203546271557,0.0,13.463239678867236,17.80131096592994,1659152.8703038907,1649009.0801438508,27483.48466906418,0.29806834657595144,496.4208879941807,0.19694491514946638,1.8188351884317753,1000.0,0.0782484053867274,0.6551991287660773,0.0,0.0,0.0,0.0,0.00024305555555555555,15,60,50,high_d25_balanced_adaptive_hybrid,high,25,balanced,adaptive_hybrid,16
11146,11143,120,4462,4459,114,0,11143,0,0,0.0,0.0,145905.6743354405,0.0,145905.67433542927,0.0,12880,5300.604892561394,0,0.0,0.0,0.0,0,0,0,0.0,0.0,0,0.0,0.0,0.0,29498.485425907525,0.0,0,0,0,20261137,f02c1cbbf38b1d71,adaptive_hybrid,2,1.0,0.98,3,3,0.010769092703939694,0.01103534900412704,0.02622142536978933,0.0,13.093931107908936,0.0,1655793.6335792565,1644748.6918350898,27412.478197251497,0.0,491.6414237651254,0.0,0.0,1000.0,0.08011464801152413,0.41153764693799644,0.0,0.0,0.0,0.0,0.0,15,60,50,high_d25_balanced_adaptive_hybrid,high,25,balanced,adaptive_hybrid,17
11582,11572,119,4675,4671,113,8,11564,0,0,72.20555891960936,30.18025477165743,148857.6468427397,0.0,149061.6929947325,204.04615200407716,13283,4225.662109615545,0,0.0,0.0,3.5940070009603016,0,0,8,0.0,56.0,24,46.18025477165743,44.505617194004806,44.50561719400139,29718.545709248465,59.926532150935635,0,0,0,20261138,f02c1cbbf38b1d71,adaptive_hybrid,2,1.0,0.98,10,4,0.010283442792948497,0.01113797271628389,0.02502673796791444,0.0,12.881238592700699,42.02530414795193,1652520.581317301,1641144.9468982902,27352.41578163817,0.7696709128609572,495.30909515414106,0.9987755358489273,1.8544007164167244,1000.0,0.08193301037927725,0.31812558229432697,0.0,0.0,0.0,0.0,0.0006481481481481481,15,60,50,high_d25_balanced_adaptive_hybrid,high,25,balanced,adaptive_hybrid,18
10459,10454,164,4179,4178,159,0,10454,0,0,0.0,0.0,138330.55903571923,0.0,138330.55903571084,0.0,12207,5823.224973751281,0,0.0,0.0,0.0,0,0,0,0.0,0.0,0,0.0,0.0,0.0,28880.310317895313,0.0,0,0,0,20261139,f02c1cbbf38b1d71,adaptive_hybrid,2,1.0,0.98,5,1,0.015687775014348575,0.016158332536571375,0.0382866714525006,0.0,13.232309071715214,0.0,1663056.1787747603,1653193.3669517057,27553.222782528428,0.0,481.3385052982552,0.0,0.0,1000.0,0.0760799006806887,0.4770398110716213,0.0,0.0,0.0,0.0,0.0,15,60,50,high_d25_balanced_adaptive_hybrid,high,25,balanced,adaptive_hybrid,19
11676,11663,124,4600,4596,120,15,11648,1,1,121.57717624068114,72.6210478255723,149616.6527398748,0.0,149946.62614119003,329.97340132480895,13296,5246.441349549692,0,0.0,0.0,5.535174231959365,0,0,15,0.0,105.0,45,102.62104782557225,62.94538422086477,62.94538422086771,29449.229544404592,85.1272114325112,0,0,0,20261140,f02c1cbbf38b1d71,adaptive_hybrid,2,1.0,0.98,13,4,0.010631912886907314,0.011733470366563891,0.026956521739130435,0.0,12.85660860337735,48.956128415108836,1651540.500509174,1640523.6368841233,27342.06061473539,1.7103507970928709,490.8204924067432,1.41878685720852,1.3987863160192824,1000.0,0.08247749971712548,0.3945879474691405,0.0,0.0,0.0,0.0,0.0012152777777777778,15,60,50,high_d25_balanced_adaptive_hybrid,high,25,balanced,adaptive_hybrid,20
10787,10771,202,4266,4260,184,50,10721,1,1,425.10352275991556,215.36604167377195,141992.15516537032,0.0,143217.22838373246,1225.073218372294,12490,7205.261241218883,6,0.0,620.8874084938341,21.24364583192716,0,0,50,0.0,350.0,150,315.36604167377226,249.96134342155625,249.96134342149162,29727.503396572094,346.97448323020296,0,0,0,20261141,f02c1cbbf38b1d71,adaptive_hybrid,2,1.0,0.98,16,6,0.018754061832698912,0.02020951144896635,0.04453820909517112,0.0,13.296558201070695,209.73748108614362,1659271.1801131505,1648871.5593044236,27481.192655073726,5.256100694562871,495.4583899428682,5.782908053836716,1.6664089561432776,1000.0,0.07818267771491638,0.576882405221688,0.0,0.007186196857567524,0.0,0.0,0.004050925925925926,15,60,50,high_d25_balanced_adaptive_hybrid,high,25,balanced,adaptive_hybrid,21
11445,11434,190,4662,4658,180,2,11432,1,1,16.862342222432133,29.41768366263154,152217.2603081209,0.0,152282.62860997202,65.36830186178122,13450,7988.295592555165,0,0.0,0.0,0.7554919755431592,0,0,2,0.0,14.0,6,33.41768366263154,9.330939177406353,9.330939177409164,31562.61149562117,11.668694950100644,0,0,0,20261142,f02c1cbbf38b1d71,adaptive_hybrid,2,1.0,0.98,11,4,0.01661710687423474,0.017562254259501964,0.039468039468039465,0.0,13.318403761585799,-12.555341440199406,1649076.260287596,1638271.1990463403,27304.51998410567,0.5569613943771923,526.0435249270196,0.19447824916834405,1.555156529568194,1000.0,0.0838465220624467,0.593925322866555,0.0,0.0,0.0,0.0,0.00016203703703703703,15,60,50,high_d25_balanced_adaptive_hybrid,high,25,balanced,adaptive_hybrid,22
10468,10457,196,4240,4235,163,0,10457,0,0,0.0,0.0,139331.15845277224,0.0,139331.15845276212,0.0,12164,6446.901940241129,0,0.0,0.0,0.0,0,0,0,0.0,0.0,0,0.0,0.0,0.0,29348.14680859514,0.0,0,0,0,20261143,f02c1cbbf38b1d71,adaptive_hybrid,2,1.0,0.98,11,5,0.01874342545663192,0.01977455101260986,0.03962264150943396,0.0,13.324199909415904,0.0,1662267.3358557948,1652384.7509979797,27539.745849966326,0.0,489.1357801432523,0.0,0.0,1000.0,0.07651814674678059,0.5299985153108459,0.0,0.0,0.0,0.0,0.0,15,60,50,high_d25_balanced_adaptive_hybrid,high,25,balanced,adaptive_hybrid,23
11959,11941,128,4865,4855,125,80,11861,1,1,674.6664427392532,339.9833732875374,151609.32129967443,0.0,153448.96022438307,1839.6389247180268,13670,5019.489901928147,9,0.0,993.5339104240734,31.39440374857756,0,0,80,0.0,560.0,240,499.98337328753803,387.8794014874903,387.8794014874002,30339.099711232993,470.6345442398189,0,0,0,20261144,f02c1cbbf38b1d71,adaptive_hybrid,2,1.0,0.98,18,10,0.010719370236998576,0.0122083786269755,0.02774922918807811,0.0,12.850595446309612,334.68306945171577,1648606.4335313472,1636403.7224390563,27273.395373984273,8.333056221458968,505.65166185388324,7.843909070663648,1.6161641728641674,1000.0,0.08410753692702932,0.36719019033856237,0.0,0.011499235074352701,0.0,0.0,0.006481481481481481,15,60,50,high_d25_balanced_adaptive_hybrid,high,25,balanced,adaptive_hybrid,24
10658,10643,255,4335,4330,224,24,10619,0,0,183.98884628003586,87.28387212811865,144715.94444997126,0.0,145366.2417432164,650.2972932554767,12585,9592.380415280539,2,0.0,219.1559378879101,8.497008647107972,0,0,24,0.0,168.0,72,135.28387212811856,205.97863343300097,205.97863343292556,31261.389734479522,125.23458836180367,0,0,0,20261145,f02c1cbbf38b1d71,adaptive_hybrid,2,1.0,0.98,15,5,0.023959409940806163,0.02533308313004316,0.05282583621683968,0.0,13.658389715608044,96.70497415191721,1657343.2572915074,1647312.2033011473,27455.203388352456,2.2547312021353094,521.0231622413254,2.0872431393633946,2.860814353235077,1000.0,0.07925374594916257,0.7622074227477583,0.0,0.0025365270588878484,0.0,0.0,0.0019444444444444444,15,60,50,high_d25_balanced_adaptive_hybrid,high,25,balanced,adaptive_hybrid,25
11411,11397,208,4515,4511,181,67,11330,0,0,573.570305196059,265.37546372597484,150050.17488874233,0.0,151685.77110359346,1635.5962148593026,13274,6914.815594156724,7,0.0,754.1510522347626,27.58106042115921,0,0,67,0.0,469.0,201,399.37546372597524,376.0057876097821,376.005787609618,31643.32413479291,434.1666957887667,0,0,0,20261146,f02c1cbbf38b1d71,adaptive_hybrid,2,1.0,0.98,14,4,0.018250416776344654,0.019454911927087898,0.04097452934662237,0.0,13.309271835008639,308.1948414700842,1651217.1880720328,1639329.8207004447,27322.163678340745,6.656257728766254,527.3887355798819,7.236111596479445,1.8706755602468557,1000.0,0.08265711773775952,0.5209293049688657,0.0,0.008728600141606048,0.0,0.0,0.00542824074074074,15,60,50,high_d25_balanced_adaptive_hybrid,high,25,balanced,adaptive_hybrid,26
11731,11719,177,4692,4689,175,6,11713,0,0,50.37503577017784,23.396614834308657,152856.83915907147,0.0,152979.50460792336,122.66544886077463,13560,6196.176168506248,0,0.0,0.0,1.9723567229529069,0,0,6,0.0,42.0,18,35.396614834308664,31.17456510837261,31.174565108354727,31204.574816784258,22.853537878351474,0,0,0,20261147,f02c1cbbf38b1d71,adaptive_hybrid,2,1.0,0.98,12,3,0.015103677788207185,0.016111158469013724,0.03793691389599318,0.0,13.053972575127856,26.97842093586918,1648288.7922512004,1636713.725185403,27278.562086423382,0.5899435805718111,520.0762469464042,0.38089229797252455,1.7319202837974847,1000.0,0.0842840043048887,0.45694514517007734,0.0,0.0,0.0,0.0,0.0004861111111111111,15,60,50,high_d25_balanced_adaptive_hybrid,high,25,balanced,adaptive_hybrid,27
11047,11035,127,4371,4367,124,45,10990,1,1,392.4057173856865,188.7120172876892,142812.75838063462,0.0,143860.83378210332,1048.0754014762788,12698,5612.394979624556,5,0.0,538.9041758067605,17.827012488782508,0,0,45,0.0,315.0,135,278.71201728768943,227.28288463744965,227.28288463737408,28618.986088626014,278.0599877283145,0,0,0,20261148,f02c1cbbf38b1d71,adaptive_hybrid,2,1.0,0.98,12,4,0.011508835523334844,0.012582601611297185,0.029283916723861818,0.0,13.036776962582993,203.6937000979973,1657935.673766156,1647341.0097766106,27455.683496276844,4.645200288128157,476.9831014771002,4.634333128805242,1.6835769232398081,1000.0,0.07892462568546887,0.4419904693356872,0.0,0.006237316849615283,0.0,0.0,0.0036458333333333334,15,60,50,high_d25_balanced_adaptive_hybrid,high,25,balanced,adaptive_hybrid,28
10180,10169,248,3980,3977,213,3,10166,0,0,25.41225509273425,11.657319613868943,138629.4495425785,0.0,138760.35171317108,130.9021706025378,11995,8366.660952731603,0,0.0,0.0,1.0071415981036145,0,0,3,0.0,21.0,9,17.657319613868946,63.20601578758723,63.20601578757487,29378.34394606059,9.609149389038894,0,0,0,20261149,f02c1cbbf38b1d71,adaptive_hybrid,2,1.0,0.98,11,3,0.024387845412528274,0.02544204322200393,0.054271356783919596,0.0,13.645427447455116,13.754935478865306,1663542.1671896097,1654144.322475966,27569.0720412661,0.2942886602311491,489.6390657676765,0.1601524898173149,7.0228906430638744,1000.0,0.07580990711688351,0.6975123762177243,0.0,0.0,0.0,0.0,0.00024305555555555555,15,60,50,high_d25_balanced_adaptive_hybrid,high,25,balanced,adaptive_hybrid,29
10920,10909,121,4402,4397,120,13,10896,0,0,85.91437655602692,56.38155157457129,143170.96875306513,0.0,143449.78054504708,278.8117919914148,12664,5824.0095290860045,0,0.0,0.0,2.844677605818912,0,0,7,0.0,49.0,33,70.38155157457129,130.24111807832188,130.24111807831105,29421.268321300595,13.69198066400736,0,0,0,20261120,b5e62c8f74705188,travel_aware_hybrid,2,1.0,0.98,11,5,0.011091759097992484,0.012087912087912088,0.028396183552930485,0.0,13.14967279723596,29.532824981455633,1657710.247503091,1647081.9549231476,27451.36591538579,1.1730258595761882,490.3544720216766,0.228199677733456,3.9467005478276076,1000.0,0.07904986249828272,0.459887044305591,0.0,0.0,0.0,0.0,0.0005671296296296297,15,60,50,high_d25_balanced_travel_aware_hybrid,high,25,balanced,travel_aware_hybrid,0
10819,10803,161,4312,4306,144,6,10797,0,0,48.85896618681443,26.4162471014398,143241.04281051763,0.0,143397.18766786886,156.1448573589514,12501,6371.192212116175,0,0.0,0.0,1.5711645621806816,0,0,3,0.0,21.0,15,32.41624710143981,65.45483845733912,65.45483845732088,29513.152541940868,6.138298882172579,0,0,0,20261121,b5e62c8f74705188,travel_aware_hybrid,2,1.0,0.98,16,6,0.014903267610848838,0.016360107218781773,0.034786641929499075,0.0,13.273830201598525,22.442719085374627,1658535.3515133222,1648233.6564398974,27470.560940664956,0.5402707850239968,491.8858756990145,0.10230498136954298,4.363655897154725,1000.0,0.0785914713814877,0.5096546046009259,0.0,0.0,0.0,0.0,0.00024305555555555555,15,60,50,high_d25_balanced_travel_aware_hybrid,high,25,balanced,travel_aware_hybrid,1
12518,12510,121,4892,4887,112,10,12500,0,0,77.52957123667147,44.413296545628164,163119.03694999282,0.0,163350.38545575686,231.3485057752987,14387,6742.106896398569,0,0.0,0.0,2.353343993264049,0,0,6,0.0,42.0,26,56.413296545628164,115.12840379027361,115.12840379024237,32898.49426748577,8.360960184128793,0,0,0,20261122,b5e62c8f74705188,travel_aware_hybrid,2,1.0,0.98,8,5,0.009672262190247801,0.010305160568780955,0.02391659852820932,0.0,13.057584768645633,33.11627469104331,1638115.2743973562,1625633.5957809354,27093.89326301559,0.9402216090938027,548.3082377914294,0.13934933640214656,4.428015530393937,1000.0,0.08993595866813542,0.4686249319801605,0.0,0.0,0.0,0.0,0.0004861111111111111,15,60,50,high_d25_balanced_travel_aware_hybrid,high,25,balanced,travel_aware_hybrid,2
10389,10379,158,4215,4211,155,3,10376,0,0,31.688957792988585,10.5975866597853,137031.16299597095,0.0,137113.3376067712,82.17461081064175,12094,5471.24660836385,0,0.0,0.0,1.1202320257289209,0,0,3,0.0,21.0,9,16.5975866597853,32.16774312170228,32.1677431217031,28235.20958156469,6.85269431722634,0,0,0,20261123,b5e62c8f74705188,travel_aware_hybrid,2,1.0,0.98,10,4,0.01522304653627517,0.016170950043315046,0.03772241992882562,0.0,13.21065012108789,21.091371133203285,1664699.4346072378,1655134.5888672187,27585.57648112031,0.276626444329755,470.5868263594115,0.11421157195377234,3.574193680189233,1000.0,0.07516698077375672,0.4523934685268604,0.0,0.0,0.0,0.0,0.00024305555555555555,15,60,50,high_d25_balanced_travel_aware_hybrid,high,25,balanced,travel_aware_hybrid,3
10405,10395,182,4163,4158,155,5,10390,0,0,43.24562469592344,19.242396616364644,137568.2213414937,0.0,137728.2038975209,159.98255603613143,12097,6147.091960189888,0,0.0,0.0,1.5115212719100914,0,0,3,0.0,21.0,13,25.242396616364644,73.87349198841994,73.87349198840093,28551.07257023974,11.997248646904104,0,0,0,20261124,b5e62c8f74705188,travel_aware_hybrid,2,1.0,0.98,10,5,0.017508417508417508,0.018452666987025468,0.03843382176315158,0.0,13.249466464407975,24.003228079558795,1664282.033726434,1654198.7278186271,27569.97879697712,0.4207066102727441,475.8512095039957,0.1999541441150684,5.682576306800072,1000.0,0.0753988701519811,0.5081501165735214,0.0,0.0,0.0,0.0,0.00024305555555555555,15,60,50,high_d25_balanced_travel_aware_hybrid,high,25,balanced,travel_aware_hybrid,4
11041,11031,152,4345,4340,149,5,11026,0,0,30.686000738746046,19.073990703364117,144091.48334265832,0.0,144189.19907104096,97.71572839336659,12836,5135.224533151386,0,0.0,0.0,0.9924529291382944,0,0,4,0.0,28.0,14,27.07399070336412,48.543620524498635,48.54362052448414,29809.468910425305,5.887735434992235,0,0,0,20261125,b5e62c8f74705188,travel_aware_hybrid,2,1.0,0.98,10,5,0.013779349107061916,0.014672584005072004,0.035443037974683546,0.0,13.071271785970534,11.612010035381928,1657268.2236676298,1646612.2517751614,27443.53752958602,0.451233178389402,496.82448184042175,0.09812892391653726,3.4674014660345813,1000.0,0.07929543129576122,0.4000642359887337,0.0,0.0,0.0,0.0,0.00032407407407407406,15,60,50,high_d25_balanced_travel_aware_hybrid,high,25,balanced,travel_aware_hybrid,5
11828,11815,165,4715,4709,161,12,11803,0,0,114.80703811764133,55.65439266095327,155217.27592469662,0.0,155515.33248811268,298.0565634278046,13772,7219.758300949212,1,0.0,103.38627615033715,3.6523397260247,0,0,9,0.0,63.0,33,73.65439266095328,111.79994033858895,111.7999403385802,32304.87511236562,11.596031759774204,0,0,0,20261126,b5e62c8f74705188,travel_aware_hybrid,2,1.0,0.98,13,6,0.01396529834955565,0.015049036185322962,0.03541887592788971,0.0,13.162533431071745,59.152645456688056,1645929.8742013185,1634704.7347806296,27245.078913010493,1.227573211015888,538.4145852060936,0.19326719599623673,3.387876979956976,1000.0,0.08559451433260079,0.5242345556890221,0.0,0.00119660041840668,0.0,0.0,0.0007291666666666667,15,60,50,high_d25_balanced_travel_aware_hybrid,high,25,balanced,travel_aware_hybrid,6
11430,11419,174,4570,4566,167,13,11406,0,0,114.55337427419094,54.37896181820552,151753.82363084806,0.0,152082.2846520567,328.46102121992953,13335,7063.709983400491,0,0.0,0.0,3.563068419370361,0,0,9,0.0,63.0,35,72.37896181820551,151.84701454239965,151.847014542358,32041.728804272956,15.156028622322484,0,0,0,20261127,b5e62c8f74705188,travel_aware_hybrid,2,1.0,0.98,11,4,0.01523776162536124,0.016185476815398076,0.037417943107221005,0.0,13.318354028553875,60.174412455985426,1649958.178425746,1638500.4676252268,27308.341127087115,1.2063160303034253,534.0288134045493,0.2526004770387081,4.338486129781657,1000.0,0.0833565675412522,0.529712034750693,0.0,0.0,0.0,0.0,0.0007291666666666667,15,60,50,high_d25_balanced_travel_aware_hybrid,high,25,balanced,travel_aware_hybrid,7
11393,11383,207,4407,4403,171,10,11373,0,0,93.52592157434127,41.01016697424679,152407.07893749504,0.0,152721.36646416067,314.28752667562367,13201,9244.769772741354,0,0.0,0.0,3.0223151044898975,0,0,7,0.0,49.0,27,55.010166974246786,149.38702893869882,149.38702893867048,32295.481275285565,15.373144895635171,0,0,0,20261128,b5e62c8f74705188,travel_aware_hybrid,2,1.0,0.98,10,4,0.018185012738293947,0.019046783112437463,0.039709552983889264,0.0,13.416618331209758,52.515754600094475,1649677.7453277532,1638585.3022962476,27309.755038270792,0.9168361162374464,538.2580212547595,0.25621908159391954,5.532852923654462,1000.0,0.0835123637068037,0.7003082927612571,0.0,0.0,0.0,0.0,0.0005671296296296297,15,60,50,high_d25_balanced_travel_aware_hybrid,high,25,balanced,travel_aware_hybrid,8
11998,11980,233,4782,4771,197,8,11972,0,0,61.20327498842618,32.60903334965409,160286.18032647998,0.0,160596.83879224083,310.65846577160846,13861,10421.934849130666,0,0.0,0.0,2.1895519513915103,0,0,6,0.0,42.0,22,44.60903334965409,136.5436191307996,136.54361913078537,33131.98953879929,17.01777564293709,0,0,0,20261129,b5e62c8f74705188,travel_aware_hybrid,2,1.0,0.98,18,11,0.01944908180300501,0.020920153358893148,0.043496445002091176,0.0,13.405412253108583,28.59424163877209,1642050.5329246277,1630384.9347937272,27173.08224656212,0.7434838891609015,552.1998256466547,0.2836295940489515,6.206528142308426,1000.0,0.08774970393076242,0.7518891024551378,0.0,0.0,0.0,0.0,0.0004861111111111111,15,60,50,high_d25_balanced_travel_aware_hybrid,high,25,balanced,travel_aware_hybrid,9
10742,10724,193,4260,4256,168,10,10714,0,0,94.93973188410979,41.25609394184329,144474.8096172318,0.0,144753.61128709893,278.80166987436496,12554,8173.881817298554,0,0.0,0.0,3.051483192952124,0,0,8,0.0,56.0,28,57.25609394184328,127.34452761795902,127.34452761794455,30270.82253748311,13.099591913720559,0,0,0,20261130,b5e62c8f74705188,travel_aware_hybrid,2,1.0,0.98,18,4,0.017997016038791495,0.019642524669521506,0.04037558685446009,0.0,13.498098777237871,53.6836379422665,1657400.7063172602,1646900.1550021505,27448.33591670251,0.9542682323640547,504.51370895805184,0.21832653189534265,4.54801884349802,1000.0,0.07922182982374437,0.6510978028754623,0.0,0.0,0.0,0.0,0.0006481481481481481,15,60,50,high_d25_balanced_travel_aware_hybrid,high,25,balanced,travel_aware_hybrid,10
9340,9328,168,3731,3726,164,9,9319,0,0,56.70002838133286,38.47530577082281,123670.76608052157,0.0,123884.525890877,213.75981036213852,10929,3723.675159243816,0,0.0,0.0,2.212590708183346,0,0,6,0.0,42.0,24,50.4753057708228,99.6874772432142,99.68747724320747,25511.056286583982,19.965953066156956,0,0,0,20261131,b5e62c8f74705188,travel_aware_hybrid,2,1.0,0.98,12,5,0.018010291595197257,0.019271948608137045,0.04529616724738676,0.0,13.280931163258684,18.22472261051005,1677397.7290072702,1668955.219208619,27815.92032014365,0.84125509618038,425.1842714430664,0.3327658844359493,4.1536448851336445,1000.0,0.06811237277373883,0.34071508456801314,0.0,0.0,0.0,0.0,0.0004861111111111111,15,60,50,high_d25_balanced_travel_aware_hybrid,high,25,balanced,travel_aware_hybrid,11
10130,10122,146,4100,4097,142,8,10114,0,0,85.91302310341592,34.29671171906018,133512.8004341496,0.0,133737.14006397297,224.33962982895537,11797,4473.2328297454405,0,0.0,0.0,2.7106593684440083,0,0,4,0.0,28.0,20,42.29671171906017,90.4176764309105,90.41767643088679,27120.400336999177,8.967386829422253,0,0,0,20261132,b5e62c8f74705188,travel_aware_hybrid,2,1.0,0.98,8,3,0.014424026872159653,0.015202369200394866,0.03536585365853658,0.0,13.21252124718168,51.61631138435575,1667517.8178943985,1657960.627278993,27632.67712131655,0.7049451953176695,452.00667228331963,0.14945644715703754,4.52088382154434,1000.0,0.07360121228088978,0.37918393063875905,0.0,0.0,0.0,0.0,0.00032407407407407406,15,60,50,high_d25_balanced_travel_aware_hybrid,high,25,balanced,travel_aware_hybrid,12
9975,9971,134,3996,3995,127,7,9964,0,0,56.8610639173544,28.204092116958027,132051.04072448207,0.0,132191.24500648177,140.2042820059105,11676,4365.492352111756,0,0.0,0.0,1.7199946207501084,0,0,5,0.0,35.0,19,38.20409211695803,55.787139202847065,55.78713920285372,27296.069600062965,6.976458982585616,0,0,0,20261133,b5e62c8f74705188,travel_aware_hybrid,2,1.0,0.98,4,1,0.013438973021763114,0.013834586466165413,0.03203203203203203,0.0,13.257571457876017,28.656971800396374,1669116.2344372366,1659498.6504234867,27658.310840391445,0.6367348686159672,454.93449333438275,0.11627431637642692,2.9361652212028275,1000.0,0.07271320309042417,0.3738859499924423,0.0,0.0,0.0,0.0,0.0004050925925925926,15,60,50,high_d25_balanced_travel_aware_hybrid,high,25,balanced,travel_aware_hybrid,13
11917,11908,142,4640,4636,136,7,11901,0,0,51.452726417547076,28.679556292433013,153906.0815187676,0.0,154035.20857428247,129.12705552527405,13626,6244.075100548245,0,0.0,0.0,1.466620654088098,0,0,6,0.0,42.0,20,40.67955629243301,52.305700322579604,52.305700322587654,30724.673284961536,0.0,0,0,0,20261134,b5e62c8f74705188,travel_aware_hybrid,2,1.0,0.98,9,4,0.011924756466241183,0.01267097423848284,0.03017241379310345,0.0,12.935439080809747,22.773170125114063,1647718.1385625517,1635673.614080935,27261.226901348917,0.6779926048738836,512.0778880826923,0.0,2.615285016129383,1000.0,0.08460103413191578,0.4582471085093384,0.0,0.0,0.0,0.0,0.0004861111111111111,15,60,50,high_d25_balanced_travel_aware_hybrid,high,25,balanced,travel_aware_hybrid,14
10733,10725,135,4241,4237,131,10,10715,0,0,139.8434415881394,39.97012321073715,139023.5587068831,0.0,139284.91133404654,261.3526271724604,12216,3744.4300542876135,1,0.0,100.04389656392736,3.937785975159728,0,0,8,0.0,56.0,28,55.97012321073714,83.07106495538005,83.07106495536937,27740.307276678457,3.2060288238009744,0,0,0,20261135,b5e62c8f74705188,travel_aware_hybrid,2,1.0,0.98,8,4,0.012587412587412588,0.013323395136494923,0.031832115067201135,0.0,12.98693811972462,99.87331837740226,1662051.7921850216,1651958.8848081348,27532.64808013558,0.9328353868456191,462.3384546113076,0.05343381373001624,2.966823748406049,1000.0,0.0766378932305436,0.3065185047714156,0.0,0.0011579154694899001,0.0,0.0,0.0006481481481481481,15,60,50,high_d25_balanced_travel_aware_hybrid,high,25,balanced,travel_aware_hybrid,15
10624,10617,175,4117,4113,153,8,10609,0,0,87.69659837081258,34.29592383174892,142638.59912686358,0.0,142893.11008227334,254.5109554184637,12475,8001.619395928246,1,0.0,100.13054087141674,2.9306522345104495,0,0,5,0.0,35.0,21,44.295923831748915,97.41841365016363,97.41841365016808,29736.079111794457,14.81141397631978,0,0,0,20261136,b5e62c8f74705188,travel_aware_hybrid,2,1.0,0.98,7,4,0.016482998963925778,0.017131024096385544,0.03813456400291474,0.0,13.458897059647107,53.40067453906366,1659202.573870246,1649149.8618507695,27485.83103084616,0.7382653971958153,495.60131852990764,0.24685689960532967,4.638972078579433,1000.0,0.07822079229430778,0.6414123764271139,0.0,0.001158918297122879,0.0,0.0,0.0004050925925925926,15,60,50,high_d25_balanced_travel_aware_hybrid,high,25,balanced,travel_aware_hybrid,16
11146,11140,132,4462,4456,125,10,11130,0,0,102.64892288402457,45.67105686907073,145675.55786063723,0.0,145944.65107137637,269.09321074914806,12885,5359.289573616148,0,0.0,0.0,3.2605619636811127,0,0,7,0.0,49.0,27,59.671056869070725,113.56170260554917,113.56170260550243,29499.785255348612,13.212946097044936,0,0,0,20261137,b5e62c8f74705188,travel_aware_hybrid,2,1.0,0.98,6,6,0.0118491921005386,0.012381123272923022,0.02935903182429404,0.0,13.100956110536478,56.97786601495384,1655823.154779461,1644508.0478950008,27408.46746491668,0.994517614484512,491.6630875891435,0.22021576828408226,4.205988985388979,1000.0,0.08009824734474391,0.41593244653598355,0.0,0.0,0.0,0.0,0.0005671296296296297,15,60,50,high_d25_balanced_travel_aware_hybrid,high,25,balanced,travel_aware_hybrid,17
11582,11572,134,4675,4670,126,10,11562,1,1,79.40430369672859,53.41991612737599,148937.44124120174,0.0,149161.47329736076,224.03205617126878,13281,4244.887128964136,0,0.0,0.0,2.4654327126120203,0,0,8,0.0,56.0,28,69.41991612737597,89.12077335303601,89.12077335302092,29728.477118285835,7.005642767528002,0,0,0,20261138,b5e62c8f74705188,travel_aware_hybrid,2,1.0,0.98,10,5,0.011579675077773938,0.012433085822828528,0.028021390374331552,0.0,12.889861156011127,25.9843875693526,1652331.1537481989,1641146.6995283875,27352.444992139794,1.1569986021229328,495.47461863809724,0.11676071279213336,3.18288476260789,1000.0,0.08203824791766734,0.31962104728289553,0.0,0.0,0.0,0.0,0.0006481481481481481,15,60,50,high_d25_balanced_travel_aware_hybrid,high,25,balanced,travel_aware_hybrid,18
10459,10451,153,4179,4177,149,2,10449,0,0,26.006034499943112,7.830855459338678,138129.0566841819,0.0,138202.6061088707,73.54942469829257,12206,5868.196035591474,0,0.0,0.0,0.9568110325455896,0,0,1,0.0,7.0,5,9.830855459338679,31.646127937151338,31.646127937136043,28831.381700963117,7.609127240272203,0,0,0,20261139,b5e62c8f74705188,travel_aware_hybrid,2,1.0,0.98,8,2,0.014639747392594011,0.015393441055550244,0.03613304618329744,0.0,13.223864329621156,18.175179040604434,1663213.051118864,1653332.4379312687,27555.54063218781,0.16384759098897797,480.5230283493853,0.12681878733787005,6.329225587427208,1000.0,0.07599274937840894,0.4807632341136715,0.0,0.0,0.0,0.0,8.101851851851852e-05,15,60,50,high_d25_balanced_travel_aware_hybrid,high,25,balanced,travel_aware_hybrid,19
11676,11660,116,4600,4593,112,5,11655,0,0,73.0088968236872,21.754338081962306,149787.51974569543,0.0,149940.80701173947,153.28726605414158,13308,5343.702708356976,0,0.0,0.0,2.1418536593857893,0,0,2,0.0,14.0,12,25.754338081962306,56.65878159676686,56.65878159676322,29645.84941947114,9.994498576377014,0,0,0,20261140,b5e62c8f74705188,travel_aware_hybrid,2,1.0,0.98,16,7,0.009948542024013723,0.011305241521068859,0.025869565217391303,0.0,12.859417410955357,51.25455874172489,1651452.1968306173,1640250.1486516022,27337.502477526705,0.4292389680327051,494.09749032451896,0.16657497627295023,4.721565133063602,1000.0,0.08252655731632375,0.4015406303243895,0.0,0.0,0.0,0.0,0.00016203703703703703,15,60,50,high_d25_balanced_travel_aware_hybrid,high,25,balanced,travel_aware_hybrid,20
10787,10772,188,4266,4259,168,12,10760,1,1,100.41344031421386,60.84733809457302,142367.84167920984,0.0,142702.2904234001,334.44874419937514,12461,7069.9142178069815,0,0.0,0.0,3.0569420861040952,0,0,8,0.0,56.0,32,76.847338094573,156.02984548252516,156.02984548250606,29863.889796230138,15.244246503625908,0,0,0,20261141,b5e62c8f74705188,travel_aware_hybrid,2,1.0,0.98,15,7,0.017452655031563312,0.01881894873458793,0.04102203469292077,0.0,13.247520462625333,39.56610221964084,1659240.9987225602,1649035.9341494597,27483.93223582433,1.2807889682428835,497.73149660383564,0.2540707750604318,4.875932671328314,1000.0,0.07819944515413324,0.5673633109547372,0.0,0.0,0.0,0.0,0.0006481481481481481,15,60,50,high_d25_balanced_travel_aware_hybrid,high,25,balanced,travel_aware_hybrid,21
11445,11434,187,4662,4659,178,3,11431,0,0,24.850987048178496,13.628742864113569,152418.0660157954,0.0,152483.90547103062,65.83945524511364,13445,8099.1932209454735,0,0.0,0.0,0.7156553852231902,0,0,3,0.0,21.0,9,19.62874286411357,29.11828814098718,29.1182881409768,31611.677080129954,1.4777739594754336,0,0,0,20261142,b5e62c8f74705188,travel_aware_hybrid,2,1.0,0.98,11,3,0.016354731502536295,0.01730013106159895,0.038824538824538825,0.0,13.336007125330648,11.222244184064927,1648923.3436357826,1637950.3976106409,27299.17329351068,0.32714571440189283,526.8612846688326,0.024629565991257225,3.2353653489974223,1000.0,0.08393147575789861,0.6023944381513926,0.0,0.0,0.0,0.0,0.00024305555555555555,15,60,50,high_d25_balanced_travel_aware_hybrid,high,25,balanced,travel_aware_hybrid,22
10468,10458,195,4240,4236,173,23,10435,0,0,177.18329772480106,92.69915279857271,138851.59305547562,0.0,139403.1158806098,551.5228251425888,12187,6318.0851723484975,1,0.0,105.69930452516061,5.51674220329088,0,0,16,0.0,112.0,62,124.69915279857268,264.28356108387464,264.2835610838574,29337.590550604342,23.86468850217782,0,0,0,20261143,b5e62c8f74705188,travel_aware_hybrid,2,1.0,0.98,10,4,0.018646012621916237,0.019583492548719907,0.04174528301886792,0.0,13.329806452534884,84.48414492622835,1662393.1633714633,1652485.4046910277,27541.423411517128,2.0783192133095447,488.95984251007235,0.39774480836963033,4.2626380819977,1000.0,0.07644824257140925,0.5184282573519732,0.0,0.0012233715801523218,0.0,0.0,0.0012962962962962963,15,60,50,high_d25_balanced_travel_aware_hybrid,high,25,balanced,travel_aware_hybrid,23
11959,11948,108,4865,4859,105,8,11940,0,0,74.83935163795115,34.96547784067224,152779.91255932566,0.0,152982.63245696612,202.71989764974205,13593,4940.278484732069,0,0.0,0.0,2.150568958745594,0,0,4,0.0,28.0,20,42.96547784067224,97.85290152724274,97.85290152722155,30365.93581450483,5.597336532521355,0,0,0,20261144,b5e62c8f74705188,travel_aware_hybrid,2,1.0,0.98,11,6,0.009039169735520589,0.009950664771301949,0.022816032887975336,0.0,12.804036864493314,39.87387379727891,1648240.1520613367,1636322.3266968916,27272.038778281527,0.7160912973445374,506.0989302417472,0.09328894220868926,4.892645076361077,1000.0,0.08431102663259071,0.36344283710233716,0.0,0.0,0.0,0.0,0.00032407407407407406,15,60,50,high_d25_balanced_travel_aware_hybrid,high,25,balanced,travel_aware_hybrid,24
10658,10644,259,4335,4330,225,18,10626,1,1,127.63650295251433,75.90193623252709,145131.27852913892,0.0,145702.5007239728,571.2221948454098,12581,9797.89293372741,0,0.0,0.0,4.148186275452143,0,0,15,0.0,105.0,51,105.9019362325271,232.8011406916931,232.80114069168485,31530.823318152812,25.519429185896442,0,0,0,20261145,b5e62c8f74705188,travel_aware_hybrid,2,1.0,0.98,14,5,0.02433295753476137,0.025614561831488084,0.0530565167243368,0.0,13.688697925965126,51.73456671998724,1656943.0134927395,1646518.4109388117,27441.973515646863,1.7650322705421184,525.5137219692135,0.4253238197649407,4.564728248856565,1000.0,0.07947610361514468,0.77878490849117,0.0,0.0,0.0,0.0,0.0012152777777777778,15,60,50,high_d25_balanced_travel_aware_hybrid,high,25,balanced,travel_aware_hybrid,25
11411,11398,168,4515,4511,150,10,11388,0,0,90.80800706321227,43.717206136529484,150534.30455998905,0.0,150833.4727030053,299.1681430264962,13231,6926.6126614118,0,0.0,0.0,2.9995902456747525,0,0,7,0.0,49.0,27,57.717206136529484,126.83147530050137,126.83147530050701,31599.576116331755,10.935546035429613,0,0,0,20261146,b5e62c8f74705188,travel_aware_hybrid,2,1.0,0.98,13,4,0.014739427969819266,0.015861887652265358,0.034108527131782945,0.0,13.233328013950281,47.09080092668279,1651337.065870523,1639486.5069619124,27324.775116031873,0.9619534356088247,526.6596019388626,0.18225910059049355,4.697462048166926,1000.0,0.08259051896082059,0.5235139189337011,0.0,0.0,0.0,0.0,0.0005671296296296297,15,60,50,high_d25_balanced_travel_aware_hybrid,high,25,balanced,travel_aware_hybrid,26
11731,11716,165,4692,4686,157,7,11709,0,0,72.73279322925234,31.590260689270124,152948.18918512322,0.0,153116.85528999477,168.66610488140395,13564,6345.190187965874,0,0.0,0.0,2.1869427305351836,0,0,3,0.0,21.0,17,37.590260689270124,64.15789105848131,64.1578910584758,31214.385011779596,5.763406124523123,0,0,0,20261147,b5e62c8f74705188,travel_aware_hybrid,2,1.0,0.98,15,6,0.014083304882212358,0.015343960446679737,0.03473998294970162,0.0,13.069038519118706,41.14253253998221,1648135.2229364733,1636310.325605168,27271.838760086135,0.6265043448211688,520.2397501963266,0.09605676874205206,3.773993591675047,1000.0,0.08436932059084812,0.4677963866091031,0.0,0.0,0.0,0.0,0.00024305555555555555,15,60,50,high_d25_balanced_travel_aware_hybrid,high,25,balanced,travel_aware_hybrid,27
11047,11039,121,4371,4367,118,4,11035,0,0,45.80434650799945,14.60509170087983,143524.72095274614,0.0,143632.36556979426,107.64461705645772,12651,5699.452244152402,0,0.0,0.0,1.512986418373939,0,0,4,0.0,28.0,12,22.605091700879836,39.720068620605524,39.72006862061062,28725.798677369396,6.231798971189987,0,0,0,20261148,b5e62c8f74705188,travel_aware_hybrid,2,1.0,0.98,8,4,0.010961137784219584,0.01167737847379379,0.027911233127430792,0.0,13.011356605652166,31.199254807119615,1657690.0034628431,1646949.2697696614,27449.154496161023,0.37675152834799724,478.76331128948993,0.10386331618649977,3.310005718384218,1000.0,0.07906110918730935,0.45051397076534677,0.0,0.0,0.0,0.0,0.00032407407407407406,15,60,50,high_d25_balanced_travel_aware_hybrid,high,25,balanced,travel_aware_hybrid,28
10180,10168,254,3980,3976,218,11,10157,0,0,67.74432763008687,45.132834356486626,138940.51660750067,0.0,139361.49982248733,420.9832149971917,12019,8654.165544897785,0,0.0,0.0,2.481429430332289,0,0,9,0.0,63.0,31,63.13283435648661,211.0252499391756,211.02524993914267,29720.93765564455,17.68405523707643,0,0,0,20261149,b5e62c8f74705188,travel_aware_hybrid,2,1.0,0.98,12,4,0.024980330448465773,0.02612966601178782,0.05577889447236181,0.0,13.705891013226527,22.611493273600246,1663096.9909815183,1653667.8988134926,27561.131646891543,1.0522139059414435,495.34896092740917,0.2947342539512738,6.807266127069118,1000.0,0.07605722723248987,0.7200403981111395,0.0,0.0,0.0,0.0,0.0007291666666666667,15,60,50,high_d25_balanced_travel_aware_hybrid,high,25,balanced,travel_aware_hybrid,29
10920,10910,1,9159,9151,0,0,10910,0,0,0.0,0.0,136647.9272451293,0.0,136647.9272451206,0.0,12640,5970.739021395339,0,0.0,0.0,0.0,0,0,0,0.0,0.0,0,0.0,0.0,0.0,29260.96882086384,0.0,0,0,0,20261120,28751753f9a035ab,human_only,0,1.0,0.98,10,8,9.165902841429881e-05,0.0010073260073260074,0.0008734578010699859,0.0,12.525016246115547,0.0,1664374.9419662063,1653661.996935561,27561.033282259352,0.0,487.682813681064,0.0,0.0,1000.0,0.07534725446321877,0.4723685934648211,0.0,0.0,0.0,0.0,0.0,15,60,50,high_d45_source_human_only,high,45,source,human_only,0
10819,10804,25,9148,9135,17,0,10804,0,0,0.0,0.0,136450.08992202536,0.0,136450.08992201832,0.0,12481,6421.749821660807,0,0.0,0.0,0.0,0,0,0,0.0,0.0,0,0.0,0.0,0.0,29303.569281100597,0.0,0,0,0,20261121,28751753f9a035ab,human_only,0,1.0,0.98,15,13,0.0023139577934098484,0.003697199371476107,0.003279405334499344,0.0,12.629589959461155,0.0,1665251.0294604343,1655111.4284573717,27585.190474289528,0.0,488.3928213516766,0.0,0.0,1000.0,0.07486053918864755,0.5145220592629443,0.0,0.0,0.0,0.0,0.0,15,60,50,high_d45_source_human_only,high,45,source,human_only,1
12518,12510,4,10552,10545,0,0,12510,0,0,0.0,0.0,154980.58693979375,0.0,154980.58693978327,0.0,14354,6743.401674958552,0,0.0,0.0,0.0,0,0,0,0.0,0.0,0,0.0,0.0,0.0,32678.43772965674,0.0,0,0,0,20261122,28751753f9a035ab,human_only,0,1.0,0.98,8,7,0.000319744204636291,0.0009586195877935772,0.0006633813495072025,0.0,12.388536126281636,0.0,1646332.1478548779,1633660.0501290811,27227.66750215135,0.0,544.6406288276123,0.0,0.0,1000.0,0.08537102896951232,0.46979250905382136,0.0,0.0,0.0,0.0,0.0,15,60,50,high_d45_source_human_only,high,45,source,human_only,2
10389,10380,1,8735,8727,0,0,10380,0,0,0.0,0.0,130142.19710602808,0.0,130142.19710601719,0.0,12052,5250.5806415734005,0,0.0,0.0,0.0,0,0,0,0.0,0.0,0,0.0,0.0,0.0,27908.031906150758,0.0,0,0,0,20261123,28751753f9a035ab,human_only,0,1.0,0.98,9,8,9.633911368015414e-05,0.000962556550197324,0.0009158557527189468,0.0,12.537783921581617,0.0,1671453.4535742602,1661548.2951469019,27692.4715857817,0.0,465.13386510251263,0.0,0.0,1000.0,0.07141474801429992,0.4356605245248424,0.0,0.0,0.0,0.0,0.0,15,60,50,high_d45_source_human_only,high,45,source,human_only,3
10405,10397,28,8736,8730,17,0,10397,0,0,0.0,0.0,131419.9051020953,0.0,131419.90510208646,0.0,12085,6468.09538744026,0,0.0,0.0,0.0,0,0,0,0.0,0.0,0,0.0,0.0,0.0,28756.977640934325,0.0,0,0,0,20261124,28751753f9a035ab,human_only,0,1.0,0.98,8,6,0.0026930845436183514,0.003459875060067275,0.002632783882783883,0.0,12.640175541222128,0.0,1670419.1572281942,1660279.826391352,27671.33043985587,0.0,479.28296068223875,0.0,0.0,1000.0,0.07198935709544763,0.5352168297426777,0.0,0.0,0.0,0.0,0.0,15,60,50,high_d45_source_human_only,high,45,source,human_only,4
11041,11032,7,9270,9264,0,0,11032,0,0,0.0,0.0,136953.84887293258,0.0,136953.84887292134,0.0,12837,5083.434128727638,0,0.0,0.0,0.0,0,0,0,0.0,0.0,0,0.0,0.0,0.0,29746.049106060596,0.0,0,0,0,20261125,28751753f9a035ab,human_only,0,1.0,0.98,9,6,0.0006345177664974619,0.0014491440992663708,0.0006472491909385113,0.0,12.414235757153856,0.0,1664333.9063710994,1653632.677354332,27560.5446225722,0.0,495.7674851010099,0.0,0.0,1000.0,0.07537005201605584,0.39599860783108504,0.0,0.0,0.0,0.0,0.0,15,60,50,high_d45_source_human_only,high,45,source,human_only,5
11828,11812,1,10005,9994,0,0,11812,0,0,0.0,0.0,147217.41403580204,0.0,147217.41403579258,0.0,13752,6839.09218248039,0,0.0,0.0,0.0,0,0,0,0.0,0.0,0,0.0,0.0,0.0,32063.907912312814,0.0,0,0,0,20261126,28751753f9a035ab,human_only,0,1.0,0.98,16,11,8.465966813410092e-05,0.0014372675008454514,0.0010994502748625688,0.0,12.46337741583073,0.0,1653963.9562329964,1642588.0139416596,27376.46689902766,0.0,534.3984652052136,0.0,0.0,1000.0,0.08113113542611305,0.49731618546250655,0.0,0.0,0.0,0.0,0.0,15,60,50,high_d45_source_human_only,high,45,source,human_only,6
11430,11419,2,9643,9634,0,0,11419,0,0,0.0,0.0,144511.7332750575,0.0,144511.7332750481,0.0,13316,7054.064083762132,0,0.0,0.0,0.0,0,0,0,0.0,0.0,0,0.0,0.0,0.0,31954.651651740263,0.0,0,0,0,20261127,28751753f9a035ab,human_only,0,1.0,0.98,11,9,0.00017514668534897976,0.001137357830271216,0.0009333195063776833,0.0,12.655375538580268,0.0,1657289.391420899,1646092.170198577,27434.869503309616,0.0,532.5775275290044,0.0,0.0,1000.0,0.07928367143283388,0.5297434727967958,0.0,0.0,0.0,0.0,0.0,15,60,50,high_d45_source_human_only,high,45,source,human_only,7
11393,11381,45,9621,9613,23,0,11381,0,0,0.0,0.0,144815.07462908005,0.0,144815.07462906928,0.0,13177,9044.929211457731,0,0.0,0.0,0.0,0,0,0,0.0,0.0,0,0.0,0.0,0.0,31903.6776692412,0.0,0,0,0,20261128,28751753f9a035ab,human_only,0,1.0,0.98,12,8,0.003953958351638696,0.005003072061792329,0.0032221182829227733,0.0,12.724283861617545,0.0,1657307.875772473,1645981.5459030652,27433.025765051087,0.0,531.72796115402,0.0,0.0,1000.0,0.07927340234862612,0.6864179412201359,0.0,0.0,0.0,0.0,0.0,15,60,50,high_d45_source_human_only,high,45,source,human_only,8
11998,11986,35,10141,10132,19,0,11986,0,0,0.0,0.0,153208.79418935755,0.0,153208.7941893482,0.0,13878,10534.002615597878,0,0.0,0.0,0.0,0,0,0,0.0,0.0,0,0.0,0.0,0.0,33282.494309704474,0.0,0,0,0,20261129,28751753f9a035ab,human_only,0,1.0,0.98,12,9,0.0029200734189888202,0.003917319553258876,0.0027610689281135983,0.0,12.782312213361273,0.0,1649164.5312935123,1637422.6531200453,27290.377552000755,0.0,554.7082384950746,0.0,0.0,1000.0,0.08379748261471542,0.7590432782531977,0.0,0.0,0.0,0.0,0.0,15,60,50,high_d45_source_human_only,high,45,source,human_only,9
10742,10729,23,9026,9015,12,0,10729,0,0,0.0,0.0,138068.97435552467,0.0,138068.97435551666,0.0,12553,8450.957879268697,0,0.0,0.0,0.0,0,0,0,0.0,0.0,0,0.0,0.0,0.0,30440.908723619785,0.0,0,0,0,20261130,28751753f9a035ab,human_only,0,1.0,0.98,13,11,0.0021437226209339174,0.0033513312232358963,0.002548194105916242,0.0,12.86876450326374,0.0,1663892.8910247013,1653514.6414124856,27558.57735687476,0.0,507.3484787269964,0.0,0.0,1000.0,0.07561506054183265,0.6732221683477015,0.0,0.0,0.0,0.0,0.0,15,60,50,high_d45_source_human_only,high,45,source,human_only,10
9340,9328,2,7811,7799,0,0,9328,0,0,0.0,0.0,117669.75389535789,0.0,117669.75389535062,0.0,10891,3598.4811674493194,0,0.0,0.0,0.0,0,0,0,0.0,0.0,0,0.0,0.0,0.0,25317.488721660604,0.0,0,0,0,20261131,28751753f9a035ab,human_only,0,1.0,0.98,12,12,0.0002144082332761578,0.0014989293361884369,0.0015362949686339778,0.0,12.614682021371207,0.0,1683421.9145763083,1674830.6339094015,27913.843898490024,0.0,421.95814536101005,0.0,0.0,1000.0,0.06476560301316203,0.3304087014460857,0.0,0.0,0.0,0.0,0.0,15,60,50,high_d45_source_human_only,high,45,source,human_only,11
10130,10121,3,8463,8454,0,0,10121,0,0,0.0,0.0,127359.1960763686,0.0,127359.19607636245,0.0,11793,4601.200046891869,0,0.0,0.0,0.0,0,0,0,0.0,0.0,0,0.0,0.0,0.0,27052.667244515796,0.0,0,0,0,20261132,28751753f9a035ab,human_only,0,1.0,0.98,9,9,0.00029641339788558443,0.0011846001974333662,0.0010634526763559022,0.0,12.583657353656996,0.0,1673681.8771559258,1664434.357242436,27740.572620707266,0.0,450.8777874085966,0.0,0.0,1000.0,0.0701767349133745,0.3901636603825887,0.0,0.0,0.0,0.0,0.0,15,60,50,high_d45_source_human_only,high,45,source,human_only,12
9975,9971,0,8353,8350,0,0,9971,0,0,0.0,0.0,125535.84530466268,0.0,125535.84530465669,0.0,11657,4326.86755314551,0,0.0,0.0,0.0,0,0,0,0.0,0.0,0,0.0,0.0,0.0,27081.3063014524,0.0,0,0,0,20261133,28751753f9a035ab,human_only,0,1.0,0.98,4,3,0.0,0.0004010025062656642,0.0003591524003352089,0.0,12.590095808309767,0.0,1675622.9733360256,1665952.1264724727,27765.86877454121,0.0,451.3551050242067,0.0,0.0,1000.0,0.06909834814665239,0.371181912425625,0.0,0.0,0.0,0.0,0.0,15,60,50,high_d45_source_human_only,high,45,source,human_only,13
11917,11908,2,10055,10047,0,0,11908,0,0,0.0,0.0,145709.84948430836,0.0,145709.84948429768,0.0,13589,5707.9759229554475,0,0.0,0.0,0.0,0,0,0,0.0,0.0,0,0.0,0.0,0.0,30449.119770955578,0.0,0,0,0,20261134,28751753f9a035ab,human_only,0,1.0,0.98,9,8,0.00016795431642593214,0.0009230511034656374,0.0007956240676280457,0.0,12.236299083330339,0.0,1655795.0471320604,1643645.4587274936,27394.090978791563,0.0,507.4853295159263,0.0,0.0,1000.0,0.0801138627044109,0.4200438533339795,0.0,0.0,0.0,0.0,0.0,15,60,50,high_d45_source_human_only,high,45,source,human_only,14
10733,10722,0,8993,8986,0,0,10722,0,0,0.0,0.0,132513.5265365793,0.0,132513.5265365692,0.0,12204,3823.88415618255,0,0.0,0.0,0.0,0,0,0,0.0,0.0,0,0.0,0.0,0.0,27813.5738854599,0.0,0,0,0,20261135,28751753f9a035ab,human_only,0,1.0,0.98,11,7,0.0,0.001024876548961148,0.0007783831869231625,0.0,12.359030641351353,0.0,1668605.6541084829,1658567.440253297,27642.790670888284,0.0,463.559564757665,0.0,0.0,1000.0,0.07299685882862061,0.31333039627847836,0.0,0.0,0.0,0.0,0.0,15,60,50,high_d45_source_human_only,high,45,source,human_only,15
10624,10617,30,9011,9006,16,0,10617,0,0,0.0,0.0,135789.22321290805,0.0,135789.2232129001,0.0,12461,7905.459206583519,0,0.0,0.0,0.0,0,0,0,0.0,0.0,0,0.0,0.0,0.0,29575.52647403893,0.0,0,0,0,20261136,28751753f9a035ab,human_only,0,1.0,0.98,7,5,0.0028256569652444193,0.003482680722891566,0.002330484962823216,0.0,12.78979214588868,0.0,1666138.4729658554,1656136.2866806134,27602.27144467689,0.0,492.92544123398216,0.0,0.0,1000.0,0.07436751501896921,0.6344161148048727,0.0,0.0,0.0,0.0,0.0,15,60,50,high_d45_source_human_only,high,45,source,human_only,16
11146,11139,0,9396,9392,0,0,11139,0,0,0.0,0.0,138606.6976259803,0.0,138606.69762597047,0.0,12869,5310.752002574563,0,0.0,0.0,0.0,0,0,0,0.0,0.0,0,0.0,0.0,0.0,29262.589208712758,0.0,0,0,0,20261137,28751753f9a035ab,human_only,0,1.0,0.98,7,4,0.0,0.000628027992104791,0.0004257130693912303,0.0,12.443369927818518,0.0,1662954.7724384563,1652012.4409073945,27533.54068178991,0.0,487.70982014521263,0.0,0.0,1000.0,0.07613623753419096,0.4126779083514308,0.0,0.0,0.0,0.0,0.0,15,60,50,high_d45_source_human_only,high,45,source,human_only,17
11582,11571,2,9757,9748,0,0,11571,0,0,0.0,0.0,141540.12695031066,0.0,141540.1269503,0.0,13250,4249.644457244096,0,0.0,0.0,0.0,0,0,0,0.0,0.0,0,0.0,0.0,0.0,29577.133591431924,0.0,0,0,0,20261138,28751753f9a035ab,human_only,0,1.0,0.98,11,9,0.00017284590787313111,0.0011224313590053531,0.0009224146766424106,0.0,12.232315871601418,0.0,1659780.348821894,1648336.837318993,27472.280621983216,0.0,492.9522265238654,0.0,0.0,1000.0,0.07789980621005888,0.3207278835655922,0.0,0.0,0.0,0.0,0.0,15,60,50,high_d45_source_human_only,high,45,source,human_only,18
10459,10450,1,8766,8758,0,0,10450,0,0,0.0,0.0,131521.42576913908,0.0,131521.42576913052,0.0,12207,5639.914392229126,0,0.0,0.0,0.0,0,0,0,0.0,0.0,0,0.0,0.0,0.0,28719.799365627252,0.0,0,0,0,20261139,28751753f9a035ab,human_only,0,1.0,0.98,9,8,9.569377990430622e-05,0.0009561143512764127,0.0009126169290440338,0.0,12.585782370251724,0.0,1669680.915472359,1659660.427717682,27661.007128628033,0.0,478.6633227604542,0.0,0.0,1000.0,0.07239949140424506,0.4620229697902127,0.0,0.0,0.0,0.0,0.0,15,60,50,high_d45_source_human_only,high,45,source,human_only,19
11676,11660,4,9844,9828,0,0,11660,0,0,0.0,0.0,142314.94905793658,0.0,142314.94905792666,0.0,13291,5324.364793245226,0,0.0,0.0,0.0,0,0,0,0.0,0.0,0,0.0,0.0,0.0,29579.6354094601,0.0,0,0,0,20261140,28751753f9a035ab,human_only,0,1.0,0.98,16,16,0.00034305317324185246,0.0017129153819801302,0.0016253555465258025,0.0,12.20539871851858,0.0,1658867.724211012,1647914.2599449798,27465.237665749664,0.0,492.9939234910017,0.0,0.0,1000.0,0.0784068198827711,0.4005992621507205,0.0,0.0,0.0,0.0,0.0,15,60,50,high_d45_source_human_only,high,45,source,human_only,20
10787,10768,27,9060,9044,15,0,10768,0,0,0.0,0.0,135509.48820303346,0.0,135509.48820302324,0.0,12410,7206.415826389291,0,0.0,0.0,0.0,0,0,0,0.0,0.0,0,0.0,0.0,0.0,29612.013579748134,0.0,0,0,0,20261141,28751753f9a035ab,human_only,0,1.0,0.98,19,16,0.002507429420505201,0.0042643923240938165,0.0034216335540838854,0.0,12.584462128809736,0.0,1666216.3059840507,1655897.2510212346,27598.287517020577,0.0,493.5335596624689,0.0,0.0,1000.0,0.07432427445330514,0.5806942648178317,0.0,0.0,0.0,0.0,0.0,15,60,50,high_d45_source_human_only,high,45,source,human_only,21
11445,11437,3,9600,9593,0,0,11437,0,0,0.0,0.0,144997.0278155296,0.0,144997.0278155201,0.0,13431,7873.043355055886,0,0.0,0.0,0.0,0,0,0,0.0,0.0,0,0.0,0.0,0.0,31376.45199061676,0.0,0,0,0,20261142,28751753f9a035ab,human_only,0,1.0,0.98,8,7,0.0002623065489201714,0.0009611183923110528,0.0007291666666666667,0.0,12.67788998999039,0.0,1656272.694765934,1645210.6906146666,27420.178176911108,0.0,522.9408665102793,0.0,0.0,1000.0,0.07984850290781442,0.5861844505290661,0.0,0.0,0.0,0.0,0.0,15,60,50,high_d45_source_human_only,high,45,source,human_only,22
10468,10459,28,8859,8852,16,0,10459,0,0,0.0,0.0,132646.98332037884,0.0,132646.98332036912,0.0,12171,6234.695931222846,0,0.0,0.0,0.0,0,0,0,0.0,0.0,0,0.0,0.0,0.0,29217.745988797054,0.0,0,0,0,20261143,28751753f9a035ab,human_only,0,1.0,0.98,9,7,0.0026771201835739554,0.003534581581964081,0.0025962298227790947,0.0,12.682568440612785,0.0,1668811.8385125604,1658920.9020388364,27648.681700647274,0.0,486.96243314661757,0.0,0.0,1000.0,0.07288231193746642,0.5122583133039887,0.0,0.0,0.0,0.0,0.0,15,60,50,high_d45_source_human_only,high,45,source,human_only,23
11959,11942,2,10031,10019,0,0,11942,0,0,0.0,0.0,145046.9665696429,0.0,145046.96656963357,0.0,13580,5053.956712226469,0,0.0,0.0,0.0,0,0,0,0.0,0.0,0,0.0,0.0,0.0,30196.277547873848,0.0,0,0,0,20261144,28751753f9a035ab,human_only,0,1.0,0.98,17,12,0.00016747613465081226,0.0015887616021406472,0.0011962914963612801,0.0,12.145952651953909,0.0,1655988.1189969182,1643874.7639040418,27397.91273173403,0.0,503.2712924645641,0.0,0.0,1000.0,0.08000660055726772,0.37216176084141894,0.0,0.0,0.0,0.0,0.0,15,60,50,high_d45_source_human_only,high,45,source,human_only,24
10658,10644,57,8952,8940,25,0,10644,0,0,0.0,0.0,138434.6271766594,0.0,138434.62717664734,0.0,12526,9679.26143174289,0,0.0,0.0,0.0,0,0,0,0.0,0.0,0,0.0,0.0,0.0,31096.982248033015,0.0,0,0,0,20261145,28751753f9a035ab,human_only,0,1.0,0.98,14,12,0.005355129650507328,0.006661662600863202,0.004133154602323503,0.0,13.005883800887574,0.0,1663726.3747788528,1653585.9365077352,27559.765608462254,0.0,518.2830374672169,0.0,0.0,1000.0,0.07570756956730396,0.7727336285919599,0.0,0.0,0.0,0.0,0.0,15,60,50,high_d45_source_human_only,high,45,source,human_only,25
11411,11399,25,9622,9611,17,0,11399,0,0,0.0,0.0,143681.1527672057,0.0,143681.1527671949,0.0,13209,7056.82690352883,0,0.0,0.0,0.0,0,0,0,0.0,0.0,0,0.0,0.0,0.0,31485.397964485477,0.0,0,0,0,20261146,28751753f9a035ab,human_only,0,1.0,0.98,12,11,0.002193174839898237,0.003242485321181316,0.002909997921430056,0.0,12.60471556866347,0.0,1658264.394789459,1646715.5116346895,27445.258527244827,0.0,524.7566327414246,0.0,0.0,1000.0,0.07874200289474498,0.5342438415874654,0.0,0.0,0.0,0.0,0.0,15,60,50,high_d45_source_human_only,high,45,source,human_only,26
11731,11719,3,9831,9820,0,0,11719,0,0,0.0,0.0,145553.51299573964,0.0,145553.5129957307,0.0,13547,6336.499903341037,0,0.0,0.0,0.0,0,0,0,0.0,0.0,0,0.0,0.0,0.0,31240.60110454587,0.0,0,0,0,20261147,28751753f9a035ab,human_only,0,1.0,0.98,12,11,0.00025599453878317265,0.0012786633705566448,0.0011189095717627912,0.0,12.420301475870868,0.0,1655554.9350899267,1643878.1277222463,27397.968795370773,0.0,520.6766850757645,0.0,0.0,1000.0,0.08024725828337409,0.4677419283487884,0.0,0.0,0.0,0.0,0.0,15,60,50,high_d45_source_human_only,high,45,source,human_only,27
11047,11037,0,9294,9285,0,0,11037,0,0,0.0,0.0,136409.98433486753,0.0,136409.9843348602,0.0,12658,5564.684846539529,0,0.0,0.0,0.0,0,0,0,0.0,0.0,0,0.0,0.0,0.0,28520.83410170969,0.0,0,0,0,20261148,28751753f9a035ab,human_only,0,1.0,0.98,10,9,0.0,0.0009052231375033946,0.0009683666881859264,0.0,12.359335356968398,0.0,1664728.5857461754,1653986.970286669,27566.449504777815,0.0,475.3472350284948,0.0,0.0,1000.0,0.07515078569656919,0.43961801600091077,0.0,0.0,0.0,0.0,0.0,15,60,50,high_d45_source_human_only,high,45,source,human_only,28
10180,10166,43,8580,8567,22,0,10166,0,0,0.0,0.0,132262.28313975187,0.0,132262.2831397419,0.0,11985,8393.750268576634,0,0.0,0.0,0.0,0,0,0,0.0,0.0,0,0.0,0.0,0.0,29424.85104604089,0.0,0,0,0,20261149,28751753f9a035ab,human_only,0,1.0,0.98,14,13,0.004229785559708834,0.005599214145383104,0.004079254079254079,0.0,13.010258030665147,0.0,1669803.1472300328,1660499.8671492408,27674.99778582068,0.0,490.4141841006815,0.0,0.0,1000.0,0.07233158487220404,0.700354632338476,0.0,0.0,0.0,0.0,0.0,15,60,50,high_d45_source_human_only,high,45,source,human_only,29
10920,10910,1,9159,9151,0,3,10907,0,0,30.174701612634163,11.988702984816094,136593.17927080297,0.0,136683.16304569627,89.98377490198618,12642,5970.739021395339,0,0.0,0.0,1.4791950649257841,0,0,3,0.0,21.0,9,17.988702984816094,24.227269320121554,24.227269320115738,29257.61850372561,26.431505837365822,0,0,0,20261120,3b2aba4d5388456a,adaptive_hybrid,2,1.0,0.98,10,8,9.165902841429881e-05,0.0010073260073260074,0.0008734578010699859,0.0,12.528245925361711,18.18599862781807,1664381.4656554533,1653668.4625769202,27561.141042948668,0.29981171641360155,487.6269750620935,0.4405250972894304,2.6919188133461933,1000.0,0.07534363019141488,0.4722938634231402,0.0,0.0,0.0,0.0,0.00024305555555555555,15,60,50,high_d45_source_adaptive_hybrid,high,45,source,adaptive_hybrid,0
10819,10800,34,9148,9131,26,130,10670,4,4,1353.642692138339,539.4493535404235,134213.2516289332,0.0,138043.16553966078,3829.913910735053,12617,6403.812775859693,20,0.0,2200.6272236262857,68.25375260813335,0,0,130,0.0,910.0,390,799.4493535404221,754.0566734270384,754.0566734267995,29215.312213697292,1192.3440742732805,0,0,0,20261121,3b2aba4d5388456a,adaptive_hybrid,2,1.0,0.98,19,17,0.003148148148148148,0.004898789167205842,0.00470048097944906,0.0,12.781774587005629,814.1933385979155,1665877.454496799,1655523.4805386355,27592.05800897726,13.324155892340368,486.9218702282882,19.87240123788801,1.9334786498123064,1000.0,0.0745125252795561,0.5075543136926126,0.0,0.025470222495674603,0.0,0.0,0.010532407407407407,15,60,50,high_d45_source_adaptive_hybrid,high,45,source,adaptive_hybrid,1
12518,12510,4,10552,10545,0,0,12510,0,0,0.0,0.0,154980.58693979375,0.0,154980.58693978327,0.0,14354,6743.401674958552,0,0.0,0.0,0.0,0,0,0,0.0,0.0,0,0.0,0.0,0.0,32678.43772965674,0.0,0,0,0,20261122,3b2aba4d5388456a,adaptive_hybrid,2,1.0,0.98,8,7,0.000319744204636291,0.0009586195877935772,0.0006633813495072025,0.0,12.388536126281636,0.0,1646332.1478548779,1633660.0501290811,27227.66750215135,0.0,544.6406288276123,0.0,0.0,1000.0,0.08537102896951232,0.46979250905382136,0.0,0.0,0.0,0.0,0.0,15,60,50,high_d45_source_adaptive_hybrid,high,45,source,adaptive_hybrid,2
10389,10380,2,8735,8727,1,1,10379,0,0,16.478840526301667,3.796260211043826,130113.18178958457,0.0,130162.8709234932,49.68913391952083,12054,5250.5806415734005,0,0.0,0.0,0.8958723075001154,0,0,1,0.0,7.0,3,5.796260211043826,11.857981408468582,11.857981408466003,27908.953601082183,17.21508791978889,0,0,0,20261123,3b2aba4d5388456a,adaptive_hybrid,2,1.0,0.98,9,8,0.0001926782273603083,0.0010588122052170566,0.001030337721808815,0.0,12.539775618833643,12.682580315257841,1671468.0701774836,1661555.5255615541,27692.59209269257,0.09660433685073043,465.149226684703,0.2869181319964815,3.952660469488668,1000.0,0.07140662767917583,0.43558823971904764,0.0,0.0,0.0,0.0,8.101851851851852e-05,15,60,50,high_d45_source_adaptive_hybrid,high,45,source,adaptive_hybrid,3
10405,10397,28,8736,8730,16,2,10395,0,0,14.880832030602942,7.600346178661524,131364.72682573408,0.0,131431.23766301456,66.51083728966478,12089,6399.467725015047,0,0.0,0.0,0.4630366778418957,0,0,2,0.0,14.0,6,11.600346178661525,31.18758994495188,31.18758994495147,28695.799222264443,1.3418237650816698,0,0,0,20261124,3b2aba4d5388456a,adaptive_hybrid,2,1.0,0.98,8,6,0.0026930845436183514,0.003459875060067275,0.0025183150183150185,0.0,12.641265524960524,7.280485851941418,1670426.5832741903,1660301.2084666507,27671.68680777751,0.19333910297769208,478.26332037107403,0.02236372941802783,5.197931657491911,1000.0,0.07198523151433867,0.5293628691384769,0.0,0.0,0.0,0.0,0.00016203703703703703,15,60,50,high_d45_source_adaptive_hybrid,high,45,source,adaptive_hybrid,4
11041,11031,7,9270,9264,0,7,11024,0,0,62.85649023619763,27.3514200038337,136831.04277970683,0.0,136989.9825475684,158.93976787241263,12837,5080.033208726416,0,0.0,0.0,2.876403945116871,0,0,7,0.0,49.0,21,41.3514200038337,29.132190063924135,29.132190063915914,29741.39824778665,43.295833786957786,0,0,0,20261125,3b2aba4d5388456a,adaptive_hybrid,2,1.0,0.98,10,6,0.0006345752878252198,0.0015397156054705189,0.0006472491909385113,0.0,12.418636800613578,35.505070232363934,1664391.4422774536,1653615.2839284532,27560.254732140886,0.6891903333972283,495.68997079644413,0.7215972297826297,1.3872471459007578,1000.0,0.07533808762363692,0.39573367677233123,0.0,0.0,0.0,0.0,0.0005671296296296297,15,60,50,high_d45_source_adaptive_hybrid,high,45,source,adaptive_hybrid,5
11828,11814,11,10005,9995,11,146,11668,0,0,1472.0819760662662,549.1850603011937,144668.26249216736,0.0,148731.8485411281,4063.5860489699553,13886,6787.027093213483,21,0.0,2314.5957869397075,73.5912077116717,0,0,146,0.0,1022.0,438,841.1850603011918,833.552680202374,833.5526802019813,31855.605517767635,1273.2489087972606,0,0,0,20261126,3b2aba4d5388456a,adaptive_hybrid,2,1.0,0.98,14,10,0.000931098696461825,0.002113628677713899,0.002098950524737631,0.0,12.589457299909268,922.8969157650724,1654829.5815513078,1643518.7779298136,27391.97963216356,14.019751005019863,530.9267586294606,21.22081514662101,1.9030883109634276,1000.0,0.08065023247149561,0.4887676143751608,0.0,0.026789303089579948,0.0,0.0,0.011828703703703704,15,60,50,high_d45_source_adaptive_hybrid,high,45,source,adaptive_hybrid,6
11430,11419,3,9643,9634,1,19,11400,1,1,185.4650961315033,74.88651733081834,144084.12336641015,0.0,144602.49914133313,518.3757749331126,13332,7039.419163923085,2,0.0,222.64371882857415,9.161407142200952,0,0,19,0.0,133.0,57,112.88651733081828,119.23184132283461,119.23184132280585,31904.3642185977,154.7131399138208,0,0,0,20261127,3b2aba4d5388456a,adaptive_hybrid,2,1.0,0.98,11,9,0.00026272002802346965,0.0012248468941382328,0.0010370216737529815,0.0,12.663324208891595,110.57857880068495,1657483.9188260077,1646252.4546628199,27437.540911047,1.881441955513638,531.739403643295,2.5785523318970136,2.091786689873787,1000.0,0.07917560065221796,0.5280092382180531,0.0,0.002576894893849238,0.0,0.0,0.0015393518518518519,15,60,50,high_d45_source_adaptive_hybrid,high,45,source,adaptive_hybrid,7
11393,11380,43,9621,9612,22,4,11376,0,0,29.24554525609601,15.889938835924568,144718.58983083317,0.0,144853.25250456802,134.66267374550807,13180,9081.10081618883,0,0.0,0.0,1.2200756728078161,0,0,4,0.0,28.0,12,23.889938835924568,47.13981227894401,47.13981227894692,31902.196502304996,15.693836702803594,0,0,0,20261128,3b2aba4d5388456a,adaptive_hybrid,2,1.0,0.98,13,9,0.0037785588752196836,0.004915298867725797,0.0032221182829227733,0.0,12.72875681059473,13.35560642017144,1657353.0912716165,1646067.390120648,27434.456502010802,0.3981656472654095,531.7032750384166,0.2615639450467266,3.928317689912243,1000.0,0.07924828262687966,0.6890061317290462,0.0,0.0,0.0,0.0,0.00032407407407407406,15,60,50,high_d45_source_adaptive_hybrid,high,45,source,adaptive_hybrid,8
11998,11987,44,10141,10133,28,67,11920,0,0,634.26135734963,264.01471295707285,152178.5425608636,0.0,154002.77182243456,1824.2292615806873,13941,10643.92416735035,9,0.0,984.5180136309835,31.133741722493465,0,0,67,0.0,469.0,201,398.01471295707336,392.21265380262827,392.21265380253317,33319.77090571405,509.472568993485,0,0,0,20261129,3b2aba4d5388456a,adaptive_hybrid,2,1.0,0.98,11,8,0.0036706431967965295,0.00458409734955826,0.0035499457647174834,0.0,12.847482424496084,370.24664439255713,1649461.0968989301,1637649.2045556093,27294.153409260154,6.633578549284556,555.3295150952342,8.49120948322475,1.9513067353359859,1000.0,0.08363272394503884,0.7634978959436446,0.0,0.011394884417025273,0.0,0.0,0.00542824074074074,15,60,50,high_d45_source_adaptive_hybrid,high,45,source,adaptive_hybrid,9
10742,10726,34,9026,9012,23,203,10523,7,7,2037.909914312476,897.1216521838726,134825.57787731278,0.0,140559.02313433692,5733.445257031879,12770,8366.456582868444,31,0.0,3407.955444133376,103.53397927121124,0,0,203,0.0,1421.0,609,1303.1216521838676,1062.8348792611432,1062.834879260845,30302.985312590994,1771.169321586104,0,0,0,20261130,3b2aba4d5388456a,adaptive_hybrid,2,1.0,0.98,16,14,0.0031698676114115232,0.004654626698938745,0.0040992687790826505,0.0,13.104514556622872,1140.7882621286035,1664695.34118486,1653860.1205092496,27564.335341820828,21.71869420306446,505.0497552098499,29.51948869310173,1.745213266438169,1000.0,0.07516925489729998,0.655164963419612,0.0,0.039443928751543705,0.0,0.0,0.016446759259259258,15,60,50,high_d45_source_adaptive_hybrid,high,45,source,adaptive_hybrid,10
9340,9328,2,7811,7799,0,0,9328,0,0,0.0,0.0,117669.75389535789,0.0,117669.75389535062,0.0,10891,3598.4811674493194,0,0.0,0.0,0.0,0,0,0,0.0,0.0,0,0.0,0.0,0.0,25317.488721660604,0.0,0,0,0,20261131,3b2aba4d5388456a,adaptive_hybrid,2,1.0,0.98,12,12,0.0002144082332761578,0.0014989293361884369,0.0015362949686339778,0.0,12.614682021371207,0.0,1683421.9145763083,1674830.6339094015,27913.843898490024,0.0,421.95814536101005,0.0,0.0,1000.0,0.06476560301316203,0.3304087014460857,0.0,0.0,0.0,0.0,0.0,15,60,50,high_d45_source_adaptive_hybrid,high,45,source,adaptive_hybrid,11
10130,10121,3,8463,8454,0,1,10120,0,0,13.316629006188673,3.4923790128057757,127322.08191017061,0.0,127358.20989522288,36.12798505819228,11794,4605.473192560579,0,0.0,0.0,0.5716702117897132,0,0,1,0.0,7.0,3,5.492379012805776,11.568797573787716,11.568797573789197,27043.66899245829,8.565526621924235,0,0,0,20261132,3b2aba4d5388456a,adaptive_hybrid,2,1.0,0.98,9,9,0.00029641339788558443,0.0011846001974333662,0.0010634526763559022,0.0,12.583559914556158,9.824249993382898,1673700.3132920293,1664461.8560283703,27741.03093380617,0.0915396502134296,450.7278165409715,0.14275877703207057,3.8562658579297326,1000.0,0.07016649261553931,0.3904928940614363,0.0,0.0,0.0,0.0,8.101851851851852e-05,15,60,50,high_d45_source_adaptive_hybrid,high,45,source,adaptive_hybrid,12
9975,9971,0,8353,8350,0,0,9971,0,0,0.0,0.0,125535.84530466268,0.0,125535.84530465669,0.0,11657,4326.86755314551,0,0.0,0.0,0.0,0,0,0,0.0,0.0,0,0.0,0.0,0.0,27081.3063014524,0.0,0,0,0,20261133,3b2aba4d5388456a,adaptive_hybrid,2,1.0,0.98,4,3,0.0,0.0004010025062656642,0.0003591524003352089,0.0,12.590095808309767,0.0,1675622.9733360256,1665952.1264724727,27765.86877454121,0.0,451.3551050242067,0.0,0.0,1000.0,0.06909834814665239,0.371181912425625,0.0,0.0,0.0,0.0,0.0,15,60,50,high_d45_source_adaptive_hybrid,high,45,source,adaptive_hybrid,13
11917,11909,9,10055,10048,7,75,11834,3,3,757.117389108573,336.72646992419953,144639.00824335203,0.0,146740.48959925672,2101.4813559157847,13665,5708.278939145486,11,0.0,1190.4835501807424,38.21025183598776,0,0,75,0.0,525.0,225,486.7264699242002,370.87928522226156,370.87928522212314,30415.916232557774,667.1907062329565,0,0,0,20261134,3b2aba4d5388456a,adaptive_hybrid,2,1.0,0.98,8,7,0.0007557309597783189,0.0014265335235378032,0.00139234211834908,0.0,12.321814560354078,420.39091918437344,1655987.1640157476,1643529.8435132252,27392.164058553753,8.112107832070004,506.9319372092962,11.119845103882607,1.6483523787649919,1000.0,0.08000713110236246,0.41772988943618633,0.0,0.013778744793758593,0.0,0.0,0.006076388888888889,15,60,50,high_d45_source_adaptive_hybrid,high,45,source,adaptive_hybrid,14
10733,10723,0,8993,8986,0,3,10720,0,0,21.923374681128426,12.804752149170817,132487.0246299664,0.0,132543.1970968252,56.17246686894214,12210,3785.0257829816874,0,0.0,0.0,0.9447132475322165,0,0,3,0.0,21.0,9,18.804752149170817,10.979184818502006,10.97918481848319,27844.905236613726,11.386559269499902,0,0,0,20261135,3b2aba4d5388456a,adaptive_hybrid,2,1.0,0.98,10,7,0.0,0.0009317059536010435,0.0007783831869231625,0.0,12.360645071045901,9.118622531957609,1668618.41953182,1658587.3234086975,27643.122056811626,0.3134125358195136,464.0817539435621,0.18977598782499835,1.21990942427591,1000.0,0.07298976692676662,0.3099939216201218,0.0,0.0,0.0,0.0,0.00024305555555555555,15,60,50,high_d45_source_adaptive_hybrid,high,45,source,adaptive_hybrid,15
10624,10617,30,9011,9006,16,0,10617,0,0,0.0,0.0,135789.22321290805,0.0,135789.2232129001,0.0,12461,7905.459206583519,0,0.0,0.0,0.0,0,0,0,0.0,0.0,0,0.0,0.0,0.0,29575.52647403893,0.0,0,0,0,20261136,3b2aba4d5388456a,adaptive_hybrid,2,1.0,0.98,7,5,0.0028256569652444193,0.003482680722891566,0.002330484962823216,0.0,12.78979214588868,0.0,1666138.4729658554,1656136.2866806134,27602.27144467689,0.0,492.92544123398216,0.0,0.0,1000.0,0.07436751501896921,0.6344161148048727,0.0,0.0,0.0,0.0,0.0,15,60,50,high_d45_source_adaptive_hybrid,high,45,source,adaptive_hybrid,16
11146,11139,0,9396,9392,0,0,11139,0,0,0.0,0.0,138606.6976259803,0.0,138606.69762597047,0.0,12869,5310.752002574563,0,0.0,0.0,0.0,0,0,0,0.0,0.0,0,0.0,0.0,0.0,29262.589208712758,0.0,0,0,0,20261137,3b2aba4d5388456a,adaptive_hybrid,2,1.0,0.98,7,4,0.0,0.000628027992104791,0.0004257130693912303,0.0,12.443369927818518,0.0,1662954.7724384563,1652012.4409073945,27533.54068178991,0.0,487.70982014521263,0.0,0.0,1000.0,0.07613623753419096,0.4126779083514308,0.0,0.0,0.0,0.0,0.0,15,60,50,high_d45_source_adaptive_hybrid,high,45,source,adaptive_hybrid,17
11582,11569,3,9757,9746,2,31,11538,0,0,290.22387788330775,119.95511734591314,140847.7605586594,0.0,141671.1404355559,823.3798769076457,13289,4119.6756141215155,4,0.0,444.9095979029415,14.172428560589621,0,0,31,0.0,217.0,93,181.95511734591318,192.32761713826736,192.3276171381658,29489.91566553685,234.52565496298416,0,0,0,20261138,3b2aba4d5388456a,adaptive_hybrid,2,1.0,0.98,13,11,0.00025931368311867925,0.0013814539803142809,0.0013323767551501487,0.0,12.245755072655882,170.2687605373946,1660065.6593603448,1648859.5882285784,27480.993137142974,3.032585289098553,491.49859442561416,3.908760916049736,2.068038893958772,1000.0,0.07774130035536397,0.31000644248036086,0.0,0.005149416642395157,0.0,0.0,0.002511574074074074,15,60,50,high_d45_source_adaptive_hybrid,high,45,source,adaptive_hybrid,18
10459,10450,1,8766,8758,0,0,10450,0,0,0.0,0.0,131521.42576913908,0.0,131521.42576913052,0.0,12207,5639.914392229126,0,0.0,0.0,0.0,0,0,0,0.0,0.0,0,0.0,0.0,0.0,28719.799365627252,0.0,0,0,0,20261139,3b2aba4d5388456a,adaptive_hybrid,2,1.0,0.98,9,8,9.569377990430622e-05,0.0009561143512764127,0.0009126169290440338,0.0,12.585782370251724,0.0,1669680.915472359,1659660.427717682,27661.007128628033,0.0,478.6633227604542,0.0,0.0,1000.0,0.07239949140424506,0.4620229697902127,0.0,0.0,0.0,0.0,0.0,15,60,50,high_d45_source_adaptive_hybrid,high,45,source,adaptive_hybrid,19
11676,11663,7,9844,9831,4,43,11620,0,0,430.98143696418305,170.26554648098315,141986.20621824954,0.0,143203.59611592922,1217.3898976901182,13343,5577.253981694052,5,0.0,544.0682221795414,20.913842361350035,0,0,43,0.0,301.0,129,256.2655464809834,287.97065675519,287.97065675513295,29802.299453138072,344.78646557750733,0,0,0,20261140,3b2aba4d5388456a,adaptive_hybrid,2,1.0,0.98,13,13,0.0006001886307125097,0.0017129153819801302,0.001726940268183665,0.0,12.278452895132403,260.7158904831999,1658666.5930570092,1647624.503989122,27460.4083998187,4.271092441349723,496.7049908856345,5.746441092958455,2.2323306725204106,1000.0,0.07851855941277264,0.4179910051483213,0.0,0.006297085904855803,0.0,0.0,0.0034837962962962965,15,60,50,high_d45_source_adaptive_hybrid,high,45,source,adaptive_hybrid,20
10787,10768,30,9060,9044,21,112,10656,3,3,1144.579648504668,519.2675698368831,133855.90264091417,0.0,137124.5158920464,3268.6132511422547,12547,7223.876199733002,17,0.0,1866.4478768520053,57.140792262644375,0,0,112,0.0,784.0,336,743.267569836882,625.5109774235686,625.5109774233133,29644.280977221086,971.1264507376704,0,0,0,20261141,3b2aba4d5388456a,adaptive_hybrid,2,1.0,0.98,19,16,0.002786032689450223,0.004542504866969501,0.0040838852097130245,0.0,12.734446126675927,625.3120786677849,1666483.603339268,1656169.9880528545,27602.83313421424,12.3877928306147,494.07134962035144,16.18544084562784,1.861639813759861,1000.0,0.07417577592262892,0.5757452936744243,0.0,0.021602405982083395,0.0,0.0,0.009074074074074075,15,60,50,high_d45_source_adaptive_hybrid,high,45,source,adaptive_hybrid,21
11445,11437,3,9600,9593,0,0,11437,0,0,0.0,0.0,144997.0278155296,0.0,144997.0278155201,0.0,13431,7873.043355055886,0,0.0,0.0,0.0,0,0,0,0.0,0.0,0,0.0,0.0,0.0,31376.45199061676,0.0,0,0,0,20261142,3b2aba4d5388456a,adaptive_hybrid,2,1.0,0.98,8,7,0.0002623065489201714,0.0009611183923110528,0.0007291666666666667,0.0,12.67788998999039,0.0,1656272.694765934,1645210.6906146666,27420.178176911108,0.0,522.9408665102793,0.0,0.0,1000.0,0.07984850290781442,0.5861844505290661,0.0,0.0,0.0,0.0,0.0,15,60,50,high_d45_source_adaptive_hybrid,high,45,source,adaptive_hybrid,22
10468,10459,28,8859,8852,16,11,10448,0,0,109.25587990441997,39.9137105437173,132359.44950112372,0.0,132742.9888360334,383.53933491948555,12175,6211.98769911809,1,0.0,101.45314128937146,5.622414996805642,0,0,11,0.0,77.0,33,61.9137105437173,111.59800232857575,111.5980023285374,29172.13866774347,93.9389818280023,0,0,0,20261143,3b2aba4d5388456a,adaptive_hybrid,2,1.0,0.98,9,7,0.0026771201835739554,0.003534581581964081,0.0025962298227790947,0.0,12.691747665745615,69.34216936070267,1668922.756458866,1659048.4753460353,27650.807922433924,1.0318951757286217,486.2023111290579,1.5656496971333715,3.3817576463193153,1000.0,0.07282069085618559,0.5102248623505617,0.0,0.0011742261723306881,0.0,0.0,0.0008912037037037037,15,60,50,high_d45_source_adaptive_hybrid,high,45,source,adaptive_hybrid,23
11959,11938,8,10031,10015,5,147,11791,5,5,1464.5397957694152,658.4247135252226,143021.47196283107,0.0,147056.82096958795,4035.349006765973,13731,5149.201935997646,21,0.0,2293.74407540175,72.14451128249043,0,0,147,0.0,1029.0,441,952.4247135252197,755.7438419415831,755.743841941272,30247.577110972,1192.6909702712444,0,0,0,20261144,3b2aba4d5388456a,adaptive_hybrid,2,1.0,0.98,21,16,0.0006701289998324678,0.002424951919056777,0.00209351011863224,0.0,12.31838004436153,806.1150822441925,1656226.3393375021,1643836.3414815995,27397.272358026657,15.873745225420327,504.1262851828667,19.878182837854073,1.713704857009687,1000.0,0.07987425592360997,0.37500560308773184,0.0,0.0265479638356684,0.0,0.0,0.011909722222222223,15,60,50,high_d45_source_adaptive_hybrid,high,45,source,adaptive_hybrid,24
10658,10645,64,8952,8941,29,44,10601,0,0,450.612709986408,169.513770587622,137652.07124462334,0.0,138945.76270230924,1293.6914576976487,12570,9671.032933323588,6,0.0,685.1758091031134,21.845028270184553,0,0,44,0.0,308.0,132,257.5137705876223,278.6102135293672,278.6102135292749,31101.58039295629,348.0611546208491,0,0,0,20261145,3b2aba4d5388456a,adaptive_hybrid,2,1.0,0.98,13,11,0.0060122123062470645,0.007224620003753049,0.004468275245755138,0.0,13.052678506557937,281.098939398786,1663960.8499151743,1653733.6654585944,27562.227757643243,4.291896176460371,518.3596732159382,5.801019243680818,2.1106834358278403,1000.0,0.07557730560268094,0.7693741394847723,0.0,0.007930275568323071,0.0,0.0,0.003564814814814815,15,60,50,high_d45_source_adaptive_hybrid,high,45,source,adaptive_hybrid,25
11411,11398,28,9622,9610,20,111,11287,3,3,1053.6629045262055,458.1421444888578,142085.28075497778,0.0,145000.56489148346,2915.2841365166023,13327,7056.408186800361,15,0.0,1643.6152594804075,52.612825017936686,0,0,111,0.0,777.0,333,680.1421444888571,558.6999765404497,558.6999765402143,31562.419726129156,894.9171390548937,0,0,0,20261146,3b2aba4d5388456a,adaptive_hybrid,2,1.0,0.98,13,12,0.0024565713283032113,0.0035930242748225395,0.0033257119102057782,0.0,12.721579653578123,595.5207600373476,1658581.5291005205,1646980.1039044103,27449.668398406837,11.335702408147618,526.0403287688192,14.915285650914894,1.6777777073279707,1000.0,0.07856581716637745,0.5294821180160847,0.0,0.019023324762504717,0.0,0.0,0.008993055555555556,15,60,50,high_d45_source_adaptive_hybrid,high,45,source,adaptive_hybrid,26
11731,11720,3,9831,9821,0,5,11715,0,0,46.359695921998636,20.05556216438247,145456.1304680135,0.0,145567.6635316434,111.53306363844604,13551,6325.243351152751,0,0.0,0.0,2.069641757310615,0,0,5,0.0,35.0,15,30.055562164382472,17.691831181647355,17.691831181640737,31218.987480833803,30.98127526702694,0,0,0,20261147,3b2aba4d5388456a,adaptive_hybrid,2,1.0,0.98,11,10,0.0002559726962457338,0.0011934191458528684,0.0010171905197843556,0.0,12.420449106795513,26.304133757616167,1655601.2244438098,1643964.9215017024,27399.415358361708,0.5009260360730412,520.3164580138967,0.5163545877837824,1.1794554121093825,1000.0,0.08022154197566123,0.4667731791862409,0.0,0.0,0.0,0.0,0.0004050925925925926,15,60,50,high_d45_source_adaptive_hybrid,high,45,source,adaptive_hybrid,27
11047,11036,4,9294,9284,4,45,10991,0,0,458.90491338380997,173.3396745825144,135712.32303089357,99.25283685720206,137079.63911400212,1268.063246257807,12699,5560.749377976621,6,0.0,657.3809016117713,22.769165969612605,0,0,45,0.0,315.0,135,263.33967458251453,264.9569328909066,264.9569328908401,28538.59605164454,368.74540580627865,1,0,0,20261148,3b2aba4d5388456a,adaptive_hybrid,2,1.0,0.98,11,10,0.0003624501631025734,0.0013578347062550918,0.001506348181622552,0.008993551726821498,12.421134388727992,285.56523880129555,1664881.8616929143,1654041.5542899182,27567.359238165303,4.388994576375242,475.643267527409,6.145756763437977,1.9626439473395563,1000.0,0.07506563239282538,0.4378887611604552,0.0,0.007608575250136242,0.0,0.0,0.0036458333333333334,15,60,50,high_d45_source_adaptive_hybrid,high,45,source,adaptive_hybrid,28
10180,10166,49,8580,8567,24,85,10081,4,4,818.1137643944422,373.895066504698,130714.45310461146,0.0,133182.09012004675,2467.637015444918,12080,8355.50893341962,12,0.0,1319.0425414988767,41.495428264253086,0,0,85,0.0,595.0,255,543.8950665046981,521.5347911279914,521.5347911278295,29292.485166175127,711.8635905874909,0,0,0,20261149,3b2aba4d5388456a,adaptive_hybrid,2,1.0,0.98,14,13,0.004819988195947276,0.00618860510805501,0.004312354312354313,0.0,13.10073678143289,444.21869788974425,1670263.406094466,1660645.0247656666,27677.417079427778,9.064917775078301,488.2080861029188,11.864393176458181,2.045234475011096,1000.0,0.07207588550307442,0.6916812030976507,0.0,0.015266696082162926,0.0,0.0,0.0068865740740740745,15,60,50,high_d45_source_adaptive_hybrid,high,45,source,adaptive_hybrid,29
10920,10906,2,9159,9148,0,5,10901,0,0,38.7042077119831,19.274436597888243,136524.49426649077,0.0,136645.26252770916,120.76826122615603,12639,6014.949904318399,0,0.0,0.0,1.2701428577291125,0,0,5,0.0,35.0,15,29.274436597888247,52.66062542385386,52.66062542385043,29243.146181180877,8.374874549162984,0,0,0,20261120,b3b925d62b2b9bc6,travel_aware_hybrid,2,1.0,0.98,14,11,0.00018338529249954154,0.0014652014652014652,0.0012010044764712304,0.0,12.529365718660292,19.42977111409486,1664393.656794362,1653537.8005093646,27558.963341822742,0.48790727663147077,487.38576968634794,0.13958124248604972,3.5107083615900287,1000.0,0.07533685733646556,0.47590394052681373,0.0,0.0,0.0,0.0,0.0004050925925925926,15,60,50,high_d45_source_travel_aware_hybrid,high,45,source,travel_aware_hybrid,0
10819,10804,24,9148,9135,14,12,10792,1,1,140.74249416098883,51.92563719681594,136129.93299377352,0.0,136471.67046057887,341.73746681319426,12488,6335.941798857524,1,0.0,106.39371125502196,4.440498792370898,0,0,12,0.0,84.0,36,75.92563719681594,131.53879584349875,131.53879584352217,29288.265656095682,23.694037812871848,0,0,0,20261121,b3b925d62b2b9bc6,travel_aware_hybrid,2,1.0,0.98,15,13,0.0022213994816734544,0.003604769387189204,0.0029514648010494095,0.0,12.631587417676682,88.81685696417289,1665335.8974015524,1655153.1933717434,27585.886556195725,1.265427286613599,488.13776093492805,0.3949006302145308,3.653855440097838,1000.0,0.07481339033247092,0.5073624118239529,0.0,0.0012314086950812727,0.0,0.0,0.0009722222222222222,15,60,50,high_d45_source_travel_aware_hybrid,high,45,source,travel_aware_hybrid,1
12518,12506,3,10552,10542,1,16,12490,1,1,215.4510962714321,76.92504500486375,154508.00647399612,0.0,155018.78474924667,510.7782752628318,14376,6638.721113301635,2,0.0,209.1726756013128,6.979796383093732,0,0,16,0.0,112.0,48,108.9250450048637,180.50174810367304,180.50174810367753,32733.102793733564,28.180684166777333,0,0,0,20261122,b3b925d62b2b9bc6,travel_aware_hybrid,2,1.0,0.98,12,10,0.00023988485526947067,0.0011982744847419716,0.001042456406368461,0.0,12.395552914540755,138.52605126656834,1646539.967249492,1634040.2788772064,27234.00464795344,1.8154174167477284,545.5517132288927,0.46967806944628887,3.760453085493282,1000.0,0.08525557375028225,0.4617919527894849,0.0,0.002420980041681861,0.0,0.0,0.0012962962962962963,15,60,50,high_d45_source_travel_aware_hybrid,high,45,source,travel_aware_hybrid,2
10389,10379,3,8735,8726,0,6,10373,0,0,67.14889983942716,24.00001666014316,129763.40613633672,0.0,129907.09633092207,143.6901945950849,12048,5169.107647829493,0,0.0,0.0,1.8406316685658424,0,0,6,0.0,42.0,18,36.00001666014316,56.7258388784111,56.7258388784212,27836.900115950517,3.9660346806319273,0,0,0,20261123,b3b925d62b2b9bc6,travel_aware_hybrid,2,1.0,0.98,10,9,0.00028904518739762984,0.0012513235152565214,0.001030337721808815,0.0,12.516340334417773,43.148883179284,1671717.6871416115,1661785.3529497483,27696.42254916247,0.6000002776690526,463.94833526584193,0.06610057801053212,3.1514354932456223,1000.0,0.0712679515879936,0.4290427994546392,0.0,0.0,0.0,0.0,0.0004861111111111111,15,60,50,high_d45_source_travel_aware_hybrid,high,45,source,travel_aware_hybrid,3
10405,10395,22,8736,8729,14,10,10385,1,1,112.9836235459088,43.19052211777045,130924.61399535238,0.0,131215.76616966756,291.1521743233825,12095,6261.814786666211,0,0.0,0.0,3.515263111140636,0,0,9,0.0,63.0,29,61.190522117770435,122.43300032697488,122.43300032696425,28514.493497208412,13.04942883648186,0,0,0,20261124,b3b925d62b2b9bc6,travel_aware_hybrid,2,1.0,0.98,10,7,0.0021164021164021165,0.003075444497837578,0.002403846153846154,0.0,12.622969328491347,69.79310142813836,1670729.651661967,1660675.0357015412,27677.917261692353,1.019842035296174,475.2415582868069,0.217490480608031,4.221827597481526,1000.0,0.0718168601877962,0.5177192878599596,0.0,0.0,0.0,0.0,0.0007291666666666667,15,60,50,high_d45_source_travel_aware_hybrid,high,45,source,travel_aware_hybrid,4
11041,11032,8,9270,9265,0,17,11015,0,0,134.58557794337386,63.839420730594426,136622.33670144048,0.0,136978.40016786198,356.06346643229335,12833,5183.009388711222,1,0.0,105.14558768571987,4.159618672705304,0,0,15,0.0,105.0,49,93.8394207305944,153.04968243570386,153.04968243571784,29765.84090108234,15.073193553929084,0,0,0,20261125,b3b925d62b2b9bc6,travel_aware_hybrid,2,1.0,0.98,9,5,0.0007251631617113851,0.0015397156054705189,0.0005393743257820927,0.0,12.416461218986765,70.74615721277944,1664449.9740669217,1653575.7997782254,27559.596662970423,1.5639903455099067,496.0973483513724,0.2512198925654847,3.1234629068513846,1000.0,0.07530556996282123,0.4038813518827415,0.0,0.0012169628204365727,0.0,0.0,0.0012152777777777778,15,60,50,high_d45_source_travel_aware_hybrid,high,45,source,travel_aware_hybrid,5
11828,11813,1,10005,9994,0,12,11801,0,0,119.97502565865193,46.0551900252343,147523.4715061067,0.0,147777.15512194915,253.68361585289676,13739,7190.305869439506,1,0.0,107.02684878553852,3.4234835143290288,0,0,11,0.0,77.0,35,68.05519002523428,92.43904063206107,92.43904063205264,32201.13331900939,5.089423636740563,0,0,0,20261126,b3b925d62b2b9bc6,travel_aware_hybrid,2,1.0,0.98,15,11,8.465250148141877e-05,0.0013527223537368955,0.0010994502748625688,0.0,12.509705842880653,73.91983563341762,1653513.6446562181,1641940.9218216185,27365.68203036031,1.134253167087238,536.6855553168232,0.08482372727900939,2.6411154466300752,1000.0,0.08138130852432324,0.5233500159720144,0.0,0.0012387366757585477,0.0,0.0,0.0008912037037037037,15,60,50,high_d45_source_travel_aware_hybrid,high,45,source,travel_aware_hybrid,6
11430,11422,3,9643,9637,0,13,11409,0,0,93.33760089195023,51.6134509319098,144162.84263314298,0.0,144493.5823258304,330.739692697558,13314,6939.991562537281,0,0.0,0.0,2.880241152768909,0,0,13,0.0,91.0,39,77.6134509319098,168.81837057203478,168.81837057202574,31924.33495537777,13.443750860299602,0,0,0,20261127,b3b925d62b2b9bc6,travel_aware_hybrid,2,1.0,0.98,8,6,0.00026265102433899493,0.0009623797025371828,0.0006222130042517888,0.0,12.650462469430082,41.72414996004043,1657371.7504746409,1645962.957188191,27432.715953136514,1.29355751553183,532.0722492562961,0.2240625143383267,4.32867616851348,1000.0,0.07923791640297728,0.5212551872117531,0.0,0.0,0.0,0.0,0.0010532407407407407,15,60,50,high_d45_source_travel_aware_hybrid,high,45,source,travel_aware_hybrid,7
11393,11384,45,9621,9615,27,9,11375,0,0,56.13441206068683,34.48740732405796,144764.1205996799,0.0,145024.884594161,260.76399449089513,13196,8921.784046064013,0,0.0,0.0,1.9777504743638168,0,0,8,0.0,56.0,26,50.48740732405796,125.62223915737303,125.62223915737741,31958.244147448073,15.554394520327682,0,0,0,20261128,b3b925d62b2b9bc6,travel_aware_hybrid,2,1.0,0.98,9,6,0.003952916373858046,0.004739752479592733,0.0034299968818210166,0.0,12.739360909536279,21.647004736628865,1657179.6569236708,1646058.2303050847,27434.30383841808,0.8414567887342994,532.6374024574678,0.25923990867212804,4.831624582976054,1000.0,0.07934463504240508,0.6760976088257057,0.0,0.0,0.0,0.0,0.0006481481481481481,15,60,50,high_d45_source_travel_aware_hybrid,high,45,source,travel_aware_hybrid,8
11998,11984,41,10141,10130,23,8,11976,0,0,76.04314889146843,30.44412507808805,152935.2765908033,0.0,153193.07669605827,257.80010526545084,13862,10554.238856356016,0,0.0,0.0,2.37419794012372,0,0,7,0.0,49.0,23,44.44412507808805,125.24041780883985,125.24041780881089,33346.462207571225,9.386016627878991,0,0,0,20261129,b3b925d62b2b9bc6,travel_aware_hybrid,2,1.0,0.98,14,11,0.0034212283044058743,0.00458409734955826,0.0033527265555665124,0.0,12.783133903209135,45.599023813380384,1649246.46733669,1637708.344628157,27295.13907713595,0.7407354179681341,555.7743701261871,0.15643361046464985,5.445235556904821,1000.0,0.0837519625907277,0.7613792278427367,0.0,0.0,0.0,0.0,0.0005671296296296297,15,60,50,high_d45_source_travel_aware_hybrid,high,45,source,travel_aware_hybrid,9
10742,10726,27,9026,9012,15,10,10716,0,0,141.9664684834248,41.77358822813969,137535.58684248975,0.0,137865.7520914561,330.1652489735625,12540,8358.91165528667,1,0.0,106.50189241915584,4.062322339795172,0,0,8,0.0,56.0,28,57.77358822813967,128.10341858659407,128.10341858658285,30233.463511210084,12.95317455619931,0,0,0,20261130,b3b925d62b2b9bc6,travel_aware_hybrid,2,1.0,0.98,16,14,0.0025172478090620923,0.004002978961087321,0.0032129403944161313,0.0,12.853417125811681,100.1928802552851,1664196.577357768,1653929.667602214,27565.4944600369,0.9628931371356612,503.8910585201681,0.21588624260332182,4.575122092377959,1000.0,0.07544634591235111,0.6665798768171188,0.0,0.0012326607918883778,0.0,0.0,0.0006481481481481481,15,60,50,high_d45_source_travel_aware_hybrid,high,45,source,travel_aware_hybrid,10
9340,9329,2,7811,7800,0,11,9318,0,0,77.83382292545295,42.89381171917702,117551.29050412633,0.0,117788.44487863182,237.15437451360594,10903,3596.7806897596965,0,0.0,0.0,2.425313721121898,0,0,10,0.0,70.0,32,62.89381171917701,107.34500851460285,107.34500851460871,25316.743903325318,9.93603191046212,0,0,0,20261131,b3b925d62b2b9bc6,travel_aware_hybrid,2,1.0,0.98,11,11,0.0002143852502947797,0.00139186295503212,0.0014082703879144795,0.0,12.626052618569174,34.940011206275926,1683398.3224912775,1674910.038086753,27915.167301445887,1.048230195319617,421.9457317220886,0.16560053184103532,3.354531516081522,1000.0,0.06477870972706812,0.32988908463355926,0.0,0.0,0.0,0.0,0.0008101851851851852,15,60,50,high_d45_source_travel_aware_hybrid,high,45,source,travel_aware_hybrid,11
10130,10121,5,8463,8454,0,14,10107,0,0,140.77357137188605,52.10454199965277,127041.54034540601,0.0,127375.06807047497,333.5277250770596,11794,4614.460090034268,1,0.0,113.17457245741315,4.308373036599315,0,0,11,0.0,77.0,39,74.10454199965275,135.579823342726,135.5798233427231,27088.872745017237,10.829378113576432,0,0,0,20261132,b3b925d62b2b9bc6,travel_aware_hybrid,2,1.0,0.98,9,9,0.0004940223298093074,0.0013820335636722605,0.0010634526763559022,0.0,12.585225577559033,88.66902937223328,1673813.5504912853,1664437.2778540563,27740.621297567606,1.2350756999942125,451.48121241695395,0.18048963522627387,3.47640572673649,1000.0,0.0701035830603971,0.3912548829942571,0.0,0.0013098908849237634,0.0,0.0,0.0008912037037037037,15,60,50,high_d45_source_travel_aware_hybrid,high,45,source,travel_aware_hybrid,12
9975,9968,1,8353,8348,0,9,9959,0,0,98.04632695500202,35.72487217301781,125354.19469621808,0.0,125596.62534299301,242.43064678047813,11664,4345.797365953878,1,0.0,102.10053370705016,2.9916222737489617,0,0,9,0.0,63.0,27,53.7248721730178,98.3978386237385,98.39783862372497,27076.750960286165,12.346828270049961,0,0,0,20261133,b3b925d62b2b9bc6,travel_aware_hybrid,2,1.0,0.98,7,5,0.00010032102728731942,0.0008020050125313284,0.0005985873338920149,0.0,12.599982478229636,62.32145478198421,1675619.9884004744,1665962.058738824,27766.03431231373,0.8954145362169633,451.2791826714361,0.20578047116749937,3.644364393471295,1000.0,0.0691000064441809,0.3725820786997495,0.0,0.0011817191401278953,0.0,0.0,0.0007291666666666667,15,60,50,high_d45_source_travel_aware_hybrid,high,45,source,travel_aware_hybrid,13
11917,11906,1,10055,10046,0,6,11900,0,0,33.719352381297504,24.342500601714992,145663.47827208557,0.0,145773.3505007071,109.87222863178977,13587,5861.390681193261,0,0.0,0.0,1.1208738275847947,0,0,4,0.0,28.0,16,32.342500601715,52.69477492668324,52.69477492668557,30424.25700084491,5.997865462835886,0,0,0,20261134,b3b925d62b2b9bc6,travel_aware_hybrid,2,1.0,0.98,11,9,8.399126490844952e-05,0.0010069648401443317,0.0008950770760815514,0.0,12.243688098497154,9.376851779582513,1655718.4665314963,1643620.1864779722,27393.66977463287,0.53904167669525,507.07095001408186,0.0999644243805981,3.293423432917848,1000.0,0.08015640748250208,0.4313969736655083,0.0,0.0,0.0,0.0,0.00032407407407407406,15,60,50,high_d45_source_travel_aware_hybrid,high,45,source,travel_aware_hybrid,14
10733,10724,3,8993,8987,0,12,10712,0,0,164.50495754988498,51.807957469463666,132019.3762537809,0.0,132372.67923169635,353.3029779235767,12213,3756.5399316165676,1,0.0,107.60496038751268,5.28208923770105,0,0,11,0.0,77.0,35,73.80795746946366,105.63588568570425,105.63588568568957,27665.955588237775,16.730200966006954,0,0,0,20261135,b3b925d62b2b9bc6,travel_aware_hybrid,2,1.0,0.98,9,6,0.0002797463632972771,0.0011180471443212523,0.0006671855887912822,0.0,12.343591871661353,112.6970000804213,1668905.1891565905,1658744.1279550102,27645.735465916838,1.230132624491061,461.0992598039629,0.2788366827667826,3.0181681624482737,1000.0,0.07283045046856085,0.30758535426320865,0.0,0.0012454277822628783,0.0,0.0,0.0008912037037037037,15,60,50,high_d45_source_travel_aware_hybrid,high,45,source,travel_aware_hybrid,15
10624,10614,21,9011,9003,11,14,10600,0,0,113.44239836391583,54.780525369842124,135054.146908414,0.0,135395.7431112769,341.59620287234793,12453,7770.914664582331,1,0.0,105.39241380964205,3.6973936767480886,0,0,14,0.0,98.0,42,82.78052536984211,144.41922437370036,144.4192243737125,29395.713901045092,18.1951962661514,0,0,0,20261136,b3b925d62b2b9bc6,travel_aware_hybrid,2,1.0,0.98,10,8,0.001978518937252685,0.002917921686746988,0.00210853401398291,0.0,12.756335322336247,58.661872994073704,1666498.3819260674,1656439.3838919601,27607.323064866003,1.3796754228307018,489.9285650174182,0.3032532711025233,3.438552961278869,1000.0,0.07416756559662918,0.6240194864355842,0.0,0.0012198196042782644,0.0,0.0,0.0011342592592592593,15,60,50,high_d45_source_travel_aware_hybrid,high,45,source,travel_aware_hybrid,16
11146,11141,0,9396,9393,0,15,11126,0,0,156.4069853998968,62.10250000200386,138554.7938700993,0.0,138933.2172257133,378.4233556240033,12879,5333.163509624275,1,0.0,105.80483690573334,4.746655852621021,0,0,13,0.0,91.0,43,88.10250000200385,153.8729660819028,153.87296608186807,29355.91365831177,12.828407877349589,0,0,0,20261137,b3b925d62b2b9bc6,travel_aware_hybrid,2,1.0,0.98,5,3,0.0,0.00044859142293199355,0.00031928480204342275,0.0,12.470444055804085,94.30448539789293,1662710.9036765061,1651298.3909352508,27521.639848920848,1.4683750000333975,489.2652276385295,0.2138067979558265,3.5784410716713504,1000.0,0.07627172017971884,0.41409764031557383,0.0,0.001224593019742284,0.0,0.0,0.0010532407407407407,15,60,50,high_d45_source_travel_aware_hybrid,high,45,source,travel_aware_hybrid,17
11582,11573,3,9757,9749,0,18,11555,1,1,146.846881745223,73.91807335228314,141158.50955406728,0.0,141549.0210214953,390.5114674386459,13250,4204.525058740619,1,0.0,104.32413617283342,4.294263213548112,0,0,16,0.0,112.0,52,105.91807335228313,174.77854675133065,174.7785467512913,29549.64527392079,6.574916476269442,0,0,0,20261138,b3b925d62b2b9bc6,travel_aware_hybrid,2,1.0,0.98,9,8,0.0002592240559923961,0.0010360904852357105,0.0008199241570154761,0.0,12.230970450314985,72.92880839293984,1659834.2566493736,1648679.3118252156,27477.988530420258,1.7653012225380522,492.4940878986798,0.10958194127115736,3.361125899063294,1000.0,0.07786985741701469,0.3173226459426882,0.0,0.0012074552797781647,0.0,0.0,0.0012962962962962963,15,60,50,high_d45_source_travel_aware_hybrid,high,45,source,travel_aware_hybrid,18
10459,10451,3,8766,8759,0,11,10440,0,0,89.9683022898755,44.05336588067441,131509.95397595316,0.0,131761.6238814236,251.66990547956811,12202,5821.666975589376,0,0.0,0.0,2.579593806510703,0,0,8,0.0,56.0,30,60.0533658806744,114.88390917647006,114.8839091764421,28835.366233518125,3.167767312261652,0,0,0,20261139,b3b925d62b2b9bc6,travel_aware_hybrid,2,1.0,0.98,8,7,0.0002870538704430198,0.001051725786404054,0.0007985398129135296,0.0,12.607561370340026,45.91493640920108,1669581.2558218515,1659563.979858143,27659.399664302382,1.0008894313445733,480.5894372253021,0.052796121871027536,3.8294636392147368,1000.0,0.0724548578767491,0.47710760331006197,0.0,0.0,0.0,0.0,0.0006481481481481481,15,60,50,high_d45_source_travel_aware_hybrid,high,45,source,travel_aware_hybrid,19
11676,11663,2,9844,9831,0,12,11651,0,0,126.53633087765124,45.814955716510426,142572.1398671752,0.0,142902.17609547093,330.03622830688437,13321,5531.784069516338,1,0.0,106.08892043559837,4.233192177263533,0,0,11,0.0,77.0,35,67.81495571651041,137.0935854998361,137.09358549983153,29681.44751660637,25.517302385063857,0,0,0,20261140,b3b925d62b2b9bc6,travel_aware_hybrid,2,1.0,0.98,13,13,0.0001714824659178599,0.0012846865364850976,0.0013206013815522145,0.0,12.252608770939803,80.72137516114081,1658456.6113956922,1647333.7191895694,27455.561986492823,1.1302492619418403,494.69079194343954,0.4252883730843976,3.9169595857094723,1000.0,0.07863521589128208,0.41526792804716894,0.0,0.0012278810235601663,0.0,0.0,0.0008912037037037037,15,60,50,high_d45_source_travel_aware_hybrid,high,45,source,travel_aware_hybrid,20
10787,10768,27,9060,9043,15,11,10757,0,0,146.47516178610383,45.22879106232131,135130.96900576062,0.0,135448.87820577924,317.9092000285291,12420,7029.15688667189,0,0.0,0.0,4.358172262594336,0,0,11,0.0,77.0,33,67.22879106232128,116.3013390292984,116.30133902929083,29511.58239518696,13.079309115828902,0,0,0,20261141,b3b925d62b2b9bc6,travel_aware_hybrid,2,1.0,0.98,19,17,0.002507429420505201,0.0042643923240938165,0.003532008830022075,0.0,12.578833414355428,101.24637072378252,1666422.7352934813,1656149.6623006237,27602.49437167706,1.120479851038688,491.85970658644936,0.21798848526381503,3.5242830008876007,1000.0,0.0742095915036215,0.565954660762632,0.0,0.0,0.0,0.0,0.0008912037037037037,15,60,50,high_d45_source_travel_aware_hybrid,high,45,source,travel_aware_hybrid,21
11445,11435,4,9600,9593,0,8,11427,0,0,90.39828496060774,32.77204844834364,144939.97216948247,0.0,145143.8215256827,203.84935621120167,13433,7909.907744956263,0,0.0,0.0,2.8010641876710904,0,0,7,0.0,49.0,23,46.772048448343625,74.03474025602742,74.03474025601827,31446.49120427845,17.022949572588903,0,0,0,20261142,b3b925d62b2b9bc6,travel_aware_hybrid,2,1.0,0.98,10,7,0.00034980323567993004,0.0012232415902140672,0.0007291666666666667,0.0,12.692944602158521,57.6262365122641,1656231.962915717,1645212.3095129784,27420.20515854964,0.7795341408057271,524.1081867379742,0.28371582620981506,3.2189017502616637,1000.0,0.07987113171349058,0.588841490728524,0.0,0.0,0.0,0.0,0.0005671296296296297,15,60,50,high_d45_source_travel_aware_hybrid,high,45,source,travel_aware_hybrid,22
10468,10457,20,8859,8852,11,19,10438,0,0,179.92288939262116,73.50449445202824,132413.05768871916,0.0,132923.63825243595,510.5805637265821,12188,6376.426542394749,0,0.0,0.0,5.453873672210288,0,0,18,0.0,126.0,56,109.5044944520282,230.13030524916397,230.13030524911665,29365.64807431049,20.701385923678302,0,0,0,20261143,b3b925d62b2b9bc6,travel_aware_hybrid,2,1.0,0.98,11,7,0.001912594434350196,0.0029614061902942302,0.002031832035218422,0.0,12.711450535759392,106.41839494059292,1668673.2325948877,1658546.4791086488,27642.441318477482,1.8250749075338033,489.42746790517486,0.3450230987279717,4.109469736591369,1000.0,0.07295931522506238,0.523172509221755,0.0,0.0,0.0,0.0,0.0014583333333333334,15,60,50,high_d45_source_travel_aware_hybrid,high,45,source,travel_aware_hybrid,23
11959,11945,2,10031,10021,0,13,11932,1,1,91.82850210525717,58.57261751962707,145360.30848173695,0.0,145608.2381746171,247.92969288950553,13597,5006.586344477764,0,0.0,0.0,2.5010420205285926,0,0,13,0.0,91.0,39,84.57261751962704,111.04189525802909,111.04189525802576,30303.29733893653,0.0,0,0,0,20261144,b3b925d62b2b9bc6,travel_aware_hybrid,2,1.0,0.98,14,10,0.00016743407283382168,0.0013379045070658082,0.0009969095803010668,0.0,12.189890177866646,33.2558845856301,1655497.3001114004,1643333.2698412333,27388.88783068722,1.4095436253271174,505.05495564894215,0.0,2.847228083539122,1000.0,0.08027927771588861,0.3682125722201783,0.0,0.0,0.0,0.0,0.0010532407407407407,15,60,50,high_d45_source_travel_aware_hybrid,high,45,source,travel_aware_hybrid,24
10658,10645,52,8952,8941,22,11,10634,1,1,99.21593593038078,45.34959220227511,138232.16824395012,0.0,138569.85443107385,337.68618713563774,12549,9663.25522212505,0,0.0,0.0,3.330739199295736,0,0,9,0.0,63.0,31,63.3495922022751,122.48229579658876,122.48229579657345,31063.169519880248,20.26440096194783,0,0,0,20261145,b3b925d62b2b9bc6,travel_aware_hybrid,2,1.0,0.98,13,11,0.00488492249882574,0.006098705197973353,0.003686327077747989,0.0,13.017365376333851,53.86634372810567,1663739.3729162903,1653339.320275291,27555.65533792152,1.055826536704585,517.7194919980042,0.3377400160324638,3.9510417998894662,1000.0,0.07570034837983874,0.7700418537034863,0.0,0.0,0.0,0.0,0.0007291666666666667,15,60,50,high_d45_source_travel_aware_hybrid,high,45,source,travel_aware_hybrid,25
11411,11396,18,9622,9608,8,9,11387,0,0,73.86637961293067,38.81671307760428,143312.9993017829,0.0,143535.92134512973,222.92204335779934,13210,6950.593271942313,0,0.0,0.0,2.2816561961663497,0,0,8,0.0,56.0,26,54.81671307760428,108.24839479077653,108.24839479077309,31502.398510791783,11.717477567537555,0,0,0,20261146,b3b925d62b2b9bc6,travel_aware_hybrid,2,1.0,0.98,15,14,0.0015795015795015794,0.002891946367540093,0.0022864269382664726,0.0,12.595289693324826,35.049666535326395,1658439.8580110525,1646836.1124422776,27447.268540704627,0.9136118846267379,525.0399751798631,0.1952912927922926,4.163399799645119,1000.0,0.07864452332719307,0.5261614891705005,0.0,0.0,0.0,0.0,0.0006481481481481481,15,60,50,high_d45_source_travel_aware_hybrid,high,45,source,travel_aware_hybrid,26
11731,11720,4,9831,9823,0,13,11707,0,0,154.54391448800536,52.40946500905836,145110.81720385843,0.0,145484.21620193744,373.39899808742484,13546,6209.950149676753,1,0.0,100.36773219697477,5.021781734989204,0,0,11,0.0,77.0,37,74.40946500905834,135.0184907928345,135.01849079285057,31060.464522506896,23.962858094552665,0,0,0,20261147,b3b925d62b2b9bc6,travel_aware_hybrid,2,1.0,0.98,11,8,0.00034129692832764505,0.0012786633705566448,0.0008137524158274845,0.0,12.413329027469064,102.134449478947,1655794.1297835782,1643988.3610250559,27399.806017084265,1.2401577501509722,517.6744087084483,0.39938096824254443,3.649148399806772,1000.0,0.08011437234245655,0.4584342351747197,0.0,0.0011616635670946155,0.0,0.0,0.0008912037037037037,15,60,50,high_d45_source_travel_aware_hybrid,high,45,source,travel_aware_hybrid,27
11047,11037,0,9294,9284,0,8,11029,0,0,94.30121911883968,33.40430586559438,136083.78751705273,0.0,136301.21328125912,217.4257642154207,12661,5405.648269343237,0,0.0,0.0,2.883540231102457,0,0,7,0.0,49.0,23,47.40430586559438,83.67984910574272,83.67984910572522,28578.137868863832,7.55928957453221,0,0,0,20261148,b3b925d62b2b9bc6,travel_aware_hybrid,2,1.0,0.98,10,10,0.0,0.0009052231375033946,0.0010759629868732515,0.0,12.349480228436995,60.8969132532453,1664919.5784986056,1653986.965307695,27566.449421794918,0.790071764426573,476.3022978143972,0.12598815957553683,3.638254308944575,1000.0,0.0750446786118858,0.4269527106344868,0.0,0.0,0.0,0.0,0.0005671296296296297,15,60,50,high_d45_source_travel_aware_hybrid,high,45,source,travel_aware_hybrid,28
10180,10167,46,8580,8568,26,21,10146,0,0,143.47400244289713,84.56880878991909,131886.20285650718,0.0,132409.09132718746,522.8884706909212,11988,8554.084185494126,1,0.0,104.7698529057676,4.725832671481611,0,0,19,0.0,133.0,61,122.56880878991906,235.68190661946193,235.68190661940753,29400.90980038893,24.228330540392005,0,0,0,20261149,b3b925d62b2b9bc6,travel_aware_hybrid,2,1.0,0.98,13,12,0.00452444182157962,0.005795677799607072,0.004428904428904429,0.0,13.02341805126266,58.90519365297804,1669885.860024252,1660457.4291179788,27674.290485299647,2.042813479831984,490.0151633398155,0.4038055090065334,3.86363781343291,1000.0,0.07228563331986004,0.7135539026938711,0.0,0.0012126140382611992,0.0,0.0,0.0015393518518518519,15,60,50,high_d45_source_travel_aware_hybrid,high,45,source,travel_aware_hybrid,29
10920,10910,8,4402,4399,0,0,10910,0,0,0.0,0.0,143497.99006398473,0.0,143497.99006397458,0.0,12666,5913.328276194035,0,0.0,0.0,0.0,0,0,0,0.0,0.0,0,0.0,0.0,0.0,29327.33458931536,0.0,0,0,0,20261120,28751753f9a035ab,human_only,0,1.0,0.98,10,3,0.0007332722273143905,0.0016483516483516484,0.0006815084052703317,0.0,13.152886348668615,0.0,1657605.7312466495,1647153.49052031,27452.558175338498,0.0,488.7889098219227,0.0,0.0,1000.0,0.07910792708519476,0.46686627792468305,0.0,0.0,0.0,0.0,0.0,15,60,50,high_d45_balanced_human_only,high,45,balanced,human_only,0
10819,10801,26,4312,4303,4,0,10801,0,0,0.0,0.0,143729.79982813308,0.0,143729.79982812682,0.0,12521,6522.627626934536,0,0.0,0.0,0.0,0,0,0,0.0,0.0,0,0.0,0.0,0.0,29663.319795052303,0.0,0,0,0,20261121,28751753f9a035ab,human_only,0,1.0,0.98,18,9,0.0024071845199518565,0.004066919308623717,0.0030148423005565863,0.0,13.307082661617148,0.0,1658149.8293930667,1647770.7762675812,27462.846271126353,0.0,494.38866325087173,0.0,0.0,1000.0,0.07880565033718512,0.5209350392887578,0.0,0.0,0.0,0.0,0.0,15,60,50,high_d45_balanced_human_only,high,45,balanced,human_only,1
12518,12510,8,4892,4887,0,0,12510,0,0,0.0,0.0,163330.93668961743,0.0,163330.9366896059,0.0,14375,6704.224564773087,0,0.0,0.0,0.0,0,0,0,0.0,0.0,0,0.0,0.0,0.0,32874.05886366287,0.0,0,0,0,20261122,28751753f9a035ab,human_only,0,1.0,0.98,8,5,0.000639488409272582,0.0012781594503914362,0.0010220768601798855,0.0,13.05603011107961,0.0,1638105.026253165,1625602.8261676831,27093.380436128053,0.0,547.9009810610478,0.0,0.0,1000.0,0.08994165208157501,0.46638083928856255,0.0,0.0,0.0,0.0,0.0,15,60,50,high_d45_balanced_human_only,high,45,balanced,human_only,2
10389,10380,3,4215,4212,0,0,10380,0,0,0.0,0.0,137002.5547752236,0.0,137002.55477521336,0.0,12074,5385.788331442443,0,0.0,0.0,0.0,0,0,0,0.0,0.0,0,0.0,0.0,0.0,28199.362844723375,0.0,0,0,0,20261123,28751753f9a035ab,human_only,0,1.0,0.98,9,3,0.00028901734104046245,0.001155067860236789,0.0007117437722419929,0.0,13.198704698960825,0.0,1664777.6387107966,1655228.9460784032,27587.14910130672,0.0,469.9893807453896,0.0,0.0,1000.0,0.0751235340495574,0.4460649603646218,0.0,0.0,0.0,0.0,0.0,15,60,50,high_d45_balanced_human_only,high,45,balanced,human_only,3
10405,10395,33,4163,4158,4,0,10395,0,0,0.0,0.0,137960.9536498244,0.0,137960.9536498162,0.0,12109,6329.084530217131,0,0.0,0.0,0.0,0,0,0,0.0,0.0,0,0.0,0.0,0.0,28713.092989021006,0.0,0,0,0,20261124,28751753f9a035ab,human_only,0,1.0,0.98,10,5,0.0031746031746031746,0.004132628543969246,0.002161902474177276,0.0,13.271857012969331,0.0,1664011.2075122586,1653894.004213363,27564.900070222717,0.0,478.5515498170168,0.0,0.0,1000.0,0.07554932915985635,0.5226760698833207,0.0,0.0,0.0,0.0,0.0,15,60,50,high_d45_balanced_human_only,high,45,balanced,human_only,4
11041,11032,4,4345,4341,0,0,11032,0,0,0.0,0.0,144026.97274661122,0.0,144026.9727466005,0.0,12835,4990.548800549743,0,0.0,0.0,0.0,0,0,0,0.0,0.0,0,0.0,0.0,0.0,29786.87202054992,0.0,0,0,0,20261125,28751753f9a035ab,human_only,0,1.0,0.98,9,4,0.00036258158085569254,0.0011774295806539262,0.0009205983889528193,0.0,13.05538186608054,0.0,1657418.0184871566,1646588.6496479488,27443.144160799147,0.0,496.44786700916535,0.0,0.0,1000.0,0.07921221195157968,0.3888234359602449,0.0,0.0,0.0,0.0,0.0,15,60,50,high_d45_balanced_human_only,high,45,balanced,human_only,5
11828,11816,6,4715,4710,0,0,11816,0,0,0.0,0.0,155184.50927337227,0.0,155184.509273361,0.0,13775,7246.907717879169,0,0.0,0.0,0.0,0,0,0,0.0,0.0,0,0.0,0.0,0.0,32349.882257441328,0.0,0,0,0,20261126,28751753f9a035ab,human_only,0,1.0,0.98,12,5,0.0005077860528097495,0.0015218126479540075,0.0010604453870625664,0.0,13.13342157018966,0.0,1646178.8875073504,1634897.5682219001,27248.292803698336,0.0,539.1647042906887,0.0,0.0,1000.0,0.08545617360702751,0.5260913043832427,0.0,0.0,0.0,0.0,0.0,15,60,50,high_d45_balanced_human_only,high,45,balanced,human_only,6
11430,11422,7,4570,4568,0,0,11422,0,0,0.0,0.0,152061.7526103916,0.0,152061.7526103814,0.0,13341,7056.046938696441,0,0.0,0.0,0.0,0,0,0,0.0,0.0,0,0.0,0.0,0.0,32229.948967139335,0.0,0,0,0,20261127,28751753f9a035ab,human_only,0,1.0,0.98,8,2,0.0006128523901243215,0.0013123359580052493,0.000437636761487965,0.0,13.313058361966503,0.0,1649906.0824565922,1638558.847058277,27309.31411763795,0.0,537.1658161189889,0.0,0.0,1000.0,0.08338550974633763,0.528899403245367,0.0,0.0,0.0,0.0,0.0,15,60,50,high_d45_balanced_human_only,high,45,balanced,human_only,7
11393,11383,45,4407,4403,11,0,11383,0,0,0.0,0.0,152825.48754829017,0.0,152825.4875482805,0.0,13194,9227.364974519724,0,0.0,0.0,0.0,0,0,0,0.0,0.0,0,0.0,0.0,0.0,32204.61296876085,0.0,0,0,0,20261128,28751753f9a035ab,human_only,0,1.0,0.98,10,4,0.003953263638759553,0.004827525673659265,0.0034036759700476512,0.0,13.425765400007073,0.0,1649452.5081975295,1638471.5497196312,27307.859161993852,0.0,536.7435494793475,0.0,0.0,1000.0,0.083637495445817,0.6993606923237626,0.0,0.0,0.0,0.0,0.0,15,60,50,high_d45_balanced_human_only,high,45,balanced,human_only,8
11998,11984,50,4782,4774,11,0,11984,0,0,0.0,0.0,160548.0615487446,0.0,160548.06154873318,0.0,13887,10314.051612433925,0,0.0,0.0,0.0,0,0,0,0.0,0.0,0,0.0,0.0,0.0,33225.868221983874,0.0,0,0,0,20261129,28751753f9a035ab,human_only,0,1.0,0.98,14,8,0.004172229639519359,0.005334222370395066,0.00397323295692179,0.0,13.396867619220059,0.0,1641942.055103286,1630197.4371905064,27169.95728650844,0.0,553.7644703663979,0.0,0.0,1000.0,0.08780996938706331,0.7427127250258461,0.0,0.0,0.0,0.0,0.0,15,60,50,high_d45_balanced_human_only,high,45,balanced,human_only,9
10742,10727,26,4260,4256,3,0,10727,0,0,0.0,0.0,144587.07244548644,0.0,144587.07244547855,0.0,12526,8162.479906610606,0,0.0,0.0,0.0,0,0,0,0.0,0.0,0,0.0,0.0,0.0,30257.136676008813,0.0,0,0,0,20261130,28751753f9a035ab,human_only,0,1.0,0.98,15,4,0.0024237904353500515,0.003816793893129771,0.0016431924882629107,0.0,13.478798587254456,0.0,1657467.6342021131,1647117.8824312768,27451.964707187948,0.0,504.28561126681353,0.0,0.0,1000.0,0.07918464766549271,0.6516429751405561,0.0,0.0,0.0,0.0,0.0,15,60,50,high_d45_balanced_human_only,high,45,balanced,human_only,10
9340,9331,3,3731,3726,0,0,9331,0,0,0.0,0.0,123811.72464617653,0.0,123811.72464616894,0.0,10921,3688.0335315298325,0,0.0,0.0,0.0,0,0,0,0.0,0.0,0,0.0,0.0,0.0,25496.18331457195,0.0,0,0,0,20261131,28751753f9a035ab,human_only,0,1.0,0.98,9,5,0.00032150894866573784,0.001284796573875803,0.0013401232913428035,0.0,13.268859141160533,0.0,1677423.513908648,1669010.6459421013,27816.84409903502,0.0,424.9363885761992,0.0,0.0,1000.0,0.06809804782852891,0.3377010833742178,0.0,0.0,0.0,0.0,0.0,15,60,50,high_d45_balanced_human_only,high,45,balanced,human_only,11
10130,10123,5,4100,4098,0,0,10123,0,0,0.0,0.0,133821.29839385138,0.0,133821.2983938444,0.0,11801,4576.124086731583,0,0.0,0.0,0.0,0,0,0,0.0,0.0,0,0.0,0.0,0.0,27213.749211125323,0.0,0,0,0,20261132,28751753f9a035ab,human_only,0,1.0,0.98,7,2,0.0004939247258717772,0.0011846001974333662,0.0004878048780487805,0.0,13.219529624996976,0.0,1667324.50670952,1657894.8892852932,27631.58148808822,0.0,453.56248685208874,0.0,0.0,1000.0,0.07370860738359997,0.38777426376845886,0.0,0.0,0.0,0.0,0.0,15,60,50,high_d45_balanced_human_only,high,45,balanced,human_only,12
9975,9969,8,3996,3995,0,0,9969,0,0,0.0,0.0,132108.01860392303,0.0,132108.01860391695,0.0,11671,4328.770456313741,0,0.0,0.0,0.0,0,0,0,0.0,0.0,0,0.0,0.0,0.0,27204.999904471162,0.0,0,0,0,20261133,28751753f9a035ab,human_only,0,1.0,0.98,6,1,0.0008024877119069114,0.0014035087719298245,0.00025025025025025025,0.0,13.251882696751625,0.0,1669173.5854172718,1659487.0450414151,27658.11741735692,0.0,453.41666507451936,0.0,0.0,1000.0,0.07268134143484895,0.3708997049364871,0.0,0.0,0.0,0.0,0.0,15,60,50,high_d45_balanced_human_only,high,45,balanced,human_only,13
11917,11906,4,4640,4636,0,0,11906,0,0,0.0,0.0,153851.93244316353,0.0,153851.93244315198,0.0,13612,5997.138234912682,0,0.0,0.0,0.0,0,0,0,0.0,0.0,0,0.0,0.0,0.0,30684.779832667606,0.0,0,0,0,20261134,28751753f9a035ab,human_only,0,1.0,0.98,11,4,0.0003359650596337981,0.0012587060501804146,0.0008620689655172414,0.0,12.922218414509658,0.0,1647848.3638854148,1635608.4302418567,27260.140504030944,0.0,511.41299721112676,0.0,0.0,1000.0,0.0845286867303251,0.44057730200651496,0.0,0.0,0.0,0.0,0.0,15,60,50,high_d45_balanced_human_only,high,45,balanced,human_only,14
10733,10724,3,4241,4234,0,0,10724,0,0,0.0,0.0,139472.75678944847,0.0,139472.7567894398,0.0,12217,3819.2591078492424,0,0.0,0.0,0.0,0,0,0,0.0,0.0,0,0.0,0.0,0.0,28025.632456231564,0.0,0,0,0,20261135,28751753f9a035ab,human_only,0,1.0,0.98,9,7,0.0002797463632972771,0.0011180471443212523,0.0016505541145956143,0.0,13.0056654969638,0.0,1661758.4427456942,1651662.5421002903,27527.70903500484,0.0,467.09387427052604,0.0,0.0,1000.0,0.07680086514128104,0.31261840941714353,0.0,0.0,0.0,0.0,0.0,15,60,50,high_d45_balanced_human_only,high,45,balanced,human_only,15
10624,10615,31,4117,4113,6,0,10615,0,0,0.0,0.0,142908.9149950147,0.0,142908.91499500675,0.0,12469,8138.193492456256,0,0.0,0.0,0.0,0,0,0,0.0,0.0,0,0.0,0.0,0.0,29806.22151333073,0.0,0,0,0,20261136,28751753f9a035ab,human_only,0,1.0,0.98,9,4,0.002920395666509656,0.0037650602409638554,0.002428953121204761,0.0,13.462921808290792,0.0,1659117.3882200974,1648936.0825640073,27482.268042733453,0.0,496.77035855551213,0.0,0.0,1000.0,0.07826811765550146,0.6526741111922573,0.0,0.0,0.0,0.0,0.0,15,60,50,high_d45_balanced_human_only,high,45,balanced,human_only,16
11146,11143,6,4462,4459,0,0,11143,0,0,0.0,0.0,145905.6743354405,0.0,145905.67433542927,0.0,12880,5300.604892561394,0,0.0,0.0,0.0,0,0,0,0.0,0.0,0,0.0,0.0,0.0,29498.485425907525,0.0,0,0,0,20261137,28751753f9a035ab,human_only,0,1.0,0.98,3,3,0.0005384546351969847,0.0008074645612775884,0.0006723442402510085,0.0,13.093931107908936,0.0,1655793.6335792565,1644748.6918350898,27412.478197251497,0.0,491.6414237651254,0.0,0.0,1000.0,0.08011464801152413,0.41153764693799644,0.0,0.0,0.0,0.0,0.0,15,60,50,high_d45_balanced_human_only,high,45,balanced,human_only,17
11582,11572,3,4675,4672,0,0,11572,0,0,0.0,0.0,148990.65889687257,0.0,148990.65889686122,0.0,13279,4168.369455933667,0,0.0,0.0,0.0,0,0,0,0.0,0.0,0,0.0,0.0,0.0,29728.803633449417,0.0,0,0,0,20261138,28751753f9a035ab,human_only,0,1.0,0.98,10,3,0.00025924645696508814,0.0011224313590053531,0.0006417112299465241,0.0,12.875100146635086,0.0,1652491.9215627084,1641334.6257842812,27355.577096404686,0.0,495.4800605574903,0.0,0.0,1000.0,0.081948932465162,0.3139068797299245,0.0,0.0,0.0,0.0,0.0,15,60,50,high_d45_balanced_human_only,high,45,balanced,human_only,18
10459,10454,5,4179,4178,0,0,10454,0,0,0.0,0.0,138330.55903571923,0.0,138330.55903571084,0.0,12207,5823.224973751281,0,0.0,0.0,0.0,0,0,0,0.0,0.0,0,0.0,0.0,0.0,28880.310317895313,0.0,0,0,0,20261139,28751753f9a035ab,human_only,0,1.0,0.98,5,1,0.0004782858236081883,0.0009561143512764127,0.00023929169657812874,0.0,13.232309071715214,0.0,1663056.1787747603,1653193.3669517057,27553.222782528428,0.0,481.3385052982552,0.0,0.0,1000.0,0.0760799006806887,0.4770398110716213,0.0,0.0,0.0,0.0,0.0,15,60,50,high_d45_balanced_human_only,high,45,balanced,human_only,19
11676,11663,5,4600,4596,0,0,11663,0,0,0.0,0.0,149875.94467748818,0.0,149875.94467747907,0.0,13289,5290.974219079937,0,0.0,0.0,0.0,0,0,0,0.0,0.0,0,0.0,0.0,0.0,29524.942116936596,0.0,0,0,0,20261140,28751753f9a035ab,human_only,0,1.0,0.98,13,4,0.00042870616479464977,0.001541623843782117,0.0008695652173913044,0.0,12.85054828753143,0.0,1651445.5573883406,1640449.0038735676,27340.816731226125,0.0,492.08236861560994,0.0,0.0,1000.0,0.0825302458953664,0.3981469048897537,0.0,0.0,0.0,0.0,0.0,15,60,50,high_d45_balanced_human_only,high,45,balanced,human_only,20
10787,10770,21,4266,4259,2,0,10770,0,0,0.0,0.0,142480.8928683477,0.0,142480.89286833696,0.0,12434,7080.362975666525,0,0.0,0.0,0.0,0,0,0,0.0,0.0,0,0.0,0.0,0.0,29659.19824518486,0.0,0,0,0,20261141,28751753f9a035ab,human_only,0,1.0,0.98,17,7,0.0019498607242339832,0.003522758876425327,0.002109704641350211,0.0,13.229423664655242,0.0,1659331.864743254,1649060.440839359,27484.340680655983,0.0,494.319970753081,0.0,0.0,1000.0,0.0781489640315256,0.5694356583293008,0.0,0.0,0.0,0.0,0.0,15,60,50,high_d45_balanced_human_only,high,45,balanced,human_only,21
11445,11434,10,4662,4658,0,0,11434,0,0,0.0,0.0,152242.69679273225,0.0,152242.69679272128,0.0,13449,7988.126551853304,0,0.0,0.0,0.0,0,0,0,0.0,0.0,0,0.0,0.0,0.0,31557.059345316575,0.0,0,0,0,20261142,28751753f9a035ab,human_only,0,1.0,0.98,11,4,0.0008745845723281442,0.001834862385321101,0.000858000858000858,0.0,13.314911386454547,0.0,1649093.1925759402,1638296.9756414485,27304.949594024143,0.0,525.9509890886096,0.0,0.0,1000.0,0.08383711523558879,0.5939569151500709,0.0,0.0,0.0,0.0,0.0,15,60,50,high_d45_balanced_human_only,high,45,balanced,human_only,22
10468,10457,37,4240,4235,4,0,10457,0,0,0.0,0.0,139331.15845277224,0.0,139331.15845276212,0.0,12164,6446.901940241129,0,0.0,0.0,0.0,0,0,0,0.0,0.0,0,0.0,0.0,0.0,29348.14680859514,0.0,0,0,0,20261143,28751753f9a035ab,human_only,0,1.0,0.98,11,5,0.0035382997035478627,0.0045854031333588076,0.0021226415094339622,0.0,13.324199909415904,0.0,1662267.3358557948,1652384.7509979797,27539.745849966326,0.0,489.1357801432523,0.0,0.0,1000.0,0.07651814674678059,0.5299985153108459,0.0,0.0,0.0,0.0,0.0,15,60,50,high_d45_balanced_human_only,high,45,balanced,human_only,23
11959,11945,4,4865,4856,0,0,11945,0,0,0.0,0.0,152665.34579568004,0.0,152665.34579566945,0.0,13611,4983.1667157371885,0,0.0,0.0,0.0,0,0,0,0.0,0.0,0,0.0,0.0,0.0,30296.325498488543,0.0,0,0,0,20261144,28751753f9a035ab,human_only,0,1.0,0.98,14,9,0.00033486814566764336,0.0015051425704490343,0.0018499486125385406,0.0,12.780690313576345,0.0,1648474.8251920966,1636529.5279294406,27275.492132157342,0.0,504.9387583081424,0.0,0.0,1000.0,0.08418065267105745,0.36611319636596784,0.0,0.0,0.0,0.0,0.0,15,60,50,high_d45_balanced_human_only,high,45,balanced,human_only,24
10658,10643,54,4335,4330,21,0,10643,0,0,0.0,0.0,145177.4350399512,0.0,145177.43503994006,0.0,12557,9602.69811478725,0,0.0,0.0,0.0,0,0,0,0.0,0.0,0,0.0,0.0,0.0,31174.27602027866,0.0,0,0,0,20261145,28751753f9a035ab,human_only,0,1.0,0.98,15,5,0.005073757399229541,0.006474010133233252,0.0059976931949250285,0.0,13.64064972657522,0.0,1657250.3372537387,1647111.8201309212,27451.863668848688,0.0,519.5712670046444,0.0,0.0,1000.0,0.07930536819236744,0.7647286863731186,0.0,0.0,0.0,0.0,0.0,15,60,50,high_d45_balanced_human_only,high,45,balanced,human_only,25
11411,11399,32,4515,4511,6,0,11399,0,0,0.0,0.0,151089.2364147851,0.0,151089.23641477438,0.0,13227,6988.291655388435,0,0.0,0.0,0.0,0,0,0,0.0,0.0,0,0.0,0.0,0.0,31643.188812889126,0.0,0,0,0,20261146,28751753f9a035ab,human_only,0,1.0,0.98,12,4,0.002807263795069743,0.0038559284900534572,0.0022148394241417496,0.0,13.254604475372785,0.0,1650968.8104737822,1639101.1854313563,27318.353090522603,0.0,527.3864802148188,0.0,0.0,1000.0,0.08279510529234324,0.5283353485588898,0.0,0.0,0.0,0.0,0.0,15,60,50,high_d45_balanced_human_only,high,45,balanced,human_only,26
11731,11720,2,4692,4689,0,0,11720,0,0,0.0,0.0,152993.0728280859,0.0,152993.0728280759,0.0,13563,6186.62351663387,0,0.0,0.0,0.0,0,0,0,0.0,0.0,0,0.0,0.0,0.0,31267.034172625143,0.0,0,0,0,20261147,28751753f9a035ab,human_only,0,1.0,0.98,11,3,0.00017064846416382253,0.001108174921149092,0.0006393861892583121,0.0,13.0540164529075,0.0,1648226.9300681374,1636619.2204639374,27276.98700773229,0.0,521.117236210419,0.0,0.0,1000.0,0.0843183721843681,0.4561397564428128,0.0,0.0,0.0,0.0,0.0,15,60,50,high_d45_balanced_human_only,high,45,balanced,human_only,27
11047,11036,3,4371,4368,0,0,11036,0,0,0.0,0.0,143548.3319131482,0.0,143548.33191314188,0.0,12635,5759.616478179827,0,0.0,0.0,0.0,0,0,0,0.0,0.0,0,0.0,0.0,0.0,28652.15026133406,0.0,0,0,0,20261148,28751753f9a035ab,human_only,0,1.0,0.98,11,3,0.00027183762232693004,0.0012673123925047525,0.0006863417982155113,0.0,13.007279078755154,0.0,1657692.2438772176,1647047.99651058,27450.799941843,0.0,477.535837688901,0.0,0.0,1000.0,0.0790598645126569,0.4558461795156175,0.0,0.0,0.0,0.0,0.0,15,60,50,high_d45_balanced_human_only,high,45,balanced,human_only,28
10180,10169,47,3980,3977,12,0,10169,0,0,0.0,0.0,138824.8429589788,0.0,138824.84295896767,0.0,12000,8405.615095870628,0,0.0,0.0,0.0,0,0,0,0.0,0.0,0,0.0,0.0,0.0,29480.504971202943,0.0,0,0,0,20261149,28751753f9a035ab,human_only,0,1.0,0.98,11,3,0.004621890058019471,0.0056974459724950886,0.0037688442211055275,0.0,13.65176939315249,0.0,1663431.1005832232,1654030.7847160946,27567.179745268244,0.0,491.34174952004906,0.0,0.0,1000.0,0.07587161078709825,0.7004679246558856,0.0,0.0,0.0,0.0,0.0,15,60,50,high_d45_balanced_human_only,high,45,balanced,human_only,29
10920,10910,8,4402,4399,0,1,10909,0,0,6.464404962049917,3.3518361154332093,143487.49465004742,0.0,143514.54922201647,27.054571979177126,12668,5913.328276194035,0,0.0,0.0,0.41149828447728987,0,0,1,0.0,7.0,3,5.351836115433209,9.042804484673754,9.042804484663066,29333.466634988934,8.818637113511752,0,0,0,20261120,3b2aba4d5388456a,adaptive_hybrid,2,1.0,0.98,10,3,0.0007332722273143905,0.0016483516483516484,0.0006815084052703317,0.0,13.154404145006094,3.112568846616708,1657602.878819575,1647147.3701033825,27452.45616838971,0.08919726859055349,488.8911105831489,0.14697728522519588,3.014268161554355,1000.0,0.07910951176690273,0.4667925699553233,0.0,0.0,0.0,0.0,8.101851851851852e-05,15,60,50,high_d45_balanced_adaptive_hybrid,high,45,balanced,adaptive_hybrid,0
10819,10802,33,4312,4304,12,67,10735,4,4,648.8121526734219,364.23955902651585,142388.706450111,0.0,144375.0471480735,1986.3406979696229,12581,6509.499967982287,9,0.0,984.581656980019,33.02401847801703,0,0,67,0.0,469.0,201,498.2395590265163,372.0186164642497,372.01861646407997,29559.744008876383,577.3361825682139,0,0,0,20261121,3b2aba4d5388456a,adaptive_hybrid,2,1.0,0.98,17,8,0.003054989816700611,0.004621499214345134,0.00463821892393321,0.0,13.365584812819247,284.57259364690606,1658622.7635861784,1648260.7229880046,27471.012049800076,8.303992650441938,492.6624001479397,9.622269709470231,1.850838887880995,1000.0,0.0785429091187898,0.517407198790421,0.0,0.011395621029861332,0.0,0.0,0.00542824074074074,15,60,50,high_d45_balanced_adaptive_hybrid,high,45,balanced,adaptive_hybrid,1
12518,12510,8,4892,4887,0,1,12509,0,0,9.862130616666626,5.007496131252129,163315.62066214695,0.0,163341.07574635214,25.455084216686373,14377,6704.224564773087,0,0.0,0.0,0.3325973843603589,0,0,1,0.0,7.0,3,7.007496131252129,8.943692711031911,8.943692711021868,32881.61286529933,1.266183892498716,0,0,0,20261122,3b2aba4d5388456a,adaptive_hybrid,2,1.0,0.98,8,5,0.000639488409272582,0.0012781594503914362,0.0010220768601798855,0.0,13.056840587238382,4.854634485414497,1638103.143525194,1625603.8237296336,27093.39706216056,0.11679160218753548,548.0268810883222,0.0211030648749786,2.9812309036739557,1000.0,0.08994269804155897,0.4663159605462257,0.0,0.0,0.0,0.0,8.101851851851852e-05,15,60,50,high_d45_balanced_adaptive_hybrid,high,45,balanced,adaptive_hybrid,2
10389,10379,4,4215,4212,2,5,10374,0,0,62.93226253386379,20.49806592225484,136854.85661949683,0.0,137025.70054716003,170.84392767262034,12080,5361.467502823874,0,0.0,0.0,3.068111053458742,0,0,5,0.0,35.0,15,30.498065922254842,36.62141961203111,36.62141961201996,28187.142141784094,48.1557091439266,0,0,0,20261123,3b2aba4d5388456a,adaptive_hybrid,2,1.0,0.98,10,3,0.00038539358319683977,0.0013475791702762538,0.0011862396204033216,0.0,13.202206430981793,42.434196611608954,1664859.9378839966,1655310.9624329386,27588.516040548977,0.5083010987042473,469.78570236306825,0.8025951523987767,2.441427974134664,1000.0,0.07507781228666854,0.4438300912933671,0.0,0.0,0.0,0.0,0.0004050925925925926,15,60,50,high_d45_balanced_adaptive_hybrid,high,45,balanced,adaptive_hybrid,3
10405,10395,34,4163,4158,5,18,10377,0,0,155.79983962194186,75.78356496340447,137627.1895968751,0.0,138125.8493839709,498.65978710362833,12122,6337.601939421731,2,0.0,219.10864500388226,7.314252739105387,0,0,18,0.0,126.0,54,111.78356496340444,136.3507759293783,136.3507759293425,28664.034040223454,100.93367987245281,0,0,0,20261124,3b2aba4d5388456a,adaptive_hybrid,2,1.0,0.98,10,5,0.003270803270803271,0.00422873618452667,0.0024021138601969735,0.0,13.287719998457998,80.01627465853738,1664093.0635268819,1653985.204234483,27566.420070574717,1.8630594160567406,477.7339006703909,1.6822279978742136,2.525014369061898,1000.0,0.07550385359617673,0.5228181768207995,0.0,0.0025359796875449336,0.0,0.0,0.0014583333333333334,15,60,50,high_d45_balanced_adaptive_hybrid,high,45,balanced,adaptive_hybrid,4
11041,11032,4,4345,4341,0,0,11032,0,0,0.0,0.0,144026.97274661122,0.0,144026.9727466005,0.0,12835,4990.548800549743,0,0.0,0.0,0.0,0,0,0,0.0,0.0,0,0.0,0.0,0.0,29786.87202054992,0.0,0,0,0,20261125,3b2aba4d5388456a,adaptive_hybrid,2,1.0,0.98,9,4,0.00036258158085569254,0.0011774295806539262,0.0009205983889528193,0.0,13.05538186608054,0.0,1657418.0184871566,1646588.6496479488,27443.144160799147,0.0,496.44786700916535,0.0,0.0,1000.0,0.07921221195157968,0.3888234359602449,0.0,0.0,0.0,0.0,0.0,15,60,50,high_d45_balanced_adaptive_hybrid,high,45,balanced,adaptive_hybrid,5
11828,11818,8,4715,4711,1,29,11789,0,0,266.66799315815086,113.43373443788037,154702.77583089107,0.0,155439.69789103413,736.9220601537527,13819,7160.596573280787,3,0.0,336.73692855830313,12.564264825758709,0,0,29,0.0,203.0,87,171.43373443788042,177.66252529555248,177.66252529554913,32337.377929232865,208.4576395322334,0,0,0,20261126,3b2aba4d5388456a,adaptive_hybrid,2,1.0,0.98,10,4,0.0006769334912844813,0.0015218126479540075,0.0010604453870625664,0.0,13.152792172197845,153.23425872027047,1646291.0309843333,1634831.046182622,27247.1841030437,2.857228907298007,538.9562988205478,3.47429399220389,2.0420979919028635,1000.0,0.08539387167537038,0.5181703866618994,0.0,0.00389741815460999,0.0,0.0,0.002349537037037037,15,60,50,high_d45_balanced_adaptive_hybrid,high,45,balanced,adaptive_hybrid,6
11430,11421,7,4570,4567,1,2,11419,0,0,25.462435470483047,6.693713728135295,151925.2587609342,0.0,152015.895780424,90.63701950129325,13334,7013.407285027928,0,0.0,0.0,1.3807793218820623,0,0,2,0.0,14.0,6,10.693713728135295,32.31213289789046,32.31213289788138,32175.404485842704,26.45214036758664,0,0,0,20261127,3b2aba4d5388456a,adaptive_hybrid,2,1.0,0.98,9,3,0.0006129060502582961,0.0013998250218722659,0.00087527352297593,0.0,13.310208894179494,18.76872174234775,1649990.3978888397,1638576.5922852762,27309.609871421268,0.17822856213558824,536.2567414307117,0.44086900612644403,5.385355482980231,1000.0,0.08333866783953348,0.5259792474147239,0.0,0.0,0.0,0.0,0.00016203703703703703,15,60,50,high_d45_balanced_adaptive_hybrid,high,45,balanced,adaptive_hybrid,7
11393,11384,45,4407,4403,11,1,11383,0,0,8.02590413707702,3.9870833274990893,152763.01683622733,0.0,152815.95451250317,52.93767628599744,13194,9178.437082850263,0,0.0,0.0,0.21359607671646771,0,0,1,0.0,7.0,3,5.987083327499089,31.42906188391823,31.42906188392226,32177.07894012448,0.0,0,0,0,20261128,3b2aba4d5388456a,adaptive_hybrid,2,1.0,0.98,9,4,0.003952916373858046,0.004739752479592733,0.0034036759700476512,0.0,13.423748639538227,4.038820809577931,1649478.53176014,1638474.1536823814,27307.902561373023,0.09978472212498482,536.2846490020746,0.0,10.476353961307419,1000.0,0.08362303791103332,0.6956523482530137,0.0,0.0,0.0,0.0,8.101851851851852e-05,15,60,50,high_d45_balanced_adaptive_hybrid,high,45,balanced,adaptive_hybrid,8
11998,11985,50,4782,4774,10,60,11925,0,0,563.7709149245131,232.96142023074836,159850.1761065616,0.0,161448.03020642156,1597.8540998704193,13953,10507.311673439146,8,0.0,876.8619560971615,27.614864934090928,0,0,60,0.0,420.0,180,352.9614202307486,341.9924482250582,341.9924482249153,33289.263081669626,455.7959835830921,0,0,0,20261129,3b2aba4d5388456a,adaptive_hybrid,2,1.0,0.98,13,8,0.004171881518564873,0.005250875145857643,0.0037641154328732747,0.0,13.470841068537469,330.8094946937648,1641983.0323210242,1630095.0606588311,27168.25101098052,5.8826903371791435,554.8210513611605,7.596599726384868,1.8999580456939738,1000.0,0.08778720426609765,0.7530503600257397,0.0,0.010148865232606037,0.0,0.0,0.004861111111111111,15,60,50,high_d45_balanced_adaptive_hybrid,high,45,balanced,adaptive_hybrid,9
10742,10726,26,4260,4256,6,85,10641,2,2,859.3374509295608,335.3711691800135,143366.80655290844,0.0,145731.24221420998,2364.435661308933,12625,8267.978647277461,12,0.0,1366.8721613500911,42.83829157633468,0,0,85,0.0,595.0,255,505.3711691800143,470.51253407706065,470.5125340769155,30290.452775338475,741.1326968162667,0,0,0,20261130,3b2aba4d5388456a,adaptive_hybrid,2,1.0,0.98,16,4,0.002424016408726459,0.003909886427108546,0.002347417840375587,0.0,13.586727784282116,523.9662817495473,1657676.0199472208,1647217.6973858005,27453.628289763343,8.422852819666906,504.8408795889746,12.352211613604446,1.8451471924584921,1000.0,0.07906887780709959,0.6548893978041553,0.0,0.015820279645255685,0.0,0.0,0.0068865740740740745,15,60,50,high_d45_balanced_adaptive_hybrid,high,45,balanced,adaptive_hybrid,10
9340,9331,3,3731,3726,0,0,9331,0,0,0.0,0.0,123811.72464617653,0.0,123811.72464616894,0.0,10921,3688.0335315298325,0,0.0,0.0,0.0,0,0,0,0.0,0.0,0,0.0,0.0,0.0,25496.18331457195,0.0,0,0,0,20261131,3b2aba4d5388456a,adaptive_hybrid,2,1.0,0.98,9,5,0.00032150894866573784,0.001284796573875803,0.0013401232913428035,0.0,13.268859141160533,0.0,1677423.513908648,1669010.6459421013,27816.84409903502,0.0,424.9363885761992,0.0,0.0,1000.0,0.06809804782852891,0.3377010833742178,0.0,0.0,0.0,0.0,0.0,15,60,50,high_d45_balanced_adaptive_hybrid,high,45,balanced,adaptive_hybrid,11
10130,10121,5,4100,4098,0,2,10119,0,0,16.805389699819365,7.018185156615874,133739.1301543991,0.0,133787.00739017065,47.877235778592876,11801,4546.138915283565,0,0.0,0.0,0.7320236151099266,0,0,2,0.0,14.0,6,11.018185156615875,15.178106017598694,15.178106017585378,27180.4102601657,7.9886984178834535,0,0,0,20261132,3b2aba4d5388456a,adaptive_hybrid,2,1.0,0.98,9,2,0.0004940223298093074,0.0013820335636722605,0.0004878048780487805,0.0,13.218753817821426,9.78720454320349,1667378.4323977344,1657954.4183494032,27632.57363915672,0.18363641927693125,453.0068376694283,0.13314497363139088,2.52968433626423,1000.0,0.0736786486679254,0.38523336287463483,0.0,0.0,0.0,0.0,0.00016203703703703703,15,60,50,high_d45_balanced_adaptive_hybrid,high,45,balanced,adaptive_hybrid,12
9975,9969,8,3996,3995,0,0,9969,0,0,0.0,0.0,132108.01860392303,0.0,132108.01860391695,0.0,11671,4328.770456313741,0,0.0,0.0,0.0,0,0,0,0.0,0.0,0,0.0,0.0,0.0,27204.999904471162,0.0,0,0,0,20261133,3b2aba4d5388456a,adaptive_hybrid,2,1.0,0.98,6,1,0.0008024877119069114,0.0014035087719298245,0.00025025025025025025,0.0,13.251882696751625,0.0,1669173.5854172718,1659487.0450414151,27658.11741735692,0.0,453.41666507451936,0.0,0.0,1000.0,0.07268134143484895,0.3708997049364871,0.0,0.0,0.0,0.0,0.0,15,60,50,high_d45_balanced_adaptive_hybrid,high,45,balanced,adaptive_hybrid,13
11917,11904,5,4640,4634,1,53,11851,1,1,495.61582923825523,217.17824098253917,153069.20368634147,0.0,154411.84360730252,1342.6399209722003,13664,6042.511338361817,6,0.0,638.629662264869,24.515410903047975,0,0,53,0.0,371.0,159,323.1782409825394,240.2452438679092,240.24524386778648,30722.207451214177,422.5396629112489,0,0,0,20261134,3b2aba4d5388456a,adaptive_hybrid,2,1.0,0.98,13,6,0.0004200268817204301,0.0015104472602164975,0.0015086206896551724,0.0,12.971425034215601,278.43758825571604,1648079.8781313112,1635819.3903200175,27263.656505333623,5.386304016375657,512.0367908535696,7.042327715187482,1.510976376526959,1000.0,0.08440006770482711,0.4422212630534117,0.0,0.007391547016954502,0.0,0.0,0.004293981481481481,15,60,50,high_d45_balanced_adaptive_hybrid,high,45,balanced,adaptive_hybrid,14
10733,10724,3,4241,4234,0,0,10724,0,0,0.0,0.0,139472.75678944847,0.0,139472.7567894398,0.0,12217,3819.2591078492424,0,0.0,0.0,0.0,0,0,0,0.0,0.0,0,0.0,0.0,0.0,28025.632456231564,0.0,0,0,0,20261135,3b2aba4d5388456a,adaptive_hybrid,2,1.0,0.98,9,7,0.0002797463632972771,0.0011180471443212523,0.0016505541145956143,0.0,13.0056654969638,0.0,1661758.4427456942,1651662.5421002903,27527.70903500484,0.0,467.09387427052604,0.0,0.0,1000.0,0.07680086514128104,0.31261840941714353,0.0,0.0,0.0,0.0,0.0,15,60,50,high_d45_balanced_adaptive_hybrid,high,45,balanced,adaptive_hybrid,15
10624,10615,31,4117,4113,6,3,10612,0,0,29.68541176048702,11.884100794557082,142843.62194767912,0.0,142912.28919117572,68.66724350438017,12464,8166.401940940388,0,0.0,0.0,1.1453406503483428,0,0,3,0.0,21.0,9,17.884100794557085,16.369516695891015,16.369516695885977,29785.253279650842,11.816694908967984,0,0,0,20261136,3b2aba4d5388456a,adaptive_hybrid,2,1.0,0.98,9,4,0.002920395666509656,0.0037650602409638554,0.002428953121204761,0.0,13.463239678867236,17.80131096592994,1659152.8703038907,1649009.0801438508,27483.48466906418,0.29806834657595144,496.4208879941807,0.19694491514946638,1.8188351884317753,1000.0,0.0782484053867274,0.6551991287660773,0.0,0.0,0.0,0.0,0.00024305555555555555,15,60,50,high_d45_balanced_adaptive_hybrid,high,45,balanced,adaptive_hybrid,16
11146,11143,6,4462,4459,0,0,11143,0,0,0.0,0.0,145905.6743354405,0.0,145905.67433542927,0.0,12880,5300.604892561394,0,0.0,0.0,0.0,0,0,0,0.0,0.0,0,0.0,0.0,0.0,29498.485425907525,0.0,0,0,0,20261137,3b2aba4d5388456a,adaptive_hybrid,2,1.0,0.98,3,3,0.0005384546351969847,0.0008074645612775884,0.0006723442402510085,0.0,13.093931107908936,0.0,1655793.6335792565,1644748.6918350898,27412.478197251497,0.0,491.6414237651254,0.0,0.0,1000.0,0.08011464801152413,0.41153764693799644,0.0,0.0,0.0,0.0,0.0,15,60,50,high_d45_balanced_adaptive_hybrid,high,45,balanced,adaptive_hybrid,17
11582,11572,6,4675,4671,0,8,11564,0,0,72.20555891960936,30.18025477165743,148857.6468427397,0.0,149061.6929947325,204.04615200407716,13283,4225.662109615545,0,0.0,0.0,3.5940070009603016,0,0,8,0.0,56.0,24,46.18025477165743,44.505617194004806,44.50561719400139,29718.545709248465,59.926532150935635,0,0,0,20261138,3b2aba4d5388456a,adaptive_hybrid,2,1.0,0.98,10,4,0.0005184929139301763,0.0013814539803142809,0.000855614973262032,0.0,12.881238592700699,42.02530414795193,1652520.581317301,1641144.9468982902,27352.41578163817,0.7696709128609572,495.30909515414106,0.9987755358489273,1.8544007164167244,1000.0,0.08193301037927725,0.31812558229432697,0.0,0.0,0.0,0.0,0.0006481481481481481,15,60,50,high_d45_balanced_adaptive_hybrid,high,45,balanced,adaptive_hybrid,18
10459,10454,5,4179,4178,0,0,10454,0,0,0.0,0.0,138330.55903571923,0.0,138330.55903571084,0.0,12207,5823.224973751281,0,0.0,0.0,0.0,0,0,0,0.0,0.0,0,0.0,0.0,0.0,28880.310317895313,0.0,0,0,0,20261139,3b2aba4d5388456a,adaptive_hybrid,2,1.0,0.98,5,1,0.0004782858236081883,0.0009561143512764127,0.00023929169657812874,0.0,13.232309071715214,0.0,1663056.1787747603,1653193.3669517057,27553.222782528428,0.0,481.3385052982552,0.0,0.0,1000.0,0.0760799006806887,0.4770398110716213,0.0,0.0,0.0,0.0,0.0,15,60,50,high_d45_balanced_adaptive_hybrid,high,45,balanced,adaptive_hybrid,19
11676,11663,4,4600,4596,0,16,11647,1,1,135.45346718378886,76.98361361067926,149611.91927173812,0.0,149986.1441425389,374.22487080991414,13297,5239.61733801994,1,0.0,113.1886489727734,6.382461839316491,0,0,16,0.0,112.0,48,108.9836136106792,70.74278362657955,70.74278362658515,29446.664253534298,101.9805178026255,0,0,0,20261140,3b2aba4d5388456a,adaptive_hybrid,2,1.0,0.98,13,4,0.0003429649318357198,0.0014559780746831107,0.0008695652173913044,0.0,12.859996925537073,58.4698535731096,1651538.1229738854,1640514.2183014278,27341.90363835713,1.8163935601779866,490.77773755890496,1.699675296710425,1.473807992220524,1000.0,0.08247882057006373,0.3940450731758998,0.0,0.0013100538075552475,0.0,0.0,0.0012962962962962963,15,60,50,high_d45_balanced_adaptive_hybrid,high,45,balanced,adaptive_hybrid,20
10787,10772,28,4266,4260,10,56,10716,2,2,576.3930815437275,232.9673067682402,141840.3962833158,0.0,143466.23564346562,1625.8393601595017,12507,7298.433517225247,8,0.0,906.6960380524755,28.049917402274346,0,0,56,0.0,392.0,168,344.96730676824063,311.77975740039176,311.77975740026886,29853.3628900801,465.44457996323985,0,0,0,20261141,3b2aba4d5388456a,adaptive_hybrid,2,1.0,0.98,15,6,0.0025993316004456,0.003986279781218133,0.003750586029067042,0.0,13.318439996608394,343.4257747754873,1659305.1754966036,1648895.5532601129,27481.592554335213,5.749455112804011,497.55604816800167,7.757409666053998,1.8558318892873147,1000.0,0.07816379139077578,0.5835478945570678,0.0,0.010494167107088836,0.0,0.0,0.004537037037037037,15,60,50,high_d45_balanced_adaptive_hybrid,high,45,balanced,adaptive_hybrid,21
11445,11434,10,4662,4658,0,2,11432,1,1,16.862342222432133,29.41768366263154,152217.2603081209,0.0,152282.62860997202,65.36830186178122,13450,7988.295592555165,0,0.0,0.0,0.7554919755431592,0,0,2,0.0,14.0,6,33.41768366263154,9.330939177406353,9.330939177409164,31562.61149562117,11.668694950100644,0,0,0,20261142,3b2aba4d5388456a,adaptive_hybrid,2,1.0,0.98,11,4,0.0008745845723281442,0.001834862385321101,0.000858000858000858,0.0,13.318403761585799,-12.555341440199406,1649076.260287596,1638271.1990463403,27304.51998410567,0.5569613943771923,526.0435249270196,0.19447824916834405,1.555156529568194,1000.0,0.0838465220624467,0.593925322866555,0.0,0.0,0.0,0.0,0.00016203703703703703,15,60,50,high_d45_balanced_adaptive_hybrid,high,45,balanced,adaptive_hybrid,22
10468,10457,37,4240,4235,4,0,10457,0,0,0.0,0.0,139331.15845277224,0.0,139331.15845276212,0.0,12164,6446.901940241129,0,0.0,0.0,0.0,0,0,0,0.0,0.0,0,0.0,0.0,0.0,29348.14680859514,0.0,0,0,0,20261143,3b2aba4d5388456a,adaptive_hybrid,2,1.0,0.98,11,5,0.0035382997035478627,0.0045854031333588076,0.0021226415094339622,0.0,13.324199909415904,0.0,1662267.3358557948,1652384.7509979797,27539.745849966326,0.0,489.1357801432523,0.0,0.0,1000.0,0.07651814674678059,0.5299985153108459,0.0,0.0,0.0,0.0,0.0,15,60,50,high_d45_balanced_adaptive_hybrid,high,45,balanced,adaptive_hybrid,23
11959,11942,7,4865,4855,3,85,11857,2,2,826.9429087819216,332.69869893024094,151271.7848008825,0.0,153487.1938733995,2215.4090725268543,13676,4979.273972661413,11,0.0,1205.9690106272144,40.06280858350643,0,0,85,0.0,595.0,255,502.6986989302415,433.19803025656773,433.19803025636065,30269.280868661644,653.5405697467334,0,0,0,20261144,3b2aba4d5388456a,adaptive_hybrid,2,1.0,0.98,17,10,0.0005861664712778429,0.002006856760598712,0.002672147995889003,0.0,12.85272097415839,494.24420985168064,1648882.2798073096,1636845.4544956165,27280.75757492694,8.378311648837359,504.4880144776941,10.892342829112222,1.6988158049269044,1000.0,0.08395428899593915,0.3640884741636014,0.0,0.013957974660037203,0.0,0.0,0.0068865740740740745,15,60,50,high_d45_balanced_adaptive_hybrid,high,45,balanced,adaptive_hybrid,24
10658,10643,50,4335,4330,23,31,10612,0,0,280.7824623677407,117.80834092008344,144490.49084489513,0.0,145406.7327501704,916.2419052857658,12588,9547.135212631627,4,0.0,446.07437500556756,13.38223125016703,0,0,31,0.0,217.0,93,179.8083409200835,265.4922539029507,265.4922539028994,31170.049353692833,213.42455698845055,0,0,0,20261145,3b2aba4d5388456a,adaptive_hybrid,2,1.0,0.98,15,5,0.00469792351780513,0.006098705197973353,0.006459054209919262,0.0,13.66219418868462,162.9741214476573,1657422.6463061983,1647261.0735047953,27454.35122507992,2.996805682001392,519.5008225615472,3.5570759498075093,2.854755418310746,1000.0,0.07920964094100091,0.7584314595354009,0.0,0.005162897858860736,0.0,0.0,0.002511574074074074,15,60,50,high_d45_balanced_adaptive_hybrid,high,45,balanced,adaptive_hybrid,25
11411,11398,33,4515,4511,7,73,11325,1,1,701.609358310214,286.6676796752574,150012.54647277005,0.0,151992.485249396,1979.9387766352447,13297,7017.860773397784,10,0.0,1107.6955548197348,35.12708555140732,0,0,73,0.0,511.0,219,432.66767967525783,408.0151282264416,408.0151282263396,31695.800886631045,601.7201129916772,0,0,0,20261146,3b2aba4d5388456a,adaptive_hybrid,2,1.0,0.98,13,4,0.002895244779785927,0.004031197966874069,0.0024363233665559247,0.0,13.335013620757678,414.94167863495665,1651192.9392935357,1639263.2020126542,27321.053366877568,7.21112799458763,528.2633481105174,10.028668549861287,1.8630827772892218,1000.0,0.08267058928136906,0.5277777523800695,0.0,0.01282055040300619,0.0,0.0,0.005914351851851852,15,60,50,high_d45_balanced_adaptive_hybrid,high,45,balanced,adaptive_hybrid,26
11731,11719,2,4692,4689,0,9,11710,0,0,80.74145299320044,33.942102663368686,152796.4151805712,0.0,153015.56577904118,219.15059847915109,13565,6203.507397034442,0,0.0,0.0,3.6529215123458822,0,0,9,0.0,63.0,27,51.94210266336868,55.291635321980976,55.29163532194798,31217.13912175277,52.90194490731664,0,0,0,20261147,3b2aba4d5388456a,adaptive_hybrid,2,1.0,0.98,12,3,0.0001706630258554484,0.0011934191458528684,0.0006393861892583121,0.0,13.057049729417287,46.79935032983175,1648310.6170556713,1636697.0057205115,27278.283428675193,0.8657017110561447,520.2856520292129,0.8816990817886107,2.0478383452573325,1000.0,0.084271879413516,0.45731716896678526,0.0,0.0,0.0,0.0,0.0007291666666666667,15,60,50,high_d45_balanced_adaptive_hybrid,high,45,balanced,adaptive_hybrid,27
11047,11034,6,4371,4367,3,56,10978,2,2,558.1365404176022,237.4367766765495,142573.7280448635,0.0,144067.97156693484,1494.2435220777043,12705,5604.581829716573,7,0.0,778.9024047467336,26.818372404681824,0,0,56,0.0,392.0,168,349.4367766765498,284.8718492140285,284.87184921393055,28541.135758947297,439.1587942494667,0,0,0,20261148,3b2aba4d5388456a,adaptive_hybrid,2,1.0,0.98,13,4,0.000543773790103317,0.0017199239612564498,0.001601464195836193,0.0,13.056731155241511,320.6997637410527,1658044.9788049243,1647353.194608873,27455.88657681455,5.823946277942497,475.68559598245497,7.319313237491112,1.695665769130539,1000.0,0.0788639006639309,0.4411319818745827,0.0,0.009015074129013121,0.0,0.0,0.004537037037037037,15,60,50,high_d45_balanced_adaptive_hybrid,high,45,balanced,adaptive_hybrid,28
10180,10169,46,3980,3977,11,3,10166,0,0,25.41225509273425,11.657319613868943,138629.4495425785,0.0,138760.35171317108,130.9021706025378,11995,8366.660952731603,0,0.0,0.0,1.0071415981036145,0,0,3,0.0,21.0,9,17.657319613868946,63.20601578758723,63.20601578757487,29378.34394606059,9.609149389038894,0,0,0,20261149,3b2aba4d5388456a,adaptive_hybrid,2,1.0,0.98,11,3,0.0045235519716786314,0.005599214145383104,0.0035175879396984926,0.0,13.645427447455116,13.754935478865306,1663542.1671896097,1654144.322475966,27569.0720412661,0.2942886602311491,489.6390657676765,0.1601524898173149,7.0228906430638744,1000.0,0.07580990711688351,0.6975123762177243,0.0,0.0,0.0,0.0,0.00024305555555555555,15,60,50,high_d45_balanced_adaptive_hybrid,high,45,balanced,adaptive_hybrid,29
10920,10909,1,4402,4397,0,13,10896,0,0,85.91437655602692,56.38155157457129,143170.96875306513,0.0,143449.78054504708,278.8117919914148,12664,5824.0095290860045,0,0.0,0.0,2.844677605818912,0,0,7,0.0,49.0,33,70.38155157457129,130.24111807832188,130.24111807831105,29421.268321300595,13.69198066400736,0,0,0,20261120,b3b925d62b2b9bc6,travel_aware_hybrid,2,1.0,0.98,11,5,9.166743056192135e-05,0.001098901098901099,0.0011358473421172195,0.0,13.14967279723596,29.532824981455633,1657710.247503091,1647081.9549231476,27451.36591538579,1.1730258595761882,490.3544720216766,0.228199677733456,3.9467005478276076,1000.0,0.07904986249828272,0.459887044305591,0.0,0.0,0.0,0.0,0.0005671296296296297,15,60,50,high_d45_balanced_travel_aware_hybrid,high,45,balanced,travel_aware_hybrid,0
10819,10803,22,4312,4306,5,6,10797,0,0,48.85896618681443,26.4162471014398,143241.04281051763,0.0,143397.18766786886,156.1448573589514,12501,6371.192212116175,0,0.0,0.0,1.5711645621806816,0,0,3,0.0,21.0,15,32.41624710143981,65.45483845733912,65.45483845732088,29513.152541940868,6.138298882172579,0,0,0,20261121,b3b925d62b2b9bc6,travel_aware_hybrid,2,1.0,0.98,16,6,0.002036471350550773,0.0035123394029023015,0.002551020408163265,0.0,13.273830201598525,22.442719085374627,1658535.3515133222,1648233.6564398974,27470.560940664956,0.5402707850239968,491.8858756990145,0.10230498136954298,4.363655897154725,1000.0,0.0785914713814877,0.5096546046009259,0.0,0.0,0.0,0.0,0.00024305555555555555,15,60,50,high_d45_balanced_travel_aware_hybrid,high,45,balanced,travel_aware_hybrid,1
12518,12510,9,4892,4887,0,10,12500,0,0,77.52957123667147,44.413296545628164,163119.03694999282,0.0,163350.38545575686,231.3485057752987,14387,6742.106896398569,0,0.0,0.0,2.353343993264049,0,0,6,0.0,42.0,26,56.413296545628164,115.12840379027361,115.12840379024237,32898.49426748577,8.360960184128793,0,0,0,20261122,b3b925d62b2b9bc6,travel_aware_hybrid,2,1.0,0.98,8,5,0.0007194244604316547,0.001358044416040901,0.0010220768601798855,0.0,13.057584768645633,33.11627469104331,1638115.2743973562,1625633.5957809354,27093.89326301559,0.9402216090938027,548.3082377914294,0.13934933640214656,4.428015530393937,1000.0,0.08993595866813542,0.4686249319801605,0.0,0.0,0.0,0.0,0.0004861111111111111,15,60,50,high_d45_balanced_travel_aware_hybrid,high,45,balanced,travel_aware_hybrid,2
10389,10379,3,4215,4211,0,3,10376,0,0,31.688957792988585,10.5975866597853,137031.16299597095,0.0,137113.3376067712,82.17461081064175,12094,5471.24660836385,0,0.0,0.0,1.1202320257289209,0,0,3,0.0,21.0,9,16.5975866597853,32.16774312170228,32.1677431217031,28235.20958156469,6.85269431722634,0,0,0,20261123,b3b925d62b2b9bc6,travel_aware_hybrid,2,1.0,0.98,10,4,0.00028904518739762984,0.0012513235152565214,0.0009489916963226571,0.0,13.21065012108789,21.091371133203285,1664699.4346072378,1655134.5888672187,27585.57648112031,0.276626444329755,470.5868263594115,0.11421157195377234,3.574193680189233,1000.0,0.07516698077375672,0.4523934685268604,0.0,0.0,0.0,0.0,0.00024305555555555555,15,60,50,high_d45_balanced_travel_aware_hybrid,high,45,balanced,travel_aware_hybrid,3
10405,10395,31,4163,4158,4,5,10390,0,0,43.24562469592344,19.242396616364644,137568.2213414937,0.0,137728.2038975209,159.98255603613143,12097,6147.091960189888,0,0.0,0.0,1.5115212719100914,0,0,3,0.0,21.0,13,25.242396616364644,73.87349198841994,73.87349198840093,28551.07257023974,11.997248646904104,0,0,0,20261124,b3b925d62b2b9bc6,travel_aware_hybrid,2,1.0,0.98,10,5,0.0029822029822029823,0.003940413262854397,0.002161902474177276,0.0,13.249466464407975,24.003228079558795,1664282.033726434,1654198.7278186271,27569.97879697712,0.4207066102727441,475.8512095039957,0.1999541441150684,5.682576306800072,1000.0,0.0753988701519811,0.5081501165735214,0.0,0.0,0.0,0.0,0.00024305555555555555,15,60,50,high_d45_balanced_travel_aware_hybrid,high,45,balanced,travel_aware_hybrid,4
11041,11031,3,4345,4340,0,5,11026,0,0,30.686000738746046,19.073990703364117,144091.48334265832,0.0,144189.19907104096,97.71572839336659,12836,5135.224533151386,0,0.0,0.0,0.9924529291382944,0,0,4,0.0,28.0,14,27.07399070336412,48.543620524498635,48.54362052448414,29809.468910425305,5.887735434992235,0,0,0,20261125,b3b925d62b2b9bc6,travel_aware_hybrid,2,1.0,0.98,10,5,0.0002719608376393799,0.0011774295806539262,0.0011507479861910242,0.0,13.071271785970534,11.612010035381928,1657268.2236676298,1646612.2517751614,27443.53752958602,0.451233178389402,496.82448184042175,0.09812892391653726,3.4674014660345813,1000.0,0.07929543129576122,0.4000642359887337,0.0,0.0,0.0,0.0,0.00032407407407407406,15,60,50,high_d45_balanced_travel_aware_hybrid,high,45,balanced,travel_aware_hybrid,5
11828,11815,4,4715,4709,0,12,11803,0,0,114.80703811764133,55.65439266095327,155217.27592469662,0.0,155515.33248811268,298.0565634278046,13772,7219.758300949212,1,0.0,103.38627615033715,3.6523397260247,0,0,9,0.0,63.0,33,73.65439266095328,111.79994033858895,111.7999403385802,32304.87511236562,11.596031759774204,0,0,0,20261126,b3b925d62b2b9bc6,travel_aware_hybrid,2,1.0,0.98,13,6,0.00033855268726195513,0.0014372675008454514,0.0012725344644750796,0.0,13.162533431071745,59.152645456688056,1645929.8742013185,1634704.7347806296,27245.078913010493,1.227573211015888,538.4145852060936,0.19326719599623673,3.387876979956976,1000.0,0.08559451433260079,0.5242345556890221,0.0,0.00119660041840668,0.0,0.0,0.0007291666666666667,15,60,50,high_d45_balanced_travel_aware_hybrid,high,45,balanced,travel_aware_hybrid,6
11430,11419,7,4570,4566,0,13,11406,0,0,114.55337427419094,54.37896181820552,151753.82363084806,0.0,152082.2846520567,328.46102121992953,13335,7063.709983400491,0,0.0,0.0,3.563068419370361,0,0,9,0.0,63.0,35,72.37896181820551,151.84701454239965,151.847014542358,32041.728804272956,15.156028622322484,0,0,0,20261127,b3b925d62b2b9bc6,travel_aware_hybrid,2,1.0,0.98,11,4,0.0006130133987214292,0.0015748031496062992,0.00087527352297593,0.0,13.318354028553875,60.174412455985426,1649958.178425746,1638500.4676252268,27308.341127087115,1.2063160303034253,534.0288134045493,0.2526004770387081,4.338486129781657,1000.0,0.0833565675412522,0.529712034750693,0.0,0.0,0.0,0.0,0.0007291666666666667,15,60,50,high_d45_balanced_travel_aware_hybrid,high,45,balanced,travel_aware_hybrid,7
11393,11383,45,4407,4403,9,10,11373,0,0,93.52592157434127,41.01016697424679,152407.07893749504,0.0,152721.36646416067,314.28752667562367,13201,9244.769772741354,0,0.0,0.0,3.0223151044898975,0,0,7,0.0,49.0,27,55.010166974246786,149.38702893869882,149.38702893867048,32295.481275285565,15.373144895635171,0,0,0,20261128,b3b925d62b2b9bc6,travel_aware_hybrid,2,1.0,0.98,10,4,0.003953263638759553,0.004827525673659265,0.0029498525073746312,0.0,13.416618331209758,52.515754600094475,1649677.7453277532,1638585.3022962476,27309.755038270792,0.9168361162374464,538.2580212547595,0.25621908159391954,5.532852923654462,1000.0,0.0835123637068037,0.7003082927612571,0.0,0.0,0.0,0.0,0.0005671296296296297,15,60,50,high_d45_balanced_travel_aware_hybrid,high,45,balanced,travel_aware_hybrid,8
11998,11980,47,4782,4771,11,8,11972,0,0,61.20327498842618,32.60903334965409,160286.18032647998,0.0,160596.83879224083,310.65846577160846,13861,10421.934849130666,0,0.0,0.0,2.1895519513915103,0,0,6,0.0,42.0,22,44.60903334965409,136.5436191307996,136.54361913078537,33131.98953879929,17.01777564293709,0,0,0,20261129,b3b925d62b2b9bc6,travel_aware_hybrid,2,1.0,0.98,18,11,0.0039232053422370615,0.005417569594932488,0.004600585529067336,0.0,13.405412253108583,28.59424163877209,1642050.5329246277,1630384.9347937272,27173.08224656212,0.7434838891609015,552.1998256466547,0.2836295940489515,6.206528142308426,1000.0,0.08774970393076242,0.7518891024551378,0.0,0.0,0.0,0.0,0.0004861111111111111,15,60,50,high_d45_balanced_travel_aware_hybrid,high,45,balanced,travel_aware_hybrid,9
10742,10724,31,4260,4256,6,10,10714,0,0,94.93973188410979,41.25609394184329,144474.8096172318,0.0,144753.61128709893,278.80166987436496,12554,8173.881817298554,0,0.0,0.0,3.051483192952124,0,0,8,0.0,56.0,28,57.25609394184328,127.34452761795902,127.34452761794455,30270.82253748311,13.099591913720559,0,0,0,20261130,b3b925d62b2b9bc6,travel_aware_hybrid,2,1.0,0.98,18,4,0.0028907124207385305,0.00456153416495997,0.002347417840375587,0.0,13.498098777237871,53.6836379422665,1657400.7063172602,1646900.1550021505,27448.33591670251,0.9542682323640547,504.51370895805184,0.21832653189534265,4.54801884349802,1000.0,0.07922182982374437,0.6510978028754623,0.0,0.0,0.0,0.0,0.0006481481481481481,15,60,50,high_d45_balanced_travel_aware_hybrid,high,45,balanced,travel_aware_hybrid,10
9340,9328,4,3731,3726,0,9,9319,0,0,56.70002838133286,38.47530577082281,123670.76608052157,0.0,123884.525890877,213.75981036213852,10929,3723.675159243816,0,0.0,0.0,2.212590708183346,0,0,6,0.0,42.0,24,50.4753057708228,99.6874772432142,99.68747724320747,25511.056286583982,19.965953066156956,0,0,0,20261131,b3b925d62b2b9bc6,travel_aware_hybrid,2,1.0,0.98,12,5,0.0004288164665523156,0.0017130620985010706,0.0013401232913428035,0.0,13.280931163258684,18.22472261051005,1677397.7290072702,1668955.219208619,27815.92032014365,0.84125509618038,425.1842714430664,0.3327658844359493,4.1536448851336445,1000.0,0.06811237277373883,0.34071508456801314,0.0,0.0,0.0,0.0,0.0004861111111111111,15,60,50,high_d45_balanced_travel_aware_hybrid,high,45,balanced,travel_aware_hybrid,11
10130,10122,4,4100,4097,0,8,10114,0,0,85.91302310341592,34.29671171906018,133512.8004341496,0.0,133737.14006397297,224.33962982895537,11797,4473.2328297454405,0,0.0,0.0,2.7106593684440083,0,0,4,0.0,28.0,20,42.29671171906017,90.4176764309105,90.41767643088679,27120.400336999177,8.967386829422253,0,0,0,20261132,b3b925d62b2b9bc6,travel_aware_hybrid,2,1.0,0.98,8,3,0.00039517881841533294,0.0011846001974333662,0.0007317073170731707,0.0,13.21252124718168,51.61631138435575,1667517.8178943985,1657960.627278993,27632.67712131655,0.7049451953176695,452.00667228331963,0.14945644715703754,4.52088382154434,1000.0,0.07360121228088978,0.37918393063875905,0.0,0.0,0.0,0.0,0.00032407407407407406,15,60,50,high_d45_balanced_travel_aware_hybrid,high,45,balanced,travel_aware_hybrid,12
9975,9971,7,3996,3995,0,7,9964,0,0,56.8610639173544,28.204092116958027,132051.04072448207,0.0,132191.24500648177,140.2042820059105,11676,4365.492352111756,0,0.0,0.0,1.7199946207501084,0,0,5,0.0,35.0,19,38.20409211695803,55.787139202847065,55.78713920285372,27296.069600062965,6.976458982585616,0,0,0,20261133,b3b925d62b2b9bc6,travel_aware_hybrid,2,1.0,0.98,4,1,0.0007020359041219537,0.0011027568922305764,0.00025025025025025025,0.0,13.257571457876017,28.656971800396374,1669116.2344372366,1659498.6504234867,27658.310840391445,0.6367348686159672,454.93449333438275,0.11627431637642692,2.9361652212028275,1000.0,0.07271320309042417,0.3738859499924423,0.0,0.0,0.0,0.0,0.0004050925925925926,15,60,50,high_d45_balanced_travel_aware_hybrid,high,45,balanced,travel_aware_hybrid,13
11917,11908,6,4640,4636,0,7,11901,0,0,51.452726417547076,28.679556292433013,153906.0815187676,0.0,154035.20857428247,129.12705552527405,13626,6244.075100548245,0,0.0,0.0,1.466620654088098,0,0,6,0.0,42.0,20,40.67955629243301,52.305700322579604,52.305700322587654,30724.673284961536,0.0,0,0,0,20261134,b3b925d62b2b9bc6,travel_aware_hybrid,2,1.0,0.98,9,4,0.0005038629492777964,0.0012587060501804146,0.0008620689655172414,0.0,12.935439080809747,22.773170125114063,1647718.1385625517,1635673.614080935,27261.226901348917,0.6779926048738836,512.0778880826923,0.0,2.615285016129383,1000.0,0.08460103413191578,0.4582471085093384,0.0,0.0,0.0,0.0,0.0004861111111111111,15,60,50,high_d45_balanced_travel_aware_hybrid,high,45,balanced,travel_aware_hybrid,14
10733,10725,4,4241,4237,0,10,10715,0,0,139.8434415881394,39.97012321073715,139023.5587068831,0.0,139284.91133404654,261.3526271724604,12216,3744.4300542876135,1,0.0,100.04389656392736,3.937785975159728,0,0,8,0.0,56.0,28,55.97012321073714,83.07106495538005,83.07106495536937,27740.307276678457,3.2060288238009744,0,0,0,20261135,b3b925d62b2b9bc6,travel_aware_hybrid,2,1.0,0.98,8,4,0.00037296037296037296,0.0011180471443212523,0.0009431737797689225,0.0,12.98693811972462,99.87331837740226,1662051.7921850216,1651958.8848081348,27532.64808013558,0.9328353868456191,462.3384546113076,0.05343381373001624,2.966823748406049,1000.0,0.0766378932305436,0.3065185047714156,0.0,0.0011579154694899001,0.0,0.0,0.0006481481481481481,15,60,50,high_d45_balanced_travel_aware_hybrid,high,45,balanced,travel_aware_hybrid,15
10624,10617,30,4117,4113,8,8,10609,0,0,87.69659837081258,34.29592383174892,142638.59912686358,0.0,142893.11008227334,254.5109554184637,12475,8001.619395928246,1,0.0,100.13054087141674,2.9306522345104495,0,0,5,0.0,35.0,21,44.295923831748915,97.41841365016363,97.41841365016808,29736.079111794457,14.81141397631978,0,0,0,20261136,b3b925d62b2b9bc6,travel_aware_hybrid,2,1.0,0.98,7,4,0.0028256569652444193,0.003482680722891566,0.002914743745445713,0.0,13.458897059647107,53.40067453906366,1659202.573870246,1649149.8618507695,27485.83103084616,0.7382653971958153,495.60131852990764,0.24685689960532967,4.638972078579433,1000.0,0.07822079229430778,0.6414123764271139,0.0,0.001158918297122879,0.0,0.0,0.0004050925925925926,15,60,50,high_d45_balanced_travel_aware_hybrid,high,45,balanced,travel_aware_hybrid,16
11146,11140,7,4462,4456,0,10,11130,0,0,102.64892288402457,45.67105686907073,145675.55786063723,0.0,145944.65107137637,269.09321074914806,12885,5359.289573616148,0,0.0,0.0,3.2605619636811127,0,0,7,0.0,49.0,27,59.671056869070725,113.56170260554917,113.56170260550243,29499.785255348612,13.212946097044936,0,0,0,20261137,b3b925d62b2b9bc6,travel_aware_hybrid,2,1.0,0.98,6,6,0.0006283662477558348,0.001166337699623183,0.001344688480502017,0.0,13.100956110536478,56.97786601495384,1655823.154779461,1644508.0478950008,27408.46746491668,0.994517614484512,491.6630875891435,0.22021576828408226,4.205988985388979,1000.0,0.08009824734474391,0.41593244653598355,0.0,0.0,0.0,0.0,0.0005671296296296297,15,60,50,high_d45_balanced_travel_aware_hybrid,high,45,balanced,travel_aware_hybrid,17
11582,11572,8,4675,4670,0,10,11562,1,1,79.40430369672859,53.41991612737599,148937.44124120174,0.0,149161.47329736076,224.03205617126878,13281,4244.887128964136,0,0.0,0.0,2.4654327126120203,0,0,8,0.0,56.0,28,69.41991612737597,89.12077335303601,89.12077335302092,29728.477118285835,7.005642767528002,0,0,0,20261138,b3b925d62b2b9bc6,travel_aware_hybrid,2,1.0,0.98,10,5,0.000691323885240235,0.001554135727853566,0.0010695187165775401,0.0,12.889861156011127,25.9843875693526,1652331.1537481989,1641146.6995283875,27352.444992139794,1.1569986021229328,495.47461863809724,0.11676071279213336,3.18288476260789,1000.0,0.08203824791766734,0.31962104728289553,0.0,0.0,0.0,0.0,0.0006481481481481481,15,60,50,high_d45_balanced_travel_aware_hybrid,high,45,balanced,travel_aware_hybrid,18
10459,10451,4,4179,4177,0,2,10449,0,0,26.006034499943112,7.830855459338678,138129.0566841819,0.0,138202.6061088707,73.54942469829257,12206,5868.196035591474,0,0.0,0.0,0.9568110325455896,0,0,1,0.0,7.0,5,9.830855459338679,31.646127937151338,31.646127937136043,28831.381700963117,7.609127240272203,0,0,0,20261139,b3b925d62b2b9bc6,travel_aware_hybrid,2,1.0,0.98,8,2,0.0003827384939240264,0.0011473372215316951,0.0004785833931562575,0.0,13.223864329621156,18.175179040604434,1663213.051118864,1653332.4379312687,27555.54063218781,0.16384759098897797,480.5230283493853,0.12681878733787005,6.329225587427208,1000.0,0.07599274937840894,0.4807632341136715,0.0,0.0,0.0,0.0,8.101851851851852e-05,15,60,50,high_d45_balanced_travel_aware_hybrid,high,45,balanced,travel_aware_hybrid,19
11676,11660,4,4600,4593,0,5,11655,0,0,73.0088968236872,21.754338081962306,149787.51974569543,0.0,149940.80701173947,153.28726605414158,13308,5343.702708356976,0,0.0,0.0,2.1418536593857893,0,0,2,0.0,14.0,12,25.754338081962306,56.65878159676686,56.65878159676322,29645.84941947114,9.994498576377014,0,0,0,20261140,b3b925d62b2b9bc6,travel_aware_hybrid,2,1.0,0.98,16,7,0.00034305317324185246,0.0017129153819801302,0.0015217391304347826,0.0,12.859417410955357,51.25455874172489,1651452.1968306173,1640250.1486516022,27337.502477526705,0.4292389680327051,494.09749032451896,0.16657497627295023,4.721565133063602,1000.0,0.08252655731632375,0.4015406303243895,0.0,0.0,0.0,0.0,0.00016203703703703703,15,60,50,high_d45_balanced_travel_aware_hybrid,high,45,balanced,travel_aware_hybrid,20
10787,10772,23,4266,4259,3,12,10760,1,1,100.41344031421386,60.84733809457302,142367.84167920984,0.0,142702.2904234001,334.44874419937514,12461,7069.9142178069815,0,0.0,0.0,3.0569420861040952,0,0,8,0.0,56.0,32,76.847338094573,156.02984548252516,156.02984548250606,29863.889796230138,15.244246503625908,0,0,0,20261141,b3b925d62b2b9bc6,travel_aware_hybrid,2,1.0,0.98,15,7,0.0021351652432231713,0.003522758876425327,0.0023441162681669013,0.0,13.247520462625333,39.56610221964084,1659240.9987225602,1649035.9341494597,27483.93223582433,1.2807889682428835,497.73149660383564,0.2540707750604318,4.875932671328314,1000.0,0.07819944515413324,0.5673633109547372,0.0,0.0,0.0,0.0,0.0006481481481481481,15,60,50,high_d45_balanced_travel_aware_hybrid,high,45,balanced,travel_aware_hybrid,21
11445,11434,9,4662,4659,0,3,11431,0,0,24.850987048178496,13.628742864113569,152418.0660157954,0.0,152483.90547103062,65.83945524511364,13445,8099.1932209454735,0,0.0,0.0,0.7156553852231902,0,0,3,0.0,21.0,9,19.62874286411357,29.11828814098718,29.1182881409768,31611.677080129954,1.4777739594754336,0,0,0,20261142,b3b925d62b2b9bc6,travel_aware_hybrid,2,1.0,0.98,11,3,0.0007871261150953297,0.0017474879860200961,0.0006435006435006435,0.0,13.336007125330648,11.222244184064927,1648923.3436357826,1637950.3976106409,27299.17329351068,0.32714571440189283,526.8612846688326,0.024629565991257225,3.2353653489974223,1000.0,0.08393147575789861,0.6023944381513926,0.0,0.0,0.0,0.0,0.00024305555555555555,15,60,50,high_d45_balanced_travel_aware_hybrid,high,45,balanced,travel_aware_hybrid,22
10468,10458,26,4240,4236,4,23,10435,0,0,177.18329772480106,92.69915279857271,138851.59305547562,0.0,139403.1158806098,551.5228251425888,12187,6318.0851723484975,1,0.0,105.69930452516061,5.51674220329088,0,0,16,0.0,112.0,62,124.69915279857268,264.28356108387464,264.2835610838574,29337.590550604342,23.86468850217782,0,0,0,20261143,b3b925d62b2b9bc6,travel_aware_hybrid,2,1.0,0.98,10,4,0.0024861350162554982,0.003439052350019106,0.0018867924528301887,0.0,13.329806452534884,84.48414492622835,1662393.1633714633,1652485.4046910277,27541.423411517128,2.0783192133095447,488.95984251007235,0.39774480836963033,4.2626380819977,1000.0,0.07644824257140925,0.5184282573519732,0.0,0.0012233715801523218,0.0,0.0,0.0012962962962962963,15,60,50,high_d45_balanced_travel_aware_hybrid,high,45,balanced,travel_aware_hybrid,23
11959,11948,3,4865,4859,0,8,11940,0,0,74.83935163795115,34.96547784067224,152779.91255932566,0.0,152982.63245696612,202.71989764974205,13593,4940.278484732069,0,0.0,0.0,2.150568958745594,0,0,4,0.0,28.0,20,42.96547784067224,97.85290152724274,97.85290152722155,30365.93581450483,5.597336532521355,0,0,0,20261144,b3b925d62b2b9bc6,travel_aware_hybrid,2,1.0,0.98,11,6,0.00025108804820890524,0.001170666443682582,0.0012332990750256938,0.0,12.804036864493314,39.87387379727891,1648240.1520613367,1636322.3266968916,27272.038778281527,0.7160912973445374,506.0989302417472,0.09328894220868926,4.892645076361077,1000.0,0.08431102663259071,0.36344283710233716,0.0,0.0,0.0,0.0,0.00032407407407407406,15,60,50,high_d45_balanced_travel_aware_hybrid,high,45,balanced,travel_aware_hybrid,24
10658,10644,58,4335,4330,24,18,10626,1,1,127.63650295251433,75.90193623252709,145131.27852913892,0.0,145702.5007239728,571.2221948454098,12581,9797.89293372741,0,0.0,0.0,4.148186275452143,0,0,15,0.0,105.0,51,105.9019362325271,232.8011406916931,232.80114069168485,31530.823318152812,25.519429185896442,0,0,0,20261145,b3b925d62b2b9bc6,travel_aware_hybrid,2,1.0,0.98,14,5,0.0054490792934986845,0.006755488834678176,0.006689734717416378,0.0,13.688697925965126,51.73456671998724,1656943.0134927395,1646518.4109388117,27441.973515646863,1.7650322705421184,525.5137219692135,0.4253238197649407,4.564728248856565,1000.0,0.07947610361514468,0.77878490849117,0.0,0.0,0.0,0.0,0.0012152777777777778,15,60,50,high_d45_balanced_travel_aware_hybrid,high,45,balanced,travel_aware_hybrid,25
11411,11398,21,4515,4511,3,10,11388,0,0,90.80800706321227,43.717206136529484,150534.30455998905,0.0,150833.4727030053,299.1681430264962,13231,6926.6126614118,0,0.0,0.0,2.9995902456747525,0,0,7,0.0,49.0,27,57.717206136529484,126.83147530050137,126.83147530050701,31599.576116331755,10.935546035429613,0,0,0,20261146,b3b925d62b2b9bc6,travel_aware_hybrid,2,1.0,0.98,13,4,0.0018424284962274082,0.002979581105950399,0.0015503875968992248,0.0,13.233328013950281,47.09080092668279,1651337.065870523,1639486.5069619124,27324.775116031873,0.9619534356088247,526.6596019388626,0.18225910059049355,4.697462048166926,1000.0,0.08259051896082059,0.5235139189337011,0.0,0.0,0.0,0.0,0.0005671296296296297,15,60,50,high_d45_balanced_travel_aware_hybrid,high,45,balanced,travel_aware_hybrid,26
11731,11716,8,4692,4686,0,7,11709,0,0,72.73279322925234,31.590260689270124,152948.18918512322,0.0,153116.85528999477,168.66610488140395,13564,6345.190187965874,0,0.0,0.0,2.1869427305351836,0,0,3,0.0,21.0,17,37.590260689270124,64.15789105848131,64.1578910584758,31214.385011779596,5.763406124523123,0,0,0,20261147,b3b925d62b2b9bc6,travel_aware_hybrid,2,1.0,0.98,15,6,0.0006828269033799932,0.0019606171681868555,0.0012787723785166241,0.0,13.069038519118706,41.14253253998221,1648135.2229364733,1636310.325605168,27271.838760086135,0.6265043448211688,520.2397501963266,0.09605676874205206,3.773993591675047,1000.0,0.08436932059084812,0.4677963866091031,0.0,0.0,0.0,0.0,0.00024305555555555555,15,60,50,high_d45_balanced_travel_aware_hybrid,high,45,balanced,travel_aware_hybrid,27
11047,11039,3,4371,4367,0,4,11035,0,0,45.80434650799945,14.60509170087983,143524.72095274614,0.0,143632.36556979426,107.64461705645772,12651,5699.452244152402,0,0.0,0.0,1.512986418373939,0,0,4,0.0,28.0,12,22.605091700879836,39.720068620605524,39.72006862061062,28725.798677369396,6.231798971189987,0,0,0,20261148,b3b925d62b2b9bc6,travel_aware_hybrid,2,1.0,0.98,8,4,0.0002717637467161881,0.000995745451253734,0.0009151223976206818,0.0,13.011356605652166,31.199254807119615,1657690.0034628431,1646949.2697696614,27449.154496161023,0.37675152834799724,478.76331128948993,0.10386331618649977,3.310005718384218,1000.0,0.07906110918730935,0.45051397076534677,0.0,0.0,0.0,0.0,0.00032407407407407406,15,60,50,high_d45_balanced_travel_aware_hybrid,high,45,balanced,travel_aware_hybrid,28
10180,10168,54,3980,3976,18,11,10157,0,0,67.74432763008687,45.132834356486626,138940.51660750067,0.0,139361.49982248733,420.9832149971917,12019,8654.165544897785,0,0.0,0.0,2.481429430332289,0,0,9,0.0,63.0,31,63.13283435648661,211.0252499391756,211.02524993914267,29720.93765564455,17.68405523707643,0,0,0,20261149,b3b925d62b2b9bc6,travel_aware_hybrid,2,1.0,0.98,12,4,0.0053107789142407555,0.006483300589390962,0.005527638190954774,0.0,13.705891013226527,22.611493273600246,1663096.9909815183,1653667.8988134926,27561.131646891543,1.0522139059414435,495.34896092740917,0.2947342539512738,6.807266127069118,1000.0,0.07605722723248987,0.7200403981111395,0.0,0.0,0.0,0.0,0.0007291666666666667,15,60,50,high_d45_balanced_travel_aware_hybrid,high,45,balanced,travel_aware_hybrid,29
10920,10910,1,9159,9151,0,0,10910,0,0,0.0,0.0,136647.9272451293,0.0,136647.9272451206,0.0,12640,5970.739021395339,0,0.0,0.0,0.0,0,0,0,0.0,0.0,0,0.0,0.0,0.0,29260.96882086384,0.0,0,0,0,20261120,82d1bcf1910057ab,human_only,0,1.0,0.98,10,8,9.165902841429881e-05,0.0010073260073260074,0.0008734578010699859,0.0,12.525016246115547,0.0,1664374.9419662063,1653661.996935561,27561.033282259352,0.0,487.682813681064,0.0,0.0,1000.0,0.07534725446321877,0.4723685934648211,0.0,0.0,0.0,0.0,0.0,15,60,50,high_d60_source_human_only,high,60,source,human_only,0
10819,10804,8,9148,9135,0,0,10804,0,0,0.0,0.0,136450.08992202536,0.0,136450.08992201832,0.0,12481,6421.749821660807,0,0.0,0.0,0.0,0,0,0,0.0,0.0,0,0.0,0.0,0.0,29303.569281100597,0.0,0,0,0,20261121,82d1bcf1910057ab,human_only,0,1.0,0.98,15,13,0.0007404664938911515,0.0021258896385987613,0.0014210756449497158,0.0,12.629589959461155,0.0,1665251.0294604343,1655111.4284573717,27585.190474289528,0.0,488.3928213516766,0.0,0.0,1000.0,0.07486053918864755,0.5145220592629443,0.0,0.0,0.0,0.0,0.0,15,60,50,high_d60_source_human_only,high,60,source,human_only,1
12518,12510,4,10552,10545,0,0,12510,0,0,0.0,0.0,154980.58693979375,0.0,154980.58693978327,0.0,14354,6743.401674958552,0,0.0,0.0,0.0,0,0,0,0.0,0.0,0,0.0,0.0,0.0,32678.43772965674,0.0,0,0,0,20261122,82d1bcf1910057ab,human_only,0,1.0,0.98,8,7,0.000319744204636291,0.0009586195877935772,0.0006633813495072025,0.0,12.388536126281636,0.0,1646332.1478548779,1633660.0501290811,27227.66750215135,0.0,544.6406288276123,0.0,0.0,1000.0,0.08537102896951232,0.46979250905382136,0.0,0.0,0.0,0.0,0.0,15,60,50,high_d60_source_human_only,high,60,source,human_only,2
10389,10380,1,8735,8727,0,0,10380,0,0,0.0,0.0,130142.19710602808,0.0,130142.19710601719,0.0,12052,5250.5806415734005,0,0.0,0.0,0.0,0,0,0,0.0,0.0,0,0.0,0.0,0.0,27908.031906150758,0.0,0,0,0,20261123,82d1bcf1910057ab,human_only,0,1.0,0.98,9,8,9.633911368015414e-05,0.000962556550197324,0.0009158557527189468,0.0,12.537783921581617,0.0,1671453.4535742602,1661548.2951469019,27692.4715857817,0.0,465.13386510251263,0.0,0.0,1000.0,0.07141474801429992,0.4356605245248424,0.0,0.0,0.0,0.0,0.0,15,60,50,high_d60_source_human_only,high,60,source,human_only,3
10405,10397,11,8736,8730,0,0,10397,0,0,0.0,0.0,131419.9051020953,0.0,131419.90510208646,0.0,12085,6468.09538744026,0,0.0,0.0,0.0,0,0,0,0.0,0.0,0,0.0,0.0,0.0,28756.977640934325,0.0,0,0,0,20261124,82d1bcf1910057ab,human_only,0,1.0,0.98,8,6,0.0010579974992786382,0.001826045170591062,0.0006868131868131869,0.0,12.640175541222128,0.0,1670419.1572281942,1660279.826391352,27671.33043985587,0.0,479.28296068223875,0.0,0.0,1000.0,0.07198935709544763,0.5352168297426777,0.0,0.0,0.0,0.0,0.0,15,60,50,high_d60_source_human_only,high,60,source,human_only,4
11041,11032,7,9270,9264,0,0,11032,0,0,0.0,0.0,136953.84887293258,0.0,136953.84887292134,0.0,12837,5083.434128727638,0,0.0,0.0,0.0,0,0,0,0.0,0.0,0,0.0,0.0,0.0,29746.049106060596,0.0,0,0,0,20261125,82d1bcf1910057ab,human_only,0,1.0,0.98,9,6,0.0006345177664974619,0.0014491440992663708,0.0006472491909385113,0.0,12.414235757153856,0.0,1664333.9063710994,1653632.677354332,27560.5446225722,0.0,495.7674851010099,0.0,0.0,1000.0,0.07537005201605584,0.39599860783108504,0.0,0.0,0.0,0.0,0.0,15,60,50,high_d60_source_human_only,high,60,source,human_only,5
11828,11812,1,10005,9994,0,0,11812,0,0,0.0,0.0,147217.41403580204,0.0,147217.41403579258,0.0,13752,6839.09218248039,0,0.0,0.0,0.0,0,0,0,0.0,0.0,0,0.0,0.0,0.0,32063.907912312814,0.0,0,0,0,20261126,82d1bcf1910057ab,human_only,0,1.0,0.98,16,11,8.465966813410092e-05,0.0014372675008454514,0.0010994502748625688,0.0,12.46337741583073,0.0,1653963.9562329964,1642588.0139416596,27376.46689902766,0.0,534.3984652052136,0.0,0.0,1000.0,0.08113113542611305,0.49731618546250655,0.0,0.0,0.0,0.0,0.0,15,60,50,high_d60_source_human_only,high,60,source,human_only,6
11430,11419,2,9643,9634,0,0,11419,0,0,0.0,0.0,144511.7332750575,0.0,144511.7332750481,0.0,13316,7054.064083762132,0,0.0,0.0,0.0,0,0,0,0.0,0.0,0,0.0,0.0,0.0,31954.651651740263,0.0,0,0,0,20261127,82d1bcf1910057ab,human_only,0,1.0,0.98,11,9,0.00017514668534897976,0.001137357830271216,0.0009333195063776833,0.0,12.655375538580268,0.0,1657289.391420899,1646092.170198577,27434.869503309616,0.0,532.5775275290044,0.0,0.0,1000.0,0.07928367143283388,0.5297434727967958,0.0,0.0,0.0,0.0,0.0,15,60,50,high_d60_source_human_only,high,60,source,human_only,7
11393,11381,22,9621,9613,0,0,11381,0,0,0.0,0.0,144815.07462908005,0.0,144815.07462906928,0.0,13177,9044.929211457731,0,0.0,0.0,0.0,0,0,0,0.0,0.0,0,0.0,0.0,0.0,31903.6776692412,0.0,0,0,0,20261128,82d1bcf1910057ab,human_only,0,1.0,0.98,12,8,0.0019330463052455848,0.0029842885982620908,0.0008315143955929737,0.0,12.724283861617545,0.0,1657307.875772473,1645981.5459030652,27433.025765051087,0.0,531.72796115402,0.0,0.0,1000.0,0.07927340234862612,0.6864179412201359,0.0,0.0,0.0,0.0,0.0,15,60,50,high_d60_source_human_only,high,60,source,human_only,8
11998,11986,17,10141,10132,1,0,11986,0,0,0.0,0.0,153208.79418935755,0.0,153208.7941893482,0.0,13878,10534.002615597878,0,0.0,0.0,0.0,0,0,0,0.0,0.0,0,0.0,0.0,0.0,33282.494309704474,0.0,0,0,0,20261129,82d1bcf1910057ab,human_only,0,1.0,0.98,12,9,0.001418321374937427,0.002417069511585264,0.0009860960457548566,0.0,12.782312213361273,0.0,1649164.5312935123,1637422.6531200453,27290.377552000755,0.0,554.7082384950746,0.0,0.0,1000.0,0.08379748261471542,0.7590432782531977,0.0,0.0,0.0,0.0,0.0,15,60,50,high_d60_source_human_only,high,60,source,human_only,9
10742,10729,11,9026,9015,0,0,10729,0,0,0.0,0.0,138068.97435552467,0.0,138068.97435551666,0.0,12553,8450.957879268697,0,0.0,0.0,0.0,0,0,0,0.0,0.0,0,0.0,0.0,0.0,30440.908723619785,0.0,0,0,0,20261130,82d1bcf1910057ab,human_only,0,1.0,0.98,13,11,0.0010252586447944822,0.0022342208154905977,0.0012187015289164636,0.0,12.86876450326374,0.0,1663892.8910247013,1653514.6414124856,27558.57735687476,0.0,507.3484787269964,0.0,0.0,1000.0,0.07561506054183265,0.6732221683477015,0.0,0.0,0.0,0.0,0.0,15,60,50,high_d60_source_human_only,high,60,source,human_only,10
9340,9328,2,7811,7799,0,0,9328,0,0,0.0,0.0,117669.75389535789,0.0,117669.75389535062,0.0,10891,3598.4811674493194,0,0.0,0.0,0.0,0,0,0,0.0,0.0,0,0.0,0.0,0.0,25317.488721660604,0.0,0,0,0,20261131,82d1bcf1910057ab,human_only,0,1.0,0.98,12,12,0.0002144082332761578,0.0014989293361884369,0.0015362949686339778,0.0,12.614682021371207,0.0,1683421.9145763083,1674830.6339094015,27913.843898490024,0.0,421.95814536101005,0.0,0.0,1000.0,0.06476560301316203,0.3304087014460857,0.0,0.0,0.0,0.0,0.0,15,60,50,high_d60_source_human_only,high,60,source,human_only,11
10130,10121,3,8463,8454,0,0,10121,0,0,0.0,0.0,127359.1960763686,0.0,127359.19607636245,0.0,11793,4601.200046891869,0,0.0,0.0,0.0,0,0,0,0.0,0.0,0,0.0,0.0,0.0,27052.667244515796,0.0,0,0,0,20261132,82d1bcf1910057ab,human_only,0,1.0,0.98,9,9,0.00029641339788558443,0.0011846001974333662,0.0010634526763559022,0.0,12.583657353656996,0.0,1673681.8771559258,1664434.357242436,27740.572620707266,0.0,450.8777874085966,0.0,0.0,1000.0,0.0701767349133745,0.3901636603825887,0.0,0.0,0.0,0.0,0.0,15,60,50,high_d60_source_human_only,high,60,source,human_only,12
9975,9971,0,8353,8350,0,0,9971,0,0,0.0,0.0,125535.84530466268,0.0,125535.84530465669,0.0,11657,4326.86755314551,0,0.0,0.0,0.0,0,0,0,0.0,0.0,0,0.0,0.0,0.0,27081.3063014524,0.0,0,0,0,20261133,82d1bcf1910057ab,human_only,0,1.0,0.98,4,3,0.0,0.0004010025062656642,0.0003591524003352089,0.0,12.590095808309767,0.0,1675622.9733360256,1665952.1264724727,27765.86877454121,0.0,451.3551050242067,0.0,0.0,1000.0,0.06909834814665239,0.371181912425625,0.0,0.0,0.0,0.0,0.0,15,60,50,high_d60_source_human_only,high,60,source,human_only,13
11917,11908,2,10055,10047,0,0,11908,0,0,0.0,0.0,145709.84948430836,0.0,145709.84948429768,0.0,13589,5707.9759229554475,0,0.0,0.0,0.0,0,0,0,0.0,0.0,0,0.0,0.0,0.0,30449.119770955578,0.0,0,0,0,20261134,82d1bcf1910057ab,human_only,0,1.0,0.98,9,8,0.00016795431642593214,0.0009230511034656374,0.0007956240676280457,0.0,12.236299083330339,0.0,1655795.0471320604,1643645.4587274936,27394.090978791563,0.0,507.4853295159263,0.0,0.0,1000.0,0.0801138627044109,0.4200438533339795,0.0,0.0,0.0,0.0,0.0,15,60,50,high_d60_source_human_only,high,60,source,human_only,14
10733,10722,0,8993,8986,0,0,10722,0,0,0.0,0.0,132513.5265365793,0.0,132513.5265365692,0.0,12204,3823.88415618255,0,0.0,0.0,0.0,0,0,0,0.0,0.0,0,0.0,0.0,0.0,27813.5738854599,0.0,0,0,0,20261135,82d1bcf1910057ab,human_only,0,1.0,0.98,11,7,0.0,0.001024876548961148,0.0007783831869231625,0.0,12.359030641351353,0.0,1668605.6541084829,1658567.440253297,27642.790670888284,0.0,463.559564757665,0.0,0.0,1000.0,0.07299685882862061,0.31333039627847836,0.0,0.0,0.0,0.0,0.0,15,60,50,high_d60_source_human_only,high,60,source,human_only,15
10624,10617,14,9011,9006,0,0,10617,0,0,0.0,0.0,135789.22321290805,0.0,135789.2232129001,0.0,12461,7905.459206583519,0,0.0,0.0,0.0,0,0,0,0.0,0.0,0,0.0,0.0,0.0,29575.52647403893,0.0,0,0,0,20261136,82d1bcf1910057ab,human_only,0,1.0,0.98,7,5,0.0013186399171140623,0.001976656626506024,0.0005548773721007657,0.0,12.78979214588868,0.0,1666138.4729658554,1656136.2866806134,27602.27144467689,0.0,492.92544123398216,0.0,0.0,1000.0,0.07436751501896921,0.6344161148048727,0.0,0.0,0.0,0.0,0.0,15,60,50,high_d60_source_human_only,high,60,source,human_only,16
11146,11139,0,9396,9392,0,0,11139,0,0,0.0,0.0,138606.6976259803,0.0,138606.69762597047,0.0,12869,5310.752002574563,0,0.0,0.0,0.0,0,0,0,0.0,0.0,0,0.0,0.0,0.0,29262.589208712758,0.0,0,0,0,20261137,82d1bcf1910057ab,human_only,0,1.0,0.98,7,4,0.0,0.000628027992104791,0.0004257130693912303,0.0,12.443369927818518,0.0,1662954.7724384563,1652012.4409073945,27533.54068178991,0.0,487.70982014521263,0.0,0.0,1000.0,0.07613623753419096,0.4126779083514308,0.0,0.0,0.0,0.0,0.0,15,60,50,high_d60_source_human_only,high,60,source,human_only,17
11582,11571,2,9757,9748,0,0,11571,0,0,0.0,0.0,141540.12695031066,0.0,141540.1269503,0.0,13250,4249.644457244096,0,0.0,0.0,0.0,0,0,0,0.0,0.0,0,0.0,0.0,0.0,29577.133591431924,0.0,0,0,0,20261138,82d1bcf1910057ab,human_only,0,1.0,0.98,11,9,0.00017284590787313111,0.0011224313590053531,0.0009224146766424106,0.0,12.232315871601418,0.0,1659780.348821894,1648336.837318993,27472.280621983216,0.0,492.9522265238654,0.0,0.0,1000.0,0.07789980621005888,0.3207278835655922,0.0,0.0,0.0,0.0,0.0,15,60,50,high_d60_source_human_only,high,60,source,human_only,18
10459,10450,1,8766,8758,0,0,10450,0,0,0.0,0.0,131521.42576913908,0.0,131521.42576913052,0.0,12207,5639.914392229126,0,0.0,0.0,0.0,0,0,0,0.0,0.0,0,0.0,0.0,0.0,28719.799365627252,0.0,0,0,0,20261139,82d1bcf1910057ab,human_only,0,1.0,0.98,9,8,9.569377990430622e-05,0.0009561143512764127,0.0009126169290440338,0.0,12.585782370251724,0.0,1669680.915472359,1659660.427717682,27661.007128628033,0.0,478.6633227604542,0.0,0.0,1000.0,0.07239949140424506,0.4620229697902127,0.0,0.0,0.0,0.0,0.0,15,60,50,high_d60_source_human_only,high,60,source,human_only,19
11676,11660,4,9844,9828,0,0,11660,0,0,0.0,0.0,142314.94905793658,0.0,142314.94905792666,0.0,13291,5324.364793245226,0,0.0,0.0,0.0,0,0,0,0.0,0.0,0,0.0,0.0,0.0,29579.6354094601,0.0,0,0,0,20261140,82d1bcf1910057ab,human_only,0,1.0,0.98,16,16,0.00034305317324185246,0.0017129153819801302,0.0016253555465258025,0.0,12.20539871851858,0.0,1658867.724211012,1647914.2599449798,27465.237665749664,0.0,492.9939234910017,0.0,0.0,1000.0,0.0784068198827711,0.4005992621507205,0.0,0.0,0.0,0.0,0.0,15,60,50,high_d60_source_human_only,high,60,source,human_only,20
10787,10768,12,9060,9044,0,0,10768,0,0,0.0,0.0,135509.48820303346,0.0,135509.48820302324,0.0,12410,7206.415826389291,0,0.0,0.0,0.0,0,0,0,0.0,0.0,0,0.0,0.0,0.0,29612.013579748134,0.0,0,0,0,20261141,82d1bcf1910057ab,human_only,0,1.0,0.98,19,16,0.001114413075780089,0.002873829609715398,0.0017660044150110375,0.0,12.584462128809736,0.0,1666216.3059840507,1655897.2510212346,27598.287517020577,0.0,493.5335596624689,0.0,0.0,1000.0,0.07432427445330514,0.5806942648178317,0.0,0.0,0.0,0.0,0.0,15,60,50,high_d60_source_human_only,high,60,source,human_only,21
11445,11437,3,9600,9593,0,0,11437,0,0,0.0,0.0,144997.0278155296,0.0,144997.0278155201,0.0,13431,7873.043355055886,0,0.0,0.0,0.0,0,0,0,0.0,0.0,0,0.0,0.0,0.0,31376.45199061676,0.0,0,0,0,20261142,82d1bcf1910057ab,human_only,0,1.0,0.98,8,7,0.0002623065489201714,0.0009611183923110528,0.0007291666666666667,0.0,12.67788998999039,0.0,1656272.694765934,1645210.6906146666,27420.178176911108,0.0,522.9408665102793,0.0,0.0,1000.0,0.07984850290781442,0.5861844505290661,0.0,0.0,0.0,0.0,0.0,15,60,50,high_d60_source_human_only,high,60,source,human_only,22
10468,10459,12,8859,8852,0,0,10459,0,0,0.0,0.0,132646.98332037884,0.0,132646.98332036912,0.0,12171,6234.695931222846,0,0.0,0.0,0.0,0,0,0,0.0,0.0,0,0.0,0.0,0.0,29217.745988797054,0.0,0,0,0,20261143,82d1bcf1910057ab,human_only,0,1.0,0.98,9,7,0.0011473372215316951,0.0020061138708444785,0.0007901569025849419,0.0,12.682568440612785,0.0,1668811.8385125604,1658920.9020388364,27648.681700647274,0.0,486.96243314661757,0.0,0.0,1000.0,0.07288231193746642,0.5122583133039887,0.0,0.0,0.0,0.0,0.0,15,60,50,high_d60_source_human_only,high,60,source,human_only,23
11959,11942,2,10031,10019,0,0,11942,0,0,0.0,0.0,145046.9665696429,0.0,145046.96656963357,0.0,13580,5053.956712226469,0,0.0,0.0,0.0,0,0,0,0.0,0.0,0,0.0,0.0,0.0,30196.277547873848,0.0,0,0,0,20261144,82d1bcf1910057ab,human_only,0,1.0,0.98,17,12,0.00016747613465081226,0.0015887616021406472,0.0011962914963612801,0.0,12.145952651953909,0.0,1655988.1189969182,1643874.7639040418,27397.91273173403,0.0,503.2712924645641,0.0,0.0,1000.0,0.08000660055726772,0.37216176084141894,0.0,0.0,0.0,0.0,0.0,15,60,50,high_d60_source_human_only,high,60,source,human_only,24
10658,10644,32,8952,8940,0,0,10644,0,0,0.0,0.0,138434.6271766594,0.0,138434.62717664734,0.0,12526,9679.26143174289,0,0.0,0.0,0.0,0,0,0,0.0,0.0,0,0.0,0.0,0.0,31096.982248033015,0.0,0,0,0,20261145,82d1bcf1910057ab,human_only,0,1.0,0.98,14,12,0.003006388575723412,0.0043160067554888345,0.0013404825737265416,0.0,13.005883800887574,0.0,1663726.3747788528,1653585.9365077352,27559.765608462254,0.0,518.2830374672169,0.0,0.0,1000.0,0.07570756956730396,0.7727336285919599,0.0,0.0,0.0,0.0,0.0,15,60,50,high_d60_source_human_only,high,60,source,human_only,25
11411,11399,8,9622,9611,0,0,11399,0,0,0.0,0.0,143681.1527672057,0.0,143681.1527671949,0.0,13209,7056.82690352883,0,0.0,0.0,0.0,0,0,0,0.0,0.0,0,0.0,0.0,0.0,31485.397964485477,0.0,0,0,0,20261146,82d1bcf1910057ab,human_only,0,1.0,0.98,12,11,0.0007018159487674358,0.001752694768206117,0.0011432134691332363,0.0,12.60471556866347,0.0,1658264.394789459,1646715.5116346895,27445.258527244827,0.0,524.7566327414246,0.0,0.0,1000.0,0.07874200289474498,0.5342438415874654,0.0,0.0,0.0,0.0,0.0,15,60,50,high_d60_source_human_only,high,60,source,human_only,26
11731,11719,3,9831,9820,0,0,11719,0,0,0.0,0.0,145553.51299573964,0.0,145553.5129957307,0.0,13547,6336.499903341037,0,0.0,0.0,0.0,0,0,0,0.0,0.0,0,0.0,0.0,0.0,31240.60110454587,0.0,0,0,0,20261147,82d1bcf1910057ab,human_only,0,1.0,0.98,12,11,0.00025599453878317265,0.0012786633705566448,0.0011189095717627912,0.0,12.420301475870868,0.0,1655554.9350899267,1643878.1277222463,27397.968795370773,0.0,520.6766850757645,0.0,0.0,1000.0,0.08024725828337409,0.4677419283487884,0.0,0.0,0.0,0.0,0.0,15,60,50,high_d60_source_human_only,high,60,source,human_only,27
11047,11037,0,9294,9285,0,0,11037,0,0,0.0,0.0,136409.98433486753,0.0,136409.9843348602,0.0,12658,5564.684846539529,0,0.0,0.0,0.0,0,0,0,0.0,0.0,0,0.0,0.0,0.0,28520.83410170969,0.0,0,0,0,20261148,82d1bcf1910057ab,human_only,0,1.0,0.98,10,9,0.0,0.0009052231375033946,0.0009683666881859264,0.0,12.359335356968398,0.0,1664728.5857461754,1653986.970286669,27566.449504777815,0.0,475.3472350284948,0.0,0.0,1000.0,0.07515078569656919,0.43961801600091077,0.0,0.0,0.0,0.0,0.0,15,60,50,high_d60_source_human_only,high,60,source,human_only,28
10180,10166,22,8580,8567,1,0,10166,0,0,0.0,0.0,132262.28313975187,0.0,132262.2831397419,0.0,11985,8393.750268576634,0,0.0,0.0,0.0,0,0,0,0.0,0.0,0,0.0,0.0,0.0,29424.85104604089,0.0,0,0,0,20261149,82d1bcf1910057ab,human_only,0,1.0,0.98,14,13,0.0021640763328742867,0.003536345776031434,0.0016317016317016317,0.0,13.010258030665147,0.0,1669803.1472300328,1660499.8671492408,27674.99778582068,0.0,490.4141841006815,0.0,0.0,1000.0,0.07233158487220404,0.700354632338476,0.0,0.0,0.0,0.0,0.0,15,60,50,high_d60_source_human_only,high,60,source,human_only,29
10920,10910,1,9159,9151,0,3,10907,0,0,30.174701612634163,11.988702984816094,136593.17927080297,0.0,136683.16304569627,89.98377490198618,12642,5970.739021395339,0,0.0,0.0,1.4791950649257841,0,0,3,0.0,21.0,9,17.988702984816094,24.227269320121554,24.227269320115738,29257.61850372561,26.431505837365822,0,0,0,20261120,328ff31af4de6b64,adaptive_hybrid,2,1.0,0.98,10,8,9.165902841429881e-05,0.0010073260073260074,0.0008734578010699859,0.0,12.528245925361711,18.18599862781807,1664381.4656554533,1653668.4625769202,27561.141042948668,0.29981171641360155,487.6269750620935,0.4405250972894304,2.6919188133461933,1000.0,0.07534363019141488,0.4722938634231402,0.0,0.0,0.0,0.0,0.00024305555555555555,15,60,50,high_d60_source_adaptive_hybrid,high,60,source,adaptive_hybrid,0
10819,10800,10,9148,9131,2,130,10670,4,4,1353.642692138339,539.4493535404235,134213.2516289332,0.0,138043.16553966078,3829.913910735053,12617,6403.812775859693,20,0.0,2200.6272236262857,68.25375260813335,0,0,130,0.0,910.0,390,799.4493535404221,754.0566734270384,754.0566734267995,29215.312213697292,1192.3440742732805,0,0,0,20261121,328ff31af4de6b64,adaptive_hybrid,2,1.0,0.98,19,17,0.000925925925925926,0.0026804695443201775,0.0020769567118495845,0.0,12.781774587005629,814.1933385979155,1665877.454496799,1655523.4805386355,27592.05800897726,13.324155892340368,486.9218702282882,19.87240123788801,1.9334786498123064,1000.0,0.0745125252795561,0.5075543136926126,0.0,0.025470222495674603,0.0,0.0,0.010532407407407407,15,60,50,high_d60_source_adaptive_hybrid,high,60,source,adaptive_hybrid,1
12518,12510,4,10552,10545,0,0,12510,0,0,0.0,0.0,154980.58693979375,0.0,154980.58693978327,0.0,14354,6743.401674958552,0,0.0,0.0,0.0,0,0,0,0.0,0.0,0,0.0,0.0,0.0,32678.43772965674,0.0,0,0,0,20261122,328ff31af4de6b64,adaptive_hybrid,2,1.0,0.98,8,7,0.000319744204636291,0.0009586195877935772,0.0006633813495072025,0.0,12.388536126281636,0.0,1646332.1478548779,1633660.0501290811,27227.66750215135,0.0,544.6406288276123,0.0,0.0,1000.0,0.08537102896951232,0.46979250905382136,0.0,0.0,0.0,0.0,0.0,15,60,50,high_d60_source_adaptive_hybrid,high,60,source,adaptive_hybrid,2
10389,10380,1,8735,8727,0,1,10379,0,0,16.478840526301667,3.796260211043826,130113.18178958457,0.0,130162.8709234932,49.68913391952083,12054,5250.5806415734005,0,0.0,0.0,0.8958723075001154,0,0,1,0.0,7.0,3,5.796260211043826,11.857981408468582,11.857981408466003,27908.953601082183,17.21508791978889,0,0,0,20261123,328ff31af4de6b64,adaptive_hybrid,2,1.0,0.98,9,8,9.633911368015414e-05,0.000962556550197324,0.0009158557527189468,0.0,12.539775618833643,12.682580315257841,1671468.0701774836,1661555.5255615541,27692.59209269257,0.09660433685073043,465.149226684703,0.2869181319964815,3.952660469488668,1000.0,0.07140662767917583,0.43558823971904764,0.0,0.0,0.0,0.0,8.101851851851852e-05,15,60,50,high_d60_source_adaptive_hybrid,high,60,source,adaptive_hybrid,3
10405,10397,12,8736,8730,0,2,10395,0,0,14.880832030602942,7.600346178661524,131364.72682573408,0.0,131431.23766301456,66.51083728966478,12089,6399.467725015047,0,0.0,0.0,0.4630366778418957,0,0,2,0.0,14.0,6,11.600346178661525,31.18758994495188,31.18758994495147,28695.799222264443,1.3418237650816698,0,0,0,20261124,328ff31af4de6b64,adaptive_hybrid,2,1.0,0.98,8,6,0.0011541790901221506,0.0019221528111484864,0.0006868131868131869,0.0,12.641265524960524,7.280485851941418,1670426.5832741903,1660301.2084666507,27671.68680777751,0.19333910297769208,478.26332037107403,0.02236372941802783,5.197931657491911,1000.0,0.07198523151433867,0.5293628691384769,0.0,0.0,0.0,0.0,0.00016203703703703703,15,60,50,high_d60_source_adaptive_hybrid,high,60,source,adaptive_hybrid,4
11041,11031,7,9270,9264,0,7,11024,0,0,62.85649023619763,27.3514200038337,136831.04277970683,0.0,136989.9825475684,158.93976787241263,12837,5080.033208726416,0,0.0,0.0,2.876403945116871,0,0,7,0.0,49.0,21,41.3514200038337,29.132190063924135,29.132190063915914,29741.39824778665,43.295833786957786,0,0,0,20261125,328ff31af4de6b64,adaptive_hybrid,2,1.0,0.98,10,6,0.0006345752878252198,0.0015397156054705189,0.0006472491909385113,0.0,12.418636800613578,35.505070232363934,1664391.4422774536,1653615.2839284532,27560.254732140886,0.6891903333972283,495.68997079644413,0.7215972297826297,1.3872471459007578,1000.0,0.07533808762363692,0.39573367677233123,0.0,0.0,0.0,0.0,0.0005671296296296297,15,60,50,high_d60_source_adaptive_hybrid,high,60,source,adaptive_hybrid,5
11828,11814,0,10005,9995,0,146,11668,0,0,1472.0819760662662,549.1850603011937,144668.26249216736,0.0,148731.8485411281,4063.5860489699553,13886,6787.027093213483,21,0.0,2314.5957869397075,73.5912077116717,0,0,146,0.0,1022.0,438,841.1850603011918,833.552680202374,833.5526802019813,31855.605517767635,1273.2489087972606,0,0,0,20261126,328ff31af4de6b64,adaptive_hybrid,2,1.0,0.98,14,10,0.0,0.0011836320595197836,0.0009995002498750624,0.0,12.589457299909268,922.8969157650724,1654829.5815513078,1643518.7779298136,27391.97963216356,14.019751005019863,530.9267586294606,21.22081514662101,1.9030883109634276,1000.0,0.08065023247149561,0.4887676143751608,0.0,0.026789303089579948,0.0,0.0,0.011828703703703704,15,60,50,high_d60_source_adaptive_hybrid,high,60,source,adaptive_hybrid,6
11430,11419,2,9643,9634,0,19,11400,1,1,185.4650961315033,74.88651733081834,144084.12336641015,0.0,144602.49914133313,518.3757749331126,13332,7039.419163923085,2,0.0,222.64371882857415,9.161407142200952,0,0,19,0.0,133.0,57,112.88651733081828,119.23184132283461,119.23184132280585,31904.3642185977,154.7131399138208,0,0,0,20261127,328ff31af4de6b64,adaptive_hybrid,2,1.0,0.98,11,9,0.00017514668534897976,0.001137357830271216,0.0009333195063776833,0.0,12.663324208891595,110.57857880068495,1657483.9188260077,1646252.4546628199,27437.540911047,1.881441955513638,531.739403643295,2.5785523318970136,2.091786689873787,1000.0,0.07917560065221796,0.5280092382180531,0.0,0.002576894893849238,0.0,0.0,0.0015393518518518519,15,60,50,high_d60_source_adaptive_hybrid,high,60,source,adaptive_hybrid,7
11393,11380,21,9621,9612,0,4,11376,0,0,29.24554525609601,15.889938835924568,144718.58983083317,0.0,144853.25250456802,134.66267374550807,13180,9081.10081618883,0,0.0,0.0,1.2200756728078161,0,0,4,0.0,28.0,12,23.889938835924568,47.13981227894401,47.13981227894692,31902.196502304996,15.693836702803594,0,0,0,20261128,328ff31af4de6b64,adaptive_hybrid,2,1.0,0.98,13,9,0.0018453427065026362,0.0029842885982620908,0.0009354536950420954,0.0,12.72875681059473,13.35560642017144,1657353.0912716165,1646067.390120648,27434.456502010802,0.3981656472654095,531.7032750384166,0.2615639450467266,3.928317689912243,1000.0,0.07924828262687966,0.6890061317290462,0.0,0.0,0.0,0.0,0.00032407407407407406,15,60,50,high_d60_source_adaptive_hybrid,high,60,source,adaptive_hybrid,8
11998,11987,20,10141,10133,4,67,11920,0,0,634.26135734963,264.01471295707285,152178.5425608636,0.0,154002.77182243456,1824.2292615806873,13941,10643.92416735035,9,0.0,984.5180136309835,31.133741722493465,0,0,67,0.0,469.0,201,398.01471295707336,392.21265380262827,392.21265380253317,33319.77090571405,509.472568993485,0,0,0,20261129,328ff31af4de6b64,adaptive_hybrid,2,1.0,0.98,11,8,0.001668474180362059,0.00258376396066011,0.0011833152549058279,0.0,12.847482424496084,370.24664439255713,1649461.0968989301,1637649.2045556093,27294.153409260154,6.633578549284556,555.3295150952342,8.49120948322475,1.9513067353359859,1000.0,0.08363272394503884,0.7634978959436446,0.0,0.011394884417025273,0.0,0.0,0.00542824074074074,15,60,50,high_d60_source_adaptive_hybrid,high,60,source,adaptive_hybrid,9
10742,10726,13,9026,9012,2,203,10523,7,7,2037.909914312476,897.1216521838726,134825.57787731278,0.0,140559.02313433692,5733.445257031879,12770,8366.456582868444,31,0.0,3407.955444133376,103.53397927121124,0,0,203,0.0,1421.0,609,1303.1216521838676,1062.8348792611432,1062.834879260845,30302.985312590994,1771.169321586104,0,0,0,20261130,328ff31af4de6b64,adaptive_hybrid,2,1.0,0.98,16,14,0.0012120082043632296,0.0026996834853844722,0.0017726567693330379,0.0,13.104514556622872,1140.7882621286035,1664695.34118486,1653860.1205092496,27564.335341820828,21.71869420306446,505.0497552098499,29.51948869310173,1.745213266438169,1000.0,0.07516925489729998,0.655164963419612,0.0,0.039443928751543705,0.0,0.0,0.016446759259259258,15,60,50,high_d60_source_adaptive_hybrid,high,60,source,adaptive_hybrid,10
9340,9328,2,7811,7799,0,0,9328,0,0,0.0,0.0,117669.75389535789,0.0,117669.75389535062,0.0,10891,3598.4811674493194,0,0.0,0.0,0.0,0,0,0,0.0,0.0,0,0.0,0.0,0.0,25317.488721660604,0.0,0,0,0,20261131,328ff31af4de6b64,adaptive_hybrid,2,1.0,0.98,12,12,0.0002144082332761578,0.0014989293361884369,0.0015362949686339778,0.0,12.614682021371207,0.0,1683421.9145763083,1674830.6339094015,27913.843898490024,0.0,421.95814536101005,0.0,0.0,1000.0,0.06476560301316203,0.3304087014460857,0.0,0.0,0.0,0.0,0.0,15,60,50,high_d60_source_adaptive_hybrid,high,60,source,adaptive_hybrid,11
10130,10121,3,8463,8454,0,1,10120,0,0,13.316629006188673,3.4923790128057757,127322.08191017061,0.0,127358.20989522288,36.12798505819228,11794,4605.473192560579,0,0.0,0.0,0.5716702117897132,0,0,1,0.0,7.0,3,5.492379012805776,11.568797573787716,11.568797573789197,27043.66899245829,8.565526621924235,0,0,0,20261132,328ff31af4de6b64,adaptive_hybrid,2,1.0,0.98,9,9,0.00029641339788558443,0.0011846001974333662,0.0010634526763559022,0.0,12.583559914556158,9.824249993382898,1673700.3132920293,1664461.8560283703,27741.03093380617,0.0915396502134296,450.7278165409715,0.14275877703207057,3.8562658579297326,1000.0,0.07016649261553931,0.3904928940614363,0.0,0.0,0.0,0.0,8.101851851851852e-05,15,60,50,high_d60_source_adaptive_hybrid,high,60,source,adaptive_hybrid,12
9975,9971,0,8353,8350,0,0,9971,0,0,0.0,0.0,125535.84530466268,0.0,125535.84530465669,0.0,11657,4326.86755314551,0,0.0,0.0,0.0,0,0,0,0.0,0.0,0,0.0,0.0,0.0,27081.3063014524,0.0,0,0,0,20261133,328ff31af4de6b64,adaptive_hybrid,2,1.0,0.98,4,3,0.0,0.0004010025062656642,0.0003591524003352089,0.0,12.590095808309767,0.0,1675622.9733360256,1665952.1264724727,27765.86877454121,0.0,451.3551050242067,0.0,0.0,1000.0,0.06909834814665239,0.371181912425625,0.0,0.0,0.0,0.0,0.0,15,60,50,high_d60_source_adaptive_hybrid,high,60,source,adaptive_hybrid,13
11917,11909,3,10055,10048,1,75,11834,3,3,757.117389108573,336.72646992419953,144639.00824335203,0.0,146740.48959925672,2101.4813559157847,13665,5708.278939145486,11,0.0,1190.4835501807424,38.21025183598776,0,0,75,0.0,525.0,225,486.7264699242002,370.87928522226156,370.87928522212314,30415.916232557774,667.1907062329565,0,0,0,20261134,328ff31af4de6b64,adaptive_hybrid,2,1.0,0.98,8,7,0.0002519103199261063,0.0009230511034656374,0.0007956240676280457,0.0,12.321814560354078,420.39091918437344,1655987.1640157476,1643529.8435132252,27392.164058553753,8.112107832070004,506.9319372092962,11.119845103882607,1.6483523787649919,1000.0,0.08000713110236246,0.41772988943618633,0.0,0.013778744793758593,0.0,0.0,0.006076388888888889,15,60,50,high_d60_source_adaptive_hybrid,high,60,source,adaptive_hybrid,14
10733,10723,0,8993,8986,0,3,10720,0,0,21.923374681128426,12.804752149170817,132487.0246299664,0.0,132543.1970968252,56.17246686894214,12210,3785.0257829816874,0,0.0,0.0,0.9447132475322165,0,0,3,0.0,21.0,9,18.804752149170817,10.979184818502006,10.97918481848319,27844.905236613726,11.386559269499902,0,0,0,20261135,328ff31af4de6b64,adaptive_hybrid,2,1.0,0.98,10,7,0.0,0.0009317059536010435,0.0007783831869231625,0.0,12.360645071045901,9.118622531957609,1668618.41953182,1658587.3234086975,27643.122056811626,0.3134125358195136,464.0817539435621,0.18977598782499835,1.21990942427591,1000.0,0.07298976692676662,0.3099939216201218,0.0,0.0,0.0,0.0,0.00024305555555555555,15,60,50,high_d60_source_adaptive_hybrid,high,60,source,adaptive_hybrid,15
10624,10617,14,9011,9006,0,0,10617,0,0,0.0,0.0,135789.22321290805,0.0,135789.2232129001,0.0,12461,7905.459206583519,0,0.0,0.0,0.0,0,0,0,0.0,0.0,0,0.0,0.0,0.0,29575.52647403893,0.0,0,0,0,20261136,328ff31af4de6b64,adaptive_hybrid,2,1.0,0.98,7,5,0.0013186399171140623,0.001976656626506024,0.0005548773721007657,0.0,12.78979214588868,0.0,1666138.4729658554,1656136.2866806134,27602.27144467689,0.0,492.92544123398216,0.0,0.0,1000.0,0.07436751501896921,0.6344161148048727,0.0,0.0,0.0,0.0,0.0,15,60,50,high_d60_source_adaptive_hybrid,high,60,source,adaptive_hybrid,16
11146,11139,0,9396,9392,0,0,11139,0,0,0.0,0.0,138606.6976259803,0.0,138606.69762597047,0.0,12869,5310.752002574563,0,0.0,0.0,0.0,0,0,0,0.0,0.0,0,0.0,0.0,0.0,29262.589208712758,0.0,0,0,0,20261137,328ff31af4de6b64,adaptive_hybrid,2,1.0,0.98,7,4,0.0,0.000628027992104791,0.0004257130693912303,0.0,12.443369927818518,0.0,1662954.7724384563,1652012.4409073945,27533.54068178991,0.0,487.70982014521263,0.0,0.0,1000.0,0.07613623753419096,0.4126779083514308,0.0,0.0,0.0,0.0,0.0,15,60,50,high_d60_source_adaptive_hybrid,high,60,source,adaptive_hybrid,17
11582,11569,1,9757,9746,0,31,11538,0,0,290.22387788330775,119.95511734591314,140847.7605586594,0.0,141671.1404355559,823.3798769076457,13289,4119.6756141215155,4,0.0,444.9095979029415,14.172428560589621,0,0,31,0.0,217.0,93,181.95511734591318,192.32761713826736,192.3276171381658,29489.91566553685,234.52565496298416,0,0,0,20261138,328ff31af4de6b64,adaptive_hybrid,2,1.0,0.98,13,11,8.643789437289307e-05,0.0012087722327749958,0.0011273957158962795,0.0,12.245755072655882,170.2687605373946,1660065.6593603448,1648859.5882285784,27480.993137142974,3.032585289098553,491.49859442561416,3.908760916049736,2.068038893958772,1000.0,0.07774130035536397,0.31000644248036086,0.0,0.005149416642395157,0.0,0.0,0.002511574074074074,15,60,50,high_d60_source_adaptive_hybrid,high,60,source,adaptive_hybrid,18
10459,10450,1,8766,8758,0,0,10450,0,0,0.0,0.0,131521.42576913908,0.0,131521.42576913052,0.0,12207,5639.914392229126,0,0.0,0.0,0.0,0,0,0,0.0,0.0,0,0.0,0.0,0.0,28719.799365627252,0.0,0,0,0,20261139,328ff31af4de6b64,adaptive_hybrid,2,1.0,0.98,9,8,9.569377990430622e-05,0.0009561143512764127,0.0009126169290440338,0.0,12.585782370251724,0.0,1669680.915472359,1659660.427717682,27661.007128628033,0.0,478.6633227604542,0.0,0.0,1000.0,0.07239949140424506,0.4620229697902127,0.0,0.0,0.0,0.0,0.0,15,60,50,high_d60_source_adaptive_hybrid,high,60,source,adaptive_hybrid,19
11676,11663,3,9844,9831,0,43,11620,0,0,430.98143696418305,170.26554648098315,141986.20621824954,0.0,143203.59611592922,1217.3898976901182,13343,5577.253981694052,5,0.0,544.0682221795414,20.913842361350035,0,0,43,0.0,301.0,129,256.2655464809834,287.97065675519,287.97065675513295,29802.299453138072,344.78646557750733,0,0,0,20261140,328ff31af4de6b64,adaptive_hybrid,2,1.0,0.98,13,13,0.00025722369887678983,0.0013703323055841042,0.0013206013815522145,0.0,12.278452895132403,260.7158904831999,1658666.5930570092,1647624.503989122,27460.4083998187,4.271092441349723,496.7049908856345,5.746441092958455,2.2323306725204106,1000.0,0.07851855941277264,0.4179910051483213,0.0,0.006297085904855803,0.0,0.0,0.0034837962962962965,15,60,50,high_d60_source_adaptive_hybrid,high,60,source,adaptive_hybrid,20
10787,10768,11,9060,9044,2,112,10656,3,3,1144.579648504668,519.2675698368831,133855.90264091417,0.0,137124.5158920464,3268.6132511422547,12547,7223.876199733002,17,0.0,1866.4478768520053,57.140792262644375,0,0,112,0.0,784.0,336,743.267569836882,625.5109774235686,625.5109774233133,29644.280977221086,971.1264507376704,0,0,0,20261141,328ff31af4de6b64,adaptive_hybrid,2,1.0,0.98,19,16,0.0010215453194650818,0.002781125428756837,0.001986754966887417,0.0,12.734446126675927,625.3120786677849,1666483.603339268,1656169.9880528545,27602.83313421424,12.3877928306147,494.07134962035144,16.18544084562784,1.861639813759861,1000.0,0.07417577592262892,0.5757452936744243,0.0,0.021602405982083395,0.0,0.0,0.009074074074074075,15,60,50,high_d60_source_adaptive_hybrid,high,60,source,adaptive_hybrid,21
11445,11437,3,9600,9593,0,0,11437,0,0,0.0,0.0,144997.0278155296,0.0,144997.0278155201,0.0,13431,7873.043355055886,0,0.0,0.0,0.0,0,0,0,0.0,0.0,0,0.0,0.0,0.0,31376.45199061676,0.0,0,0,0,20261142,328ff31af4de6b64,adaptive_hybrid,2,1.0,0.98,8,7,0.0002623065489201714,0.0009611183923110528,0.0007291666666666667,0.0,12.67788998999039,0.0,1656272.694765934,1645210.6906146666,27420.178176911108,0.0,522.9408665102793,0.0,0.0,1000.0,0.07984850290781442,0.5861844505290661,0.0,0.0,0.0,0.0,0.0,15,60,50,high_d60_source_adaptive_hybrid,high,60,source,adaptive_hybrid,22
10468,10459,13,8859,8852,1,11,10448,0,0,109.25587990441997,39.9137105437173,132359.44950112372,0.0,132742.9888360334,383.53933491948555,12175,6211.98769911809,1,0.0,101.45314128937146,5.622414996805642,0,0,11,0.0,77.0,33,61.9137105437173,111.59800232857575,111.5980023285374,29172.13866774347,93.9389818280023,0,0,0,20261143,328ff31af4de6b64,adaptive_hybrid,2,1.0,0.98,9,7,0.0012429486566593365,0.0021016431027894534,0.0009030364600970764,0.0,12.691747665745615,69.34216936070267,1668922.756458866,1659048.4753460353,27650.807922433924,1.0318951757286217,486.2023111290579,1.5656496971333715,3.3817576463193153,1000.0,0.07282069085618559,0.5102248623505617,0.0,0.0011742261723306881,0.0,0.0,0.0008912037037037037,15,60,50,high_d60_source_adaptive_hybrid,high,60,source,adaptive_hybrid,23
11959,11938,5,10031,10015,2,147,11791,5,5,1464.5397957694152,658.4247135252226,143021.47196283107,0.0,147056.82096958795,4035.349006765973,13731,5149.201935997646,21,0.0,2293.74407540175,72.14451128249043,0,0,147,0.0,1029.0,441,952.4247135252197,755.7438419415831,755.743841941272,30247.577110972,1192.6909702712444,0,0,0,20261144,328ff31af4de6b64,adaptive_hybrid,2,1.0,0.98,21,16,0.00041883062489529233,0.0021740948239819383,0.00179443724454192,0.0,12.31838004436153,806.1150822441925,1656226.3393375021,1643836.3414815995,27397.272358026657,15.873745225420327,504.1262851828667,19.878182837854073,1.713704857009687,1000.0,0.07987425592360997,0.37500560308773184,0.0,0.0265479638356684,0.0,0.0,0.011909722222222223,15,60,50,high_d60_source_adaptive_hybrid,high,60,source,adaptive_hybrid,24
10658,10645,35,8952,8941,0,44,10601,0,0,450.612709986408,169.513770587622,137652.07124462334,0.0,138945.76270230924,1293.6914576976487,12570,9671.032933323588,6,0.0,685.1758091031134,21.845028270184553,0,0,44,0.0,308.0,132,257.5137705876223,278.6102135293672,278.6102135292749,31101.58039295629,348.0611546208491,0,0,0,20261145,328ff31af4de6b64,adaptive_hybrid,2,1.0,0.98,13,11,0.0032879286049788633,0.004503659223118784,0.0012287756925826632,0.0,13.052678506557937,281.098939398786,1663960.8499151743,1653733.6654585944,27562.227757643243,4.291896176460371,518.3596732159382,5.801019243680818,2.1106834358278403,1000.0,0.07557730560268094,0.7693741394847723,0.0,0.007930275568323071,0.0,0.0,0.003564814814814815,15,60,50,high_d60_source_adaptive_hybrid,high,60,source,adaptive_hybrid,25
11411,11398,8,9622,9610,0,111,11287,3,3,1053.6629045262055,458.1421444888578,142085.28075497778,0.0,145000.56489148346,2915.2841365166023,13327,7056.408186800361,15,0.0,1643.6152594804075,52.612825017936686,0,0,111,0.0,777.0,333,680.1421444888571,558.6999765404497,558.6999765402143,31562.419726129156,894.9171390548937,0,0,0,20261146,328ff31af4de6b64,adaptive_hybrid,2,1.0,0.98,13,12,0.0007018775223723461,0.0018403295066164228,0.001247141966327167,0.0,12.721579653578123,595.5207600373476,1658581.5291005205,1646980.1039044103,27449.668398406837,11.335702408147618,526.0403287688192,14.915285650914894,1.6777777073279707,1000.0,0.07856581716637745,0.5294821180160847,0.0,0.019023324762504717,0.0,0.0,0.008993055555555556,15,60,50,high_d60_source_adaptive_hybrid,high,60,source,adaptive_hybrid,26
11731,11720,3,9831,9821,0,5,11715,0,0,46.359695921998636,20.05556216438247,145456.1304680135,0.0,145567.6635316434,111.53306363844604,13551,6325.243351152751,0,0.0,0.0,2.069641757310615,0,0,5,0.0,35.0,15,30.055562164382472,17.691831181647355,17.691831181640737,31218.987480833803,30.98127526702694,0,0,0,20261147,328ff31af4de6b64,adaptive_hybrid,2,1.0,0.98,11,10,0.0002559726962457338,0.0011934191458528684,0.0010171905197843556,0.0,12.420449106795513,26.304133757616167,1655601.2244438098,1643964.9215017024,27399.415358361708,0.5009260360730412,520.3164580138967,0.5163545877837824,1.1794554121093825,1000.0,0.08022154197566123,0.4667731791862409,0.0,0.0,0.0,0.0,0.0004050925925925926,15,60,50,high_d60_source_adaptive_hybrid,high,60,source,adaptive_hybrid,27
11047,11036,1,9294,9284,1,45,10991,0,0,458.90491338380997,173.3396745825144,135712.32303089357,99.25283685720206,137079.63911400212,1268.063246257807,12699,5560.749377976621,6,0.0,657.3809016117713,22.769165969612605,0,0,45,0.0,315.0,135,263.33967458251453,264.9569328909066,264.9569328908401,28538.59605164454,368.74540580627865,1,0,0,20261148,328ff31af4de6b64,adaptive_hybrid,2,1.0,0.98,11,10,9.061254077564335e-05,0.0010862677650040735,0.0011835592855605767,0.008993551726821498,12.421134388727992,285.56523880129555,1664881.8616929143,1654041.5542899182,27567.359238165303,4.388994576375242,475.643267527409,6.145756763437977,1.9626439473395563,1000.0,0.07506563239282538,0.4378887611604552,0.0,0.007608575250136242,0.0,0.0,0.0036458333333333334,15,60,50,high_d60_source_adaptive_hybrid,high,60,source,adaptive_hybrid,28
10180,10166,25,8580,8567,0,85,10081,4,4,818.1137643944422,373.895066504698,130714.45310461146,0.0,133182.09012004675,2467.637015444918,12080,8355.50893341962,12,0.0,1319.0425414988767,41.495428264253086,0,0,85,0.0,595.0,255,543.8950665046981,521.5347911279914,521.5347911278295,29292.485166175127,711.8635905874909,0,0,0,20261149,328ff31af4de6b64,adaptive_hybrid,2,1.0,0.98,14,13,0.0024591776509935077,0.003831041257367387,0.0015151515151515152,0.0,13.10073678143289,444.21869788974425,1670263.406094466,1660645.0247656666,27677.417079427778,9.064917775078301,488.2080861029188,11.864393176458181,2.045234475011096,1000.0,0.07207588550307442,0.6916812030976507,0.0,0.015266696082162926,0.0,0.0,0.0068865740740740745,15,60,50,high_d60_source_adaptive_hybrid,high,60,source,adaptive_hybrid,29
10920,10906,2,9159,9148,0,5,10901,0,0,38.7042077119831,19.274436597888243,136524.49426649077,0.0,136645.26252770916,120.76826122615603,12639,6014.949904318399,0,0.0,0.0,1.2701428577291125,0,0,5,0.0,35.0,15,29.274436597888247,52.66062542385386,52.66062542385043,29243.146181180877,8.374874549162984,0,0,0,20261120,71e50e82d3c784a6,travel_aware_hybrid,2,1.0,0.98,14,11,0.00018338529249954154,0.0014652014652014652,0.0012010044764712304,0.0,12.529365718660292,19.42977111409486,1664393.656794362,1653537.8005093646,27558.963341822742,0.48790727663147077,487.38576968634794,0.13958124248604972,3.5107083615900287,1000.0,0.07533685733646556,0.47590394052681373,0.0,0.0,0.0,0.0,0.0004050925925925926,15,60,50,high_d60_source_travel_aware_hybrid,high,60,source,travel_aware_hybrid,0
10819,10804,10,9148,9135,0,12,10792,1,1,140.74249416098883,51.92563719681594,136129.93299377352,0.0,136471.67046057887,341.73746681319426,12488,6335.941798857524,1,0.0,106.39371125502196,4.440498792370898,0,0,12,0.0,84.0,36,75.92563719681594,131.53879584349875,131.53879584352217,29288.265656095682,23.694037812871848,0,0,0,20261121,71e50e82d3c784a6,travel_aware_hybrid,2,1.0,0.98,15,13,0.0009255831173639393,0.002310749607172567,0.0014210756449497158,0.0,12.631587417676682,88.81685696417289,1665335.8974015524,1655153.1933717434,27585.886556195725,1.265427286613599,488.13776093492805,0.3949006302145308,3.653855440097838,1000.0,0.07481339033247092,0.5073624118239529,0.0,0.0012314086950812727,0.0,0.0,0.0009722222222222222,15,60,50,high_d60_source_travel_aware_hybrid,high,60,source,travel_aware_hybrid,1
12518,12506,2,10552,10542,0,16,12490,1,1,215.4510962714321,76.92504500486375,154508.00647399612,0.0,155018.78474924667,510.7782752628318,14376,6638.721113301635,2,0.0,209.1726756013128,6.979796383093732,0,0,16,0.0,112.0,48,108.9250450048637,180.50174810367304,180.50174810367753,32733.102793733564,28.180684166777333,0,0,0,20261122,71e50e82d3c784a6,travel_aware_hybrid,2,1.0,0.98,12,10,0.00015992323684631377,0.0011183895190925068,0.0009476876421531463,0.0,12.395552914540755,138.52605126656834,1646539.967249492,1634040.2788772064,27234.00464795344,1.8154174167477284,545.5517132288927,0.46967806944628887,3.760453085493282,1000.0,0.08525557375028225,0.4617919527894849,0.0,0.002420980041681861,0.0,0.0,0.0012962962962962963,15,60,50,high_d60_source_travel_aware_hybrid,high,60,source,travel_aware_hybrid,2
10389,10379,3,8735,8726,0,6,10373,0,0,67.14889983942716,24.00001666014316,129763.40613633672,0.0,129907.09633092207,143.6901945950849,12048,5169.107647829493,0,0.0,0.0,1.8406316685658424,0,0,6,0.0,42.0,18,36.00001666014316,56.7258388784111,56.7258388784212,27836.900115950517,3.9660346806319273,0,0,0,20261123,71e50e82d3c784a6,travel_aware_hybrid,2,1.0,0.98,10,9,0.00028904518739762984,0.0012513235152565214,0.001030337721808815,0.0,12.516340334417773,43.148883179284,1671717.6871416115,1661785.3529497483,27696.42254916247,0.6000002776690526,463.94833526584193,0.06610057801053212,3.1514354932456223,1000.0,0.0712679515879936,0.4290427994546392,0.0,0.0,0.0,0.0,0.0004861111111111111,15,60,50,high_d60_source_travel_aware_hybrid,high,60,source,travel_aware_hybrid,3
10405,10395,8,8736,8729,0,10,10385,1,1,112.9836235459088,43.19052211777045,130924.61399535238,0.0,131215.76616966756,291.1521743233825,12095,6261.814786666211,0,0.0,0.0,3.515263111140636,0,0,9,0.0,63.0,29,61.190522117770435,122.43300032697488,122.43300032696425,28514.493497208412,13.04942883648186,0,0,0,20261124,71e50e82d3c784a6,travel_aware_hybrid,2,1.0,0.98,10,7,0.0007696007696007696,0.0017299375300336376,0.0008012820512820513,0.0,12.622969328491347,69.79310142813836,1670729.651661967,1660675.0357015412,27677.917261692353,1.019842035296174,475.2415582868069,0.217490480608031,4.221827597481526,1000.0,0.0718168601877962,0.5177192878599596,0.0,0.0,0.0,0.0,0.0007291666666666667,15,60,50,high_d60_source_travel_aware_hybrid,high,60,source,travel_aware_hybrid,4
11041,11032,8,9270,9265,0,17,11015,0,0,134.58557794337386,63.839420730594426,136622.33670144048,0.0,136978.40016786198,356.06346643229335,12833,5183.009388711222,1,0.0,105.14558768571987,4.159618672705304,0,0,15,0.0,105.0,49,93.8394207305944,153.04968243570386,153.04968243571784,29765.84090108234,15.073193553929084,0,0,0,20261125,71e50e82d3c784a6,travel_aware_hybrid,2,1.0,0.98,9,5,0.0007251631617113851,0.0015397156054705189,0.0005393743257820927,0.0,12.416461218986765,70.74615721277944,1664449.9740669217,1653575.7997782254,27559.596662970423,1.5639903455099067,496.0973483513724,0.2512198925654847,3.1234629068513846,1000.0,0.07530556996282123,0.4038813518827415,0.0,0.0012169628204365727,0.0,0.0,0.0012152777777777778,15,60,50,high_d60_source_travel_aware_hybrid,high,60,source,travel_aware_hybrid,5
11828,11813,1,10005,9994,0,12,11801,0,0,119.97502565865193,46.0551900252343,147523.4715061067,0.0,147777.15512194915,253.68361585289676,13739,7190.305869439506,1,0.0,107.02684878553852,3.4234835143290288,0,0,11,0.0,77.0,35,68.05519002523428,92.43904063206107,92.43904063205264,32201.13331900939,5.089423636740563,0,0,0,20261126,71e50e82d3c784a6,travel_aware_hybrid,2,1.0,0.98,15,11,8.465250148141877e-05,0.0013527223537368955,0.0010994502748625688,0.0,12.509705842880653,73.91983563341762,1653513.6446562181,1641940.9218216185,27365.68203036031,1.134253167087238,536.6855553168232,0.08482372727900939,2.6411154466300752,1000.0,0.08138130852432324,0.5233500159720144,0.0,0.0012387366757585477,0.0,0.0,0.0008912037037037037,15,60,50,high_d60_source_travel_aware_hybrid,high,60,source,travel_aware_hybrid,6
11430,11422,3,9643,9637,0,13,11409,0,0,93.33760089195023,51.6134509319098,144162.84263314298,0.0,144493.5823258304,330.739692697558,13314,6939.991562537281,0,0.0,0.0,2.880241152768909,0,0,13,0.0,91.0,39,77.6134509319098,168.81837057203478,168.81837057202574,31924.33495537777,13.443750860299602,0,0,0,20261127,71e50e82d3c784a6,travel_aware_hybrid,2,1.0,0.98,8,6,0.00026265102433899493,0.0009623797025371828,0.0006222130042517888,0.0,12.650462469430082,41.72414996004043,1657371.7504746409,1645962.957188191,27432.715953136514,1.29355751553183,532.0722492562961,0.2240625143383267,4.32867616851348,1000.0,0.07923791640297728,0.5212551872117531,0.0,0.0,0.0,0.0,0.0010532407407407407,15,60,50,high_d60_source_travel_aware_hybrid,high,60,source,travel_aware_hybrid,7
11393,11384,19,9621,9615,1,9,11375,0,0,56.13441206068683,34.48740732405796,144764.1205996799,0.0,145024.884594161,260.76399449089513,13196,8921.784046064013,0,0.0,0.0,1.9777504743638168,0,0,8,0.0,56.0,26,50.48740732405796,125.62223915737303,125.62223915737741,31958.244147448073,15.554394520327682,0,0,0,20261128,71e50e82d3c784a6,travel_aware_hybrid,2,1.0,0.98,9,6,0.0016690091356289529,0.0024576494338628984,0.0007275750961438519,0.0,12.739360909536279,21.647004736628865,1657179.6569236708,1646058.2303050847,27434.30383841808,0.8414567887342994,532.6374024574678,0.25923990867212804,4.831624582976054,1000.0,0.07934463504240508,0.6760976088257057,0.0,0.0,0.0,0.0,0.0006481481481481481,15,60,50,high_d60_source_travel_aware_hybrid,high,60,source,travel_aware_hybrid,8
11998,11984,18,10141,10130,0,8,11976,0,0,76.04314889146843,30.44412507808805,152935.2765908033,0.0,153193.07669605827,257.80010526545084,13862,10554.238856356016,0,0.0,0.0,2.37419794012372,0,0,7,0.0,49.0,23,44.44412507808805,125.24041780883985,125.24041780881089,33346.462207571225,9.386016627878991,0,0,0,20261129,71e50e82d3c784a6,travel_aware_hybrid,2,1.0,0.98,14,11,0.0015020026702269693,0.002667111185197533,0.0010847056503303421,0.0,12.783133903209135,45.599023813380384,1649246.46733669,1637708.344628157,27295.13907713595,0.7407354179681341,555.7743701261871,0.15643361046464985,5.445235556904821,1000.0,0.0837519625907277,0.7613792278427367,0.0,0.0,0.0,0.0,0.0005671296296296297,15,60,50,high_d60_source_travel_aware_hybrid,high,60,source,travel_aware_hybrid,9
10742,10726,13,9026,9012,1,10,10716,0,0,141.9664684834248,41.77358822813969,137535.58684248975,0.0,137865.7520914561,330.1652489735625,12540,8358.91165528667,1,0.0,106.50189241915584,4.062322339795172,0,0,8,0.0,56.0,28,57.77358822813967,128.10341858659407,128.10341858658285,30233.463511210084,12.95317455619931,0,0,0,20261130,71e50e82d3c784a6,travel_aware_hybrid,2,1.0,0.98,16,14,0.0012120082043632296,0.0026996834853844722,0.001661865721249723,0.0,12.853417125811681,100.1928802552851,1664196.577357768,1653929.667602214,27565.4944600369,0.9628931371356612,503.8910585201681,0.21588624260332182,4.575122092377959,1000.0,0.07544634591235111,0.6665798768171188,0.0,0.0012326607918883778,0.0,0.0,0.0006481481481481481,15,60,50,high_d60_source_travel_aware_hybrid,high,60,source,travel_aware_hybrid,10
9340,9329,2,7811,7800,0,11,9318,0,0,77.83382292545295,42.89381171917702,117551.29050412633,0.0,117788.44487863182,237.15437451360594,10903,3596.7806897596965,0,0.0,0.0,2.425313721121898,0,0,10,0.0,70.0,32,62.89381171917701,107.34500851460285,107.34500851460871,25316.743903325318,9.93603191046212,0,0,0,20261131,71e50e82d3c784a6,travel_aware_hybrid,2,1.0,0.98,11,11,0.0002143852502947797,0.00139186295503212,0.0014082703879144795,0.0,12.626052618569174,34.940011206275926,1683398.3224912775,1674910.038086753,27915.167301445887,1.048230195319617,421.9457317220886,0.16560053184103532,3.354531516081522,1000.0,0.06477870972706812,0.32988908463355926,0.0,0.0,0.0,0.0,0.0008101851851851852,15,60,50,high_d60_source_travel_aware_hybrid,high,60,source,travel_aware_hybrid,11
10130,10121,5,8463,8454,0,14,10107,0,0,140.77357137188605,52.10454199965277,127041.54034540601,0.0,127375.06807047497,333.5277250770596,11794,4614.460090034268,1,0.0,113.17457245741315,4.308373036599315,0,0,11,0.0,77.0,39,74.10454199965275,135.579823342726,135.5798233427231,27088.872745017237,10.829378113576432,0,0,0,20261132,71e50e82d3c784a6,travel_aware_hybrid,2,1.0,0.98,9,9,0.0004940223298093074,0.0013820335636722605,0.0010634526763559022,0.0,12.585225577559033,88.66902937223328,1673813.5504912853,1664437.2778540563,27740.621297567606,1.2350756999942125,451.48121241695395,0.18048963522627387,3.47640572673649,1000.0,0.0701035830603971,0.3912548829942571,0.0,0.0013098908849237634,0.0,0.0,0.0008912037037037037,15,60,50,high_d60_source_travel_aware_hybrid,high,60,source,travel_aware_hybrid,12
9975,9968,1,8353,8348,0,9,9959,0,0,98.04632695500202,35.72487217301781,125354.19469621808,0.0,125596.62534299301,242.43064678047813,11664,4345.797365953878,1,0.0,102.10053370705016,2.9916222737489617,0,0,9,0.0,63.0,27,53.7248721730178,98.3978386237385,98.39783862372497,27076.750960286165,12.346828270049961,0,0,0,20261133,71e50e82d3c784a6,travel_aware_hybrid,2,1.0,0.98,7,5,0.00010032102728731942,0.0008020050125313284,0.0005985873338920149,0.0,12.599982478229636,62.32145478198421,1675619.9884004744,1665962.058738824,27766.03431231373,0.8954145362169633,451.2791826714361,0.20578047116749937,3.644364393471295,1000.0,0.0691000064441809,0.3725820786997495,0.0,0.0011817191401278953,0.0,0.0,0.0007291666666666667,15,60,50,high_d60_source_travel_aware_hybrid,high,60,source,travel_aware_hybrid,13
11917,11906,1,10055,10046,0,6,11900,0,0,33.719352381297504,24.342500601714992,145663.47827208557,0.0,145773.3505007071,109.87222863178977,13587,5861.390681193261,0,0.0,0.0,1.1208738275847947,0,0,4,0.0,28.0,16,32.342500601715,52.69477492668324,52.69477492668557,30424.25700084491,5.997865462835886,0,0,0,20261134,71e50e82d3c784a6,travel_aware_hybrid,2,1.0,0.98,11,9,8.399126490844952e-05,0.0010069648401443317,0.0008950770760815514,0.0,12.243688098497154,9.376851779582513,1655718.4665314963,1643620.1864779722,27393.66977463287,0.53904167669525,507.07095001408186,0.0999644243805981,3.293423432917848,1000.0,0.08015640748250208,0.4313969736655083,0.0,0.0,0.0,0.0,0.00032407407407407406,15,60,50,high_d60_source_travel_aware_hybrid,high,60,source,travel_aware_hybrid,14
10733,10724,3,8993,8987,0,12,10712,0,0,164.50495754988498,51.807957469463666,132019.3762537809,0.0,132372.67923169635,353.3029779235767,12213,3756.5399316165676,1,0.0,107.60496038751268,5.28208923770105,0,0,11,0.0,77.0,35,73.80795746946366,105.63588568570425,105.63588568568957,27665.955588237775,16.730200966006954,0,0,0,20261135,71e50e82d3c784a6,travel_aware_hybrid,2,1.0,0.98,9,6,0.0002797463632972771,0.0011180471443212523,0.0006671855887912822,0.0,12.343591871661353,112.6970000804213,1668905.1891565905,1658744.1279550102,27645.735465916838,1.230132624491061,461.0992598039629,0.2788366827667826,3.0181681624482737,1000.0,0.07283045046856085,0.30758535426320865,0.0,0.0012454277822628783,0.0,0.0,0.0008912037037037037,15,60,50,high_d60_source_travel_aware_hybrid,high,60,source,travel_aware_hybrid,15
10624,10614,10,9011,9003,0,14,10600,0,0,113.44239836391583,54.780525369842124,135054.146908414,0.0,135395.7431112769,341.59620287234793,12453,7770.914664582331,1,0.0,105.39241380964205,3.6973936767480886,0,0,14,0.0,98.0,42,82.78052536984211,144.41922437370036,144.4192243737125,29395.713901045092,18.1951962661514,0,0,0,20261136,71e50e82d3c784a6,travel_aware_hybrid,2,1.0,0.98,10,8,0.000942151874882231,0.0018825301204819277,0.0008878037953612252,0.0,12.756335322336247,58.661872994073704,1666498.3819260674,1656439.3838919601,27607.323064866003,1.3796754228307018,489.9285650174182,0.3032532711025233,3.438552961278869,1000.0,0.07416756559662918,0.6240194864355842,0.0,0.0012198196042782644,0.0,0.0,0.0011342592592592593,15,60,50,high_d60_source_travel_aware_hybrid,high,60,source,travel_aware_hybrid,16
11146,11141,0,9396,9393,0,15,11126,0,0,156.4069853998968,62.10250000200386,138554.7938700993,0.0,138933.2172257133,378.4233556240033,12879,5333.163509624275,1,0.0,105.80483690573334,4.746655852621021,0,0,13,0.0,91.0,43,88.10250000200385,153.8729660819028,153.87296608186807,29355.91365831177,12.828407877349589,0,0,0,20261137,71e50e82d3c784a6,travel_aware_hybrid,2,1.0,0.98,5,3,0.0,0.00044859142293199355,0.00031928480204342275,0.0,12.470444055804085,94.30448539789293,1662710.9036765061,1651298.3909352508,27521.639848920848,1.4683750000333975,489.2652276385295,0.2138067979558265,3.5784410716713504,1000.0,0.07627172017971884,0.41409764031557383,0.0,0.001224593019742284,0.0,0.0,0.0010532407407407407,15,60,50,high_d60_source_travel_aware_hybrid,high,60,source,travel_aware_hybrid,17
11582,11573,3,9757,9749,0,18,11555,1,1,146.846881745223,73.91807335228314,141158.50955406728,0.0,141549.0210214953,390.5114674386459,13250,4204.525058740619,1,0.0,104.32413617283342,4.294263213548112,0,0,16,0.0,112.0,52,105.91807335228313,174.77854675133065,174.7785467512913,29549.64527392079,6.574916476269442,0,0,0,20261138,71e50e82d3c784a6,travel_aware_hybrid,2,1.0,0.98,9,8,0.0002592240559923961,0.0010360904852357105,0.0008199241570154761,0.0,12.230970450314985,72.92880839293984,1659834.2566493736,1648679.3118252156,27477.988530420258,1.7653012225380522,492.4940878986798,0.10958194127115736,3.361125899063294,1000.0,0.07786985741701469,0.3173226459426882,0.0,0.0012074552797781647,0.0,0.0,0.0012962962962962963,15,60,50,high_d60_source_travel_aware_hybrid,high,60,source,travel_aware_hybrid,18
10459,10451,3,8766,8759,0,11,10440,0,0,89.9683022898755,44.05336588067441,131509.95397595316,0.0,131761.6238814236,251.66990547956811,12202,5821.666975589376,0,0.0,0.0,2.579593806510703,0,0,8,0.0,56.0,30,60.0533658806744,114.88390917647006,114.8839091764421,28835.366233518125,3.167767312261652,0,0,0,20261139,71e50e82d3c784a6,travel_aware_hybrid,2,1.0,0.98,8,7,0.0002870538704430198,0.001051725786404054,0.0007985398129135296,0.0,12.607561370340026,45.91493640920108,1669581.2558218515,1659563.979858143,27659.399664302382,1.0008894313445733,480.5894372253021,0.052796121871027536,3.8294636392147368,1000.0,0.0724548578767491,0.47710760331006197,0.0,0.0,0.0,0.0,0.0006481481481481481,15,60,50,high_d60_source_travel_aware_hybrid,high,60,source,travel_aware_hybrid,19
11676,11663,2,9844,9831,0,12,11651,0,0,126.53633087765124,45.814955716510426,142572.1398671752,0.0,142902.17609547093,330.03622830688437,13321,5531.784069516338,1,0.0,106.08892043559837,4.233192177263533,0,0,11,0.0,77.0,35,67.81495571651041,137.0935854998361,137.09358549983153,29681.44751660637,25.517302385063857,0,0,0,20261140,71e50e82d3c784a6,travel_aware_hybrid,2,1.0,0.98,13,13,0.0001714824659178599,0.0012846865364850976,0.0013206013815522145,0.0,12.252608770939803,80.72137516114081,1658456.6113956922,1647333.7191895694,27455.561986492823,1.1302492619418403,494.69079194343954,0.4252883730843976,3.9169595857094723,1000.0,0.07863521589128208,0.41526792804716894,0.0,0.0012278810235601663,0.0,0.0,0.0008912037037037037,15,60,50,high_d60_source_travel_aware_hybrid,high,60,source,travel_aware_hybrid,20
10787,10768,12,9060,9043,0,11,10757,0,0,146.47516178610383,45.22879106232131,135130.96900576062,0.0,135448.87820577924,317.9092000285291,12420,7029.15688667189,0,0.0,0.0,4.358172262594336,0,0,11,0.0,77.0,33,67.22879106232128,116.3013390292984,116.30133902929083,29511.58239518696,13.079309115828902,0,0,0,20261141,71e50e82d3c784a6,travel_aware_hybrid,2,1.0,0.98,19,17,0.001114413075780089,0.002873829609715398,0.0018763796909492274,0.0,12.578833414355428,101.24637072378252,1666422.7352934813,1656149.6623006237,27602.49437167706,1.120479851038688,491.85970658644936,0.21798848526381503,3.5242830008876007,1000.0,0.0742095915036215,0.565954660762632,0.0,0.0,0.0,0.0,0.0008912037037037037,15,60,50,high_d60_source_travel_aware_hybrid,high,60,source,travel_aware_hybrid,21
11445,11435,4,9600,9593,0,8,11427,0,0,90.39828496060774,32.77204844834364,144939.97216948247,0.0,145143.8215256827,203.84935621120167,13433,7909.907744956263,0,0.0,0.0,2.8010641876710904,0,0,7,0.0,49.0,23,46.772048448343625,74.03474025602742,74.03474025601827,31446.49120427845,17.022949572588903,0,0,0,20261142,71e50e82d3c784a6,travel_aware_hybrid,2,1.0,0.98,10,7,0.00034980323567993004,0.0012232415902140672,0.0007291666666666667,0.0,12.692944602158521,57.6262365122641,1656231.962915717,1645212.3095129784,27420.20515854964,0.7795341408057271,524.1081867379742,0.28371582620981506,3.2189017502616637,1000.0,0.07987113171349058,0.588841490728524,0.0,0.0,0.0,0.0,0.0005671296296296297,15,60,50,high_d60_source_travel_aware_hybrid,high,60,source,travel_aware_hybrid,22
10468,10457,10,8859,8852,1,19,10438,0,0,179.92288939262116,73.50449445202824,132413.05768871916,0.0,132923.63825243595,510.5805637265821,12188,6376.426542394749,0,0.0,0.0,5.453873672210288,0,0,18,0.0,126.0,56,109.5044944520282,230.13030524916397,230.13030524911665,29365.64807431049,20.701385923678302,0,0,0,20261143,71e50e82d3c784a6,travel_aware_hybrid,2,1.0,0.98,11,7,0.000956297217175098,0.0020061138708444785,0.0009030364600970764,0.0,12.711450535759392,106.41839494059292,1668673.2325948877,1658546.4791086488,27642.441318477482,1.8250749075338033,489.42746790517486,0.3450230987279717,4.109469736591369,1000.0,0.07295931522506238,0.523172509221755,0.0,0.0,0.0,0.0,0.0014583333333333334,15,60,50,high_d60_source_travel_aware_hybrid,high,60,source,travel_aware_hybrid,23
11959,11945,2,10031,10021,0,13,11932,1,1,91.82850210525717,58.57261751962707,145360.30848173695,0.0,145608.2381746171,247.92969288950553,13597,5006.586344477764,0,0.0,0.0,2.5010420205285926,0,0,13,0.0,91.0,39,84.57261751962704,111.04189525802909,111.04189525802576,30303.29733893653,0.0,0,0,0,20261144,71e50e82d3c784a6,travel_aware_hybrid,2,1.0,0.98,14,10,0.00016743407283382168,0.0013379045070658082,0.0009969095803010668,0.0,12.189890177866646,33.2558845856301,1655497.3001114004,1643333.2698412333,27388.88783068722,1.4095436253271174,505.05495564894215,0.0,2.847228083539122,1000.0,0.08027927771588861,0.3682125722201783,0.0,0.0,0.0,0.0,0.0010532407407407407,15,60,50,high_d60_source_travel_aware_hybrid,high,60,source,travel_aware_hybrid,24
10658,10645,30,8952,8941,0,11,10634,1,1,99.21593593038078,45.34959220227511,138232.16824395012,0.0,138569.85443107385,337.68618713563774,12549,9663.25522212505,0,0.0,0.0,3.330739199295736,0,0,9,0.0,63.0,31,63.3495922022751,122.48229579658876,122.48229579657345,31063.169519880248,20.26440096194783,0,0,0,20261145,71e50e82d3c784a6,travel_aware_hybrid,2,1.0,0.98,13,11,0.0028182245185533112,0.004034528054043911,0.0012287756925826632,0.0,13.017365376333851,53.86634372810567,1663739.3729162903,1653339.320275291,27555.65533792152,1.055826536704585,517.7194919980042,0.3377400160324638,3.9510417998894662,1000.0,0.07570034837983874,0.7700418537034863,0.0,0.0,0.0,0.0,0.0007291666666666667,15,60,50,high_d60_source_travel_aware_hybrid,high,60,source,travel_aware_hybrid,25
11411,11396,10,9622,9608,0,9,11387,0,0,73.86637961293067,38.81671307760428,143312.9993017829,0.0,143535.92134512973,222.92204335779934,13210,6950.593271942313,0,0.0,0.0,2.2816561961663497,0,0,8,0.0,56.0,26,54.81671307760428,108.24839479077653,108.24839479077309,31502.398510791783,11.717477567537555,0,0,0,20261146,71e50e82d3c784a6,travel_aware_hybrid,2,1.0,0.98,15,14,0.0008775008775008775,0.002190868460257646,0.001454998960715028,0.0,12.595289693324826,35.049666535326395,1658439.8580110525,1646836.1124422776,27447.268540704627,0.9136118846267379,525.0399751798631,0.1952912927922926,4.163399799645119,1000.0,0.07864452332719307,0.5261614891705005,0.0,0.0,0.0,0.0,0.0006481481481481481,15,60,50,high_d60_source_travel_aware_hybrid,high,60,source,travel_aware_hybrid,26
11731,11720,4,9831,9823,0,13,11707,0,0,154.54391448800536,52.40946500905836,145110.81720385843,0.0,145484.21620193744,373.39899808742484,13546,6209.950149676753,1,0.0,100.36773219697477,5.021781734989204,0,0,11,0.0,77.0,37,74.40946500905834,135.0184907928345,135.01849079285057,31060.464522506896,23.962858094552665,0,0,0,20261147,71e50e82d3c784a6,travel_aware_hybrid,2,1.0,0.98,11,8,0.00034129692832764505,0.0012786633705566448,0.0008137524158274845,0.0,12.413329027469064,102.134449478947,1655794.1297835782,1643988.3610250559,27399.806017084265,1.2401577501509722,517.6744087084483,0.39938096824254443,3.649148399806772,1000.0,0.08011437234245655,0.4584342351747197,0.0,0.0011616635670946155,0.0,0.0,0.0008912037037037037,15,60,50,high_d60_source_travel_aware_hybrid,high,60,source,travel_aware_hybrid,27
11047,11037,0,9294,9284,0,8,11029,0,0,94.30121911883968,33.40430586559438,136083.78751705273,0.0,136301.21328125912,217.4257642154207,12661,5405.648269343237,0,0.0,0.0,2.883540231102457,0,0,7,0.0,49.0,23,47.40430586559438,83.67984910574272,83.67984910572522,28578.137868863832,7.55928957453221,0,0,0,20261148,71e50e82d3c784a6,travel_aware_hybrid,2,1.0,0.98,10,10,0.0,0.0009052231375033946,0.0010759629868732515,0.0,12.349480228436995,60.8969132532453,1664919.5784986056,1653986.965307695,27566.449421794918,0.790071764426573,476.3022978143972,0.12598815957553683,3.638254308944575,1000.0,0.0750446786118858,0.4269527106344868,0.0,0.0,0.0,0.0,0.0005671296296296297,15,60,50,high_d60_source_travel_aware_hybrid,high,60,source,travel_aware_hybrid,28
10180,10167,21,8580,8568,1,21,10146,0,0,143.47400244289713,84.56880878991909,131886.20285650718,0.0,132409.09132718746,522.8884706909212,11988,8554.084185494126,1,0.0,104.7698529057676,4.725832671481611,0,0,19,0.0,133.0,61,122.56880878991906,235.68190661946193,235.68190661940753,29400.90980038893,24.228330540392005,0,0,0,20261149,71e50e82d3c784a6,travel_aware_hybrid,2,1.0,0.98,13,12,0.0020655060489820007,0.0033398821218074658,0.0015151515151515152,0.0,13.02341805126266,58.90519365297804,1669885.860024252,1660457.4291179788,27674.290485299647,2.042813479831984,490.0151633398155,0.4038055090065334,3.86363781343291,1000.0,0.07228563331986004,0.7135539026938711,0.0,0.0012126140382611992,0.0,0.0,0.0015393518518518519,15,60,50,high_d60_source_travel_aware_hybrid,high,60,source,travel_aware_hybrid,29
10920,10910,8,4402,4399,0,0,10910,0,0,0.0,0.0,143497.99006398473,0.0,143497.99006397458,0.0,12666,5913.328276194035,0,0.0,0.0,0.0,0,0,0,0.0,0.0,0,0.0,0.0,0.0,29327.33458931536,0.0,0,0,0,20261120,82d1bcf1910057ab,human_only,0,1.0,0.98,10,3,0.0007332722273143905,0.0016483516483516484,0.0006815084052703317,0.0,13.152886348668615,0.0,1657605.7312466495,1647153.49052031,27452.558175338498,0.0,488.7889098219227,0.0,0.0,1000.0,0.07910792708519476,0.46686627792468305,0.0,0.0,0.0,0.0,0.0,15,60,50,high_d60_balanced_human_only,high,60,balanced,human_only,0
10819,10801,22,4312,4303,0,0,10801,0,0,0.0,0.0,143729.79982813308,0.0,143729.79982812682,0.0,12521,6522.627626934536,0,0.0,0.0,0.0,0,0,0,0.0,0.0,0,0.0,0.0,0.0,29663.319795052303,0.0,0,0,0,20261121,82d1bcf1910057ab,human_only,0,1.0,0.98,18,9,0.002036848439959263,0.003697199371476107,0.0020871985157699443,0.0,13.307082661617148,0.0,1658149.8293930667,1647770.7762675812,27462.846271126353,0.0,494.38866325087173,0.0,0.0,1000.0,0.07880565033718512,0.5209350392887578,0.0,0.0,0.0,0.0,0.0,15,60,50,high_d60_balanced_human_only,high,60,balanced,human_only,1
12518,12510,8,4892,4887,0,0,12510,0,0,0.0,0.0,163330.93668961743,0.0,163330.9366896059,0.0,14375,6704.224564773087,0,0.0,0.0,0.0,0,0,0,0.0,0.0,0,0.0,0.0,0.0,32874.05886366287,0.0,0,0,0,20261122,82d1bcf1910057ab,human_only,0,1.0,0.98,8,5,0.000639488409272582,0.0012781594503914362,0.0010220768601798855,0.0,13.05603011107961,0.0,1638105.026253165,1625602.8261676831,27093.380436128053,0.0,547.9009810610478,0.0,0.0,1000.0,0.08994165208157501,0.46638083928856255,0.0,0.0,0.0,0.0,0.0,15,60,50,high_d60_balanced_human_only,high,60,balanced,human_only,2
10389,10380,3,4215,4212,0,0,10380,0,0,0.0,0.0,137002.5547752236,0.0,137002.55477521336,0.0,12074,5385.788331442443,0,0.0,0.0,0.0,0,0,0,0.0,0.0,0,0.0,0.0,0.0,28199.362844723375,0.0,0,0,0,20261123,82d1bcf1910057ab,human_only,0,1.0,0.98,9,3,0.00028901734104046245,0.001155067860236789,0.0007117437722419929,0.0,13.198704698960825,0.0,1664777.6387107966,1655228.9460784032,27587.14910130672,0.0,469.9893807453896,0.0,0.0,1000.0,0.0751235340495574,0.4460649603646218,0.0,0.0,0.0,0.0,0.0,15,60,50,high_d60_balanced_human_only,high,60,balanced,human_only,3
10405,10395,29,4163,4158,0,0,10395,0,0,0.0,0.0,137960.9536498244,0.0,137960.9536498162,0.0,12109,6329.084530217131,0,0.0,0.0,0.0,0,0,0,0.0,0.0,0,0.0,0.0,0.0,28713.092989021006,0.0,0,0,0,20261124,82d1bcf1910057ab,human_only,0,1.0,0.98,10,5,0.0027898027898027897,0.003748197981739548,0.0012010569300984868,0.0,13.271857012969331,0.0,1664011.2075122586,1653894.004213363,27564.900070222717,0.0,478.5515498170168,0.0,0.0,1000.0,0.07554932915985635,0.5226760698833207,0.0,0.0,0.0,0.0,0.0,15,60,50,high_d60_balanced_human_only,high,60,balanced,human_only,4
11041,11032,4,4345,4341,0,0,11032,0,0,0.0,0.0,144026.97274661122,0.0,144026.9727466005,0.0,12835,4990.548800549743,0,0.0,0.0,0.0,0,0,0,0.0,0.0,0,0.0,0.0,0.0,29786.87202054992,0.0,0,0,0,20261125,82d1bcf1910057ab,human_only,0,1.0,0.98,9,4,0.00036258158085569254,0.0011774295806539262,0.0009205983889528193,0.0,13.05538186608054,0.0,1657418.0184871566,1646588.6496479488,27443.144160799147,0.0,496.44786700916535,0.0,0.0,1000.0,0.07921221195157968,0.3888234359602449,0.0,0.0,0.0,0.0,0.0,15,60,50,high_d60_balanced_human_only,high,60,balanced,human_only,5
11828,11816,6,4715,4710,0,0,11816,0,0,0.0,0.0,155184.50927337227,0.0,155184.509273361,0.0,13775,7246.907717879169,0,0.0,0.0,0.0,0,0,0,0.0,0.0,0,0.0,0.0,0.0,32349.882257441328,0.0,0,0,0,20261126,82d1bcf1910057ab,human_only,0,1.0,0.98,12,5,0.0005077860528097495,0.0015218126479540075,0.0010604453870625664,0.0,13.13342157018966,0.0,1646178.8875073504,1634897.5682219001,27248.292803698336,0.0,539.1647042906887,0.0,0.0,1000.0,0.08545617360702751,0.5260913043832427,0.0,0.0,0.0,0.0,0.0,15,60,50,high_d60_balanced_human_only,high,60,balanced,human_only,6
11430,11422,7,4570,4568,0,0,11422,0,0,0.0,0.0,152061.7526103916,0.0,152061.7526103814,0.0,13341,7056.046938696441,0,0.0,0.0,0.0,0,0,0,0.0,0.0,0,0.0,0.0,0.0,32229.948967139335,0.0,0,0,0,20261127,82d1bcf1910057ab,human_only,0,1.0,0.98,8,2,0.0006128523901243215,0.0013123359580052493,0.000437636761487965,0.0,13.313058361966503,0.0,1649906.0824565922,1638558.847058277,27309.31411763795,0.0,537.1658161189889,0.0,0.0,1000.0,0.08338550974633763,0.528899403245367,0.0,0.0,0.0,0.0,0.0,15,60,50,high_d60_balanced_human_only,high,60,balanced,human_only,7
11393,11383,34,4407,4403,0,0,11383,0,0,0.0,0.0,152825.48754829017,0.0,152825.4875482805,0.0,13194,9227.364974519724,0,0.0,0.0,0.0,0,0,0,0.0,0.0,0,0.0,0.0,0.0,32204.61296876085,0.0,0,0,0,20261128,82d1bcf1910057ab,human_only,0,1.0,0.98,10,4,0.002986910304840552,0.0038620205389274117,0.0009076469253460404,0.0,13.425765400007073,0.0,1649452.5081975295,1638471.5497196312,27307.859161993852,0.0,536.7435494793475,0.0,0.0,1000.0,0.083637495445817,0.6993606923237626,0.0,0.0,0.0,0.0,0.0,15,60,50,high_d60_balanced_human_only,high,60,balanced,human_only,8
11998,11984,39,4782,4774,0,0,11984,0,0,0.0,0.0,160548.0615487446,0.0,160548.06154873318,0.0,13887,10314.051612433925,0,0.0,0.0,0.0,0,0,0,0.0,0.0,0,0.0,0.0,0.0,33225.868221983874,0.0,0,0,0,20261129,82d1bcf1910057ab,human_only,0,1.0,0.98,14,8,0.0032543391188251,0.0044174029004834135,0.001672940192388122,0.0,13.396867619220059,0.0,1641942.055103286,1630197.4371905064,27169.95728650844,0.0,553.7644703663979,0.0,0.0,1000.0,0.08780996938706331,0.7427127250258461,0.0,0.0,0.0,0.0,0.0,15,60,50,high_d60_balanced_human_only,high,60,balanced,human_only,9
10742,10727,23,4260,4256,0,0,10727,0,0,0.0,0.0,144587.07244548644,0.0,144587.07244547855,0.0,12526,8162.479906610606,0,0.0,0.0,0.0,0,0,0,0.0,0.0,0,0.0,0.0,0.0,30257.136676008813,0.0,0,0,0,20261130,82d1bcf1910057ab,human_only,0,1.0,0.98,15,4,0.002144122308194276,0.003537516291193446,0.0009389671361502347,0.0,13.478798587254456,0.0,1657467.6342021131,1647117.8824312768,27451.964707187948,0.0,504.28561126681353,0.0,0.0,1000.0,0.07918464766549271,0.6516429751405561,0.0,0.0,0.0,0.0,0.0,15,60,50,high_d60_balanced_human_only,high,60,balanced,human_only,10
9340,9331,3,3731,3726,0,0,9331,0,0,0.0,0.0,123811.72464617653,0.0,123811.72464616894,0.0,10921,3688.0335315298325,0,0.0,0.0,0.0,0,0,0,0.0,0.0,0,0.0,0.0,0.0,25496.18331457195,0.0,0,0,0,20261131,82d1bcf1910057ab,human_only,0,1.0,0.98,9,5,0.00032150894866573784,0.001284796573875803,0.0013401232913428035,0.0,13.268859141160533,0.0,1677423.513908648,1669010.6459421013,27816.84409903502,0.0,424.9363885761992,0.0,0.0,1000.0,0.06809804782852891,0.3377010833742178,0.0,0.0,0.0,0.0,0.0,15,60,50,high_d60_balanced_human_only,high,60,balanced,human_only,11
10130,10123,5,4100,4098,0,0,10123,0,0,0.0,0.0,133821.29839385138,0.0,133821.2983938444,0.0,11801,4576.124086731583,0,0.0,0.0,0.0,0,0,0,0.0,0.0,0,0.0,0.0,0.0,27213.749211125323,0.0,0,0,0,20261132,82d1bcf1910057ab,human_only,0,1.0,0.98,7,2,0.0004939247258717772,0.0011846001974333662,0.0004878048780487805,0.0,13.219529624996976,0.0,1667324.50670952,1657894.8892852932,27631.58148808822,0.0,453.56248685208874,0.0,0.0,1000.0,0.07370860738359997,0.38777426376845886,0.0,0.0,0.0,0.0,0.0,15,60,50,high_d60_balanced_human_only,high,60,balanced,human_only,12
9975,9969,8,3996,3995,0,0,9969,0,0,0.0,0.0,132108.01860392303,0.0,132108.01860391695,0.0,11671,4328.770456313741,0,0.0,0.0,0.0,0,0,0,0.0,0.0,0,0.0,0.0,0.0,27204.999904471162,0.0,0,0,0,20261133,82d1bcf1910057ab,human_only,0,1.0,0.98,6,1,0.0008024877119069114,0.0014035087719298245,0.00025025025025025025,0.0,13.251882696751625,0.0,1669173.5854172718,1659487.0450414151,27658.11741735692,0.0,453.41666507451936,0.0,0.0,1000.0,0.07268134143484895,0.3708997049364871,0.0,0.0,0.0,0.0,0.0,15,60,50,high_d60_balanced_human_only,high,60,balanced,human_only,13
11917,11906,4,4640,4636,0,0,11906,0,0,0.0,0.0,153851.93244316353,0.0,153851.93244315198,0.0,13612,5997.138234912682,0,0.0,0.0,0.0,0,0,0,0.0,0.0,0,0.0,0.0,0.0,30684.779832667606,0.0,0,0,0,20261134,82d1bcf1910057ab,human_only,0,1.0,0.98,11,4,0.0003359650596337981,0.0012587060501804146,0.0008620689655172414,0.0,12.922218414509658,0.0,1647848.3638854148,1635608.4302418567,27260.140504030944,0.0,511.41299721112676,0.0,0.0,1000.0,0.0845286867303251,0.44057730200651496,0.0,0.0,0.0,0.0,0.0,15,60,50,high_d60_balanced_human_only,high,60,balanced,human_only,14
10733,10724,3,4241,4234,0,0,10724,0,0,0.0,0.0,139472.75678944847,0.0,139472.7567894398,0.0,12217,3819.2591078492424,0,0.0,0.0,0.0,0,0,0,0.0,0.0,0,0.0,0.0,0.0,28025.632456231564,0.0,0,0,0,20261135,82d1bcf1910057ab,human_only,0,1.0,0.98,9,7,0.0002797463632972771,0.0011180471443212523,0.0016505541145956143,0.0,13.0056654969638,0.0,1661758.4427456942,1651662.5421002903,27527.70903500484,0.0,467.09387427052604,0.0,0.0,1000.0,0.07680086514128104,0.31261840941714353,0.0,0.0,0.0,0.0,0.0,15,60,50,high_d60_balanced_human_only,high,60,balanced,human_only,15
10624,10615,25,4117,4113,0,0,10615,0,0,0.0,0.0,142908.9149950147,0.0,142908.91499500675,0.0,12469,8138.193492456256,0,0.0,0.0,0.0,0,0,0,0.0,0.0,0,0.0,0.0,0.0,29806.22151333073,0.0,0,0,0,20261136,82d1bcf1910057ab,human_only,0,1.0,0.98,9,4,0.0023551577955723034,0.003200301204819277,0.0009715812484819043,0.0,13.462921808290792,0.0,1659117.3882200974,1648936.0825640073,27482.268042733453,0.0,496.77035855551213,0.0,0.0,1000.0,0.07826811765550146,0.6526741111922573,0.0,0.0,0.0,0.0,0.0,15,60,50,high_d60_balanced_human_only,high,60,balanced,human_only,16
11146,11143,6,4462,4459,0,0,11143,0,0,0.0,0.0,145905.6743354405,0.0,145905.67433542927,0.0,12880,5300.604892561394,0,0.0,0.0,0.0,0,0,0,0.0,0.0,0,0.0,0.0,0.0,29498.485425907525,0.0,0,0,0,20261137,82d1bcf1910057ab,human_only,0,1.0,0.98,3,3,0.0005384546351969847,0.0008074645612775884,0.0006723442402510085,0.0,13.093931107908936,0.0,1655793.6335792565,1644748.6918350898,27412.478197251497,0.0,491.6414237651254,0.0,0.0,1000.0,0.08011464801152413,0.41153764693799644,0.0,0.0,0.0,0.0,0.0,15,60,50,high_d60_balanced_human_only,high,60,balanced,human_only,17
11582,11572,3,4675,4672,0,0,11572,0,0,0.0,0.0,148990.65889687257,0.0,148990.65889686122,0.0,13279,4168.369455933667,0,0.0,0.0,0.0,0,0,0,0.0,0.0,0,0.0,0.0,0.0,29728.803633449417,0.0,0,0,0,20261138,82d1bcf1910057ab,human_only,0,1.0,0.98,10,3,0.00025924645696508814,0.0011224313590053531,0.0006417112299465241,0.0,12.875100146635086,0.0,1652491.9215627084,1641334.6257842812,27355.577096404686,0.0,495.4800605574903,0.0,0.0,1000.0,0.081948932465162,0.3139068797299245,0.0,0.0,0.0,0.0,0.0,15,60,50,high_d60_balanced_human_only,high,60,balanced,human_only,18
10459,10454,5,4179,4178,0,0,10454,0,0,0.0,0.0,138330.55903571923,0.0,138330.55903571084,0.0,12207,5823.224973751281,0,0.0,0.0,0.0,0,0,0,0.0,0.0,0,0.0,0.0,0.0,28880.310317895313,0.0,0,0,0,20261139,82d1bcf1910057ab,human_only,0,1.0,0.98,5,1,0.0004782858236081883,0.0009561143512764127,0.00023929169657812874,0.0,13.232309071715214,0.0,1663056.1787747603,1653193.3669517057,27553.222782528428,0.0,481.3385052982552,0.0,0.0,1000.0,0.0760799006806887,0.4770398110716213,0.0,0.0,0.0,0.0,0.0,15,60,50,high_d60_balanced_human_only,high,60,balanced,human_only,19
11676,11663,5,4600,4596,0,0,11663,0,0,0.0,0.0,149875.94467748818,0.0,149875.94467747907,0.0,13289,5290.974219079937,0,0.0,0.0,0.0,0,0,0,0.0,0.0,0,0.0,0.0,0.0,29524.942116936596,0.0,0,0,0,20261140,82d1bcf1910057ab,human_only,0,1.0,0.98,13,4,0.00042870616479464977,0.001541623843782117,0.0008695652173913044,0.0,12.85054828753143,0.0,1651445.5573883406,1640449.0038735676,27340.816731226125,0.0,492.08236861560994,0.0,0.0,1000.0,0.0825302458953664,0.3981469048897537,0.0,0.0,0.0,0.0,0.0,15,60,50,high_d60_balanced_human_only,high,60,balanced,human_only,20
10787,10770,19,4266,4259,0,0,10770,0,0,0.0,0.0,142480.8928683477,0.0,142480.89286833696,0.0,12434,7080.362975666525,0,0.0,0.0,0.0,0,0,0,0.0,0.0,0,0.0,0.0,0.0,29659.19824518486,0.0,0,0,0,20261141,82d1bcf1910057ab,human_only,0,1.0,0.98,17,7,0.001764159702878366,0.0033373505145082045,0.0016408813877168307,0.0,13.229423664655242,0.0,1659331.864743254,1649060.440839359,27484.340680655983,0.0,494.319970753081,0.0,0.0,1000.0,0.0781489640315256,0.5694356583293008,0.0,0.0,0.0,0.0,0.0,15,60,50,high_d60_balanced_human_only,high,60,balanced,human_only,21
11445,11434,10,4662,4658,0,0,11434,0,0,0.0,0.0,152242.69679273225,0.0,152242.69679272128,0.0,13449,7988.126551853304,0,0.0,0.0,0.0,0,0,0,0.0,0.0,0,0.0,0.0,0.0,31557.059345316575,0.0,0,0,0,20261142,82d1bcf1910057ab,human_only,0,1.0,0.98,11,4,0.0008745845723281442,0.001834862385321101,0.000858000858000858,0.0,13.314911386454547,0.0,1649093.1925759402,1638296.9756414485,27304.949594024143,0.0,525.9509890886096,0.0,0.0,1000.0,0.08383711523558879,0.5939569151500709,0.0,0.0,0.0,0.0,0.0,15,60,50,high_d60_balanced_human_only,high,60,balanced,human_only,22
10468,10457,33,4240,4235,0,0,10457,0,0,0.0,0.0,139331.15845277224,0.0,139331.15845276212,0.0,12164,6446.901940241129,0,0.0,0.0,0.0,0,0,0,0.0,0.0,0,0.0,0.0,0.0,29348.14680859514,0.0,0,0,0,20261143,82d1bcf1910057ab,human_only,0,1.0,0.98,11,5,0.0031557808166778234,0.004203286205578907,0.0011792452830188679,0.0,13.324199909415904,0.0,1662267.3358557948,1652384.7509979797,27539.745849966326,0.0,489.1357801432523,0.0,0.0,1000.0,0.07651814674678059,0.5299985153108459,0.0,0.0,0.0,0.0,0.0,15,60,50,high_d60_balanced_human_only,high,60,balanced,human_only,23
11959,11945,4,4865,4856,0,0,11945,0,0,0.0,0.0,152665.34579568004,0.0,152665.34579566945,0.0,13611,4983.1667157371885,0,0.0,0.0,0.0,0,0,0,0.0,0.0,0,0.0,0.0,0.0,30296.325498488543,0.0,0,0,0,20261144,82d1bcf1910057ab,human_only,0,1.0,0.98,14,9,0.00033486814566764336,0.0015051425704490343,0.0018499486125385406,0.0,12.780690313576345,0.0,1648474.8251920966,1636529.5279294406,27275.492132157342,0.0,504.9387583081424,0.0,0.0,1000.0,0.08418065267105745,0.36611319636596784,0.0,0.0,0.0,0.0,0.0,15,60,50,high_d60_balanced_human_only,high,60,balanced,human_only,24
10658,10643,33,4335,4330,0,0,10643,0,0,0.0,0.0,145177.4350399512,0.0,145177.43503994006,0.0,12557,9602.69811478725,0,0.0,0.0,0.0,0,0,0,0.0,0.0,0,0.0,0.0,0.0,31174.27602027866,0.0,0,0,0,20261145,82d1bcf1910057ab,human_only,0,1.0,0.98,15,5,0.0031006295217513857,0.004503659223118784,0.0011534025374855825,0.0,13.64064972657522,0.0,1657250.3372537387,1647111.8201309212,27451.863668848688,0.0,519.5712670046444,0.0,0.0,1000.0,0.07930536819236744,0.7647286863731186,0.0,0.0,0.0,0.0,0.0,15,60,50,high_d60_balanced_human_only,high,60,balanced,human_only,25
11411,11399,26,4515,4511,0,0,11399,0,0,0.0,0.0,151089.2364147851,0.0,151089.23641477438,0.0,13227,6988.291655388435,0,0.0,0.0,0.0,0,0,0,0.0,0.0,0,0.0,0.0,0.0,31643.188812889126,0.0,0,0,0,20261146,82d1bcf1910057ab,human_only,0,1.0,0.98,12,4,0.002280901833494166,0.0033301200595916222,0.0008859357696566999,0.0,13.254604475372785,0.0,1650968.8104737822,1639101.1854313563,27318.353090522603,0.0,527.3864802148188,0.0,0.0,1000.0,0.08279510529234324,0.5283353485588898,0.0,0.0,0.0,0.0,0.0,15,60,50,high_d60_balanced_human_only,high,60,balanced,human_only,26
11731,11720,2,4692,4689,0,0,11720,0,0,0.0,0.0,152993.0728280859,0.0,152993.0728280759,0.0,13563,6186.62351663387,0,0.0,0.0,0.0,0,0,0,0.0,0.0,0,0.0,0.0,0.0,31267.034172625143,0.0,0,0,0,20261147,82d1bcf1910057ab,human_only,0,1.0,0.98,11,3,0.00017064846416382253,0.001108174921149092,0.0006393861892583121,0.0,13.0540164529075,0.0,1648226.9300681374,1636619.2204639374,27276.98700773229,0.0,521.117236210419,0.0,0.0,1000.0,0.0843183721843681,0.4561397564428128,0.0,0.0,0.0,0.0,0.0,15,60,50,high_d60_balanced_human_only,high,60,balanced,human_only,27
11047,11036,3,4371,4368,0,0,11036,0,0,0.0,0.0,143548.3319131482,0.0,143548.33191314188,0.0,12635,5759.616478179827,0,0.0,0.0,0.0,0,0,0,0.0,0.0,0,0.0,0.0,0.0,28652.15026133406,0.0,0,0,0,20261148,82d1bcf1910057ab,human_only,0,1.0,0.98,11,3,0.00027183762232693004,0.0012673123925047525,0.0006863417982155113,0.0,13.007279078755154,0.0,1657692.2438772176,1647047.99651058,27450.799941843,0.0,477.535837688901,0.0,0.0,1000.0,0.0790598645126569,0.4558461795156175,0.0,0.0,0.0,0.0,0.0,15,60,50,high_d60_balanced_human_only,high,60,balanced,human_only,28
10180,10169,35,3980,3977,0,0,10169,0,0,0.0,0.0,138824.8429589788,0.0,138824.84295896767,0.0,12000,8405.615095870628,0,0.0,0.0,0.0,0,0,0,0.0,0.0,0,0.0,0.0,0.0,29480.504971202943,0.0,0,0,0,20261149,82d1bcf1910057ab,human_only,0,1.0,0.98,11,3,0.0034418330219293932,0.004518664047151277,0.0007537688442211055,0.0,13.65176939315249,0.0,1663431.1005832232,1654030.7847160946,27567.179745268244,0.0,491.34174952004906,0.0,0.0,1000.0,0.07587161078709825,0.7004679246558856,0.0,0.0,0.0,0.0,0.0,15,60,50,high_d60_balanced_human_only,high,60,balanced,human_only,29
10920,10910,8,4402,4399,0,1,10909,0,0,6.464404962049917,3.3518361154332093,143487.49465004742,0.0,143514.54922201647,27.054571979177126,12668,5913.328276194035,0,0.0,0.0,0.41149828447728987,0,0,1,0.0,7.0,3,5.351836115433209,9.042804484673754,9.042804484663066,29333.466634988934,8.818637113511752,0,0,0,20261120,328ff31af4de6b64,adaptive_hybrid,2,1.0,0.98,10,3,0.0007332722273143905,0.0016483516483516484,0.0006815084052703317,0.0,13.154404145006094,3.112568846616708,1657602.878819575,1647147.3701033825,27452.45616838971,0.08919726859055349,488.8911105831489,0.14697728522519588,3.014268161554355,1000.0,0.07910951176690273,0.4667925699553233,0.0,0.0,0.0,0.0,8.101851851851852e-05,15,60,50,high_d60_balanced_adaptive_hybrid,high,60,balanced,adaptive_hybrid,0
10819,10802,22,4312,4304,1,69,10733,2,2,686.6811573516843,286.884850137415,142364.52215244833,0.0,144333.3902858025,1968.8681333611748,12584,6468.214102646729,10,0.0,1098.0797146766217,34.06177237428567,0,0,69,0.0,483.0,207,424.88485013741536,396.937093618355,396.9370936182131,29574.60566404066,580.4926523943348,0,0,0,20261121,328ff31af4de6b64,adaptive_hybrid,2,1.0,0.98,17,8,0.002036659877800407,0.003604769387189204,0.0020871985157699443,0.0,13.361728410090956,399.7963072142693,1658656.662506519,1648239.423262679,27470.657054377985,7.081414168956923,492.9100944006777,9.674877539905578,1.917570500571078,1000.0,0.07852407638526726,0.5140030278644889,0.0,0.012709255956905344,0.0,0.0,0.005590277777777777,15,60,50,high_d60_balanced_adaptive_hybrid,high,60,balanced,adaptive_hybrid,1
12518,12510,8,4892,4887,0,1,12509,0,0,9.862130616666626,5.007496131252129,163315.62066214695,0.0,163341.07574635214,25.455084216686373,14377,6704.224564773087,0,0.0,0.0,0.3325973843603589,0,0,1,0.0,7.0,3,7.007496131252129,8.943692711031911,8.943692711021868,32881.61286529933,1.266183892498716,0,0,0,20261122,328ff31af4de6b64,adaptive_hybrid,2,1.0,0.98,8,5,0.000639488409272582,0.0012781594503914362,0.0010220768601798855,0.0,13.056840587238382,4.854634485414497,1638103.143525194,1625603.8237296336,27093.39706216056,0.11679160218753548,548.0268810883222,0.0211030648749786,2.9812309036739557,1000.0,0.08994269804155897,0.4663159605462257,0.0,0.0,0.0,0.0,8.101851851851852e-05,15,60,50,high_d60_balanced_adaptive_hybrid,high,60,balanced,adaptive_hybrid,2
10389,10379,2,4215,4212,0,5,10374,0,0,62.93226253386379,20.49806592225484,136854.85661949683,0.0,137025.70054716003,170.84392767262034,12080,5361.467502823874,0,0.0,0.0,3.068111053458742,0,0,5,0.0,35.0,15,30.498065922254842,36.62141961203111,36.62141961201996,28187.142141784094,48.1557091439266,0,0,0,20261123,328ff31af4de6b64,adaptive_hybrid,2,1.0,0.98,10,3,0.00019269679159841988,0.001155067860236789,0.0007117437722419929,0.0,13.202206430981793,42.434196611608954,1664859.9378839966,1655310.9624329386,27588.516040548977,0.5083010987042473,469.78570236306825,0.8025951523987767,2.441427974134664,1000.0,0.07507781228666854,0.4438300912933671,0.0,0.0,0.0,0.0,0.0004050925925925926,15,60,50,high_d60_balanced_adaptive_hybrid,high,60,balanced,adaptive_hybrid,3
10405,10395,29,4163,4158,0,18,10377,0,0,155.79983962194186,75.78356496340447,137627.1895968751,0.0,138125.8493839709,498.65978710362833,12122,6337.601939421731,2,0.0,219.10864500388226,7.314252739105387,0,0,18,0.0,126.0,54,111.78356496340444,136.3507759293783,136.3507759293425,28664.034040223454,100.93367987245281,0,0,0,20261124,328ff31af4de6b64,adaptive_hybrid,2,1.0,0.98,10,5,0.0027898027898027897,0.003748197981739548,0.0012010569300984868,0.0,13.287719998457998,80.01627465853738,1664093.0635268819,1653985.204234483,27566.420070574717,1.8630594160567406,477.7339006703909,1.6822279978742136,2.525014369061898,1000.0,0.07550385359617673,0.5228181768207995,0.0,0.0025359796875449336,0.0,0.0,0.0014583333333333334,15,60,50,high_d60_balanced_adaptive_hybrid,high,60,balanced,adaptive_hybrid,4
11041,11032,4,4345,4341,0,0,11032,0,0,0.0,0.0,144026.97274661122,0.0,144026.9727466005,0.0,12835,4990.548800549743,0,0.0,0.0,0.0,0,0,0,0.0,0.0,0,0.0,0.0,0.0,29786.87202054992,0.0,0,0,0,20261125,328ff31af4de6b64,adaptive_hybrid,2,1.0,0.98,9,4,0.00036258158085569254,0.0011774295806539262,0.0009205983889528193,0.0,13.05538186608054,0.0,1657418.0184871566,1646588.6496479488,27443.144160799147,0.0,496.44786700916535,0.0,0.0,1000.0,0.07921221195157968,0.3888234359602449,0.0,0.0,0.0,0.0,0.0,15,60,50,high_d60_balanced_adaptive_hybrid,high,60,balanced,adaptive_hybrid,5
11828,11818,7,4715,4711,0,29,11789,0,0,266.66799315815086,113.43373443788037,154702.77583089107,0.0,155439.69789103413,736.9220601537527,13819,7160.596573280787,3,0.0,336.73692855830313,12.564264825758709,0,0,29,0.0,203.0,87,171.43373443788042,177.66252529555248,177.66252529554913,32337.377929232865,208.4576395322334,0,0,0,20261126,328ff31af4de6b64,adaptive_hybrid,2,1.0,0.98,10,4,0.0005923168048739212,0.0014372675008454514,0.000848356309650053,0.0,13.152792172197845,153.23425872027047,1646291.0309843333,1634831.046182622,27247.1841030437,2.857228907298007,538.9562988205478,3.47429399220389,2.0420979919028635,1000.0,0.08539387167537038,0.5181703866618994,0.0,0.00389741815460999,0.0,0.0,0.002349537037037037,15,60,50,high_d60_balanced_adaptive_hybrid,high,60,balanced,adaptive_hybrid,6
11430,11421,6,4570,4567,0,2,11419,0,0,25.462435470483047,6.693713728135295,151925.2587609342,0.0,152015.895780424,90.63701950129325,13334,7013.407285027928,0,0.0,0.0,1.3807793218820623,0,0,2,0.0,14.0,6,10.693713728135295,32.31213289789046,32.31213289788138,32175.404485842704,26.45214036758664,0,0,0,20261127,328ff31af4de6b64,adaptive_hybrid,2,1.0,0.98,9,3,0.0005253480430785396,0.0013123359580052493,0.0006564551422319475,0.0,13.310208894179494,18.76872174234775,1649990.3978888397,1638576.5922852762,27309.609871421268,0.17822856213558824,536.2567414307117,0.44086900612644403,5.385355482980231,1000.0,0.08333866783953348,0.5259792474147239,0.0,0.0,0.0,0.0,0.00016203703703703703,15,60,50,high_d60_balanced_adaptive_hybrid,high,60,balanced,adaptive_hybrid,7
11393,11384,34,4407,4403,0,1,11383,0,0,8.02590413707702,3.9870833274990893,152763.01683622733,0.0,152815.95451250317,52.93767628599744,13194,9178.437082850263,0,0.0,0.0,0.21359607671646771,0,0,1,0.0,7.0,3,5.987083327499089,31.42906188391823,31.42906188392226,32177.07894012448,0.0,0,0,0,20261128,328ff31af4de6b64,adaptive_hybrid,2,1.0,0.98,9,4,0.0029866479269149682,0.0037742473448608795,0.0009076469253460404,0.0,13.423748639538227,4.038820809577931,1649478.53176014,1638474.1536823814,27307.902561373023,0.09978472212498482,536.2846490020746,0.0,10.476353961307419,1000.0,0.08362303791103332,0.6956523482530137,0.0,0.0,0.0,0.0,8.101851851851852e-05,15,60,50,high_d60_balanced_adaptive_hybrid,high,60,balanced,adaptive_hybrid,8
11998,11985,41,4782,4774,1,60,11925,0,0,563.7709149245131,232.96142023074836,159850.1761065616,0.0,161448.03020642156,1597.8540998704193,13953,10507.311673439146,8,0.0,876.8619560971615,27.614864934090928,0,0,60,0.0,420.0,180,352.9614202307486,341.9924482250582,341.9924482249153,33289.263081669626,455.7959835830921,0,0,0,20261129,328ff31af4de6b64,adaptive_hybrid,2,1.0,0.98,13,8,0.003420942845223196,0.004500750125020837,0.0018820577164366374,0.0,13.470841068537469,330.8094946937648,1641983.0323210242,1630095.0606588311,27168.25101098052,5.8826903371791435,554.8210513611605,7.596599726384868,1.8999580456939738,1000.0,0.08778720426609765,0.7530503600257397,0.0,0.010148865232606037,0.0,0.0,0.004861111111111111,15,60,50,high_d60_balanced_adaptive_hybrid,high,60,balanced,adaptive_hybrid,9
10742,10726,20,4260,4256,0,85,10641,2,2,859.3374509295608,335.3711691800135,143366.80655290844,0.0,145731.24221420998,2364.435661308933,12625,8267.978647277461,12,0.0,1366.8721613500911,42.83829157633468,0,0,85,0.0,595.0,255,505.3711691800143,470.51253407706065,470.5125340769155,30290.452775338475,741.1326968162667,0,0,0,20261130,328ff31af4de6b64,adaptive_hybrid,2,1.0,0.98,16,4,0.001864628006712661,0.0033513312232358963,0.0009389671361502347,0.0,13.586727784282116,523.9662817495473,1657676.0199472208,1647217.6973858005,27453.628289763343,8.422852819666906,504.8408795889746,12.352211613604446,1.8451471924584921,1000.0,0.07906887780709959,0.6548893978041553,0.0,0.015820279645255685,0.0,0.0,0.0068865740740740745,15,60,50,high_d60_balanced_adaptive_hybrid,high,60,balanced,adaptive_hybrid,10
9340,9331,3,3731,3726,0,0,9331,0,0,0.0,0.0,123811.72464617653,0.0,123811.72464616894,0.0,10921,3688.0335315298325,0,0.0,0.0,0.0,0,0,0,0.0,0.0,0,0.0,0.0,0.0,25496.18331457195,0.0,0,0,0,20261131,328ff31af4de6b64,adaptive_hybrid,2,1.0,0.98,9,5,0.00032150894866573784,0.001284796573875803,0.0013401232913428035,0.0,13.268859141160533,0.0,1677423.513908648,1669010.6459421013,27816.84409903502,0.0,424.9363885761992,0.0,0.0,1000.0,0.06809804782852891,0.3377010833742178,0.0,0.0,0.0,0.0,0.0,15,60,50,high_d60_balanced_adaptive_hybrid,high,60,balanced,adaptive_hybrid,11
10130,10121,5,4100,4098,0,2,10119,0,0,16.805389699819365,7.018185156615874,133739.1301543991,0.0,133787.00739017065,47.877235778592876,11801,4546.138915283565,0,0.0,0.0,0.7320236151099266,0,0,2,0.0,14.0,6,11.018185156615875,15.178106017598694,15.178106017585378,27180.4102601657,7.9886984178834535,0,0,0,20261132,328ff31af4de6b64,adaptive_hybrid,2,1.0,0.98,9,2,0.0004940223298093074,0.0013820335636722605,0.0004878048780487805,0.0,13.218753817821426,9.78720454320349,1667378.4323977344,1657954.4183494032,27632.57363915672,0.18363641927693125,453.0068376694283,0.13314497363139088,2.52968433626423,1000.0,0.0736786486679254,0.38523336287463483,0.0,0.0,0.0,0.0,0.00016203703703703703,15,60,50,high_d60_balanced_adaptive_hybrid,high,60,balanced,adaptive_hybrid,12
9975,9969,8,3996,3995,0,0,9969,0,0,0.0,0.0,132108.01860392303,0.0,132108.01860391695,0.0,11671,4328.770456313741,0,0.0,0.0,0.0,0,0,0,0.0,0.0,0,0.0,0.0,0.0,27204.999904471162,0.0,0,0,0,20261133,328ff31af4de6b64,adaptive_hybrid,2,1.0,0.98,6,1,0.0008024877119069114,0.0014035087719298245,0.00025025025025025025,0.0,13.251882696751625,0.0,1669173.5854172718,1659487.0450414151,27658.11741735692,0.0,453.41666507451936,0.0,0.0,1000.0,0.07268134143484895,0.3708997049364871,0.0,0.0,0.0,0.0,0.0,15,60,50,high_d60_balanced_adaptive_hybrid,high,60,balanced,adaptive_hybrid,13
11917,11904,4,4640,4634,0,53,11851,1,1,495.61582923825523,217.17824098253917,153069.20368634147,0.0,154411.84360730252,1342.6399209722003,13664,6042.511338361817,6,0.0,638.629662264869,24.515410903047975,0,0,53,0.0,371.0,159,323.1782409825394,240.2452438679092,240.24524386778648,30722.207451214177,422.5396629112489,0,0,0,20261134,328ff31af4de6b64,adaptive_hybrid,2,1.0,0.98,13,6,0.0003360215053763441,0.0014265335235378032,0.001293103448275862,0.0,12.971425034215601,278.43758825571604,1648079.8781313112,1635819.3903200175,27263.656505333623,5.386304016375657,512.0367908535696,7.042327715187482,1.510976376526959,1000.0,0.08440006770482711,0.4422212630534117,0.0,0.007391547016954502,0.0,0.0,0.004293981481481481,15,60,50,high_d60_balanced_adaptive_hybrid,high,60,balanced,adaptive_hybrid,14
10733,10724,3,4241,4234,0,0,10724,0,0,0.0,0.0,139472.75678944847,0.0,139472.7567894398,0.0,12217,3819.2591078492424,0,0.0,0.0,0.0,0,0,0,0.0,0.0,0,0.0,0.0,0.0,28025.632456231564,0.0,0,0,0,20261135,328ff31af4de6b64,adaptive_hybrid,2,1.0,0.98,9,7,0.0002797463632972771,0.0011180471443212523,0.0016505541145956143,0.0,13.0056654969638,0.0,1661758.4427456942,1651662.5421002903,27527.70903500484,0.0,467.09387427052604,0.0,0.0,1000.0,0.07680086514128104,0.31261840941714353,0.0,0.0,0.0,0.0,0.0,15,60,50,high_d60_balanced_adaptive_hybrid,high,60,balanced,adaptive_hybrid,15
10624,10615,25,4117,4113,0,3,10612,0,0,29.68541176048702,11.884100794557082,142843.62194767912,0.0,142912.28919117572,68.66724350438017,12464,8166.401940940388,0,0.0,0.0,1.1453406503483428,0,0,3,0.0,21.0,9,17.884100794557085,16.369516695891015,16.369516695885977,29785.253279650842,11.816694908967984,0,0,0,20261136,328ff31af4de6b64,adaptive_hybrid,2,1.0,0.98,9,4,0.0023551577955723034,0.003200301204819277,0.0009715812484819043,0.0,13.463239678867236,17.80131096592994,1659152.8703038907,1649009.0801438508,27483.48466906418,0.29806834657595144,496.4208879941807,0.19694491514946638,1.8188351884317753,1000.0,0.0782484053867274,0.6551991287660773,0.0,0.0,0.0,0.0,0.00024305555555555555,15,60,50,high_d60_balanced_adaptive_hybrid,high,60,balanced,adaptive_hybrid,16
11146,11143,6,4462,4459,0,0,11143,0,0,0.0,0.0,145905.6743354405,0.0,145905.67433542927,0.0,12880,5300.604892561394,0,0.0,0.0,0.0,0,0,0,0.0,0.0,0,0.0,0.0,0.0,29498.485425907525,0.0,0,0,0,20261137,328ff31af4de6b64,adaptive_hybrid,2,1.0,0.98,3,3,0.0005384546351969847,0.0008074645612775884,0.0006723442402510085,0.0,13.093931107908936,0.0,1655793.6335792565,1644748.6918350898,27412.478197251497,0.0,491.6414237651254,0.0,0.0,1000.0,0.08011464801152413,0.41153764693799644,0.0,0.0,0.0,0.0,0.0,15,60,50,high_d60_balanced_adaptive_hybrid,high,60,balanced,adaptive_hybrid,17
11582,11572,6,4675,4671,0,8,11564,0,0,72.20555891960936,30.18025477165743,148857.6468427397,0.0,149061.6929947325,204.04615200407716,13283,4225.662109615545,0,0.0,0.0,3.5940070009603016,0,0,8,0.0,56.0,24,46.18025477165743,44.505617194004806,44.50561719400139,29718.545709248465,59.926532150935635,0,0,0,20261138,328ff31af4de6b64,adaptive_hybrid,2,1.0,0.98,10,4,0.0005184929139301763,0.0013814539803142809,0.000855614973262032,0.0,12.881238592700699,42.02530414795193,1652520.581317301,1641144.9468982902,27352.41578163817,0.7696709128609572,495.30909515414106,0.9987755358489273,1.8544007164167244,1000.0,0.08193301037927725,0.31812558229432697,0.0,0.0,0.0,0.0,0.0006481481481481481,15,60,50,high_d60_balanced_adaptive_hybrid,high,60,balanced,adaptive_hybrid,18
10459,10454,5,4179,4178,0,0,10454,0,0,0.0,0.0,138330.55903571923,0.0,138330.55903571084,0.0,12207,5823.224973751281,0,0.0,0.0,0.0,0,0,0,0.0,0.0,0,0.0,0.0,0.0,28880.310317895313,0.0,0,0,0,20261139,328ff31af4de6b64,adaptive_hybrid,2,1.0,0.98,5,1,0.0004782858236081883,0.0009561143512764127,0.00023929169657812874,0.0,13.232309071715214,0.0,1663056.1787747603,1653193.3669517057,27553.222782528428,0.0,481.3385052982552,0.0,0.0,1000.0,0.0760799006806887,0.4770398110716213,0.0,0.0,0.0,0.0,0.0,15,60,50,high_d60_balanced_adaptive_hybrid,high,60,balanced,adaptive_hybrid,19
11676,11663,4,4600,4596,0,16,11647,1,1,135.45346718378886,76.98361361067926,149611.91927173812,0.0,149986.1441425389,374.22487080991414,13297,5239.61733801994,1,0.0,113.1886489727734,6.382461839316491,0,0,16,0.0,112.0,48,108.9836136106792,70.74278362657955,70.74278362658515,29446.664253534298,101.9805178026255,0,0,0,20261140,328ff31af4de6b64,adaptive_hybrid,2,1.0,0.98,13,4,0.0003429649318357198,0.0014559780746831107,0.0008695652173913044,0.0,12.859996925537073,58.4698535731096,1651538.1229738854,1640514.2183014278,27341.90363835713,1.8163935601779866,490.77773755890496,1.699675296710425,1.473807992220524,1000.0,0.08247882057006373,0.3940450731758998,0.0,0.0013100538075552475,0.0,0.0,0.0012962962962962963,15,60,50,high_d60_balanced_adaptive_hybrid,high,60,balanced,adaptive_hybrid,20
10787,10772,18,4266,4260,0,56,10716,2,2,576.3930815437275,232.9673067682402,141840.3962833158,0.0,143466.23564346562,1625.8393601595017,12507,7298.433517225247,8,0.0,906.6960380524755,28.049917402274346,0,0,56,0.0,392.0,168,344.96730676824063,311.77975740039176,311.77975740026886,29853.3628900801,465.44457996323985,0,0,0,20261141,328ff31af4de6b64,adaptive_hybrid,2,1.0,0.98,15,6,0.0016709988860007428,0.0030592379716325208,0.0014064697609001407,0.0,13.318439996608394,343.4257747754873,1659305.1754966036,1648895.5532601129,27481.592554335213,5.749455112804011,497.55604816800167,7.757409666053998,1.8558318892873147,1000.0,0.07816379139077578,0.5835478945570678,0.0,0.010494167107088836,0.0,0.0,0.004537037037037037,15,60,50,high_d60_balanced_adaptive_hybrid,high,60,balanced,adaptive_hybrid,21
11445,11434,10,4662,4658,0,2,11432,1,1,16.862342222432133,29.41768366263154,152217.2603081209,0.0,152282.62860997202,65.36830186178122,13450,7988.295592555165,0,0.0,0.0,0.7554919755431592,0,0,2,0.0,14.0,6,33.41768366263154,9.330939177406353,9.330939177409164,31562.61149562117,11.668694950100644,0,0,0,20261142,328ff31af4de6b64,adaptive_hybrid,2,1.0,0.98,11,4,0.0008745845723281442,0.001834862385321101,0.000858000858000858,0.0,13.318403761585799,-12.555341440199406,1649076.260287596,1638271.1990463403,27304.51998410567,0.5569613943771923,526.0435249270196,0.19447824916834405,1.555156529568194,1000.0,0.0838465220624467,0.593925322866555,0.0,0.0,0.0,0.0,0.00016203703703703703,15,60,50,high_d60_balanced_adaptive_hybrid,high,60,balanced,adaptive_hybrid,22
10468,10457,33,4240,4235,0,0,10457,0,0,0.0,0.0,139331.15845277224,0.0,139331.15845276212,0.0,12164,6446.901940241129,0,0.0,0.0,0.0,0,0,0,0.0,0.0,0,0.0,0.0,0.0,29348.14680859514,0.0,0,0,0,20261143,328ff31af4de6b64,adaptive_hybrid,2,1.0,0.98,11,5,0.0031557808166778234,0.004203286205578907,0.0011792452830188679,0.0,13.324199909415904,0.0,1662267.3358557948,1652384.7509979797,27539.745849966326,0.0,489.1357801432523,0.0,0.0,1000.0,0.07651814674678059,0.5299985153108459,0.0,0.0,0.0,0.0,0.0,15,60,50,high_d60_balanced_adaptive_hybrid,high,60,balanced,adaptive_hybrid,23
11959,11942,5,4865,4855,1,85,11857,2,2,826.9429087819216,332.69869893024094,151271.7848008825,0.0,153487.1938733995,2215.4090725268543,13676,4979.273972661413,11,0.0,1205.9690106272144,40.06280858350643,0,0,85,0.0,595.0,255,502.6986989302415,433.19803025656773,433.19803025636065,30269.280868661644,653.5405697467334,0,0,0,20261144,328ff31af4de6b64,adaptive_hybrid,2,1.0,0.98,17,10,0.00041869033662703066,0.0018396186972154862,0.0022610483042137717,0.0,12.85272097415839,494.24420985168064,1648882.2798073096,1636845.4544956165,27280.75757492694,8.378311648837359,504.4880144776941,10.892342829112222,1.6988158049269044,1000.0,0.08395428899593915,0.3640884741636014,0.0,0.013957974660037203,0.0,0.0,0.0068865740740740745,15,60,50,high_d60_balanced_adaptive_hybrid,high,60,balanced,adaptive_hybrid,24
10658,10643,28,4335,4330,1,31,10612,0,0,280.7824623677407,117.80834092008344,144490.49084489513,0.0,145406.7327501704,916.2419052857658,12588,9547.135212631627,4,0.0,446.07437500556756,13.38223125016703,0,0,31,0.0,217.0,93,179.8083409200835,265.4922539029507,265.4922539028994,31170.049353692833,213.42455698845055,0,0,0,20261145,328ff31af4de6b64,adaptive_hybrid,2,1.0,0.98,15,5,0.002630837169970873,0.004034528054043911,0.001384083044982699,0.0,13.66219418868462,162.9741214476573,1657422.6463061983,1647261.0735047953,27454.35122507992,2.996805682001392,519.5008225615472,3.5570759498075093,2.854755418310746,1000.0,0.07920964094100091,0.7584314595354009,0.0,0.005162897858860736,0.0,0.0,0.002511574074074074,15,60,50,high_d60_balanced_adaptive_hybrid,high,60,balanced,adaptive_hybrid,25
11411,11398,26,4515,4511,0,73,11325,1,1,701.609358310214,286.6676796752574,150012.54647277005,0.0,151992.485249396,1979.9387766352447,13297,7017.860773397784,10,0.0,1107.6955548197348,35.12708555140732,0,0,73,0.0,511.0,219,432.66767967525783,408.0151282264416,408.0151282263396,31695.800886631045,601.7201129916772,0,0,0,20261146,328ff31af4de6b64,adaptive_hybrid,2,1.0,0.98,13,4,0.0022811019477101246,0.003417754798001928,0.0008859357696566999,0.0,13.335013620757678,414.94167863495665,1651192.9392935357,1639263.2020126542,27321.053366877568,7.21112799458763,528.2633481105174,10.028668549861287,1.8630827772892218,1000.0,0.08267058928136906,0.5277777523800695,0.0,0.01282055040300619,0.0,0.0,0.005914351851851852,15,60,50,high_d60_balanced_adaptive_hybrid,high,60,balanced,adaptive_hybrid,26
11731,11719,2,4692,4689,0,9,11710,0,0,80.74145299320044,33.942102663368686,152796.4151805712,0.0,153015.56577904118,219.15059847915109,13565,6203.507397034442,0,0.0,0.0,3.6529215123458822,0,0,9,0.0,63.0,27,51.94210266336868,55.291635321980976,55.29163532194798,31217.13912175277,52.90194490731664,0,0,0,20261147,328ff31af4de6b64,adaptive_hybrid,2,1.0,0.98,12,3,0.0001706630258554484,0.0011934191458528684,0.0006393861892583121,0.0,13.057049729417287,46.79935032983175,1648310.6170556713,1636697.0057205115,27278.283428675193,0.8657017110561447,520.2856520292129,0.8816990817886107,2.0478383452573325,1000.0,0.084271879413516,0.45731716896678526,0.0,0.0,0.0,0.0,0.0007291666666666667,15,60,50,high_d60_balanced_adaptive_hybrid,high,60,balanced,adaptive_hybrid,27
11047,11034,3,4371,4367,0,56,10978,2,2,558.1365404176022,237.4367766765495,142573.7280448635,0.0,144067.97156693484,1494.2435220777043,12705,5604.581829716573,7,0.0,778.9024047467336,26.818372404681824,0,0,56,0.0,392.0,168,349.4367766765498,284.8718492140285,284.87184921393055,28541.135758947297,439.1587942494667,0,0,0,20261148,328ff31af4de6b64,adaptive_hybrid,2,1.0,0.98,13,4,0.0002718868950516585,0.0014483570200054313,0.0009151223976206818,0.0,13.056731155241511,320.6997637410527,1658044.9788049243,1647353.194608873,27455.88657681455,5.823946277942497,475.68559598245497,7.319313237491112,1.695665769130539,1000.0,0.0788639006639309,0.4411319818745827,0.0,0.009015074129013121,0.0,0.0,0.004537037037037037,15,60,50,high_d60_balanced_adaptive_hybrid,high,60,balanced,adaptive_hybrid,28
10180,10169,35,3980,3977,0,3,10166,0,0,25.41225509273425,11.657319613868943,138629.4495425785,0.0,138760.35171317108,130.9021706025378,11995,8366.660952731603,0,0.0,0.0,1.0071415981036145,0,0,3,0.0,21.0,9,17.657319613868946,63.20601578758723,63.20601578757487,29378.34394606059,9.609149389038894,0,0,0,20261149,328ff31af4de6b64,adaptive_hybrid,2,1.0,0.98,11,3,0.0034418330219293932,0.004518664047151277,0.0007537688442211055,0.0,13.645427447455116,13.754935478865306,1663542.1671896097,1654144.322475966,27569.0720412661,0.2942886602311491,489.6390657676765,0.1601524898173149,7.0228906430638744,1000.0,0.07580990711688351,0.6975123762177243,0.0,0.0,0.0,0.0,0.00024305555555555555,15,60,50,high_d60_balanced_adaptive_hybrid,high,60,balanced,adaptive_hybrid,29
10920,10909,1,4402,4397,0,13,10896,0,0,85.91437655602692,56.38155157457129,143170.96875306513,0.0,143449.78054504708,278.8117919914148,12664,5824.0095290860045,0,0.0,0.0,2.844677605818912,0,0,7,0.0,49.0,33,70.38155157457129,130.24111807832188,130.24111807831105,29421.268321300595,13.69198066400736,0,0,0,20261120,71e50e82d3c784a6,travel_aware_hybrid,2,1.0,0.98,11,5,9.166743056192135e-05,0.001098901098901099,0.0011358473421172195,0.0,13.14967279723596,29.532824981455633,1657710.247503091,1647081.9549231476,27451.36591538579,1.1730258595761882,490.3544720216766,0.228199677733456,3.9467005478276076,1000.0,0.07904986249828272,0.459887044305591,0.0,0.0,0.0,0.0,0.0005671296296296297,15,60,50,high_d60_balanced_travel_aware_hybrid,high,60,balanced,travel_aware_hybrid,0
10819,10803,17,4312,4306,0,6,10797,0,0,48.85896618681443,26.4162471014398,143241.04281051763,0.0,143397.18766786886,156.1448573589514,12501,6371.192212116175,0,0.0,0.0,1.5711645621806816,0,0,3,0.0,21.0,15,32.41624710143981,65.45483845733912,65.45483845732088,29513.152541940868,6.138298882172579,0,0,0,20261121,71e50e82d3c784a6,travel_aware_hybrid,2,1.0,0.98,16,6,0.0015736369526983245,0.003050189481467788,0.0013914656771799629,0.0,13.273830201598525,22.442719085374627,1658535.3515133222,1648233.6564398974,27470.560940664956,0.5402707850239968,491.8858756990145,0.10230498136954298,4.363655897154725,1000.0,0.0785914713814877,0.5096546046009259,0.0,0.0,0.0,0.0,0.00024305555555555555,15,60,50,high_d60_balanced_travel_aware_hybrid,high,60,balanced,travel_aware_hybrid,1
12518,12510,9,4892,4887,0,10,12500,0,0,77.52957123667147,44.413296545628164,163119.03694999282,0.0,163350.38545575686,231.3485057752987,14387,6742.106896398569,0,0.0,0.0,2.353343993264049,0,0,6,0.0,42.0,26,56.413296545628164,115.12840379027361,115.12840379024237,32898.49426748577,8.360960184128793,0,0,0,20261122,71e50e82d3c784a6,travel_aware_hybrid,2,1.0,0.98,8,5,0.0007194244604316547,0.001358044416040901,0.0010220768601798855,0.0,13.057584768645633,33.11627469104331,1638115.2743973562,1625633.5957809354,27093.89326301559,0.9402216090938027,548.3082377914294,0.13934933640214656,4.428015530393937,1000.0,0.08993595866813542,0.4686249319801605,0.0,0.0,0.0,0.0,0.0004861111111111111,15,60,50,high_d60_balanced_travel_aware_hybrid,high,60,balanced,travel_aware_hybrid,2
10389,10379,3,4215,4211,0,3,10376,0,0,31.688957792988585,10.5975866597853,137031.16299597095,0.0,137113.3376067712,82.17461081064175,12094,5471.24660836385,0,0.0,0.0,1.1202320257289209,0,0,3,0.0,21.0,9,16.5975866597853,32.16774312170228,32.1677431217031,28235.20958156469,6.85269431722634,0,0,0,20261123,71e50e82d3c784a6,travel_aware_hybrid,2,1.0,0.98,10,4,0.00028904518739762984,0.0012513235152565214,0.0009489916963226571,0.0,13.21065012108789,21.091371133203285,1664699.4346072378,1655134.5888672187,27585.57648112031,0.276626444329755,470.5868263594115,0.11421157195377234,3.574193680189233,1000.0,0.07516698077375672,0.4523934685268604,0.0,0.0,0.0,0.0,0.00024305555555555555,15,60,50,high_d60_balanced_travel_aware_hybrid,high,60,balanced,travel_aware_hybrid,3
10405,10395,27,4163,4158,0,5,10390,0,0,43.24562469592344,19.242396616364644,137568.2213414937,0.0,137728.2038975209,159.98255603613143,12097,6147.091960189888,0,0.0,0.0,1.5115212719100914,0,0,3,0.0,21.0,13,25.242396616364644,73.87349198841994,73.87349198840093,28551.07257023974,11.997248646904104,0,0,0,20261124,71e50e82d3c784a6,travel_aware_hybrid,2,1.0,0.98,10,5,0.0025974025974025974,0.0035559827006247,0.0012010569300984868,0.0,13.249466464407975,24.003228079558795,1664282.033726434,1654198.7278186271,27569.97879697712,0.4207066102727441,475.8512095039957,0.1999541441150684,5.682576306800072,1000.0,0.0753988701519811,0.5081501165735214,0.0,0.0,0.0,0.0,0.00024305555555555555,15,60,50,high_d60_balanced_travel_aware_hybrid,high,60,balanced,travel_aware_hybrid,4
11041,11031,3,4345,4340,0,5,11026,0,0,30.686000738746046,19.073990703364117,144091.48334265832,0.0,144189.19907104096,97.71572839336659,12836,5135.224533151386,0,0.0,0.0,0.9924529291382944,0,0,4,0.0,28.0,14,27.07399070336412,48.543620524498635,48.54362052448414,29809.468910425305,5.887735434992235,0,0,0,20261125,71e50e82d3c784a6,travel_aware_hybrid,2,1.0,0.98,10,5,0.0002719608376393799,0.0011774295806539262,0.0011507479861910242,0.0,13.071271785970534,11.612010035381928,1657268.2236676298,1646612.2517751614,27443.53752958602,0.451233178389402,496.82448184042175,0.09812892391653726,3.4674014660345813,1000.0,0.07929543129576122,0.4000642359887337,0.0,0.0,0.0,0.0,0.00032407407407407406,15,60,50,high_d60_balanced_travel_aware_hybrid,high,60,balanced,travel_aware_hybrid,5
11828,11815,4,4715,4709,0,12,11803,0,0,114.80703811764133,55.65439266095327,155217.27592469662,0.0,155515.33248811268,298.0565634278046,13772,7219.758300949212,1,0.0,103.38627615033715,3.6523397260247,0,0,9,0.0,63.0,33,73.65439266095328,111.79994033858895,111.7999403385802,32304.87511236562,11.596031759774204,0,0,0,20261126,71e50e82d3c784a6,travel_aware_hybrid,2,1.0,0.98,13,6,0.00033855268726195513,0.0014372675008454514,0.0012725344644750796,0.0,13.162533431071745,59.152645456688056,1645929.8742013185,1634704.7347806296,27245.078913010493,1.227573211015888,538.4145852060936,0.19326719599623673,3.387876979956976,1000.0,0.08559451433260079,0.5242345556890221,0.0,0.00119660041840668,0.0,0.0,0.0007291666666666667,15,60,50,high_d60_balanced_travel_aware_hybrid,high,60,balanced,travel_aware_hybrid,6
11430,11419,7,4570,4566,0,13,11406,0,0,114.55337427419094,54.37896181820552,151753.82363084806,0.0,152082.2846520567,328.46102121992953,13335,7063.709983400491,0,0.0,0.0,3.563068419370361,0,0,9,0.0,63.0,35,72.37896181820551,151.84701454239965,151.847014542358,32041.728804272956,15.156028622322484,0,0,0,20261127,71e50e82d3c784a6,travel_aware_hybrid,2,1.0,0.98,11,4,0.0006130133987214292,0.0015748031496062992,0.00087527352297593,0.0,13.318354028553875,60.174412455985426,1649958.178425746,1638500.4676252268,27308.341127087115,1.2063160303034253,534.0288134045493,0.2526004770387081,4.338486129781657,1000.0,0.0833565675412522,0.529712034750693,0.0,0.0,0.0,0.0,0.0007291666666666667,15,60,50,high_d60_balanced_travel_aware_hybrid,high,60,balanced,travel_aware_hybrid,7
11393,11383,36,4407,4403,0,10,11373,0,0,93.52592157434127,41.01016697424679,152407.07893749504,0.0,152721.36646416067,314.28752667562367,13201,9244.769772741354,0,0.0,0.0,3.0223151044898975,0,0,7,0.0,49.0,27,55.010166974246786,149.38702893869882,149.38702893867048,32295.481275285565,15.373144895635171,0,0,0,20261128,71e50e82d3c784a6,travel_aware_hybrid,2,1.0,0.98,10,4,0.003162610911007643,0.0040375669270604755,0.0009076469253460404,0.0,13.416618331209758,52.515754600094475,1649677.7453277532,1638585.3022962476,27309.755038270792,0.9168361162374464,538.2580212547595,0.25621908159391954,5.532852923654462,1000.0,0.0835123637068037,0.7003082927612571,0.0,0.0,0.0,0.0,0.0005671296296296297,15,60,50,high_d60_balanced_travel_aware_hybrid,high,60,balanced,travel_aware_hybrid,8
11998,11980,38,4782,4771,2,8,11972,0,0,61.20327498842618,32.60903334965409,160286.18032647998,0.0,160596.83879224083,310.65846577160846,13861,10421.934849130666,0,0.0,0.0,2.1895519513915103,0,0,6,0.0,42.0,22,44.60903334965409,136.5436191307996,136.54361913078537,33131.98953879929,17.01777564293709,0,0,0,20261129,71e50e82d3c784a6,travel_aware_hybrid,2,1.0,0.98,18,11,0.0031719532554257096,0.004667444574095682,0.0027185278126306985,0.0,13.405412253108583,28.59424163877209,1642050.5329246277,1630384.9347937272,27173.08224656212,0.7434838891609015,552.1998256466547,0.2836295940489515,6.206528142308426,1000.0,0.08774970393076242,0.7518891024551378,0.0,0.0,0.0,0.0,0.0004861111111111111,15,60,50,high_d60_balanced_travel_aware_hybrid,high,60,balanced,travel_aware_hybrid,9
10742,10724,25,4260,4256,0,10,10714,0,0,94.93973188410979,41.25609394184329,144474.8096172318,0.0,144753.61128709893,278.80166987436496,12554,8173.881817298554,0,0.0,0.0,3.051483192952124,0,0,8,0.0,56.0,28,57.25609394184328,127.34452761795902,127.34452761794455,30270.82253748311,13.099591913720559,0,0,0,20261130,71e50e82d3c784a6,travel_aware_hybrid,2,1.0,0.98,18,4,0.002331219694143976,0.004002978961087321,0.0009389671361502347,0.0,13.498098777237871,53.6836379422665,1657400.7063172602,1646900.1550021505,27448.33591670251,0.9542682323640547,504.51370895805184,0.21832653189534265,4.54801884349802,1000.0,0.07922182982374437,0.6510978028754623,0.0,0.0,0.0,0.0,0.0006481481481481481,15,60,50,high_d60_balanced_travel_aware_hybrid,high,60,balanced,travel_aware_hybrid,10
9340,9328,4,3731,3726,0,9,9319,0,0,56.70002838133286,38.47530577082281,123670.76608052157,0.0,123884.525890877,213.75981036213852,10929,3723.675159243816,0,0.0,0.0,2.212590708183346,0,0,6,0.0,42.0,24,50.4753057708228,99.6874772432142,99.68747724320747,25511.056286583982,19.965953066156956,0,0,0,20261131,71e50e82d3c784a6,travel_aware_hybrid,2,1.0,0.98,12,5,0.0004288164665523156,0.0017130620985010706,0.0013401232913428035,0.0,13.280931163258684,18.22472261051005,1677397.7290072702,1668955.219208619,27815.92032014365,0.84125509618038,425.1842714430664,0.3327658844359493,4.1536448851336445,1000.0,0.06811237277373883,0.34071508456801314,0.0,0.0,0.0,0.0,0.0004861111111111111,15,60,50,high_d60_balanced_travel_aware_hybrid,high,60,balanced,travel_aware_hybrid,11
10130,10122,4,4100,4097,0,8,10114,0,0,85.91302310341592,34.29671171906018,133512.8004341496,0.0,133737.14006397297,224.33962982895537,11797,4473.2328297454405,0,0.0,0.0,2.7106593684440083,0,0,4,0.0,28.0,20,42.29671171906017,90.4176764309105,90.41767643088679,27120.400336999177,8.967386829422253,0,0,0,20261132,71e50e82d3c784a6,travel_aware_hybrid,2,1.0,0.98,8,3,0.00039517881841533294,0.0011846001974333662,0.0007317073170731707,0.0,13.21252124718168,51.61631138435575,1667517.8178943985,1657960.627278993,27632.67712131655,0.7049451953176695,452.00667228331963,0.14945644715703754,4.52088382154434,1000.0,0.07360121228088978,0.37918393063875905,0.0,0.0,0.0,0.0,0.00032407407407407406,15,60,50,high_d60_balanced_travel_aware_hybrid,high,60,balanced,travel_aware_hybrid,12
9975,9971,7,3996,3995,0,7,9964,0,0,56.8610639173544,28.204092116958027,132051.04072448207,0.0,132191.24500648177,140.2042820059105,11676,4365.492352111756,0,0.0,0.0,1.7199946207501084,0,0,5,0.0,35.0,19,38.20409211695803,55.787139202847065,55.78713920285372,27296.069600062965,6.976458982585616,0,0,0,20261133,71e50e82d3c784a6,travel_aware_hybrid,2,1.0,0.98,4,1,0.0007020359041219537,0.0011027568922305764,0.00025025025025025025,0.0,13.257571457876017,28.656971800396374,1669116.2344372366,1659498.6504234867,27658.310840391445,0.6367348686159672,454.93449333438275,0.11627431637642692,2.9361652212028275,1000.0,0.07271320309042417,0.3738859499924423,0.0,0.0,0.0,0.0,0.0004050925925925926,15,60,50,high_d60_balanced_travel_aware_hybrid,high,60,balanced,travel_aware_hybrid,13
11917,11908,6,4640,4636,0,7,11901,0,0,51.452726417547076,28.679556292433013,153906.0815187676,0.0,154035.20857428247,129.12705552527405,13626,6244.075100548245,0,0.0,0.0,1.466620654088098,0,0,6,0.0,42.0,20,40.67955629243301,52.305700322579604,52.305700322587654,30724.673284961536,0.0,0,0,0,20261134,71e50e82d3c784a6,travel_aware_hybrid,2,1.0,0.98,9,4,0.0005038629492777964,0.0012587060501804146,0.0008620689655172414,0.0,12.935439080809747,22.773170125114063,1647718.1385625517,1635673.614080935,27261.226901348917,0.6779926048738836,512.0778880826923,0.0,2.615285016129383,1000.0,0.08460103413191578,0.4582471085093384,0.0,0.0,0.0,0.0,0.0004861111111111111,15,60,50,high_d60_balanced_travel_aware_hybrid,high,60,balanced,travel_aware_hybrid,14
10733,10725,4,4241,4237,0,10,10715,0,0,139.8434415881394,39.97012321073715,139023.5587068831,0.0,139284.91133404654,261.3526271724604,12216,3744.4300542876135,1,0.0,100.04389656392736,3.937785975159728,0,0,8,0.0,56.0,28,55.97012321073714,83.07106495538005,83.07106495536937,27740.307276678457,3.2060288238009744,0,0,0,20261135,71e50e82d3c784a6,travel_aware_hybrid,2,1.0,0.98,8,4,0.00037296037296037296,0.0011180471443212523,0.0009431737797689225,0.0,12.98693811972462,99.87331837740226,1662051.7921850216,1651958.8848081348,27532.64808013558,0.9328353868456191,462.3384546113076,0.05343381373001624,2.966823748406049,1000.0,0.0766378932305436,0.3065185047714156,0.0,0.0011579154694899001,0.0,0.0,0.0006481481481481481,15,60,50,high_d60_balanced_travel_aware_hybrid,high,60,balanced,travel_aware_hybrid,15
10624,10617,22,4117,4113,0,8,10609,0,0,87.69659837081258,34.29592383174892,142638.59912686358,0.0,142893.11008227334,254.5109554184637,12475,8001.619395928246,1,0.0,100.13054087141674,2.9306522345104495,0,0,5,0.0,35.0,21,44.295923831748915,97.41841365016363,97.41841365016808,29736.079111794457,14.81141397631978,0,0,0,20261136,71e50e82d3c784a6,travel_aware_hybrid,2,1.0,0.98,7,4,0.002072148441179241,0.0027296686746987953,0.0009715812484819043,0.0,13.458897059647107,53.40067453906366,1659202.573870246,1649149.8618507695,27485.83103084616,0.7382653971958153,495.60131852990764,0.24685689960532967,4.638972078579433,1000.0,0.07822079229430778,0.6414123764271139,0.0,0.001158918297122879,0.0,0.0,0.0004050925925925926,15,60,50,high_d60_balanced_travel_aware_hybrid,high,60,balanced,travel_aware_hybrid,16
11146,11140,7,4462,4456,0,10,11130,0,0,102.64892288402457,45.67105686907073,145675.55786063723,0.0,145944.65107137637,269.09321074914806,12885,5359.289573616148,0,0.0,0.0,3.2605619636811127,0,0,7,0.0,49.0,27,59.671056869070725,113.56170260554917,113.56170260550243,29499.785255348612,13.212946097044936,0,0,0,20261137,71e50e82d3c784a6,travel_aware_hybrid,2,1.0,0.98,6,6,0.0006283662477558348,0.001166337699623183,0.001344688480502017,0.0,13.100956110536478,56.97786601495384,1655823.154779461,1644508.0478950008,27408.46746491668,0.994517614484512,491.6630875891435,0.22021576828408226,4.205988985388979,1000.0,0.08009824734474391,0.41593244653598355,0.0,0.0,0.0,0.0,0.0005671296296296297,15,60,50,high_d60_balanced_travel_aware_hybrid,high,60,balanced,travel_aware_hybrid,17
11582,11572,8,4675,4670,0,10,11562,1,1,79.40430369672859,53.41991612737599,148937.44124120174,0.0,149161.47329736076,224.03205617126878,13281,4244.887128964136,0,0.0,0.0,2.4654327126120203,0,0,8,0.0,56.0,28,69.41991612737597,89.12077335303601,89.12077335302092,29728.477118285835,7.005642767528002,0,0,0,20261138,71e50e82d3c784a6,travel_aware_hybrid,2,1.0,0.98,10,5,0.000691323885240235,0.001554135727853566,0.0010695187165775401,0.0,12.889861156011127,25.9843875693526,1652331.1537481989,1641146.6995283875,27352.444992139794,1.1569986021229328,495.47461863809724,0.11676071279213336,3.18288476260789,1000.0,0.08203824791766734,0.31962104728289553,0.0,0.0,0.0,0.0,0.0006481481481481481,15,60,50,high_d60_balanced_travel_aware_hybrid,high,60,balanced,travel_aware_hybrid,18
10459,10451,4,4179,4177,0,2,10449,0,0,26.006034499943112,7.830855459338678,138129.0566841819,0.0,138202.6061088707,73.54942469829257,12206,5868.196035591474,0,0.0,0.0,0.9568110325455896,0,0,1,0.0,7.0,5,9.830855459338679,31.646127937151338,31.646127937136043,28831.381700963117,7.609127240272203,0,0,0,20261139,71e50e82d3c784a6,travel_aware_hybrid,2,1.0,0.98,8,2,0.0003827384939240264,0.0011473372215316951,0.0004785833931562575,0.0,13.223864329621156,18.175179040604434,1663213.051118864,1653332.4379312687,27555.54063218781,0.16384759098897797,480.5230283493853,0.12681878733787005,6.329225587427208,1000.0,0.07599274937840894,0.4807632341136715,0.0,0.0,0.0,0.0,8.101851851851852e-05,15,60,50,high_d60_balanced_travel_aware_hybrid,high,60,balanced,travel_aware_hybrid,19
11676,11660,4,4600,4593,0,5,11655,0,0,73.0088968236872,21.754338081962306,149787.51974569543,0.0,149940.80701173947,153.28726605414158,13308,5343.702708356976,0,0.0,0.0,2.1418536593857893,0,0,2,0.0,14.0,12,25.754338081962306,56.65878159676686,56.65878159676322,29645.84941947114,9.994498576377014,0,0,0,20261140,71e50e82d3c784a6,travel_aware_hybrid,2,1.0,0.98,16,7,0.00034305317324185246,0.0017129153819801302,0.0015217391304347826,0.0,12.859417410955357,51.25455874172489,1651452.1968306173,1640250.1486516022,27337.502477526705,0.4292389680327051,494.09749032451896,0.16657497627295023,4.721565133063602,1000.0,0.08252655731632375,0.4015406303243895,0.0,0.0,0.0,0.0,0.00016203703703703703,15,60,50,high_d60_balanced_travel_aware_hybrid,high,60,balanced,travel_aware_hybrid,20
10787,10772,20,4266,4259,0,12,10760,1,1,100.41344031421386,60.84733809457302,142367.84167920984,0.0,142702.2904234001,334.44874419937514,12461,7069.9142178069815,0,0.0,0.0,3.0569420861040952,0,0,8,0.0,56.0,32,76.847338094573,156.02984548252516,156.02984548250606,29863.889796230138,15.244246503625908,0,0,0,20261141,71e50e82d3c784a6,travel_aware_hybrid,2,1.0,0.98,15,7,0.001856665428889714,0.003244646333549643,0.0016408813877168307,0.0,13.247520462625333,39.56610221964084,1659240.9987225602,1649035.9341494597,27483.93223582433,1.2807889682428835,497.73149660383564,0.2540707750604318,4.875932671328314,1000.0,0.07819944515413324,0.5673633109547372,0.0,0.0,0.0,0.0,0.0006481481481481481,15,60,50,high_d60_balanced_travel_aware_hybrid,high,60,balanced,travel_aware_hybrid,21
11445,11434,9,4662,4659,0,3,11431,0,0,24.850987048178496,13.628742864113569,152418.0660157954,0.0,152483.90547103062,65.83945524511364,13445,8099.1932209454735,0,0.0,0.0,0.7156553852231902,0,0,3,0.0,21.0,9,19.62874286411357,29.11828814098718,29.1182881409768,31611.677080129954,1.4777739594754336,0,0,0,20261142,71e50e82d3c784a6,travel_aware_hybrid,2,1.0,0.98,11,3,0.0007871261150953297,0.0017474879860200961,0.0006435006435006435,0.0,13.336007125330648,11.222244184064927,1648923.3436357826,1637950.3976106409,27299.17329351068,0.32714571440189283,526.8612846688326,0.024629565991257225,3.2353653489974223,1000.0,0.08393147575789861,0.6023944381513926,0.0,0.0,0.0,0.0,0.00024305555555555555,15,60,50,high_d60_balanced_travel_aware_hybrid,high,60,balanced,travel_aware_hybrid,22
10468,10458,22,4240,4236,0,23,10435,0,0,177.18329772480106,92.69915279857271,138851.59305547562,0.0,139403.1158806098,551.5228251425888,12187,6318.0851723484975,1,0.0,105.69930452516061,5.51674220329088,0,0,16,0.0,112.0,62,124.69915279857268,264.28356108387464,264.2835610838574,29337.590550604342,23.86468850217782,0,0,0,20261143,71e50e82d3c784a6,travel_aware_hybrid,2,1.0,0.98,10,4,0.0021036527060623446,0.003056935422239205,0.0009433962264150943,0.0,13.329806452534884,84.48414492622835,1662393.1633714633,1652485.4046910277,27541.423411517128,2.0783192133095447,488.95984251007235,0.39774480836963033,4.2626380819977,1000.0,0.07644824257140925,0.5184282573519732,0.0,0.0012233715801523218,0.0,0.0,0.0012962962962962963,15,60,50,high_d60_balanced_travel_aware_hybrid,high,60,balanced,travel_aware_hybrid,23
11959,11948,3,4865,4859,0,8,11940,0,0,74.83935163795115,34.96547784067224,152779.91255932566,0.0,152982.63245696612,202.71989764974205,13593,4940.278484732069,0,0.0,0.0,2.150568958745594,0,0,4,0.0,28.0,20,42.96547784067224,97.85290152724274,97.85290152722155,30365.93581450483,5.597336532521355,0,0,0,20261144,71e50e82d3c784a6,travel_aware_hybrid,2,1.0,0.98,11,6,0.00025108804820890524,0.001170666443682582,0.0012332990750256938,0.0,12.804036864493314,39.87387379727891,1648240.1520613367,1636322.3266968916,27272.038778281527,0.7160912973445374,506.0989302417472,0.09328894220868926,4.892645076361077,1000.0,0.08431102663259071,0.36344283710233716,0.0,0.0,0.0,0.0,0.00032407407407407406,15,60,50,high_d60_balanced_travel_aware_hybrid,high,60,balanced,travel_aware_hybrid,24
10658,10644,35,4335,4330,1,18,10626,1,1,127.63650295251433,75.90193623252709,145131.27852913892,0.0,145702.5007239728,571.2221948454098,12581,9797.89293372741,0,0.0,0.0,4.148186275452143,0,0,15,0.0,105.0,51,105.9019362325271,232.8011406916931,232.80114069168485,31530.823318152812,25.519429185896442,0,0,0,20261145,71e50e82d3c784a6,travel_aware_hybrid,2,1.0,0.98,14,5,0.003288237504697482,0.004597485456933758,0.001384083044982699,0.0,13.688697925965126,51.73456671998724,1656943.0134927395,1646518.4109388117,27441.973515646863,1.7650322705421184,525.5137219692135,0.4253238197649407,4.564728248856565,1000.0,0.07947610361514468,0.77878490849117,0.0,0.0,0.0,0.0,0.0012152777777777778,15,60,50,high_d60_balanced_travel_aware_hybrid,high,60,balanced,travel_aware_hybrid,25
11411,11398,18,4515,4511,0,10,11388,0,0,90.80800706321227,43.717206136529484,150534.30455998905,0.0,150833.4727030053,299.1681430264962,13231,6926.6126614118,0,0.0,0.0,2.9995902456747525,0,0,7,0.0,49.0,27,57.717206136529484,126.83147530050137,126.83147530050701,31599.576116331755,10.935546035429613,0,0,0,20261146,71e50e82d3c784a6,travel_aware_hybrid,2,1.0,0.98,13,4,0.0015792244253377786,0.002716676890719481,0.0008859357696566999,0.0,13.233328013950281,47.09080092668279,1651337.065870523,1639486.5069619124,27324.775116031873,0.9619534356088247,526.6596019388626,0.18225910059049355,4.697462048166926,1000.0,0.08259051896082059,0.5235139189337011,0.0,0.0,0.0,0.0,0.0005671296296296297,15,60,50,high_d60_balanced_travel_aware_hybrid,high,60,balanced,travel_aware_hybrid,26
11731,11716,8,4692,4686,0,7,11709,0,0,72.73279322925234,31.590260689270124,152948.18918512322,0.0,153116.85528999477,168.66610488140395,13564,6345.190187965874,0,0.0,0.0,2.1869427305351836,0,0,3,0.0,21.0,17,37.590260689270124,64.15789105848131,64.1578910584758,31214.385011779596,5.763406124523123,0,0,0,20261147,71e50e82d3c784a6,travel_aware_hybrid,2,1.0,0.98,15,6,0.0006828269033799932,0.0019606171681868555,0.0012787723785166241,0.0,13.069038519118706,41.14253253998221,1648135.2229364733,1636310.325605168,27271.838760086135,0.6265043448211688,520.2397501963266,0.09605676874205206,3.773993591675047,1000.0,0.08436932059084812,0.4677963866091031,0.0,0.0,0.0,0.0,0.00024305555555555555,15,60,50,high_d60_balanced_travel_aware_hybrid,high,60,balanced,travel_aware_hybrid,27
11047,11039,3,4371,4367,0,4,11035,0,0,45.80434650799945,14.60509170087983,143524.72095274614,0.0,143632.36556979426,107.64461705645772,12651,5699.452244152402,0,0.0,0.0,1.512986418373939,0,0,4,0.0,28.0,12,22.605091700879836,39.720068620605524,39.72006862061062,28725.798677369396,6.231798971189987,0,0,0,20261148,71e50e82d3c784a6,travel_aware_hybrid,2,1.0,0.98,8,4,0.0002717637467161881,0.000995745451253734,0.0009151223976206818,0.0,13.011356605652166,31.199254807119615,1657690.0034628431,1646949.2697696614,27449.154496161023,0.37675152834799724,478.76331128948993,0.10386331618649977,3.310005718384218,1000.0,0.07906110918730935,0.45051397076534677,0.0,0.0,0.0,0.0,0.00032407407407407406,15,60,50,high_d60_balanced_travel_aware_hybrid,high,60,balanced,travel_aware_hybrid,28
10180,10168,38,3980,3976,2,11,10157,0,0,67.74432763008687,45.132834356486626,138940.51660750067,0.0,139361.49982248733,420.9832149971917,12019,8654.165544897785,0,0.0,0.0,2.481429430332289,0,0,9,0.0,63.0,31,63.13283435648661,211.0252499391756,211.02524993914267,29720.93765564455,17.68405523707643,0,0,0,20261149,71e50e82d3c784a6,travel_aware_hybrid,2,1.0,0.98,12,4,0.003737214791502754,0.004911591355599214,0.001507537688442211,0.0,13.705891013226527,22.611493273600246,1663096.9909815183,1653667.8988134926,27561.131646891543,1.0522139059414435,495.34896092740917,0.2947342539512738,6.807266127069118,1000.0,0.07605722723248987,0.7200403981111395,0.0,0.0,0.0,0.0,0.0007291666666666667,15,60,50,high_d60_balanced_travel_aware_hybrid,high,60,balanced,travel_aware_hybrid,29
